Artist,Times Played,Artist - Song,Times Played
THE BEACHES,142,WET LEG - CPR,128
WIZTHEMC,140,ZIMMER90 - MAKES ME WANNA DANCE,121
NINA CHUBA,137,THE KID LAROI - HOW DOES IT FEEL?,120
HAIM,135,HARD LIFE - Y3LLOW BIKE,119
BENEE,132,WIZTHEMC - TAKE MY MIND,119
ROYEL OTIS,132,BEES - TAKE MY MIND,119
WET LEG,131,HONEY - TAKE MY MIND,119
ZIMMER90,130,BIFFY CLYRO - A LITTLE LOVE,118
HARD LIFE,129,MARK RONSON - SUZANNE,116
GOOD NEIGHBOURS,129,RAYE - SUZANNE,116
LORDE,123,THE BEACHES - DID I SAY TOO MUCH,116
BIFFY CLYRO,123,BENEE - OFF THE RAILS,115
THE KID LAROI,120,LORDE - SHAPESHIFTER,115
MASTER PEACE,120,CHRISTINE AND THE QUEENS - CATCHING FEELINGS,115
BEES,119,CERRONE - CATCHING FEELINGS,115
HONEY,119,RIZZLE KICKS - FOLLOW EXCITEMENT!,110
MARK RONSON,119,URING RACHEL CHINOURIRI - FOLLOW EXCITEMENT!,110
RAYE,118,THE LAST DINNER PARTY - THIS IS THE KILLER SPEAKING,106
CHRISTINE AND THE QUEENS,115,GOOD NEIGHBOURS - SUBURBS,100
CERRONE,115,ROYEL OTIS - CAR,99
THE LAST DINNER PARTY,111,ALEKSIAH - KEEP MY COOL,96
RIZZLE KICKS,110,MILKY CHANCE - PASSION,95
URING RACHEL CHINOURIRI,110,TOMMY RICHMAN - MIAMI,95
GEORGIA,103,THE LATHUMS - COBBLESTONES,93
THE LATHUMS,101,GEORGIA - WANNA PLAY,93
TOMMY RICHMAN,101,ANNA OF THE NORTH - GIVE ME YOUR LOVE BACK,91
CHET FAKER,99,JUNG - TOM CRUISIN',91
MILKY CHANCE,98,FOO FIGHTERS - TODAY'S SONG,90
SOMBR,98,JADE BIRD - NOBODY,89
ALEKSIAH,96,YAZMIN LACEY - AIN'T I GOOD FOR YOU,88
FOO FIGHTERS,96,SOMBR - 12 TO 12,88
ANNA OF THE NORTH,94,CHET FAKER - FAR SIDE OF THE MOON,85
ANAÏS,94,AJ TRACEY - RED WINE,81
JADE BIRD,92,MASTER PEACE - RED WINE,81
JUNG,91,NINA CHUBA - WENN DAS LIEBE IST,78
YAZMIN LACEY,88,ELLA EYRE - SPACE,76
JOLLE,86,BLOSSOMS - GET HAPPY,75
CLOUDY JUNE,84,TOTAL TOMMY - BUTTERKNIFE,70
LOLA YOUNG,82,SIGRID - JELLYFISH,69
LOUIS FUTON,82,ANAÏS - ARSCH DER WELT,66
BLOSSOMS,81,NOMBE - IPANEMA,66
AJ TRACEY,81,JOHN BUTLER - KING OF CALIFORNIA,66
MØ,81,JOLLE - ARSCH DER WELT,66
ELLA EYRE,79,CLOUDY JUNE - I LIKE YOU BEST,63
NOGA EREZ,77,ELLA RED - I LIKE YOU BEST,63
TOTAL TOMMY,74,FRYTZ - TANZEN JA OK,61
SIGRID,73,HAIM - ALL OVER ME,59
ALLI NEUMANN,69,HAIM - TAKE ME BACK,58
THE MOVING STILLS,69,ST. LUNDI - MERCURY,58
NOMBE,68,SANNA - FUCKED UP,57
JOHN BUTLER,66,RONJA - SORGENKIND,56
FRYTZ,64,LOUIS FUTON - LONG STORY SHORT,54
ELLA RED,63,CHERUB - LONG STORY SHORT,54
CLAIRO,62,THE MOVING STILLS - TSUNAMI,54
MOGLII,61,TELQUIST - NIGHT SWIMMING,53
RONJA,59,LOLA YOUNG - ONE THING,53
GLASS ANIMALS,58,ALLI NEUMANN FT. FUFFIFUFZICH - SCHROTT,51
ANTONIUS,58,FLORENCE ROAD - GOODNIGHT,48
KASI,58,NINA CAROLINE - RADIO SILENT,47
ST. LUNDI,58,SUDAN ARCHIVES - MY TYPE,46
PAULWETZ,57,KAE TEMPEST - SUNSHINE ON CATFORD,44
THE BLACK KEYS,57,TIWA SAVAGE - ON THE LOW,44
SANNA,57,SKEPTA - ON THE LOW,44
KRAFTKLUB,57,KENYA GRACE - MR. COOL,43
TELQUIST,56,CHAPPELL ROAN - THE SUBWAY,43
DILLA,55,"KRAFTKLUB - WENN ICH TOT BIN, FANG ICH WIEDER AN",43
CHERUB,54,ANTONIUS - FÜHL ICH,43
ALLI NEUMANN FT. FUFFIFUFZICH,51,KASI - FÜHL ICH,43
WOLF ALICE,51,HAYLEY WILLIAMS - MIRTAZAPINE,42
SHARKTANK,49,WOLF ALICE - THE SOFA,41
KENYA GRACE,49,SHARKTANK - DANGEROUS,41
CHAPPELL ROAN,49,EL MICHELS AFFAIR - ANTICIPATE,41
KAE TEMPEST,48,CLAIRO - ANTICIPATE,41
FLORENCE ROAD,48,SHAME - QUIET LIFE,40
NINA CAROLINE,47,RENFORSHORT - YOU’RE THE ONE,39
SUDAN ARCHIVES,47,GLASS ANIMALS - VAMPIRE BAT,37
YOUNG FRANCO,47,NOGA EREZ - NOT MY PROBLEM,35
JUNGLE,45,THE KOOKS - NEVER KNOW,35
SKEPTA,45,ALLI NEUMANN - ICH KANN GAR NICHTS,35
PUDELDAME,44,LISSA - SUNSHINE AFTER RAIN,34
TIWA SAVAGE,44,MOGLII - SUNSHINE AFTER RAIN,34
THE KOOKS,42,PRINCESS NOKIA - DROP DEAD GORGEOUS,33
ALMOST MONDAY,42,NINA CHUBA - FUCKED UP,33
ORLA GARTLAND,42,MØ - HEARTBREAK,33
ALFIE TEMPLEMAN,42,MAKKO - FUCKED UP,33
TYLER THE CREATOR,42,ALMOST MONDAY - ENJOY THE RIDE,32
HAYLEY WILLIAMS,42,SLOE NOON - STRANGE A.M.,32
DIE HÖCHSTE EISENBAHN,41,PAULWETZ - TANGO,31
SHAME,41,PUDELDAME - PAKET,30
EL MICHELS AFFAIR,41,49TH - HAPPY DAYS,29
RENFORSHORT,39,MAIN - HAPPY DAYS,29
TAME IMPALA,38,MØ - LOSE YOURSELF,29
THE WOMBATS,38,DIE HÖCHSTE EISENBAHN - ICH KOMM GLEICH NACH,27
ZARTMANN,37,ALLI NEUMANN - VOM ANDEREN STERN,27
GIRL IN RED,37,CAUTIOUS CLAY - FADE BLUE,27
LISSA,36,LOUIS FUTON - FEEL YOUR FLAME,26
PRINCESS NOKIA,35,WINSTON SURFSHIRT - I CAN'T HIDE,24
49TH,34,THE BLACK KEYS - MAN ON A MISSION,24
MAIN,34,THE BLACK KEYS - ON REPEAT,23
REMI WOLF,33,DILLA - MEIN SCHÖNSTES KLEID,21
MAKKO,33,OLIVIA DEAN - MAN I NEED,20
METRONOMY,32,ROYEL OTIS - SAY SOMETHING,19
SLOE NOON,32,POWER PLUSH - ACTING IN A WAY,19
DAYGLOW,31,TYLER THE CREATOR - SUGAR ON MY TONGUE,19
BANKS,31,CLOUDY JUNE - VITAMIN,18
SPARKLING,30,LITTLE SIMZ - ONLY,18
BETTEROV,30,LYDIA KITTO - ONLY,18
BIIG PIIG,29,TYLER THE CREATOR - RING RING RING,18
HINDS,29,VENBEE - NEW BODY PARTS,18
SHELTER BOY,29,CAVETOWN - BABY SPOON,18
LITTLE SIMZ,28,DILLA - ANGST,17
TWO DOOR CINEMA CLUB,28,BETTEROV - SO HIGH,17
CHANNEL TRES,28,AUDREY HOBERT - SUE ME,17
JUSTICE,27,"THE WOMBATS - SORRY I'M LATE, I DIDN'T WANT TO COME",16
DJO,27,BABY OF THE BUNCH - SLUTFIRE,16
ANDERSON .PAAK,27,BLACK HONEY - TO THE GRAVE,16
BLACK HONEY,27,JUSTICE - NEVERENDER,15
CAUTIOUS CLAY,27,TAME IMPALA - NEVERENDER,15
AURORA,27,THE MOVING STILLS - CAN'T BE LIKE THIS FOREVER,15
WINSTON SURFSHIRT,26,CHANNEL TRES - ASPEN,15
POWER PLUSH,26,TORO Y MOI - ASPEN,15
KITSCHKRIEG,25,CONNOR PRICE - NOW WHAT?,15
LEONIDEN,25,SHELTER BOY - YOUR FAVOURITE SONG,15
SAMPHA,25,OSCAR AND THE WOLF - SOMEBODY WITHOUT U,14
CHARLI XCX,25,PAULWETZ - WILL NOCH NICHT HEIM,14
OLIVIA DEAN,25,METRONOMY - PETIT BOY,14
GIANT ROOKS,24,PORTUGAL. THE MAN - GLIDE,14
ÄTNA,24,PORIJ - PETIT BOY,14
FRIEDBERG,24,NEIKED - GLIDE,14
PORTUGAL. THE MAN,24,CHARLI XCX - VON DUTCH,14
FRED AGAIN,24,MOGLII - LANTERN FIISH,13
BILLIE EILISH,24,NOGA EREZ - AYAYAY,13
AMILLI,24,DAÐI FREYR - I DON'T WANNA TALK,13
COLDPLAY,24,HATAAH - LANTERN FIISH,13
BOMBAY BICYCLE CLUB,24,DJO - BASIC BEING BASIC,13
NILÜFER YANYA,23,YOUNG FRANCO - GOING ON,13
PIXEY,23,PIRI - GOING ON,13
PAULA HARTMANN,22,MC DT - GOING ON,13
OSCAR AND THE WOLF,21,DILLOM - AYAYAY,13
DAÐI FREYR,21,JVKE - CLOUDS,13
JEREMIAS,21,WIZTHEMC - SHOW ME LOVE,12
BABY OF THE BUNCH,21,NOGA EREZ - VANDALIST,12
BILDERBUCH,21,JUNGLE - KEEP ME SATISFIED,12
NOVAA,21,DAYGLOW - COCOON,12
BLUSH ALWAYS,21,ALFIE TEMPLEMAN - HELLO LONELY,12
CIRCA WAVES,21,FRED AGAIN - PLACES TO BE,12
VENBEE,21,ANDERSON .PAAK - PLACES TO BE,12
SAM FENDER,20,YOUNG FRANCO - LOSE CONTROL,12
BRUCKNER,20,EARTHGANG - LOSE CONTROL,12
LUNA MORGENSTERN,20,JAFUNK - LOSE CONTROL,12
CHLOE SLATER,20,DOECHII - ANXIETY,12
JOY CROOKES,20,CIRCA WAVES - LET'S LEAVE TOGETHER,12
ROOSEVELT,19,HALF•ALIVE - AUTOMATIC,12
LEYYA,19,GIANT ROOKS - MIND CONTROL,11
JOESEF,19,JUNGLE - LET'S GO BACK,11
LYDIA KITTO,18,ÄTNA - LUCKY DANCER,11
PORIJ,18,TWO DOOR CINEMA CLUB - HAPPY CUSTOMERS,11
ARCTIC MONKEYS,18,DAYGLOW - EVERY LITTLE THING I SAY I DO,11
JVKE,18,GIRL IN RED - NEW LOVE,11
RIKAS,18,DJO - LINK,11
TRETTMANN,18,ORLA GARTLAND - LITTLE CHAOS,11
CASSIA,18,FRIEDBERG - HELLO,11
PINKPANTHERESS,18,ALFIE TEMPLEMAN - SUBMARINE,11
PROVINZ,18,BIIG PIIG - DECIMAL,11
FLORENCE + THE MACHINE,18,ANDERSON .PAAK - FAVORITE,11
CAVETOWN,18,LEONIDEN - KEEP FUCKING UP,11
LONDON GRAMMAR,17,HINDS - BOOM BOOM BACK,11
YUKNO,17,GLASS ANIMALS - CREATURES IN HEAVEN,11
TORO Y MOI,17,CHLÖE - FAVORITE,11
DOECHII,17,BECK - BOOM BOOM BACK,11
ARLO PARKS,17,CHLOE SLATER - FIG TREE,11
MINE,17,PIXEY - MILLION DOLLAR BABY,11
AUDREY HOBERT,17,JOESEF - STEPHANIE'S PLACE,11
NOTHING BUT THIEVES,17,PROVINZ - SOMMER MACHT MELANCHOLISCH,11
G FLIP,16,MISO EXTRA - POP,10
PHILINE SONNY,16,REMI WOLF - CINDERELLA,10
FOALS,16,"NOGA EREZ - SAD GENERATION, HAPPY PICTURES",10
DJANGO DJANGO,16,MASTER PEACE - SAVE ME,10
LANA DEL REY,16,ZARTMANN - EEHHHYYY,10
CATT,16,ZARTMANN - TAU MICH AUF,10
APSILON,16,YUMI ZOUMA - BLISTER,10
BON IVER,15,GOOD NEIGHBOURS - KEEP IT UP,10
K.FLAY,15,ÄTNA - HIATUS,10
PURITY RING,15,THE WOMBATS - CAN'T SAY NO,10
CONNOR PRICE,15,ANAÏS - 99 SORGEN,10
THE STREETS,15,ORLA GARTLAND - THE HIT,10
LA ROUX,15,LP GIOBBI - BITTERSWEET,10
DECLAN MCKENNA,15,PORTUGAL. THE MAN - BITTERSWEET,10
LINKIN PARK,15,BILLIE EILISH - LUNCH,10
LOYLE CARNER,15,THE AMAZONS - NIGHT AFTER NIGHT,10
KENDRICK LAMAR,15,BANKS - MAKE IT UP,10
EVERYTHING EVERYTHING,15,SAMPHA - MAKE IT UP,10
ALT-J,15,JOY CROOKES - SOMEBODY TO YOU,10
UPSAHL,14,MONTAIGNE - EVERYBODY ELSE,10
LP GIOBBI,14,"FLYANA BOSS - SAD GENERATION, HAPPY PICTURES",10
NEIKED,14,BON JOUR - LEGO,10
BEABADOOBEE,14,DIJON - YAMAHA,10
MAC MILLER,14,MAJAN - 99 SORGEN,10
FATONI,14,ENDZONE - 99 SORGEN,10
PIRI,14,REMI WOLF - PITIFUL,9
BECK,14,AITCH - LUV?,9
FIL BO RIVA,14,ANNE-MARIE - LUV?,9
COURTNEY BARNETT,14,DIE HÖCHSTE EISENBAHN - BÜROTAGE,9
SG LEWIS,14,SPARKLING - NOBODY,9
JORJA SMITH,13,SAM FENDER - LITTLE BIT CLOSER,9
CHVRCHES,13,MASTER PEACE - HOME,9
HATAAH,13,LONDON GRAMMAR - HOUSE,9
AMY WINEHOUSE,13,BIIG PIIG - FAVOURITE GIRL,9
MC DT,13,SOMBR - BACK TO FRIENDS,9
BBY,13,BILLIE EILISH - BIRDS OF A FEATHER,9
DILLOM,13,WALE - HOME,9
JAFUNK,13,BLUSH ALWAYS - JUST KEEP SWIMMING,9
MUSE,13,CHLOE SLATER - SUCKER,9
AB SYNDROM,13,NAO YOSHIOKA - MY LOVE,9
BLINK-182,13,JARREAU VANDAL - MY LOVE,9
BLUMENGARTEN,13,MALLRAT AND KITO - HOCUS POCUS,9
ROSALÍA,13,ILLUMINATI HOTTIES - THE L,9
KAKKMADDAFAKKA,12,JULIE KUHL - PURPLE EYELIDS,9
TOM ODELL,12,WILLOW - RUN!,9
YUMI ZOUMA,12,HARD LIFE - OTHELLO,8
THE 1975,12,LOLA YOUNG - FLICKER OF LIGHT,8
THE TEMPER TRAP,12,SAM FENDER - PEOPLE WATCHING,8
GIIRL,12,PHILINE SONNY - IN DENIAL,8
BOY,12,CLAIRO - THANK YOU,8
LAUREL,12,THE LATHUMS - STELLAR CAST,8
J. BERNARDT,12,GOOD NEIGHBOURS - RIPPLE,8
JAKE BUGG,12,GIRL IN RED - YOU NEED ME NOW?,8
EARTHGANG,12,SABRINA CARPENTER - YOU NEED ME NOW?,8
WOODKID,12,THE MARÍAS - RUN YOUR MOUTH,8
PHOENIX,12,ORLA GARTLAND - LATE TO THE PARTY,8
PANTHA,12,FRIEDBERG - SO DOPE,8
DOMINIK HARTZ,12,POM POM SQUAD - STREET FIGHTER,8
JULIE KUHL,12,ALFIE TEMPLEMAN - JUST A DANCE,8
HALF•ALIVE,12,LEYYA - PUMPED UP HIGH,8
TRÄNEN,12,HINDS - SUPERSTAR,8
ALICE PHOEBE LOU,12,RAVYN LENAE - LOVE ME NOT,8
MY UGLY CLEMENTINE,12,NILE RODGERS - JUST A DANCE,8
JISKA,12,ROSE GRAY - FREE,8
BEACH BUNNY,12,PURITY RING - MANY LIVES,8
MARTERIA,12,BANKS - MOVE,8
MISO EXTRA,11,BLUSH ALWAYS - FOND OF HER,8
C'EST KARMA,11,AB SYNDROM - BLINDFLUG,8
SOHN,11,TRILLE - BLINDFLUG,8
DRANGSAL,11,SIGGI - MONTAG,8
EDWIN ROSEN,11,JOY CROOKES - I KNOW YOU'D KILL,8
VON WEGEN LISBETH,11,PAULA HARTMANN - GRAU,8
MILLENIUMKID,11,CHARLI XCX - I THINK ABOUT IT ALL THE TIME,8
MALLRAT,11,BUSH.IDA - KLAGE,8
STROMAE,11,DECLAN MCKENNA - LATE TO THE PARTY,8
STILL WOOZY,11,CATT - JUNGLE OF ABUNDANCE,8
CHLÖE,11,KATE KLEIN - STUCK,8
WE ARE SCIENTISTS,11,APSILON - GRAU,8
THE AMAZONS,11,YSEULT - MOVE,8
MAVI PHOENIX,11,AURORA - TO BE ALRIGHT,8
GENTLEMAN,11,THE LINDA LINDAS - ONCE UPON A TIME,8
TRILLE,11,DILLA - AUTOPILOT,7
ANNENMAYKANTEREIT,11,LOLA YOUNG - BIG BROWN EYES,7
SIGGI,11,LOLA YOUNG - MESSY,7
NAO YOSHIOKA,11,REMI WOLF - TORO,7
ILLUMINATI HOTTIES,11,HAIM - DOWN TO BE WRONG,7
SYLVAN ESSO,11,LORDE - WHAT WAS THAT?,7
MAXIMO PARK,11,MØ - SWEET,7
OK KID,11,PAULWETZ - NUR FÜR EINE NACHT,7
FRAEN,11,THE BEACHES - LESBIAN OF THE YEAR,7
BBNO$,11,GIRL IN RED - DOING IT AGAIN BABY,7
GORILLAZ,11,BETTEROV - 17. JULI 1989,7
OEHL,11,BIIG PIIG - SWEET,7
MAJAN,11,KRAFTKLUB - SCHIEF IN JEDEM CHOR,7
GRENTPEREZ,11,PUDELDAME - YOYO,7
AITCH,10,GRETEL - FAR OUT,7
PANDA LUX,10,AMILLI - RAINCOATS,7
LOUPE,10,PAULA HARTMANN - ATLANTIS,7
JAY-Z,10,TRETTMANN - ATLANTIS,7
THE MARÍAS,10,DEINE COUSINE - KÖNIGIN VON DEUTSCHLAND,7
DAFT PUNK,10,THE NOTWIST - KONG,7
THE VACCINES,10,ERROR - DAS GLÜCK GEHÖRT VERSAGERN,7
ROBYN,10,SHELTER BOY - RAINCOATS,7
MOBY,10,WUNDERHORSE - THE ROPE,7
QUEENS OF THE STONE AGE,10,JASSIN - BITTE SEI VORSICHTIG,7
MAX RAD,10,BEACH BUNNY - CLUELESS,7
JAMIE XX,10,HAIM - RELATIONSHIPS,6
RIHANNA,10,OBONGJAYAR - JUST COOL,6
TKAY MAIDZA,10,MASTER PEACE - MUSIC SOUNDS BETTER WITH ME,6
RED HOT CHILI PEPPERS,10,ROYEL OTIS - MOODY,6
SURFACES,10,MØ - KEEP MØVING,6
MULAY,10,CLAIRO - SEXY TO SOMEONE,6
WIR SIND HELDEN,10,CLAIRO - ADD UP MY LOVE,6
WANDA,10,EDWIN ROSEN - SCHAU DIR ZU,6
WILHELMINE,10,ZARTMANN - WIR HABEN'S ÜBERLEBT,6
PIP BLOM,10,ZARTMANN - WUNDERSCHÖN,6
CLUESO,10,GOOD NEIGHBOURS - BLOOM,6
ERROR,10,YUKNO - LIEB DICH,6
MONTAIGNE,10,TAME IMPALA - END OF SUMMER,6
BLOND,10,ORLA GARTLAND - BACKSEAT DRIVER,6
BEATSTEAKS,10,JEREMIAS - EIN MENSCH,6
JULI,10,KITSCHKRIEG - BABY,6
TOM MISCH,10,"HINDS - HI, HOW ARE YOU",6
ROYAL BLOOD,10,SPRINTS - DESCARTES,6
DEICHKIND,10,YOUNG FRANCO - MUSIC SOUNDS BETTER WITH ME,6
FLYANA BOSS,10,FATONI - MENSCHEN,6
BON JOUR,10,JOLLE - ZU NICE,6
DIJON,10,YETUNDEY - VIEL ZU VIELE FEHLER,6
ENDZONE,10,PAULA HARTMANN - ULUDAG UND SORGEN,6
THE LINDA LINDAS,10,WILHELMINE - VERGLEICHE,6
WILLOW,10,BBNO$ - LIL' FREAK,6
ENNIO,10,BLOND - SO HOT,6
SOFI TUKKER,10,TRÄNEN - KOMM UND KÜSS MICH,6
JORDAN RAKEI,9,MOLA - MENSCHEN,6
ANNE-MARIE,9,ARZ - BABY,6
OBONGJAYAR,9,SYMBA - ULUDAG UND SORGEN,6
POM POM SQUAD,9,PANDA LUX - NIEMAND,5
NNEKA,9,SPARKLING - I FEEL SO HIGH,5
GRETEL,9,NINA CHUBA - FATA MORGANA,5
IDER,9,NINA CHUBA - FLIEGEN,5
WALE,9,NINA CHUBA - UNSICHER,5
EMINEM,9,GIRL ULTRA - TOMÁS,5
ROSE GRAY,9,CHROMEO - TOMÁS,5
KETTCAR,9,EMPRESS OF - TOMÁS,5
KINGS OF LEON,9,FRED AGAIN - MIKE - DESERT ISLAND DUVET,5
JARREAU VANDAL,9,LEONIDEN - NEVER NEVER,5
PARAMORE,9,DJANGO DJANGO - NO TIME,5
MALLRAT AND KITO,9,JACK PEÑATE - NO TIME,5
JAWNY,9,THE STREETS - MIKE - DESERT ISLAND DUVET,5
BUSH.IDA,9,THE STREETS - TROUBLED WATERS,5
POWFU,9,DERMOT KENNEDY - MIKE - DESERT ISLAND DUVET,5
ARCADE FIRE,9,ROSALÍA - TUYA,5
GOLDFRAPP,9,PEGGY GOU - NANANA,5
CHILDISH GAMBINO,9,"SEAFRET - SEE, I'M SORRY",5
DISCLOSURE,9,DISCLOSURE - YOU & ME - FLUME REMIX,5
CIGARETTES AFTER SEX,9,PINKPANTHERESS - CLOSE TO YOU,5
BALTHAZAR,9,ELIZA DOOLITTLE - YOU & ME - FLUME REMIX,5
ALUNA,9,PAROV STELAR - ALL NIGHT,5
COSBY,9,ALUNA - KILLING ME,5
FONTAINES D.C,9,BEN PEARCE - WHAT I MIGHT DO,5
RAZORLIGHT,8,TSHA - KILLING ME,5
NEUFUNDLAND,8,KAYTRAMINÉ - 4EVA,5
DIGITALISM,8,PHARRELL WILLIAMS - 4EVA,5
SZA,8,SCHMERZIS - PERLOU,5
DOLORES FOREVER,8,BENEE - SAD BOIII,4
VAMPIRE WEEKEND,8,49TH - SELF SABOTAGE,4
GENESIS OWUSU,8,MAIN - SELF SABOTAGE,4
EMPRESS OF,8,ROOSEVELT - AUTOMATIC,4
PAOLO NUTINI,8,TOTAL TOMMY - PLUS ONE,4
ALICIA KEYS,8,SHARKTANK - H-A-P-P-Y,4
SABRINA CARPENTER,8,KENYA GRACE - IT'S NOT FAIR,4
SPILL TAB,8,C'EST KARMA - STREET SIGNS,4
FEIST,8,DIE HÖCHSTE EISENBAHN - DIESES LEBEN,4
DRÉ SIX,8,BON IVER - EVERYTHING IS PEACEFUL LOVE,4
RAVYN LENAE,8,JUNGLE - CANDLE FLAME,4
D4VD,8,JUNGLE - I'VE BEEN IN LOVE,4
NILE RODGERS,8,SOHN - OBLIVION,4
MIA,8,SZA - SATURN,4
IBEYI,8,MASTER PEACE - THIS TIME,4
BILBAO,8,ALLI NEUMANN - NAVIGATOR,4
RY X,8,"ALUNAGEORGE - YOUR DRUMS, YOUR LOVE",4
BLOWSOM,8,DOLORES FOREVER - WHY ARE YOU NOT SCARED YET?,4
DARWIN DEEZ,8,THE BLACK KEYS - TIGHTEN UP,4
BLOC PARTY,8,FRANK OCEAN - LOST,4
KATE KLEIN,8,SLØTFACE - FIGHT BACK TIME,4
MGMT,8,THE BUOYS - FIGHT BACK TIME,4
YSEULT,8,THE BEACHES - LAST GIRLS AT THE PARTY,4
CASPER,8,THE BEACHES - TAKES ONE TO KNOW ONE,4
WILL JOSEPH COOK,8,THE BEACHES - JOCELYN,4
LITTLE DRAGON,8,FOALS - MY NUMBER,4
MURA MASA,8,JAY-Z - CRAZY IN LOVE,4
LIZZO,8,TWO DOOR CINEMA CLUB - WHAT YOU KNOW,4
BEIRUT,8,DAYGLOW - MINDLESS CREATURES,4
DAS PARADIES,8,ANAÏS - STEPHEN KING,4
ED SHEERAN,8,ALFIE TEMPLEMAN - BECKHAM,4
PVRIS,8,ROX - I DON'T BELIEVE,4
THE KILLERS,8,JEREMIAS - SAG MIR WAS ICH NICHT WEISS,4
FUFFIFUFZICH,8,CHANNEL TRES - I'VE BEEN IN LOVE,4
THE STROKES,8,LP GIOBBI - IF LOVE IS A SKILL,4
COURTING,7,MACKLEMORE - CAN'T HOLD US,4
SHURA,7,RYAN LEWIS - CAN'T HOLD US,4
GRIMES,7,RAY DALTON - CAN'T HOLD US,4
AU,7,KITSCHKRIEG - REALLY RICH,4
RA,7,ANTI DA MENACE - REALLY RICH,4
INTERPOL,7,SFR - REALLY RICH,4
SOFFIE,7,BOY - LITTLE NUMBERS,4
SNOW PATROL,7,J. BERNARDT - TAXI,4
MATT CORBY,7,DJANGO DJANGO - COMPLETE ME,4
BLVTH,7,SILLY BOY BLUE - NOT A FRIEND,4
JACK HARLOW,7,BEABADOOBEE - CALIFORNIA,4
JULIA STONE,7,STILL WOOZY - SHOTPUT,4
BASTILLE,7,STILL WOOZY - RUN IT BACK,4
BAKAR,7,BASTILLE - OF THE NIGHT,4
THUNDERCAT,7,BAKAR - I'M DONE,4
HOT CHIP,7,BILDERBUCH - WILLKOMMEN IM DSCHUNGEL,4
JASCHA,7,D4VD - WORTHLESS,4
THE HIVES,7,JOLLE - PARISIENNE,4
KEANE,7,BBY - HOTLINE,4
JACK GARRATT,7,BBY - BREATHE,4
LOUIS THE CHILD,7,PAUL KALKBRENNER - SKY AND SAND,4
BEYONCÉ,7,FRITZ KALKBRENNER - SKY AND SAND,4
DEINE COUSINE,7,WE ARE SCIENTISTS - SETTLED ACCOUNTS,4
THE NOTWIST,7,WOODKID - I LOVE YOU,4
EMPIRE OF THE SUN,7,SPORTS - THE LOOK,4
TASH SULTANA,7,JASCHA - HIER,4
OUSE,7,SURFACES - LIVE IT UP,4
PAULA CAROLINA,7,"THE CARDIGANS - I NEED SOME FINE WINE AND YOU, YOU NEED TO BE NICER",4
CSS,7,PIXEY - OXYGEN,4
MOLA,7,MODERAT - BAD KINGDOM,4
ST. VINCENT,7,COURTNEY BARNETT - NOBODY REALLY CARES IF YOU DON'T GO TO THE PARTY,4
WUNDERHORSE,7,COURTNEY BARNETT - DEAD FOX,4
JASSIN,7,IZZY BIZU - FLOWER POWER,4
MAECKES,7,TRETTMANN - HAUS AUS ZINK,4
YUNGBLUD,7,PIP BLOM - TIGER,4
BEN HOWARD,7,BEYONCÉ - CRAZY IN LOVE,4
OH WONDER,7,BLUMENGARTEN - TRÄUM VON DIR,4
SANTIGOLD,7,ROSALÍA - LLYLM,4
SYML,7,JAWNY - RUNNING,4
YELLOWSTRAPS,7,LA ROUX - BULLETPROOF,4
THE XX,7,LA ROUX - QUICKSAND,4
SIMPLE PLAN,7,WALLOWS - WISH ME LUCK,4
KYTES,7,BLOC PARTY - HELICOPTER,4
TAYLOR SWIFT,7,DOPE LEMON - ELECTRIC GREEN LAMBO,4
JUPITER FLYNN,7,TEMPLES - GAMMA RAYS,4
NELLY FURTADO,6,MGMT - KIDS,4
CHROMEO,6,FRAEN - EVERYTHING BUT,4
FRANK OCEAN,6,WIZKID - NO STRESS,4
SLØTFACE,6,SG LEWIS - INFATUATION,4
NEON TREES,6,GOLDFRAPP - OOH LA LA,4
SFR,6,"CASSIA - EVERYONE, OUTSIDE",4
SPRINTS,6,TOM MISCH - RED MOON,4
SOFT LAUNCH,6,ANT ANTIC - TIDES,4
LOW ISLAND,6,PROVINZ - DRAUSSEN IST KRIEG,4
JAMES BLAKE,6,FKA TWIGS - PERFECT STRANGER,4
JUSTIN TIMBERLAKE,6,TRÄNEN - ICH BIN NICHT BERÜHMT,4
DENDEMANN,6,LADYHAWKE - MY DELIRIUM,4
KAISER CHIEFS,6,WILL JOSEPH COOK - FEARLESS IS THE FLAME,4
MOGLI,6,CSS - HITS ME LIKE A ROCK,4
YETUNDEY,6,BOBBY GILLESPIE - HITS ME LIKE A ROCK,4
SPORTFREUNDE STILLER,6,DELPHIC - DOUBT,4
DRAKE,6,MURA MASA - DRUGS,4
DRAMAS,6,HAZLETT - THE FIRST TRAIN HOME,4
MANU CHAO,6,JOSEPH - NERVOUS SYSTEM,4
LLUCID,6,GOODBOYS - NUMB,4
IZZY BIZU,6,AVAION - NUMB,4
OUTKAST,6,KAVINSKY - NIGHTCALL,4
DIE ÄRZTE,6,MINE - DANKE GUT,4
SHOUT OUT LOUDS,6,MAULI - DANKE GUT,4
HONNE,6,CARIBOU - SUN,4
DOPE LEMON,6,YUNGBLUD - LOWLIFE,4
LYKKE LI,6,LIANNE LA HAVAS - IS YOUR LOVE BIG ENOUGH?,4
REGINA SPEKTOR,6,THE KILLS - FUTURE STARTS SLOW,4
01099,6,ENNIO - UNIVERSUMSGEDANKEN,4
SEAFRET,6,ENNIO - 2 TEILE,4
BLONDSHELL,6,PIPPA - VERSTAND,4
CLAUD,6,SOFI TUKKER - IF LOVE IS A SKILL,4
EUT,6,SKAAR - FOLLOW YOUR HEART,4
MUMFORD,6,ERICK THE ARCHITECT - CANDLE FLAME,4
SONS,6,LUNA - HAUS AUS ZINK,4
GREENTEA PENG,6,$OHO BANI - DRAUSSEN IST KRIEG,4
FUTUREBAE,6,FUFFIFUFZICH - NAVIGATOR,4
ARZ,6,FLORRIE - SWIMMING POOL,4
COACH PARTY,6,SELF ESTEEM - COMPLETE ME,4
MINDCHATTER,6,YEARS - AMERICAN BOY,4
CARIBOU,6,TAYLOR SWIFT - BAD BLOOD,4
LNA,6,SUMMERS SONS - WHAT IT IS,4
THE SCRIPT,6,MUSTAFA - OLD LIFE,4
TRAVIS,6,KING PARI - BETTER THE DEVIL,4
KAYTRANADA,6,RAZORLIGHT - WIRE TO WIRE,3
SYMBA,6,RAZORLIGHT - AMERICA,3
BILLY TALENT,6,BENEE - ANIMAL,3
FAZERDAZE,6,BENEE - DO IT AGAIN,3
OSKA,6,JORDAN RAKEI - CELEBRATE,3
PARCELS,6,STUTS - CELEBRATE,3
YARD ACT,6,DILLA - FÜHRERSCHEIN,3
FOSTER THE PEOPLE,6,DILLA - FILOSOFO,3
TSHA,6,LOLA YOUNG - HOOKMB LOLA YOUNG - MESSY,3
WILLOW PARLO,6,COURTING - THROW,3
WARHAUS,5,MOGLII - FOXX,3
ALUNAGEORGE,5,ROOSEVELT - PARALYZED,3
GIRL ULTRA,5,OSCAR AND THE WOLF - SPILL MY LIQUOR,3
MIIKE SNOW,5,OSCAR AND THE WOLF - ANGEL FACE,3
BEACH HOUSE,5,UPSAHL - WET WHITE TEE SHIRT,3
CAGE THE ELEPHANT,5,UPSAHL - GOOD GIRL ERA,3
FLUME,5,UPSAHL - NO HANDS,3
SBTRKT,5,KAE TEMPEST - LONELY DAZE,3
EKKSTACY,5,TOCOTRONIC - PURE VERNUNFT DARF NIEMALS SIEGEN,3
SABA,5,WARHAUS - WHERE THE NAMES ARE REAL,3
ANGUS,5,GROUPLOVE - TONGUE TIED,3
GOLF,5,NOGA EREZ - QUIET,3
NAO,5,GIANT ROOKS - PINK SKIES,3
PANIC! AT THE DISCO,5,CLOUDY JUNE - RETAIL THERAPY,3
SNOOP DOGG,5,PETER BJORN AND JOHN - YOUNG FOLKS,3
LAUREN MAYBERRY,5,DAÐI FREYR - IF YOU WANT TO,3
PAUL KALKBRENNER,5,DAÐI FREYR - MOVES TO MAKE,3
STORMZY,5,BON IVER - THINGS BEHIND THINGS BEHIND THINGS,3
MICHAEL KIWANUKA,5,ADEKUNLE GOLD - DO YOU MIND?,3
BOSSE,5,JUNGLE - DOMINOES,3
VARLEY,5,JUNGLE - BACK ON 74,3
JACK PEÑATE,5,JUNGLE - THE HEAT,3
DERMOT KENNEDY,5,JUNGLE - BUSY EARNIN',3
DIE FANTASTISCHEN VIER,5,SPARKLING - KEEP RUNNING,3
THE LAST SHADOW PUPPETS,5,SPARKLING - WE ARE HERE TO MAKE YOU FEEL,3
EVAN KLAR,5,SPARKLING - HEY HEY HEY,3
PABST,5,DIGITALISM - KEEP RUNNING,3
WIZKID,5,DIGITALISM - POGO,3
PETER FOX,5,GRIMES - OBLIVION,3
FETTES BROT,5,GRIMES - FLESH WITHOUT BLOOD,3
PEGGY GOU,5,NINA CHUBA - FARBENBLIND,3
RAY LOZANO,5,SOHN - ARTIFICE,3
MANDO DIAO,5,SIGRID - BORDERLINE,3
ELIZA DOOLITTLE,5,KAKKMADDAFAKKA - FOREVER ALONE,3
KLEE,5,KAKKMADDAFAKKA - SOMEONE NEW,3
FKA TWIGS,5,BLOSSOMS - THE HONEYMOON,3
LADYHAWKE,5,LOUPE - TESTED WATERS,3
M83,5,LOUPE - CAUGHT IN THE MOMENT,3
PAROV STELAR,5,MASTER PEACE - START YOU UP,3
BULLY,5,PHILINE SONNY - BERLIN,3
THE ASTEROIDS GALAXY TOUR,5,PHILINE SONNY - DRUGS,3
JAMIE T,5,NELLY FURTADO - I'M LIKE A BIRD,3
CAPITAL CITIES,5,FRYTZ - HALS ÜBER KOPF,3
EDITORS,5,BENJAMIN AMARU - THE FOOL,3
RHYE,5,KANTEREIT - THE FOOL,3
MS MR,5,MØ - WHO SAID,3
BONOBO,5,ALMOST MONDAY - CAN'T SLOW DOWN,3
JOY BOGAT,5,ALMOST MONDAY - SHE LIKES SPORTS,3
LIE NING,5,JAMES HERSEY - GHOST ME,3
PASSION PIT,5,TOM ODELL - CAN'T PRETEND,3
TEGAN AND SARA,5,TOM ODELL - ANOTHER LOVE,3
PLACEBO,5,TOM ODELL - DON'T LET ME GO,3
FREEKIND,5,TOM ODELL - I KNOW,3
PELL,5,THE BLACK KEYS - GOLD ON THE CEILING,3
PRIYA RAGU,5,BIFFY CLYRO - HUNTING SEASON,3
JESHI,5,EDWIN ROSEN - BALANCIEREN,3
IAN O'BRIEN-DOCKER,5,JORJA SMITH - GO GO GO,3
BEN PEARCE,5,VAMPIRE WEEKEND - HORCHATA,3
GOOD CHARLOTTE,5,GENESIS OWUSU - TIED UP!,3
BABY TATE,5,GENESIS OWUSU - WHAT COMES WILL COME,3
M.I.A,5,ZARTMANN - NIEMAND,3
ROMY,5,RONJA - BLUMENGARTEN,3
VACATIONS,5,PAOLO NUTINI - NEW SHOES,3
ANDREW APPLEPIE,5,PAOLO NUTINI - LAST REQUEST,3
ODEAL,5,GOOD NEIGHBOURS - HOME,3
LEVIN LIAM,5,INTERPOL - EVIL,3
DOMINIC FIKE,5,INTERPOL - THE HEINRICH MANEUVER,3
SUGABABES,5,FOALS - CASSIUS,3
SUPERORGANISM,5,MIIKE SNOW - PADDLING OUT,3
KAYTRAMINÉ,5,JUSTICE - ONE NIGHT / ALL NIGHT,3
PHARRELL WILLIAMS,5,JUSTICE - D.A.N.C.E.,3
KOSHEEN,5,TAME IMPALA - NO MORE LIES,3
SNØW,5,TAME IMPALA - CAUSE I'M A MAN,3
DEE HOLT,5,TAME IMPALA - ONE NIGHT / ALL NIGHT,3
KALI UCHIS,5,TAME IMPALA - FEELS LIKE WE ONLY GO BACKWARDS,3
SOPHIE ELLIS-BEXTOR,5,JAY-Z - EMPIRE STATE OF MIND,3
SCHMERZIS,5,JAY-Z - NUMB / ENCORE,3
JOY ANONYMOUS,5,ALICIA KEYS - EMPIRE STATE OF MIND,3
THE HOOSIERS,5,ALICIA KEYS - NO ONE,3
ZAZ,5,TWO DOOR CINEMA CLUB - I CAN TALK,3
ADEKUNLE GOLD,4,TWO DOOR CINEMA CLUB - SURE ENOUGH,3
JAMES HERSEY,4,SNOW PATROL - SHUT YOUR EYES,3
THE BUOYS,4,CHAPPELL ROAN - PINK PONY CLUB,3
ROX,4,"CHAPPELL ROAN - GOOD LUCK, BABE!",3
MACKLEMORE,4,GIRL IN RED - HEMINGWAY,3
RYAN LEWIS,4,GIRL IN RED - TOO MUCH,3
RAY DALTON,4,CHVRCHES - RECOVER,3
ANTI DA MENACE,4,CHVRCHES - WE SINK,3
SLOWTHAI,4,CHVRCHES - THE MOTHER WE SHARE,3
SILLY BOY BLUE,4,KLAXONS - GOLDEN SKANS,3
DAN CROLL,4,THE WOMBATS - TOKYO,3
JANELLE MONÁE,4,THE WOMBATS - LET'S DANCE TO JOY DIVISION,3
GARDEN CITY MOVEMENT,4,MATT CORBY - VITAMIN,3
GOSSIP,4,DAFT PUNK - ONE MORE TIME,3
FRIENDLY FIRES,4,DAFT PUNK - INSTANT CRUSH,3
FRITZ KALKBRENNER,4,DAFT PUNK - HARDER BETTER FASTER STRONGER,3
SPORTS,4,AIR - CHERRY BLOSSOM GIRL,3
MAGGIE ROGERS,4,DJO - END OF BEGINNING,3
CAROLINE POLACHEK,4,BEACH HOUSE - MASTER OF NONE,3
RE6CE,4,ANAÏS - BERLIN CITY GIRL,3
THE CARDIGANS,4,ORLA GARTLAND - NOW WHAT,3
MODERAT,4,THE VACCINES - MINIMAL AFFECTION,3
RAT BOY,4,THE VACCINES - POST BREAK-UP SEX,3
RÜFÜS DU SOL,4,THE VACCINES - IF YOU WANNA,3
WALLOWS,4,THE 1975 - LOVE ME,3
WOODES,4,MILLENIUMKID - VIELLEICHT VIELLEICHT,3
TEMPLES,4,MILLENIUMKID - MANCHMAL,3
MILLIE TURNER,4,THE TEMPER TRAP - LOVE LOST,3
TIGERMILCH,4,THE TEMPER TRAP - SCIENCE OF FEAR,3
REX ORANGE COUNTY,4,THE TEMPER TRAP - FADER,3
RÖYKSOPP,4,THE TEMPER TRAP - SWEET DISPOSITION,3
BECKY SIKASA,4,LEYYA - SUPEREGO,3
ANT ANTIC,4,LEYYA - I DON'T HUG SO WELL,3
PAULA,4,CHANNEL TRES - ALL MY FRIENDS,3
ERIKA DE CASIER,4,CHANNEL TRES - FEVER DREAMER,3
LUCIUS,4,NNEKA - HEARTBEAT,3
ZOOT WOMAN,4,NNEKA - MY HOME,3
KING PRINCESS,4,NNEKA - SHINING STAR,3
JAPANESE BREAKFAST,4,CAGE THE ELEPHANT - SHAKE ME DOWN,3
BOBBY GILLESPIE,4,METRONOMY - HEARTBREAKER,3
DELPHIC,4,METRONOMY - THE LOOK,3
HAZLETT,4,GIIRL - INNER WASTELAND,3
BLU DETIGER,4,NEON TREES - ANIMAL,3
THE TING TINGS,4,NEON TREES - SLEEPING WITH A FRIEND,3
FRANZ FERDINAND,4,ROBYN - BE MINE!,3
KAWALA,4,BIG O - MANN WIE DU,3
CHRISTOPHER ANNEN,4,BEATAMIN C - MANN WIE DU,3
JOSEPH,4,KRAFTKLUB - ICH WILL NICHT NACH BERLIN,3
TORA,4,SPILL TAB - WINDOW,3
GOODBOYS,4,FUTURE ISLANDS - SEASONS,3
AVAION,4,KITSCHKRIEG - DRESSED IN WHITE,3
KAVINSKY,4,KITSCHKRIEG - TRENCHEZZZ,3
MAULI,4,BOY - OH BOY,3
TOMTE,4,BOY - WE WERE HERE,3
KLLO,4,LAUREL - 45 DEGREES,3
SAMPA THE GREAT,4,PORIJ - UNPREDICTABLE,3
GOLDLINK,4,JET - ARE YOU GONNA BE MY GIRL,3
IN THE VALLEY BELOW,4,J. BERNARDT - MAYDAY CALL,3
NOAH SLEE,4,J. BERNARDT - DON'T GET ME WRONG,3
LIANNE LA HAVAS,4,MALLRAT - DO IT AGAIN,3
THE KILLS,4,TYLER THE CREATOR - HEAVEN TO ME,3
PIPPA,4,GYPSY - JONA VARK,3
MAYBERG,4,THE CAT - JONA VARK,3
ALEX LAHEY,4,FRED AGAIN - TEN,3
CRUCCHI GANG,4,MOBY - LIFT ME UP,3
SKAAR,4,MOBY - EXTREME WAYS,3
ERICK THE ARCHITECT,4,JAKE BUGG - TWO FINGERS,3
BAG RAIDERS,4,JAKE BUGG - SEEN IT ALL,3
LUNA,4,JAKE BUGG - ALL KINDS OF PEOPLE,3
$OHO BANI,4,HINDS - COFFEE,3
COIN,4,STROMAE - PAPAOUTAI,3
ARKELLS,4,STROMAE - ALORS ON DANSE,3
NIA ARCHIVES,4,STROMAE - TOUS LES MÊMES,3
ACTION BRONSON,4,YOUNG FRANCO - GET DOWN,3
WHITNEY,4,YOUNG FRANCO - HITA,3
CHANCE THE RAPPER,4,AMY WINEHOUSE - BACK TO BLACK,3
PIP MILLETT,4,AMY WINEHOUSE - REHAB,3
SHYGIRL,4,AMY WINEHOUSE - YOU KNOW I'M NO GOOD,3
LONG TALL JEFFERSON,4,FEIST - I FEEL IT ALL,3
IDA KUDO,4,FEIST - 1234,3
KINGS OF CONVENIENCE,4,SBTRKT - HIGHER,3
MAYA JANE COLES,4,DANA AND ALDEN - CHILDHOOD CRUSH,3
FLORRIE,4,CINYA KHAN - CHILDHOOD CRUSH,3
SELF ESTEEM,4,I BLAME COCO - SELFMACHINE,3
YEARS,4,SOFT LAUNCH - CARTWHEELS,3
CRYSTAL FIGHTERS,4,SOFT LAUNCH - MILKSHAKES,3
SUMMERS SONS,4,GLASS ANIMALS - POOLS,3
NAND,4,GLASS ANIMALS - HAZEY,3
ELOISE,4,QUEENS OF THE STONE AGE - LITTLE SISTER,3
COLD WAR KIDS,4,ELLA EYRE - DOMINO SZN,3
MUSTAFA,4,MAC MILLER - THE QUEST,3
KING PARI,4,MAC MILLER - PARTY ON FIFTH AVENUE,3
MY CHEMICAL ROMANCE,4,PUDELDAME - MAN HOFFT,3
UCHE YARA,4,SAD ALEX - BOY I'D LIKE TO KILL,3
KATHA PAUER,4,GOTYE - SOMEBODY THAT I USED TO KNOW,3
STUTS,3,KIMBRA - SOMEBODY THAT I USED TO KNOW,3
BAD SOUNDS,3,DRÉ SIX - DRESSED IN WHITE,3
TOCOTRONIC,3,GOSSIP - LOVE LONG DISTANCE,3
GROUPLOVE,3,CHET FAKER - SOMETHING LIKE THIS,3
PETER BJORN AND JOHN,3,"BAKAR - RIGHT HERE, FOR NOW",3
BENJAMIN AMARU,3,IDER - YOU DON'T KNOW HOW TO DRIVE,3
KANTEREIT,3,GOLF - </3,3
FUCK ART LET'S DANCE!,3,BILDERBUCH - SCHICK SCHOCK,3
KLAXONS,3,NILÜFER YANYA - CALL IT LOVE,3
AIR,3,ARCTIC MONKEYS - FROM THE RITZ TO THE RUBBLE,3
BIG O,3,ARCTIC MONKEYS - WHEN THE SUN GOES DOWN,3
BEATAMIN C,3,ARCTIC MONKEYS - DO I WANNA KNOW?,3
FUTURE ISLANDS,3,ARCTIC MONKEYS - CRYING LIGHTNING,3
JET,3,JOLLE - LASTER,3
GYPSY,3,WURMS - LASTER,3
THE CAT,3,THUNDERCAT - NO MORE LIES,3
ROSIE LOWE,3,THUNDERCAT - OH SHEIT IT'S X,3
DAVE,3,PANIC! AT THE DISCO - I WRITE SINS NOT TRAGEDIES,3
DANA AND ALDEN,3,MAX RAD - IT'LL ALL BE FINE,3
CINYA KHAN,3,LOW ISLAND - THIS IS WATER,3
I BLAME COCO,3,GEORGIA - ALL NIGHT,3
SAD ALEX,3,GEORGIA - IT'S EUPHORIC,3
GOTYE,3,BRUCKNER - IMMER NACHTS,3
KIMBRA,3,MIA - FALLSCHIRM,3
WURMS,3,MIA - HUNGRIGES HERZ,3
CHARLIE WILSON,3,TOMMY RICHMAN - TEMPTATIONS,3
PETIT BISCUIT,3,AMILLI - 6 FOOT,3
RICH BRIAN,3,JAMIE XX - LOUD PLACES,3
TELE,3,JAMIE XX - I KNOW THERE'S GONNA BE,3
GOTH BABE,3,JAMIE XX - WAITED ALL NIGHT,3
THE DRUMS,3,FRIENDLY FIRES - SKELETON BOY,3
AMINÉ,3,BBY - U COME NEAR,3
THE PREATURES,3,EMINEM - THE MONSTER,3
ZACHARY KNOWLES,3,EMINEM - WITHOUT ME,3
MYKKET MORTON,3,RIHANNA - THE MONSTER,3
BENNY BLANCO,3,RIHANNA - AMERICAN OXYGEN,3
SELENA GOMEZ,3,IBEYI - GHOSTS,3
YRRRE,3,SNOOP DOGG - SIGNS,3
LAVENTURE,3,CHARLIE WILSON - SIGNS,3
DESTINY'S CHILD,3,JUSTIN TIMBERLAKE - SIGNS,3
EASY EASY,3,JUSTIN TIMBERLAKE - SEXYBACK,3
ZOUJ,3,DENDEMANN - ENDLICH NICHTSCHWIMMER,3
PERFUME GENIUS,3,DENDEMANN - 3:30,3
ALDOUS HARDING,3,PETIT BISCUIT - BURNIN,3
ELIZA ROSE,3,LAUREN MAYBERRY - SUNDAY BEST,3
DEXTER,3,HOT CHIP - BOY FROM SCHOOL,3
NIA SMITH,3,HOT CHIP - READY FOR THE FLOOR,3
AU REVOIR SIMONE,3,TKAY MAIDZA - BE SOMEBODY,3
SLEEPY BROWN,3,TKAY MAIDZA - RING-A-LING,3
CRO 01099,3,"WE ARE SCIENTISTS - NOBODY MOVE, NOBODY GET HURT",3
TOKIO HOTEL,3,KAISER CHIEFS - I PREDICT A RIOT,3
SOCCER MOMMY,3,KAISER CHIEFS - EVERYDAY I LOVE YOU LESS AND LESS,3
JOZZY,3,JVKE - THIS IS WHAT SPACE FEELS LIKE,3
FRANCESCO WILKING,3,K.FLAY - PUNISHER,3
SIR WAS,3,WOODKID - RUN BOY RUN,3
BAT FOR LASHES,3,LUNA MORGENSTERN - JEALOUS,3
KITSCHKRIEG WITH STEFFLON DON,3,LUNA MORGENSTERN - DANCE DANCE,3
POPPY AJUDHA,3,LUNA MORGENSTERN - SUMMERLOVE,3
MOODS,3,LUNA MORGENSTERN - HUSH HUSH,3
TWO ANOTHER,3,RY X - TELL ME,3
POOL,3,PURITY RING - PUSH PULL,3
MADSEN,3,RED HOT CHILI PEPPERS - DANI CALIFORNIA,3
GURR,3,RED HOT CHILI PEPPERS - CALIFORNICATION,3
JAMIROQUAI,3,MUSE - UNDISCLOSED DESIRES,3
SOLOMUN,3,MUSE - SUPERMASSIVE BLACK HOLE,3
OF MONSTERS AND MEN,3,MUSE - UPRISING,3
LCD SOUNDSYSTEM,3,FIL BO RIVA - BLACK & BLUE,3
GOAT GIRL,3,FIL BO RIVA - MODERN MELANCHOLIA,3
KARIN ANN,3,FIL BO RIVA - I'M FINE,3
EMOTIONAL ORANGES,3,GENTLEMAN - INTOXICATION,3
MXXWLL,3,GENTLEMAN - WARN DEM,3
LEILAH,3,RIKAS - UP ALL NIGHT,3
INGRID MICHAELSON,3,RIKAS - JUST LIKE ICE CREAM,3
FIEH,3,RIKAS - BARCELONA,3
UNKNOWN MORTAL ORCHESTRA,3,RIKAS - OPPOSITE OPINIONS,3
HALF ALIVE,3,BANKS - I HATE YOUR EX-GIRLFRIEND,3
THE KNIFE,3,BANKS - DROWNING,3
OLIVER SIM,3,DOECHII - I HATE YOUR EX-GIRLFRIEND,3
TWENTY ONE PILOTS,3,GOTH BABE - MEXICO,3
LISA,3,SURFACES - MEXICO,3
SPOON,3,THE PREATURES - IS THIS HOW YOU FEEL?,3
WARPAINT,3,THE HIVES - WON'T BE LONG,3
STRONGBOI,3,KEANE - TRY AGAIN,3
RILO KILEY,3,SAMPHA - SPIRIT 2.0,3
OKLOU,3,CAROLINE POLACHEK - SUNSET,3
NOSOYO,3,KETTCAR - 48 STUNDEN,3
TOKTOK,3,COLDPLAY - SPEED OF SOUND,3
BUCCI,3,COLDPLAY - TALK,3
HOCKEY,3,COLDPLAY - VIOLET HILL,3
TEMS,3,BLOWSOM - HOW STRANGE?,3
WEEZER,3,BLINK-182 - I MISS YOU,3
KLANGSTOF,3,BLINK-182 - STAY TOGETHER FOR THE KIDS,3
JESPER MUNK,3,BLINK-182 - WHAT'S MY AGE AGAIN,3
BRUNO MAJOR,3,VARLEY - FOOTSTEPS,3
VÖK,3,ANNENMAYKANTEREIT - LASS ES KREISEN,3
AZEALIA BANKS,3,WIR SIND HELDEN - SOUNDSO,3
MEGAN THEE STALLION,3,THE STREETS - BLINDED BY THE LIGHTS,3
BAYONNE,3,BLACK HONEY - UP AGAINST IT,3
BEACH WEATHER,3,BLACK HONEY - OK,3
LÅPSLEY,3,PIXEY - THE THRILL OF IT,3
THE DANDY WARHOLS,3,WANDA - BOLOGNA,3
THE VIRGINS,3,MANU CHAO - BONGO BONG,3
S1MBA,3,MANU CHAO - ME GUSTAS TU,3
TYLA,3,KINGS OF LEON - ON CALL,3
TOVE LO,3,ARLO PARKS - WEIGHTLESS,3
DE LA SOUL,3,COURTNEY BARNETT - AVANT GARDENER,3
GRASSY SPARK,3,RAT BOY - SUBURBIA CALLING,3
CON THE ARTIST,3,PHOENIX - LISZTOMANIA,3
SOLANGE KNOWLES,3,LOUIS THE CHILD - DAYBREAK,3
THE SUBWAYS,3,ZACHARY KNOWLES - DAYBREAK,3
HARD-FI,3,DARWIN DEEZ - RADAR DETECTOR,3
NOISETTES,3,DARWIN DEEZ - KILL YOUR ATTITUDE,3
NEMZZZ,3,RÜFÜS DU SOL - LIKE AN ANIMAL,3
SULTANS COURT,3,BEYONCÉ - SINGLE LADIES - PUT A RING ON IT,3
MASSIVE ATTACK,3,BLUMENGARTEN - AUGEN IN DER NACHT,3
JULIAN CASABLANCAS,3,PARAMORE - BRICK BY BORING BRICK,3
GET WELL SOON,3,PARAMORE - AIN'T IT FUN,3
JAIN,3,BOMBAY BICYCLE CLUB - FEEL,3
CHAI,3,BOMBAY BICYCLE CLUB - HOW CAN YOU SWALLOW SO MUCH SLEEP,3
SOME SPROUTS,3,BOMBAY BICYCLE CLUB - MY BIG DAY,3
WHOISWELANSKI,3,BOMBAY BICYCLE CLUB - ALWAYS LIKE THIS,3
FINKENAUER,3,OUTKAST - THE WAY YOU MOVE,3
BRITNEY SPEARS,3,CHARLI XCX - BOOM CLAP,3
HUNDREDS,3,SHOUT OUT LOUDS - WALKING IN YOUR FOOTSTEPS,3
PORTUGAL THE MAN,3,SHOUT OUT LOUDS - PLEASE PLEASE PLEASE,3
L.A. SALAMI,3,LA ROUX - UPTIGHT DOWNTOWN,3
CATFISH AND THE BOTTLEMEN,3,POWFU - WALLFLOWER,3
DOTAN,3,DIE FANTASTISCHEN VIER - ERNTEN WAS WIR SÄEN,3
SAY LOU LOU,3,CLUESO - KEINEN ZENTIMETER,3
DILLON,3,DECLAN MCKENNA - NOTHING WORKS,3
TENTENDO,3,DECLAN MCKENNA - CHAMPAGNE,3
RUEL,3,LANA DEL REY - VIDEO GAMES,3
NIHILS,3,"LANA DEL REY - HENRY, COME ON",3
ANDERSON. PAAK,3,BENNY BLANCO - TALK,3
MXMTOON,3,SELENA GOMEZ - TALK,3
SHAGGY,3,MAXIMO PARK - APPLY SOME PRESSURE,3
CHARLOTTE DAY WILSON,3,MAXIMO PARK - GIRLS WHO PLAY GUITARS,3
IMOGEN HEAP,3,MAXIMO PARK - LEAVE THIS ISLAND,3
PINKPIRATE,3,OK KID - STADT OHNE MEER,3
TIMBALAND,3,CATT - OPEN THE DOOR,3
YASHA,3,PANTHA - GALERIE,3
MISS PLATNUM,3,PANTHA - CLUB,3
ARY,3,LYKKE LI - I'M GOOD I'M GONE,3
YAEL NAIM,3,MGMT - TIME TO PRETEND,3
BLANKS,3,DOMINIK HARTZ - SIE WOLLEN DIES SIE WOLLEN DAS,3
OK GO,3,DOMINIK HARTZ - HALS ÜBER KOPF,3
MIA MORGAN,3,GORILLAZ - MELANCHOLY HILL,3
THE REGRETTES,3,GORILLAZ - FEEL GOOD INC.,3
JAMES VINCENT MCMORROW,3,CIRCA WAVES - WE MADE IT,3
ILL PEACH,3,ARCADE FIRE - NEIGHBOURHOOD #3 - POWER OUT,3
MADI DIAZ,3,REGINA SPEKTOR - TWO BIRDS,3
YUNG BAE,3,LAVENTURE - OFF MY MIND,3
PASTEL,3,BEATSTEAKS - MEANTIME,3
NAVENI,3,BEATSTEAKS - GENTLEMAN OF THE YEAR,3
NIC HANSON,3,OEHL - I LOVE YOU,3
METRIC,3,PETER FOX - SCHÜTTEL DEINEN SPECK,3
THE PLANETOIDS,3,FETTES BROT - AN TAGEN WIE DIESEN,3
LENA,3,SG LEWIS - FEVER DREAMER,3
LINUS,3,JULI - WARUM,3
C2C,3,GOLDFRAPP - ROCKET,3
MAPEI,3,EMPIRE OF THE SUN - WE ARE THE PEOPLE,3
SOAK,3,APSILON - LOST IN BERLIN,3
ROONEY,3,APSILON - AUGEN IN DER NACHT,3
POM,3,TOM MISCH - CINNAMON CURLS,3
HOZIER,3,ZOUJ - ST00PID,3
SHAY LIA,2,BLONDSHELL - DOCKET,3
TUNGZ,2,PINKPANTHERESS - CAPABLE OF LOVE,3
CHRISTIN NICHOLS,2,BECKY SIKASA - I DON'T HAVE WORDS,3
MATT,2,PERFUME GENIUS - NO FRONT TEETH,3
KIM,2,ALDOUS HARDING - NO FRONT TEETH,3
JUSE JU,2,RAY LOZANO - BETTER DAYS,3
BOB JUNIOR,2,OUSE - WALLFLOWER,3
KITA ALEXANDER,2,MANDO DIAO - GLORIA,3
ADAM PORT,2,NIA SMITH - GIVE UP THE FEAR,3
STRYV,2,DEICHKIND - WIE DENN?,3
LYRICAL LEMONADE,2,LUCIUS - TURN IT AROUND,3
IUMA,2,ZOOT WOMAN - IT'S AUTOMATIC,3
DYLYN,2,"CIGARETTES AFTER SEX - HOLDING YOU, HOLDING ME",3
THE NAKED AND FAMOUS,2,KLEE - GOLD,3
JULES AHOI,2,AU REVOIR SIMONE - SOMEBODY WHO,3
CHAIRLIFT,2,SLEEPY BROWN - THE WAY YOU MOVE,3
STEVE LACY,2,CRO 01099 - SO HEISS,3
RDGLDGRN,2,LINKIN PARK - NUMB / ENCORE,3
BLAUDZUN,2,LINKIN PARK - IN THE END,3
GOSSLING,2,LINKIN PARK - SOMEWHERE I BELONG,3
SAMM HENSHAW,2,LINKIN PARK - WHAT I'VE DONE,3
ALABAMA SHAKES,2,LINKIN PARK - BREAKIN THE HABIT,3
VINCE,2,WILL JOSEPH COOK - PUNCHIN',3
CARY,2,M83 - MIDNIGHT CITY,3
GABRIEL GIFFORD,2,CSS - LET'S MAKE LOVE AND LISTEN TO DEATH FROM ABOVE,3
HARVEY CAUSON,2,GREENTEA PENG - GREEN,3
JAMIE WOON,2,LIZZO - LOVE IN REAL LIFE,3
FRANK TURNER,2,LOYLE CARNER - TIME TO GO,3
TOKYO TEA ROOM,2,LOYLE CARNER - ALL I NEED,3
RAVEN ARTSON,2,KENDRICK LAMAR - I,3
THE CHEMICAL BROTHERS,2,KENDRICK LAMAR - SWIMMING POOLS,3
MAC WETHA,2,KENDRICK LAMAR - KING KUNTA,3
SIA,2,KENDRICK LAMAR - BAD BLOOD,3
DVR,2,BULLY - DOCKET,3
LOVEJOY,2,FRANZ FERDINAND - DO YOU WANT TO,3
SELAH SUE,2,BEIRUT - POSTCARDS FROM ITALY,3
RAE MORRIS,2,BEIRUT - NANTES,3
SERIOUS KLEIN,2,JOZZY - TEN,3
ROSSVANBOSS,2,CHRISTOPHER ANNEN - AN NEM GUTEN TAG,3
AMBER-SIMONE,2,FRANCESCO WILKING - AN NEM GUTEN TAG,3
RXSEBOY,2,THE ASTEROIDS GALAXY TOUR - AROUND THE BEND,3
PISH,2,JAMIE T - RABBIT HOLE,3
BECCA HATCH,2,MY UGLY CLEMENTINE - ARE YOU IN,3
THE KNOCKS,2,CAPITAL CITIES - KANGAROO COURT,3
TAYO SOUND,2,FLORENCE + THE MACHINE - QUEEN OF PEACE,3
MIGUEL,2,FLORENCE + THE MACHINE - SHAKE IT OUT,3
JAMIE CULLUM,2,FLORENCE + THE MACHINE - EVERYBODY SCREAM,3
SHAUN RYDER,2,BAT FOR LASHES - DANIEL,3
TWO YEAR VACATION,2,COACH PARTY - HI BABY,3
BRYE,2,KITSCHKRIEG WITH STEFFLON DON - DANCE,3
THE RACONTEURS,2,AURORA - THE FLOOD,3
ELLIE GOULDING,2,AURORA - HEARTS INTUITION,3
GRIZZLY BEAR,2,MINDCHATTER - I CAN CHANGE,3
LILY ALLEN,2,MOODS - CONTROL,3
SEEED,2,TWO ANOTHER - CONTROL,3
CLAIRE,2,JISKA - HOOKED ON A FEELING,3
CAESARS,2,JISKA - IT WAS YOU,3
PHOEBE BRIDGERS,2,TOMTE - ICH SANG DIE GANZE ZEIT VON DIR,3
DIE NERVEN,2,THE SCRIPT - THE MAN WHO CAN'T BE MOVED,3
163MARGS,2,THE SCRIPT - WE CRY,3
GREEDO,2,OLIVIA DEAN - NICE TO EACH OTHER,3
MOA,2,NOTHING BUT THIEVES - ITCH,3
COSHA,2,NOTHING BUT THIEVES - TOMORROW IS CLOSED,3
KOKO,2,NOTHING BUT THIEVES - TIME :: FATE :: KARMA :: GOD,3
RAURY,2,NOTHING BUT THIEVES - CITY HAUNTS,3
TEDDY FAILURE,2,TRAVIS - SING,3
SAN CISCO,2,TRAVIS - WHY DOES IT ALWAYS RAIN ON ME?,3
MAKOLA,2,EDITORS - PAPILLON,3
LION BABE,2,RHYE - OPEN,3
POWFU FT. CODY LAWLESS,2,MS MR - HURRICANE,3
MILKSHAKES IN THE VALLEY,2,JOY BOGAT - A LITTLE LONGER,3
JAYDA G,2,EVERYTHING EVERYTHING - KEMOSABE,3
SCHORL3,2,ALT-J - LEFT HAND FREE,3
AZIYA,2,ALT-J - BREEZEBLOCKS,3
KING KRULE,2,ALT-J - EVERY OTHER FRECKLE,3
K-OS,2,LIE NING - SWEATSHOP,3
AYO,2,PASSION PIT - CARRIED AWAY,3
BRYCE DESSNER,2,OSKA - IT HAPPENS EITHER WAY,3
JOHNNY KULO,2,TEGAN AND SARA - WHERE DOES THE GOOD GO,3
PANDA BEAR,2,LCD SOUNDSYSTEM - DAFT PUNK IS PLAYING AT MY HOUSE,3
FRANC MOODY,2,PLACEBO - SONG TO SAY GOODBYE,3
ILGEN-NUR,2,BEN HOWARD - I FORGET WHERE WE WERE,3
AYELLE,2,OH WONDER - LIVEWIRE,3
PUDDLE OF MUDD,2,COSBY - BOON & BANE,3
MATILDA MANN,2,EMOTIONAL ORANGES - BE SOMEBODY,3
BOYWITHUKE,2,PVRIS - GODDESS,3
LEISURE,2,PELL - GET DOWN,3
ALBIN LEE MELDAU,2,MXXWLL - GET DOWN,3
KELIS,2,ALEX LAHEY - GOOD TIME,3
WARGIRL,2,PRIYA RAGU - EASY,3
SWITCHOTR,2,CRUCCHI GANG - FILOSOFO,3
BROODS,2,SOFI TUKKER - HEY HOMIE,3
MAZIE,2,JESHI - STUCK ON LOOP,3
LET'S EAT GRANDMA,2,LEILAH - STUCK ON LOOP,3
SUNFLOWER BEAN,2,INGRID MICHAELSON - THE WAY I AM,3
THE HUNNA,2,FONTAINES D.C - IT'S AMAZING TO BE YOUNG,3
MOYKA,2,IAN O'BRIEN-DOCKER - THE BEGINNING,3
EUGÉNIE,2,BAG RAIDERS - WAY BACK HOME,3
GIGI PEREZ,2,BEACH BUNNY - VERTIGO,3
DENZEL CURRY,2,HALF ALIVE - SUBLIMINAL,3
BANJI,2,GOOD CHARLOTTE - I JUST WANNA LIVE,3
MELVV,2,SANTIGOLD - DISPARATE YOUTH,3
VYKA,2,SANTIGOLD - L.E.S. ARTISTES,3
THE NATIONAL,2,BABY TATE - JERSEY,3
TRISTAN BRUSCH,2,M.I.A - PAPER PLANES,3
THE NEIGHBOURHOOD,2,THE KNIFE - HEARTBEATS,3
ARXX,2,ROMY - WAITED ALL NIGHT,3
DEBBY FRIDAY,2,OLIVER SIM - WAITED ALL NIGHT,3
BAC,2,VACATIONS - NEXT EXIT,3
DOJA CAT,2,THE KILLERS - SOMEBODY TOLD ME,3
DONATA,2,THE KILLERS - MR. BRIGHTSIDE,3
LOKØY,2,SPOON - DO YOU,3
SAFARIO,2,STRONGBOI - ONE THING,3
KAT FRANKIE,2,RILO KILEY - SILVER LINING,3
AZE,2,OKLOU - BLADE BIRD,3
SUPERSHY,2,TOKTOK - DAY OF MINE,3
JHENÉ AIKO,2,BUCCI - TREIBEN,3
DREAM WIFE,2,YARD ACT - DREAM JOB,3
ELIS NOA,2,HOCKEY - SONG AWAY,3
ELECTRIC YOUTH,2,WEEZER - ISLAND IN THE SUN,3
UKIYO,2,ODEAL - LONDON SUMMERS,3
ŪLA,2,JESPER MUNK - YESTERDAZE,3
JUPITER JONES,2,LEVIN LIAM - SUCH MIT MIR,3
LAZY JAY,2,FOSTER THE PEOPLE - CALL IT WHAT YOU WANT,3
LAURA LEE,2,YELLOWSTRAPS - SORRYSORRYSORRY,3
THE JETTES,2,YELLOWSTRAPS - SLOWDOWN,3
JOHN GLACIER,2,BAYONNE - UNCERTAINLY DERANGED,3
RENEÉ RAPP,2,MARTERIA - MARTERIA GIRL,3
THE WHITE STRIPES,2,MARTERIA - LILA WOLKEN,3
CARAVAN PALACE,2,BEACH WEATHER - SETH COHEN,3
LEILA,2,LONG TALL JEFFERSON - GROWING UP TAKES A LIFETIME,3
I LOVE MAKONNEN,2,THE DANDY WARHOLS - BOHEMIAN LIKE YOU,3
MARIA BASEL,2,THE VIRGINS - RICH GIRLS,3
BLACKWAVE,2,SUGABABES - OVERLOAD,3
VIRGINIA JETZT!,2,KOSHEEN - HIDE U,3
SUNSICK,2,S1MBA - HITA,3
JOSÉ GONZALEZ,2,SNØW - WALLFLOWER,3
TROPICS,2,KINGS OF CONVENIENCE - I'D RATHER DANCE WITH YOU,3
ERICSON,2,DE LA SOUL - FEEL GOOD INC.,3
FRISKA VILJOR,2,THE XX - ISLANDS,3
LIME CORDIALE,2,CON THE ARTIST - ALL MY FRIENDS,3
DEKKER,2,SOLANGE KNOWLES - LOSING YOU,3
TAI VERDES,2,DEE HOLT - BETTER,3
THE WEEKND,2,THE SUBWAYS - ROCK & ROLL QUEEN,3
SCHMYT,2,HARD-FI - HARD TO BEAT,3
MADANII,2,NOISETTES - DON'T UPSET THE RHYTHM,3
ANTJE SCHOMAKER,2,NEMZZZ - TRENCHEZZZ,3
AGAJON,2,GRENTPEREZ - MIGHT NOT BE,3
HUND,2,GRENTPEREZ - NEED YOU AROUND,3
KOBRAKASINO,2,GRENTPEREZ - DANDELION,3
LISL,2,SULTANS COURT - RUNNING,3
OLIVIA RODRIGO,2,MASSIVE ATTACK - PARADISE CIRCUS,3
HONEYMOAN,2,JULIAN CASABLANCAS - 11TH DIMENSION,3
BEN BÖHMER,2,JAIN - COME,3
KYNSY,2,SIMPLE PLAN - YOUR LOVE IS A LIE,3
CAMP CLAUDE,2,KALI UCHIS - SUNSHINE & RAIN...,3
FELUKAH,2,FINKENAUER - AN TAGEN WIE DIESEN,3
CLEO SOL,2,KYTES - DEEP END,3
HOLLY HUMBERSTONE,2,SOPHIE ELLIS-BEXTOR - MURDER ON THE DANCEFLOOR,3
BLOOM TWINS,2,BRITNEY SPEARS - TOXIC,3
SEAN PAUL,2,ELOISE - GIANT FEELINGS,3
INJI,2,PORTUGAL THE MAN - MODERN JESUS,3
CAROLINE POLACHEK BLOOD ORANGE,2,DOTAN - HOME,3
THE DURUTTI COLUMN,2,JOY ANONYMOUS - JOY,3
DANIE TARIQ AL-SABIR,2,RUEL - DANDELION,3
UFFIE,2,COLD WAR KIDS - HANG ME UP TO DRY,3
MOLLY MOORE,2,THE HOOSIERS - GOODBYE MR A,3
THE RAVEONETTES,2,SHAGGY - WARN DEM,3
BOYGENIUS,2,CHARLOTTE DAY WILSON - FEVER DREAMER,3
SPILLER,2,THE STROKES - ALL THE TIME,3
U3000,2,THE STROKES - LAST NITE,3
BURNA BOY,2,IMOGEN HEAP - HIDE AND SEEK,3
MAX,2,TIMBALAND - SEXYBACK,3
BAZZI,2,YASHA - LILA WOLKEN,3
PATRICE,2,MISS PLATNUM - LILA WOLKEN,3
HOLOW,2,YAEL NAIM - NEW SOUL,3
MAX GREEN,2,OK GO - HERE IT GOES AGAIN,3
ODESZA,2,ILL PEACH - HEAVYWEIGHT,3
BENNY SINGS,2,MADI DIAZ - HEAVYWEIGHT,3
BLEACHERS,2,PASTEL - WAIT OUTSIDE,3
SUMMER WALKER,2,NAVENI - WAIT OUTSIDE,3
ANNALISA FERNANDEZ,2,NIC HANSON - WAIT OUTSIDE,3
DAMON ALBARN,2,METRIC - HELP I'M ALIVE,3
THE BIG MOON,2,ZAZ - ON IRA,3
DEVIN MORRISON,2,C2C - DOWN THE ROAD,3
THE SNUTS,2,MAPEI - DON'T WAIT,3
LILLY AMONG CLOUDS,2,ROONEY - WHEN DID YOUR HEART GO MISSING?,3
HALF MOON RUN,2,POM - A BURNING HOUSE,3
FALL OUT BOY,2,HOZIER - NOBODY'S SOLDIER,3
BEA AND HER BUSINESS,2,HARD LIFE - TEARS,2
BRANKO AND JAY PRINCE,2,RAZORLIGHT - IN THE MORNING,2
SALOMEA,2,BENEE - GREEN HONDA,2
TIAVO,2,BENEE - LOVE COCOON,2
FYE,2,SHAY LIA - ON THE LOW,2
FENNEK,2,WIZTHEMC - OVER THE MOON,2
H.E.R,2,WIZTHEMC - ABOUT YOU,2
PERRIN,2,WIZTHEMC - IF YOU KNOW,2
BICEP,2,WIZTHEMC - LET YOU IN,2
ANIMAL HOUSE,2,DILLA - PHILOSOPH,2
JEAN CASTEL,2,LOLA YOUNG - GOOD BOOKS,2
HALSEY,2,LOLA YOUNG - WISH YOU WERE DEAD,2
ROCHELLE JORDAN,2,COURTING - WE LOOK GOOD TOGETHER,2
LOLA MARSH,2,MOGLII - CRUSH,2
THE MAGIC GANG,2,MOGLII - SUNLIIGHT,2
MOONCHILD SANELLY,2,ROOSEVELT - HOLD ON,2
EAU ROUGE,2,ROOSEVELT - ORDINARY LOVE,2
SIAMESE ELEPHANTS,2,ROOSEVELT - LUNA,2
THE FRATELLIS,2,ROOSEVELT - SEA,2
WHITE LIES,2,REMI WOLF - MONTE CARLO,2
WE WILL KALEID,2,MARK RONSON - VALERIE,2
HELGEN,2,TUNGZ - SOMEBODY TO GET SHY WITH,2
FELLY,2,BAD SOUNDS - SOMEBODY TO GET SHY WITH,2
KHARY,2,ANNA OF THE NORTH - TRY MY BEST,2
LOUANE,2,HAIM - EVERYBODY'S TRYING TO FIGURE ME OUT,2
SUKI WATERHOUSE,2,HAIM - HOME,2
AGNES OBEL,2,SHURA - WORLD'S WORST GIRLFRIEND,2
JOE GODDARD,2,SHURA - OBSESSION,2
SAINTÉ,2,SHURA - RECOGNISE,2
CHLOE QISHA,2,WOLF ALICE - FREAZY,2
PAOLO CONTE,2,WOLF ALICE - BLOOM BABY BLOOM,2
PALE WAVES,2,WOLF ALICE - MOANING LISA SMILE,2
PACO,2,NEUFUNDLAND - JEDER LIEBE IHRE ZEIT,2
ROYA,2,SHARKTANK - SHAME,2
POLAR NOIR,2,KENYA GRACE - PARIS,2
KLEERUP,2,C'EST KARMA - HANDLEBAR,2
SUPERFOOD,2,WET LEG - CATCH THESE FISTS,2
AUDREY NUNA,2,NOGA EREZ - COME BACK HOME,2
CHARLOTTE OC,2,THE KOOKS - NAIVE,2
ALLIE X,2,THE KOOKS - OOH LA,2
PUP,2,THE KOOKS - SHE MOVES IN HER OWN WAY,2
ELBOW,2,GIANT ROOKS - SOMEBODY LIKE YOU,2
CONNIE CONSTANCE,2,GIANT ROOKS - FIGHT CLUB,2
LUKE SITAL-SINGH,2,BON IVER - S P E Y S I D E,2
AMI WARNING,2,SPARKLING - I GET SAD SO EASILY,2
JENNY WILSON,2,G FLIP - DISCO COWGIRL,2
MUROKI,2,G FLIP - BAKED,2
RITT MOMNEY,2,G FLIP - QUEEN,2
NOONZY,2,NINA CHUBA - RAGE GIRL,2
LYN LAPID,2,NINA CHUBA - ICH GLAUB ICH WILL HEUT NICHT MEHR GEHEN,2
FREUNDESKREIS,2,LOUIS FUTON - BATMAN & ROBIN,2
JOY DENALANE,2,OBONGJAYAR - TINKO TINKO,2
LIGHTS ARKELLS,2,JADE BIRD - AVALANCHE,2
DONKEY KID,2,KAKKMADDAFAKKA - RESTLESS,2
TOVE STYRKE,1,DRANGSAL - KELLERPARTY,2
SOPHIA BLENDA,1,DRANGSAL - ALLAN ALIGN,2
RAUM27,1,DRANGSAL - BERGAB,2
ALEX WARREN,1,SZA - LUTHER,2
KEINEMUSIK,1,"LOUPE - IT’S GETTING WILD, GETTING OLDER",2
MOLIY,1,MASTER PEACE - WAKE UP,2
SILENT ADDY,1,MASTER PEACE - GET NAUGHTY !,2
SKILLIBENG,1,ROYEL OTIS - CLAW FOOT,2
MISSY ELLIOT,1,ROYEL OTIS - ADORED,2
PORTMONEE,1,FOO FIGHTERS - LONG ROAD TO RUIN,2
TIM BALDUS,1,ZIMMER90 - YOURS & MINE,2
COIN LOUIS THE CHILD,1,ZIMMER90 - WHAT LOVE IS,2
HAIKU HANDS,1,ZIMMER90 - WHATEVER,2
SON MIEUX,1,ZIMMER90 - FEEL MYSELF,2
SYLVIE KREUSCH,1,NELLY FURTADO - **** ON THE RADIO,2
NONAME,1,MØ - ATTACK OF THE GHOST RIDERS,2
RHYS RICH,1,ALMOST MONDAY - LIFE GOES BY,2
RAY BLK,1,ALMOST MONDAY - JUPITER,2
KRAYZIE BONE,1,PAULWETZ - IMMER NOCH WACH,2
SWIMMING GIRLS,1,PAULWETZ - LIEBE GRÜSSE,2
HIPPO CAMPUS,1,DOLORES FOREVER - GO FAST GO SLOW,2
AVEC,1,THE BLACK KEYS - LONELY BOY,2
EVERYTHING IS RECORDED,1,VAMPIRE WEEKEND - DIANE YOUNG,2
LAURA GROVES,1,VAMPIRE WEEKEND - A-PUNK,2
JAH WOBBLE,1,MILKY CHANCE - LIVING IN A HAZE,2
YAZZ AHMED,1,THE LAST DINNER PARTY - SINNER,2
LAUREN SANDERSON,1,THE LAST DINNER PARTY - CAESAR ON A TV SCREEN,2
KÄPTN PENG,1,EMPRESS OF - GALINA,2
DIE TENTAKEL VON DELPHI,1,ZARTMANN - SCHÖN SCHEISSE,2
TIA TIA,1,FRANK OCEAN - PYRAMIDS,2
STUDIO KILLERS,1,LONDON GRAMMAR - DANCING BY THE NIGHT,2
MOUNT KIMBIE,1,LONDON GRAMMAR - SANTA FE,2
K.ZIA,1,PAOLO NUTINI - JENNY DON'T BE HASTY,2
QUAVO,1,GOOD NEIGHBOURS - DAISIES,2
ANTILOPEN GANG,1,THE BEACHES - KISMET,2
SALT CATHEDRAL,1,THE BEACHES - BLAME BRETT,2
TY DOLLA $IGN,1,SOFFIE - UNTERWEGS,2
LOU PHELPS,1,FOALS - MOUNTAIN AT MY GATES,2
JAZZ CARTIER,1,FOALS - WHAT WENT DOWN,2
KARMIC,1,FOALS - MIAMI,2
SAINT SISTER,1,MIIKE SNOW - ANIMAL,2
PAN AMSTERDAM,1,JUSTICE - SATURNINE,2
BELTERS ONLY,1,JUSTICE - NEW LANDS,2
FARHOT,1,TAME IMPALA - THE LESS I KNOW THE BETTER,2
MJ COLE,1,TAME IMPALA - ELEPHANT,2
BERWYN,1,ALICIA KEYS - FALLIN,2
THEY HATE CHANGE,1,TWO DOOR CINEMA CLUB - SUN,2
DIXIE,1,TWO DOOR CINEMA CLUB - UNDERCOVER MARTYN,2
DUA SALEH WITH AMAARAE,1,CHRISTIN NICHOLS - UNSTERBLICH,2
JASMYN,1,POWER PLUSH - ICH SAGE JA,2
SEEB,1,POWER PLUSH - EMERGENCY // FREEZE,2
NINA NESBITT,1,POWER PLUSH - CRUSH,2
ANNA ERHARD,1,SNOW PATROL - CHASING CARS,2
NAKHANE,1,SNOW PATROL - HANDS OPEN,2
JOMIE,1,CHVRCHES - GOOD GIRLS,2
HANNAH GRAE,1,THE MARÍAS - BACK TO ME,2
OCTAVIAN,1,THE WOMBATS - YOUR BODY IS A WEAPON,2
JORDANA,1,THE WOMBATS - MOVING TO NEW YORK,2
J. COLE,1,BEACH HOUSE - NORWAY,2
FAMILY CIRCLE,1,ANAÏS - DÉSOLÉE,2
THE HONEYDRIPPERS,1,ANAÏS - HOLD ON,2
BISHOP BRIGGS,1,ANAÏS - YOU GOT STYLE,2
LUCKY LUKE,1,ANAÏS - ISN'T IT SOMETHING,2
DYNORO,1,ANAÏS - LOVE! LOVE! LOVE!,2
ANOTHER SKY,1,MATT - DAYLIGHT,2
MARI,1,KIM - DAYLIGHT,2
BIG WILD,1,FRIEDBERG - HARDCORE WORKOUT QUEEN,2
CARLO5,1,THE 1975 - CHOCOLATE,2
BERHANA,1,THE 1975 - PART OF THE BAND,2
CRUSH,1,MILLENIUMKID - WIE WEIT,2
BANGERFABRIQUE,1,JUSE JU - BYE BYE,2
LADY GAGA,1,BOB JUNIOR - NO ONE DOES IT BETTER THAN YOU,2
ADDISON RAE,1,ALFIE TEMPLEMAN - NO ONE DOES IT BETTER THAN YOU,2
JESSIE WARE,1,ALFIE TEMPLEMAN - EYES WIDE SHUT,2
GEORGE FITZGERALD,1,BETTEROV - DIE LEUTE UND ICH,2
BROCKHOFF,1,BETTEROV - SCHLAF GUT,2
CHILDREN,1,LEYYA - SOMETIMES YOU'RE LONELY,2
TIERRA WHACK,1,JEREMIAS - VERRÜCKT,2
MARIBOU STATE,1,JEREMIAS - SCHLAF GUT,2
NORTH DOWNS,1,CAGE THE ELEPHANT - COME A LITTLE CLOSER,2
SAY YES DOG,1,METRONOMY - THE BAY,2
ALICE MERTON,1,METRONOMY - I'M AQUARIUS,2
GREEN DAY,1,METRONOMY - LOVELETTERS,2
RUDIMENTAL,1,GIIRL - ON TO THE MUSIC,2
JOHN NEWMAN,1,ROBYN - MONUMENT,2
GRACIE ABRAMS,1,ROBYN - DO IT AGAIN,2
STEELZ,1,ROBYN - WITH EVERY HEARTBEAT,2
INNOV GNAWA,1,FLUME - DROP THE GAME,2
MALACHIII,1,KRAFTKLUB - SONGS FÜR LIAM,2
SOKO LINX,1,SPILL TAB - GRADE A,2
MOS DEF,1,SPILL TAB - ATHLETE,2
BOBBY WOMACK,1,KITSCHKRIEG - LONDON'S CALLING,2
MATTIEL,1,KITSCHKRIEG - MORE THAN THAT,2
HALF·ALIVE,1,KITSCHKRIEG - THINK TWICE,2
TENNIS,1,KITSCHKRIEG - FÜR DICH DA,2
FERDINAND FKA LEFT BOY,1,SFR - FÜR DICH DA,2
BOMFUNK MCS,1,BOY - WAITRESS,2
WEEKEND PLAYERS,1,KITA ALEXANDER - ALL NIGHT,2
DIE LIEFERANTEN,1,LAUREL - ALL NIGHT,2
HANA VU,1,LAUREL - SCREAM DRIVE FASTER,2
CHARLOTTE LAWRENCE,1,MALLRAT - CUT ME DOWN,2
AL PRIDE,1,FRED AGAIN - ADORE U,2
FEWJAR,1,FRED AGAIN - JUST STAND THERE,2
CHLOE MORIONDO,1,MOBY - PORCELAIN,2
VØR,1,BLVTH - IN THE END,2
PHILIPP POISEL,1,BLVTH - MOON,2
CÉLINE,1,LEONIDEN - SMILE,2
THEOPHILUS LONDON,1,JAKE BUGG - ZOMBIELAND,2
LOKOY,1,ROSIE LOWE - OBSESSION,2
ALL WE ARE,1,YOUNG FRANCO - WAKE UP,2
LYRAH,1,YOUNG FRANCO - DAYDREAMING,2
SHY LUV,1,DJANGO DJANGO - SPIRALS,2
CABU,1,DJANGO DJANGO - FIRST LIGHT,2
NOÉ,1,AMY WINEHOUSE - VALERIE,2
ANTILOPEN GANG MIT FATONI,1,AMY WINEHOUSE - LOVE IS A LOSING GAME,2
SUKIE,1,LYRICAL LEMONADE - STOP GIVING ME ADVICE,2
KATE NASH,1,JACK HARLOW - STOP GIVING ME ADVICE,2
DANNY BROWN,1,JACK HARLOW - LOVIN ON ME,2
HARRISON BROME,1,DAVE - STOP GIVING ME ADVICE,2
TOTALLY ENORMOUS EXTINCT DINOSAURS,1,FEIST - MY MOON MY MAN,2
RAC,1,SBTRKT - TEMPORARY VIEW,2
SOPHIE ALICE,1,EKKSTACY - FOREVER,2
JENOBI,1,EKKSTACY - BELLA,2
WOMAN,1,IUMA - HONDA,2
BRYDE,1,DAN CROLL - FROM NOWHERE,2
JAY PRINCE,1,DAN CROLL - COMPLIMENT YOUR SOUL,2
KING HANNAH,1,BEABADOOBEE - TAKE A BITE,2
ALBRECHT SCHRADER,1,BEABADOOBEE - FEAR OF FLYING,2
SWINDLE,1,SABA - TOP AGAIN,2
EMILIE NICOLAS,1,QUEENS OF THE STONE AGE - I SAT BY THE OCEAN,2
ALVVAYS,1,QUEENS OF THE STONE AGE - MAKE IT WIT CHU,2
APACHE 207,1,QUEENS OF THE STONE AGE - MY GOD IS THE SUN,2
THE REMBRANDTS,1,THE NAKED AND FAMOUS - YOUNG BLOOD,2
THE EDIACARAN,1,MAC MILLER - NIKES ON MY FEET,2
BASTIDO,1,MAC MILLER - THE SPINS,2
LAZLO BANE,1,JULES AHOI - MAGNOLIA,2
KARA MARNI,1,STILL WOOZY - ROCKY,2
TOMMY VILLIERS,1,PUDELDAME - ALGORHYTHMO,2
VINCE STAPLES,1,PUDELDAME - PRETTY PRIVILEGE,2
FLØRE,1,ANGUS - GRIZZLY BEAR,2
CRASSE,1,ANGUS - BIG JET PLANE,2
NAOMI WILD,1,JULIA STONE - GRIZZLY BEAR,2
COUROS,1,JULIA STONE - BIG JET PLANE,2
BILLIE MARTEN,1,JULIA STONE - BREAK,2
THE ROOTS,1,FATONI - WUNDERBARE WELT,2
CODY CHESTNUTT,1,FATONI - DU WARTEST,2
PHANTOM PLANET,1,FATONI - FRÖHLICH,2
KT TUNSTALL,1,DRÉ SIX - LONDON'S CALLING,2
SHAPESHIFTERS,1,DRÉ SIX - THINK TWICE,2
PALACE,1,CHAIRLIFT - BRUISES,2
TEED,1,STEVE LACY - BAD HABIT,2
SUFJAN STEVENS,1,GRETEL - KING OF NOTHING,2
LANCE FERGUSON,1,CHET FAKER - GOLD,2
THE BAMBOOS,1,CHET FAKER - 1998,2
MATTHEW E. WHITE,1,CHET FAKER - DROP THE GAME,2
ARNY MARGRET,1,CHET FAKER - NO DIGGITY,2
BRIJEAN,1,BILDERBUCH - OM,2
DANIELLE HAIM,1,BILDERBUCH - SPLIFF,2
LENNON STELLA,1,BILDERBUCH - MASCHIN,2
SOLEY,1,NILÜFER YANYA - MADE OUT OF MEMORY,2
NAARI,1,NILÜFER YANYA - MUTATIONS,2
FAUNA FLASH,1,NILÜFER YANYA - WHERE TO LOOK,2
OOI,1,NILÜFER YANYA - COLD HEART,2
BRITTANY HOWARD,1,NILÜFER YANYA - JUST A WESTERN,2
ROISIN MURPHY,1,ARCTIC MONKEYS - I BET YOU LOOK GOOD ON THE DANCEFLOOR,2
SIRIUSMO,1,ARCTIC MONKEYS - SNAP OUT OF IT,2
SANTPOORT,1,ARCTIC MONKEYS - FLUORESCENT ADOLESCENT,2
LALA LALA,1,D4VD - WHERE'D IT GO WRONG?,2
BLINKER,1,D4VD - LEAVE HER,2
PEKING DUK,1,JOLLE - WIR GEHEN REIN,2
ROY BIANCO,1,NAO - WILDFLOWERS,2
SCOOTY,1,BLAUDZUN - HOLLOW PEOPLE,2
JENNIE,1,NOVAA - CARNAGE,2
BABYMETAL,1,NOVAA - COWGURL,2
ELECTRIC CALLBOY,1,NOVAA - TITANIC,2
RISE AGAINST,1,NOVAA - IN THE BUSINESS,2
GUNDELACH,1,"NOVAA - FEELS LIKE A JUNGLE, PT. 1",2
CALEBORATE,1,PANIC! AT THE DISCO - NINE IN THE AFTERNOON,2
FIIO,1,GOSSLING - HARVEST OF GOLD,2
DJ SHADOW,1,MAX RAD - WHERE ARE WE NOW,2
RUN THE JEWELS,1,GEORGIA - TOO MUCH TOO LITTLE,2
ZIMMER90 FT. BALU BRIGADA,1,JAMES BLAKE - LIMIT TO YOUR LOVE,2
STEPHEN MALKMUS,1,BRUCKNER - INDIGO,2
DYLAN CARTLIDGE,1,BRUCKNER - NERO,2
POPCAAN,1,BRUCKNER - DIES DAS,2
BINKI,1,BRUCKNER - SCHÖN SCHEISSE,2
TEDLO,1,BRUCKNER - ZERRISSEN,2
LUKEYWORLD,1,BRUCKNER - IMMER SOMMER,2
BECKS,1,BECK - THE VALLEY OF THE PAGANS,2
VON WEGEN LISBETH CRUCCHI GANG MIT FRANCESCO WILKING SVEN REGENER,1,MIA - TANZ DER MOLEKÜLE,2
CLOSE COUNTERS YOUNG FRANCO,1,TOMMY RICHMAN - BODY SHOP.,2
JAY PRINCE SCRUFIZZER,1,AMILLI - SUITABLE,2
BACHELOR,1,AMILLI - STUCK IN MY HEAD,2
LEIKELI47,1,AMILLI - WARNING SIGNS,2
SYCCO,1,BBY - VOICES IN MY HEAD,2
SILK CITY,1,EMINEM - GUTS OVER FEAR,2
DESIIGNER,1,RIHANNA - BITCH BETTER HAVE MY MONEY,2
NAAZ,1,RIHANNA - PON DE REPLAY,2
COEUR DE PIRATE,1,SNOOP DOGG - DROP IT LIKE IT'S HOT,2
ALY,1,ALABAMA SHAKES - DON'T WANNA FIGHT,2
EVERGREEN,1,LAUREN MAYBERRY - SHAME,2
SORRY,1,TKAY MAIDZA - OUT OF LUCK,2
LUKE NOA,1,WE ARE SCIENTISTS - TURN IT UP,2
JEROME FARAH,1,WE ARE SCIENTISTS - PLEASE DON'T SAY IT,2
KAMOOS,1,BILBAO - BOTHER,2
GODDARD,1,BILBAO - HIP KIDS,2
2 CHAINZ,1,BILBAO - 2002,2
LIL WAYNE,1,JVKE - STRINGS,2
AMBER MARK,1,TELE - FIEBER,2
JASON POLLUX,1,K.FLAY - CARSICK,2
MOON MATES,1,K.FLAY - IN AMERICA,2
TELEVISION AGE,1,VINCE - LETZTER SOMMER,2
THE ANXIETY,1,ANTONIUS - LETZTER SOMMER,2
GENGAHR,1,ANTONIUS - LEICHT BESCHWIPST_DEMO2,2
MITSKI,1,ANTONIUS - SCHWEIGEN UNS AN_V3,2
PA SALIEU,1,ANTONIUS - FENSTERBANK,2
ALPHABEAT,1,ANTONIUS - HAUSNUMMER_16_V7,2
TRAVIS BARKER,1,ANTONIUS - ZWISCHEN ALLEM UND NICHTS,2
KHRUANGBIN,1,WOODKID - ANY LOVE OF ANY KIND,2
IDLES,1,WOODKID - IRON,2
AKA KELZZ,1,MOGLI - SWIM,2
BAS,1,LUNA MORGENSTERN - HEAD TO TOE,2
MIYA FOLICK,1,LUNA MORGENSTERN - SOS/STRANDED,2
SEINABO SEY,1,LUNA MORGENSTERN - MISS U,2
ST. LUCIA,1,LUNA MORGENSTERN - HEARTBREAK HOTEL,2
DAMONA,1,RY X - BERLIN,2
ELL MURPHY,1,PURITY RING - FINESHRINE,2
PI JA MA,1,PURITY RING - LOFTICRIES,2
YUNA,1,MAVI PHOENIX - TENNIS PRO,2
LAS KETCHUP,1,MAVI PHOENIX - GRASS AND THE SUN,2
THOMAS HEADON,1,RED HOT CHILI PEPPERS - BY THE WAY,2
TEMMIS,1,RED HOT CHILI PEPPERS - CAN'T STOP,2
PUSHA T,1,CARY - IMMER WEITER,2
ENRIQUE IGLESIAS,1,MUSE - HYSTERIA,2
ARTEMAS,1,MUSE - TIME IS RUNNING OUT,2
MILD MINDS,1,GABRIEL GIFFORD - DUST RISES,2
MARCUS MARR,1,HARVEY CAUSON - DUST RISES,2
LOONA,1,GENTLEMAN - SUPERIOR,2
BDRMM,1,GENTLEMAN - DEM GONE,2
SCHRAMM,1,RIKAS - JUDE BELLINGHAM,2
SONN,1,BANKS - BEGGIN FOR THREAD,2
PRESSYES,1,BANKS - BEST FRIENDS,2
AMAARAE,1,JAMIE WOON - NIGHT AIR,2
SNAIL MAIL,1,FRANK TURNER - RECOVERY,2
VYNK,1,TOKYO TEA ROOM - NOBODY'S PERFECT,2
SL,1,RAVEN ARTSON - HEAD TO TOE,2
CHIP,1,THE CHEMICAL BROTHERS - GALVANIZE,2
BRENDON URIE,1,MAC WETHA - FEAR OF FLYING,2
RACHEL CHINOURIRI,1,AMINÉ - FEAR OF FLYING,2
FRANK SINATRA,1,"SPORTFREUNDE STILLER - APPLAUS, APPLAUS",2
GEORGE FITZGERALD + LIL SILVA,1,SPORTFREUNDE STILLER - EIN KOMPLIMENT,2
BRUNO MARS,1,MULAY - HALF HUMAN HALF DRAGON,2
RAHEL,1,MULAY - TITANIC,2
JON BRYANT,1,MULAY - KILL THE LONELY,2
FABER,1,MULAY - SUNLIIGHT,2
DELUSION,1,SIA - GUTS OVER FEAR,2
SAMY DELUXE,1,THE HIVES - ENOUGH IS ENOUGH,2
LIL UZI VERT,1,THE HIVES - WALK IDIOT WALK,2
HENJILA,1,DRAKE - TUESDAY,2
CHARLIE HOUSTON,1,KEANE - SOMEWHERE ONLY WE KNOW,2
MAC DEMARCO,1,KEANE - EVERYBODY'S CHANGING,2
SURMA,1,SAMPHA - I'M ON YOUR TEAM,2
BLACK ZONE ENSEMBLE,1,SAMPHA - OCEAN STEPPIN',2
FEDERICO ALBANESE,1,SAMPHA - ONLY,2
SARA WATKINS,1,SAMPHA - TEMPORARY VIEW,2
REINEL BAKOLE,1,KETTCAR - IM TAXI WEINEN,2
CRAYON,1,KETTCAR - GRACELAND,2
GRACY HOPKINS,1,MICHAEL KIWANUKA - THE REST OF ME,2
MARSMOBIL,1,MICHAEL KIWANUKA - FLOATING PARADE,2
BELAU,1,RE6CE - TONGUETIED,2
SAYA NOÉ,1,LOVEJOY - PORTRAIT OF A BLANK STATE,2
MOOMIN,1,COLDPLAY - IN MY PLACE,2
EEE GEE,1,COLDPLAY - MAGIC,2
HARVEY SUTHERLAND,1,COLDPLAY - THE SCIENTIST,2
SEAROWS,1,COLDPLAY - CLOCKS,2
POPPY FUSÉE,1,COLDPLAY - MIDNIGHT,2
YOSTE,1,COLDPLAY - YELLOW,2
BJ THE CHICAGO KID,1,COLDPLAY - DON'T PANIC,2
BSÍ,1,BLOWSOM - LOVE! LOVE! LOVE!,2
ZIGGY ALBERTS,1,BLOWSOM - HOPE YOU'LL FIND OUT,2
IMPORT EXPORT,1,BLINK-182 - ALL THE SMALL THINGS,2
THE BUGGS,1,BLINK-182 - FIRST DATE,2
NI'JAH,1,BOSSE - SO ODER SO,2
KIRBY,1,BOSSE - WEIT WEG,2
BAND OF HORSES,1,VARLEY - HATE MYSELF,2
THE HOWL,1,ANNENMAYKANTEREIT - BARFUSS AM KLAVIER,2
THE HUM,1,ANNENMAYKANTEREIT - DU TUST MIR NIE MEHR WEH,2
SIR SLY,1,WIR SIND HELDEN - NUR EIN WORT,2
TAM,1,WIR SIND HELDEN - VON HIER AN BLIND,2
BAE.CON,1,WIR SIND HELDEN - KAPUTT,2
METALLICA,1,THE STREETS - FIT BUT YOU KNOW IT,2
DRUNKEN MASTERS,1,BLACK HONEY - LEMONADE,2
FILOUS,1,DRAMAS - NODAY,2
CHRISTINE,1,DRAMAS - AFK MODE,2
THE QUEENS,1,PIXEY - TAKE ME ON,2
ANOKI,1,WANDA - BUSSI BABY,2
GABRIEL BLACK,1,WANDA - LUZIA,2
SOFI DE LA TORRE,1,KINGS OF LEON - USE SOMEBODY,2
BÜLOW,1,KINGS OF LEON - THE BUCKET,2
NAIKE,1,KINGS OF LEON - PYRO,2
ADIA,1,LLUCID - FEEL GOOD,2
JESSE5K,1,ARLO PARKS - BLADES,2
BOY SODA,1,ARLO PARKS - JASMINE,2
FYFE,1,PHOENIX - TRYING TO BE COOL,2
ISKRA STRINGS,1,PHOENIX - 1901,2
DJ SCRATCH,1,PHOENIX - IF I EVER FEEL BETTER,2
EBONY BONES,1,PHOENIX - ENTERTAINMENT,2
ROBERT GLASPER,1,JACK GARRATT - BREATHE LIFE,2
21 SAVAGE,1,JACK GARRATT - THE LOVE YOU'RE GIVEN,2
METRO BOOMIN,1,JACK GARRATT - WORRY,2
DJ SEINFELD,1,NAO YOSHIOKA - NOBODY CHASE ME,2
LISS,1,TRETTMANN - IN DER NACHT,2
MANSIONAIR,1,TRETTMANN - FÜR DICH DA,2
JULIANNA TOWNSEND,1,TRETTMANN - WAR DAS SCHON ALLES,2
ANDREW HUANG,1,SELAH SUE - BLACK PART LOVE,2
LYRIC JONES,1,WILHELMINE - NÄCHSTEN SOMMER,2
VIC MENSA,1,WILHELMINE - PAULA,2
KYLA,1,PIP BLOM - GET BACK,2
LIBIANCA,1,BLUMENGARTEN - DAHEIM,2
EZRA COLLECTIVE,1,BLUMENGARTEN - NEUE WELT,2
M.ANIFEST,1,KASI - LEICHT BESCHWIPST_DEMO2,2
SAINT JHN,1,KASI - SCHWEIGEN UNS AN_V3,2
EIVØR,1,KASI - FENSTERBANK,2
ÁSGEIR,1,KASI - HAUSNUMMER_16_V7,2
LANA LUBANY,1,KASI - ZWISCHEN ALLEM UND NICHTS,2
BROKEN SOCIAL SCENE,1,KASI - MEIN HERZ SETZT AUS_V2,2
CLAIRE ROSINKRANZ,1,ROSALÍA - NEW WOMAN,2
BLVK JVCK,1,PARAMORE - MISERY BUSINESS,2
MIDDLE KIDS,1,BOMBAY BICYCLE CLUB - BETTER NOW,2
PARQUET COURTS,1,BOMBAY BICYCLE CLUB - LUNA,2
FEWS,1,BOMBAY BICYCLE CLUB - FANTASNEEZE,2
MUSTBEJOHN,1,BOMBAY BICYCLE CLUB - DIVING,2
ALLIGATOAH,1,RAE MORRIS - BETTER NOW,2
FRED DURST,1,OUTKAST - ROSES,2
UNKNOWN T,1,DIE ÄRZTE - JUNGE,2
BAD OMENS,1,DIE ÄRZTE - HIMMELBLAU,2
LAKE MALAWI,1,DIE ÄRZTE - DEINE SCHULD,2
VANJESS,1,MYKKET MORTON - BETTER OFF,2
KYLE DION,1,JAWNY - CONTROL,2
AILBHE REDDY,1,JAWNY - GRADE A,2
MAIA WRIGHT,1,LA ROUX - FEEDBACK,2
FOLAMOUR,1,LA ROUX - IN FOR THE KILL,2
L:LUCID,1,HONNE - COASTAL LOVE,2
NAROU WITH AT THE CRIB,1,BLOC PARTY - BANQUET,2
TTRRUUCES,1,BLOC PARTY - HIGH LIFE,2
SAN HOLO,1,POWFU - CINNAMON HEARTS,2
LIZA ANNE,1,POWFU - WELCOME TO MY WORLD,2
PAPER IDOL,1,DIE FANTASTISCHEN VIER - DER PICKNICKER,2
KELE,1,BECCA HATCH - BASS KEEPS CALLING,2
DORNIK,1,ILLUMINATI HOTTIES - WRECK MY LIFE,2
BARNEY ARTIST,1,CLUESO - KEIN BOCK ZU GEHEN,2
KORDZ,1,CLUESO - CHICAGO,2
KUOKO,1,CLUESO - PIZZASCHACHTELN,2
LET’S EAT GRANDMA,1,SYLVAN ESSO - H.S.K.T.,2
TRIBEZ,1,SYLVAN ESSO - PLAY IT RIGHT,2
J.LAMOTTA,1,SYLVAN ESSO - FERRIS WHEEL,2
KELELA,1,WOODES - EUPHORIA,2
TOSCA,1,LANA DEL REY - WEST COAST,2
OWEN,1,LANA DEL REY - BLUEBIRD,2
NNOA,1,LANA DEL REY - BORN TO DIE,2
JAZZANOVA,1,LANA DEL REY - SUMMERTIME SADNESS,2
EDWARD VANZET,1,ERROR - SIGNS,2
FRANCIS AND THE LIGHTS,1,MAXIMO PARK - BOOKS FROM BOXES,2
TALKING TO TURTLES,1,OK KID - VERSCHWENDE MICH,2
JAMIE ISAAC,1,CATT - MYSTERY,2
KESHAVARA,1,MIGUEL - SATURNINE,2
CALEXICO,1,PANTHA - BLEIB,2
SLOWDIVE,1,LYKKE LI - HIDING,2
LÙISA,1,JAMIE CULLUM - I'M ALL OVER IT,2
GUS DAPPERTON,1,FRAEN - STAY A LITTLE LONGER,2
MALTA MINA,1,FRAEN - I ALREADY KNEW,2
LEYLA BLUE,1,FRAEN - HIT'N'RUN,2
070 SHAKE,1,DOMINIK HARTZ - SOLANGE DAS NOCH GEHT,2
6LACK,1,DOMINIK HARTZ - DEDE DON DON DEDE DON DEDE DON,2
ELLIPHANT,1,DOMINIK HARTZ - ROHBETON,2
THE M MACHINE,1,THE LAST SHADOW PUPPETS - MY MISTAKES WERE MADE FOR YOU,2
MUNGO JERRY,1,THE LAST SHADOW PUPPETS - THE AGE OF THE UNDERSTATEMENT,2
ANTIHELD,1,EVAN KLAR - SPECIAL,2
JOE COCKER,1,EVAN KLAR - COWGURL,2
KATRINA,1,BBNO$ - SOPHISTICATED,2
THE WAVES,1,GORILLAZ - DARE,2
HILDEGARD KNEF,1,GORILLAZ - THE VALLEY OF THE PAGANS,2
$UICIDEBOY$,1,SHAUN RYDER - DARE,2
AMADOU,1,SHELTER BOY - MESSED UP KIDS,2
MARIAM,1,SHELTER BOY - GROWING PAINS,2
KAROL G,1,CIRCA WAVES - STUCK IN MY TEETH,2
TV GIRL,1,CIRCA WAVES - DO YOU WANNA TALK,2
DEVO,1,ARCADE FIRE - THE SUBURBS,2
LALOBA,1,ARCADE FIRE - MONTH OF MAY,2
DJ JAZZY JEFF,1,ARCADE FIRE - REBELLION,2
THE FRESH PRINCE,1,REGINA SPEKTOR - FIDELITY,2
ALEX MAYR,1,BRYE - DIET CULTURE,2
BRYAN ADAMS,1,"THE RACONTEURS - STEADY, AS SHE GOES",2
BARRY CAN'T SWIM,1,BLOND - ICH SAGE JA,2
RIN,1,BEATSTEAKS - I DON'T CARE AS LONG AS YOU SING,2
MIKSU,1,BEATSTEAKS - LET ME IN,2
MACLOUD,1,OEHL - BIN NOCH WACH...WO BIST DU?,2
TIM TAUTORAT,1,PETER FOX - SCHWARZ ZU BLAU,2
MURA MASA FT. A$AP ROCKY,1,FETTES BROT - THE GROSSER,2
GOLDEN VESSEL,1,ELLIE GOULDING - UNDER THE SHEETS,2
KENNEDI,1,DESTINY'S CHILD - SURVIVOR,2
EMELI SANDÉ,1,SG LEWIS - HEAT,2
JOSH,1,GRIZZLY BEAR - YET AGAIN,2
ERTHLINGS,1,JULIE KUHL - CLOUDS OF GRIEF,2
DIVES,1,01099 - IN DER NACHT,2
KAREEM KALOKOH,1,01099 - PISTAZIENEIS,2
CATFISH,1,01099 - HAARE TROCKNEN,2
THE BOTTLEMEN,1,TIGERMILCH - SCHRITT FÜR SCHRITT,2
SAM SPARRO,1,LILY ALLEN - SMILE,2
SATARII,1,JULI - DIESES LEBEN,2
LIL NAS X,1,JULI - GEILE ZEIT,2
PRESS CLUB,1,JULI - ELEKTRISCHES GEFÜHL,2
MISHA,1,SEEED - MUSIC MONKS,2
JORDAN ASTRA,1,EASY EASY - VERDIENT,2
KAPOK,1,EMPIRE OF THE SUN - ALIVE,2
COLD SPECKS,1,EMPIRE OF THE SUN - THE SPINS,2
HONNY,1,APSILON - KOFFER,2
ELLE VALENCI,1,CASSIA - HEAT,2
CHRIS JAMES,1,CASSIA - CIRCULAR MOTION,2
DOM MCALLISTER,1,CASSIA - HIGH TONES,2
VIOLA BEACH,1,TOM MISCH - COLOURBLIND,2
DIZZY,1,ROYAL BLOOD - PULL ME THROUGH,2
IDK,1,ROYAL BLOOD - LITTLE MONSTER,2
2RAUMWOHNUNG,1,ROYAL BLOOD - FIGURE IT OUT,2
GRIFF,1,ROYAL BLOOD - SHINER IN THE DARK,2
JONATHAN JEREMIAH,1,CLAIRE - THE NEXT ONES TO COME,2
TIM AYRE,1,CAESARS - JERK IT OUT,2
DARJEELING,1,RÖYKSOPP - MONUMENT,2
JAMILA WOODS,1,RÖYKSOPP - DO IT AGAIN,2
BONZAI,1,DIE NERVEN - BARFUSS DURCH DIE SCHERBEN,2
RUM FOR BREAKFAST,1,BLONDSHELL - WHAT'S FAIR,2
MY IDEA,1,"DISCLOSURE - SHE'S GONE, DANCE ON",2
ROBBIE MILLER,1,DISCLOSURE - NO CAP,2
GRETA STANLEY,1,PINKPANTHERESS - STATESIDE,2
LERICHE,1,PINKPANTHERESS - MOSQUITO,2
PANAMA,1,PINKPANTHERESS - TURN IT UP,2
BILLY VENA,1,163MARGS - LONDON'S CALLING,2
JETTA,1,ELIZA ROSE - BETTER LOVE,2
YOUNG THE GIANT,1,RAY LOZANO - CAN'T LOVE,2
CHAMPYONS,1,CLAUD - WET,2
ELA MINUS,1,CLAUD - SET THE TABLE,2
STEFAN RAAB,1,PAULA - VON GUTEN ELTERN,2
MERCI MERCY,1,PAULA - ALS ES PASSIERTE,2
STEAL A TAXI,1,OUSE - CINNAMON HEARTS,2
PURPLE ZIPPERS,1,OUSE - WELCOME TO MY WORLD,2
SAM GELLAITRY,1,PROVINZ - ICH GLAUB ICH WILL HEUT NICHT MEHR GEHEN,2
PINK SWEAT$,1,MANDO DIAO - DOWN IN THE PAST,2
THE FRANKLIN ELECTRIC,1,ERIKA DE CASIER - DELUSIONAL,2
GUILTYBEATZ,1,DEXTER - STAY A LITTLE LONGER,2
GAIDAA,1,GREEDO - STAY A LITTLE LONGER,2
KURTIS WELLS,1,DEICHKIND - LECKO MIO,2
TINPAN ORANGE,1,PAULA CAROLINA - KEIN BOCK,2
GASPAR NARBY,1,PAULA CAROLINA - SCHLALALAFEN,2
JOJI,1,MOA - AUGEN ZU,2
TIGA,1,CIGARETTES AFTER SEX - TEJANO BLUE,2
PARTYNEXTDOOR,1,CIGARETTES AFTER SEX - BABY BLUE MOVIE,2
GARETH DONKIN,1,CASPER - EMMA,2
APPARAT,1,"CASPER - FALSCHE ZEIT, FALSCHER ORT",2
SON LUX,1,CASPER - SO PERFEKT,2
KIAH VICTORIA,1,CASPER - SOWAS VON DA,2
HIATUS KAIYOTE,1,KLEE - ERINNER DICH,2
OMAR APOLLO,1,TRÄNEN - ES IST NICHT WIE ES AUSSIEHT,2
ELUJAY,1,MUMFORD - LITTLE LION MAN,2
PORCHES,1,MUMFORD - I WILL WAIT,2
ED PROSEK,1,MUMFORD - THE CAVE,2
RAY NOVACANE,1,SONS - LITTLE LION MAN,2
SOPHIE MEIERS,1,SONS - I WILL WAIT,2
LEVEN KALI,1,SONS - THE CAVE,2
SYD,1,M83 - REUNION,2
BONAPARTE,1,BALTHAZAR - DO NOT CLAIM THEM ANYMORE,2
RUBY,1,BALTHAZAR - THEN WHAT,2
HAZEL,1,BALTHAZAR - LOSERS,2
STINA HOLMQUIST,1,JAPANESE BREAKFAST - ORLANDO IN LOVE,2
VICTOR SOLF,1,LITTLE DRAGON - SLUGS OF LOVE,2
ZEFIRE,1,LITTLE DRAGON - TUMBLING DICE,2
TOMMY NEWPORT,1,TOKIO HOTEL - DURCH DEN MONSUN,2
GEORGE THE POET AND MAVERICK SABRE,1,LIZZO - STILL BAD,2
VILLAGERS,1,LOYLE CARNER - COLOURBLIND,2
ANNA HAUSS,1,VENBEE - THIS ONE'S DIFFERENT,2
YUNO,1,KENDRICK LAMAR - LUTHER,2
WESLEY JOSEPH,1,ALICE PHOEBE LOU - THE WORLD ABOVE,2
KAH-LO,1,ALICE PHOEBE LOU - PRETENDER,2
KAINALU,1,ALICE PHOEBE LOU - LOSE MY HEAD,2
DRENS,1,ALICE PHOEBE LOU - THE SURFACE,2
WIKI,1,MAKOLA - THIS IS LONDON,2
KAMASI WASHINGTON EVERYTHING IS RECORDED,1,BLU DETIGER - CUT ME DOWN,2
BAD BUNNY,1,BULLY - CHANGE YOUR MIND,2
KATY J PEARSON,1,THE TING TINGS - SHUT UP AND LET ME GO,2
CHILDCARE,1,THE TING TINGS - THAT'S NOT MY NAME,2
DIDO,1,POWFU FT. CODY LAWLESS - WALK ON WINE,2
LISER,1,MILKSHAKES IN THE VALLEY - WALK ON WINE,2
LANIKAI,1,FUTUREBAE - LMAA,2
VIJI,1,BEIRUT - NO NO NO,2
NINJA KIDSOUL,1,KAWALA - CIRCULAR MOTION,2
MIA WRAY,1,THE ASTEROIDS GALAXY TOUR - HEART ATTACK,2
LOW HUMMER,1,JAMIE T - SHEILA,2
SOFTEE,1,MY UGLY CLEMENTINE - WOULD DO IT AGAIN,2
HORST WEGENER,1,MY UGLY CLEMENTINE - FEET UP,2
HALLER,1,KING KRULE - EASY EASY,2
COSMO'S MIDNIGHT,1,CAPITAL CITIES - SAFE AND SOUND,2
KAI,1,FLORENCE + THE MACHINE - WHAT KIND OF MAN,2
ELI PREISS,1,FLORENCE + THE MACHINE - DOG DAYS ARE OVER,2
HEARTWORMS,1,FLORENCE + THE MACHINE - RABBIT HEART,2
LOUS AND THE YAKUZA,1,FLORENCE + THE MACHINE - YOU'VE GOT THE LOVE,2
JJ,1,K-OS - CRABBUCKIT,2
MIKE NASA,1,AYO - DOWN ON MY KNEES,2
JOYCE WRICE,1,COACH PARTY - JULY,2
MOMMA,1,ST. VINCENT - DIGITAL WITNESS,2
STANOVSKY,1,ST. VINCENT - CRUEL,2
TÓKE,1,MINE - BAUM,2
LONGUS MONGUS,1,MINE - NICHTS IST UMSONST,2
HISTORY OF SUGAR,1,MINE - ELEFANT,2
IVY SOLE,1,MINE - UNFALL,2
FRUM,1,AURORA - RUNNING WITH THE WOLVES,2
MASKED WOLF,1,AURORA - SOME TYPE OF SKIN,2
ANNE SUU,1,BRYCE DESSNER - ANY LOVE OF ANY KIND,2
MÅNESKIN,1,JOHNNY KULO - I ALREADY KNEW,2
ISLAND,1,MAECKES - SWIMMINGPOOLAUGEN,2
MIRADOR,1,LNA - DOUBLE-CHECK,2
HARRY DEAN LEWIS,1,LNA - CAR,2
JOE TRAXLER,1,LNA - WANT WANT,2
NEON NEET,1,JISKA - DOUBLE-CHECK,2
FIRST AID KIT,1,FRANC MOODY - DAYDREAMING,2
ISLAND FOX,1,OLIVIA DEAN - TOUCHING TOES,2
MOSS KENA,1,NOTHING BUT THIEVES - OH NO :: HE SAID WHAT?,2
YUNG GRAVY,1,AYELLE - TITANIC,2
WE INVENTED PARIS,1,MADSEN - DU SCHREIBST GESCHICHTE,2
MARO,1,MATILDA MANN - FANTASNEEZE,2
MAVERICK SABRE,1,KLLO - AFFECTION,2
ELENA STERI,1,YUNGBLUD - HATED,2
TUVABAND,1,KAYTRANADA - LOVER/FRIEND,2
AGES AND AGES,1,EDITORS - MUNICH,2
LLUSION,1,BOYWITHUKE - TOXIC,2
DENNIS LLOYD,1,BILLY TALENT - SURRENDER,2
ROSA LEE LUNA,1,BILLY TALENT - FALLEN LEAVES,2
BROTHERS OF SANTA CLAUS,1,BILLY TALENT - RED FLAG,2
FRANKIE COSMOS,1,"SOLOMUN - FEELS LIKE A JUNGLE, PT. 1",2
WILLIAM FITZSIMMONS,1,ALBIN LEE MELDAU - I NEED YOUR LOVE,2
SCOTCH,1,MS MR - CRIMINALS,2
WATER,1,FAZERDAZE - SOFT POWER,2
DANGER DAN,1,FAZERDAZE - A THOUSAND YEARS,2
LAMBCHOP,1,"ED SHEERAN - YOU NEED ME, I DON'T NEED YOU",2
ORBIT,1,ED SHEERAN - I SEE FIRE,2
MILES BONY,1,ED SHEERAN - A LITTLE MORE,2
WOODEN PEAK,1,SWITCHOTR - MORE THAN THAT,2
CHARLOTTE BRANDI,1,EVERYTHING EVERYTHING - THE END OF THE CONTENDER,2
THE UNDERCOVER DREAM LOVERS WITH DEADMEN,1,EVERYTHING EVERYTHING - DISTANT PAST,2
KOMMODE,1,EVERYTHING EVERYTHING - COLD REACTOR,2
EMMA BALE,1,EVERYTHING EVERYTHING - REGRET,2
ELDERBROOK,1,IN THE VALLEY BELOW - PEACHES,2
MATIJA,1,IN THE VALLEY BELOW - NEVERMINDERS,2
AZEKEL,1,ALT-J - FITZPLEASURE,2
JADA KINGDOM,1,LIE NING - GOOD GOOD,2
OSCAR LANG,1,PASSION PIT - LITTLE SECRETS,2
KÖLSCH,1,OSKA - THE FINAL STRAW,2
WILEY,1,BROODS - BRIDGES,2
STEFFLON DON,1,TEGAN AND SARA - WALKING WITH A GHOST,2
BOU,1,PLACEBO - TOO MANY FRIENDS,2
GENE,1,FREEKIND - CARRY YOU,2
,,BEN HOWARD - KEEP YOUR HEAD UP,2
,,BEN HOWARD - THE FEAR,2
,,OH WONDER - DRIVE,2
,,KARIN ANN - I DON'T BELIEVE IN GOD,2
,,MAYBERG - HILFERUF,2
,,MAYBERG - DER NEUE STIL MEINER GENERATION,2
,,PVRIS - EVERGREEN,2
,,GIGI PEREZ - SAILOR SONG,2
,,JESHI - SAINT OR SINNER,2
,,FONTAINES D.C - STARBURSTER,2
,,FONTAINES D.C - BUG,2
,,IAN O'BRIEN-DOCKER - TOTALLY ALRIGHT,2
,,UNKNOWN MORTAL ORCHESTRA - THAT LIFE,2
,,VYKA - DIGITAL WARS,2
,,GOOD CHARLOTTE - LIFESTYLES OF THE RICH & FAMOUS,2
,,BABY TATE - FEEDBACK,2
,,M.I.A - BAD GIRLS,2
,,THE NATIONAL - FAKE EMPIRE,2
,,TRISTAN BRUSCH - DU WARTEST,2
,,THE NEIGHBOURHOOD - SWEATER WEATHER,2
,,ARXX - LIKE HELL,2
,,ROMY - I'M ON YOUR TEAM,2
,,TWENTY ONE PILOTS - THE CONTRACT,2
,,ARKELLS - LEATHER JACKET,2
,,BAC - ALLES SCHON GESEHEN,2
,,VACATIONS - SLOW MOTION,2
,,LISA - NEW WOMAN,2
,,THE KILLERS - WHEN YOU WERE YOUNG,2
,,WARPAINT - LOVE IS TO DIE,2
,,NIA ARCHIVES - CROWDED ROOMZ,2
,,LOKØY - BOTH EYES,2
,,SAFARIO - BOTH EYES,2
,,AZE - SNEAKY LINK,2
,,FUFFIFUFZICH - FEEL ZU SPÄT,2
,,FUFFIFUFZICH - ICH LIEBE DICH EVTL FÜR IMMER,2
,,NOSOYO - FEEL THE SAME,2
,,SUPERSHY - KEEP IT RISING,2
,,YARD ACT - WE MAKE HITS,2
,,TEMS - ME & U,2
,,ACTION BRONSON - ACTIN CRAZY,2
,,ACTION BRONSON - BABY BLUE,2
,,ODEAL - YOU'RE STUCK,2
,,SYML - CAREFUL,2
,,SYML - BASEMENT BEDS,2
,,ELIS NOA - SEITDEM DU SAGST ES IST VORBEI,2
,,WHITNEY - DARLING,2
,,ELECTRIC YOUTH - ARAWA,2
,,LEVIN LIAM - FÜR DICH DA,2
,,FOSTER THE PEOPLE - PUMPED UP KICKS,2
,,UKIYO - CTRL ALT DELETE,2
,,ŪLA - CTRL ALT DELETE,2
,,JUPITER JONES - RENNEN + STOLPERN,2
,,AZEALIA BANKS - 212,2
,,LAZY JAY - 212,2
,,DOMINIC FIKE - SUNBURN,2
,,DOMINIC FIKE - ANT PILE,2
,,LAURA LEE - TOUGH LOVE PARADIGM,2
,,THE JETTES - TOUGH LOVE PARADIGM,2
,,JOHN GLACIER - OCEAN STEPPIN',2
,,CHANCE THE RAPPER - BABY BLUE,2
,,RENEÉ RAPP - NOT MY FAULT,2
,,MEGAN THEE STALLION - NOT MY FAULT,2
,,THE WHITE STRIPES - HARDEST BUTTON TO BUTTON,2
,,MARTERIA - SO PERFEKT,2
,,MARTERIA - KIDS,2
,,MARTERIA - ENDBOSS,2
,,LEILA - LOVE THE GAME,2
,,I LOVE MAKONNEN - TUESDAY,2
,,MARIA BASEL - DEEPER THAN YOU KNOW,2
,,VIRGINIA JETZT! - DAS GANZ NORMALE LEBEN,2
,,SUNSICK - BURNT FEET,2
,,JOSÉ GONZALEZ - HEARTBEATS,2
,,TROPICS - RAPTURE,2
,,SUGABABES - ABOUT YOU NOW,2
,,KOSHEEN - CATCH,2
,,SNØW - WELCOME TO MY WORLD,2
,,TOVE LO - HEAT,2
,,MAYA JANE COLES - MONDAY MOOD,2
,,ERICSON - HAUSNUMMER_16_V7,2
,,THE XX - CRYSTALIZED,2
,,FRISKA VILJOR - ARPEGGIO,2
,,LIME CORDIALE - IMPOSTER SYNDROME,2
,,DEKKER - I WON'T,2
,,DEE HOLT - FELL IN LOVE AT SCHOOL,2
,,TAI VERDES - SUNSET,2
,,GRENTPEREZ - ROOM FOR YOU,2
,,HUND - GEH NACH HAUSE,2
,,KOBRAKASINO - GEH NACH HAUSE,2
,,"GET WELL SOON - ROLAND, I FEEL YOU",2
,,LISL - A LITTLE LOST,2
,,OLIVIA RODRIGO - BAD IDEA RIGHT?,2
,,SIMPLE PLAN - WHEN I'M GONE,2
,,SIMPLE PLAN - WELCOME TO MY LIFE,2
,,HONEYMOAN - SHOW YOU OFF,2
,,BEN BÖHMER - HIDING,2
,,KYNSY - ELEPHANT IN THE ROOM,2
,,WHOISWELANSKI - WAS ICH HÖREN WILL,2
,,FELUKAH - DANGER,2
,,CRYSTAL FIGHTERS - MANIFEST,2
,,CRYSTAL FIGHTERS - AT HOME,2
,,HOLLY HUMBERSTONE - DIVING,2
,,BLOOM TWINS - PRETTY IN PINK,2
,,SOPHIE ELLIS-BEXTOR - GROOVEJET - IF THIS AIN'T LOVE,2
,,INJI - BELLYDANCING,2
,,CAROLINE POLACHEK BLOOD ORANGE - THE FIELD,2
,,THE DURUTTI COLUMN - THE FIELD,2
,,DANIE TARIQ AL-SABIR - THE FIELD,2
,,UFFIE - POP THE GLOCK,2
,,MOLLY MOORE - BATMAN & ROBIN,2
,,NAND - 22 UHR,2
,,THE RAVEONETTES - ATTACK OF THE GHOST RIDERS,2
,,BOYGENIUS - NOT STRONG ENOUGH,2
,,SPILLER - GROOVEJET - IF THIS AIN'T LOVE,2
,,CATFISH AND THE BOTTLEMEN - KATHLEEN,2
,,MAX - STRINGS,2
,,BAZZI - STRINGS,2
,,JOY ANONYMOUS - JOY OVERCOME,2
,,PATRICE - SOUL STORM,2
,,SAY LOU LOU - NOTHING BUT A HEARTBEAT,2
,,HOLOW - CHEMICALS,2
,,MAX GREEN - CHEMICALS,2
,,DILLON - THIRTEEN THIRTYFIVE,2
,,BLEACHERS - TINY MOVES,2
,,SUMMER WALKER - YOU'RE STUCK,2
,,TENTENDO - FIND MY WAY,2
,,ANNALISA FERNANDEZ - FIND MY WAY,2
,,JUPITER FLYNN - ANOTHER SAD SONG,2
,,JUPITER FLYNN - MONSTERS & MEN,2
,,JUPITER FLYNN - MISUNDERSTANDING,2
,,DEVIN MORRISON - NOBODY CHASE ME,2
,,THE SNUTS - DREAMS,2
,,HALF MOON RUN - FULL CIRCLE,2
,,FALL OUT BOY - THNKS FR TH MMRS,2
,,ANDERSON. PAAK - NO CAP,2
,,BEA AND HER BUSINESS - RICH,2
,,BRANKO AND JAY PRINCE - SLIDE,2
,,SALOMEA - TWIRL UP,2
,,THE HOOSIERS - WORRIED ABOUT RAY,2
,,MXMTOON - QUEEN,2
,,TIAVO - IMMER SOMMER,2
,,FYE - PEACHES,2
,,FENNEK - PEACHES,2
,,PERRIN - THE HILLS,2
,,JEAN CASTEL - ISN'T IT SOMETHING,2
,,ROCHELLE JORDAN - LOVER/FRIEND,2
,,WILLOW PARLO - 2002,2
,,WILLOW PARLO - MY FATHER'S EYES,2
,,WILLOW PARLO - CAN'T GET ENOUGH,2
,,MY CHEMICAL ROMANCE - HELENA,2
,,MY CHEMICAL ROMANCE - TEENAGERS,2
,,THE FRATELLIS - CHELSEA DAGGER,2
,,WHITE LIES - TO LOSE MY LIFE,2
,,UCHE YARA - GOLDEN DAYS,2
,,UCHE YARA - SOPHIE,2
,,MIA MORGAN - MITTEN IN DEN MASSEN,2
,,THE REGRETTES - DUMMY,2
,,YUNG BAE - TOO COOL TO FEEL THIS LONELY,2
,,FELLY - TOO COOL TO FEEL THIS LONELY,2
,,KHARY - TOO COOL TO FEEL THIS LONELY,2
,,LOUANE - IN THE BUSINESS,2
,,SUKI WATERHOUSE - OMG,2
,,SAINTÉ - SAINT OR SINNER,2
,,"CHLOE QISHA - SEX, DRUGS & EXISTENTIAL DREAD",2
,,PAOLO CONTE - VIA CON ME,2
,,PALE WAVES - GLASGOW,2
,,PACO - BODY SHOP.,2
,,ZAZ - LES PASSANTS,2
,,POLAR NOIR - IS IT OVER NOW?,2
,,KLEERUP - WITH EVERY HEARTBEAT,2
,,AUDREY NUNA - TOP AGAIN,2
,,ALLIE X - GALINA,2
,,PUP - WRECK MY LIFE,2
,,ELBOW - GROUNDS FOR DIVORCE,2
,,KATHA PAUER - SO BIN ICH HALT / BLABLABLA,2
,,SOAK - JUST STAND THERE,2
,,LUKE SITAL-SINGH - NOTHING STAYS THE SAME,2
,,AMI WARNING - BIN NOCH WACH...WO BIST DU?,2
,,JENNY WILSON - LET MY SHOES LEAD ME FORWARD,2
,,MUROKI - LOVE COCOON,2
,,RITT MOMNEY - SET THE TABLE,2
,,NOONZY - WHERE/WHEN,2
,,LYN LAPID - ROOM FOR YOU,2
,,FREUNDESKREIS - MIT DIR,2
,,JOY DENALANE - MIT DIR,2
,,LIGHTS ARKELLS - HUMAN BEING,2
,,TELQUIST - TRASH TALK,1
,,TELQUIST - MOJO,1
,,TELQUIST - BLISS,1
,,BENEE - ALL EYES ON ME,1
,,BENEE - DON'T LET ME DOWN,1
,,BENEE - DOESN'T MATTER,1
,,49TH - UP TO SOMETHING,1
,,MAIN - UP TO SOMETHING,1
,,WIZTHEMC - YOUR SONG,1
,,JORDAN RAKEI - ROLLING INTO ONE,1
,,JORDAN RAKEI - SHADOWS,1
,,JORDAN RAKEI - SAY SOMETHING,1
,,JORDAN RAKEI - WILDFIRE,1
,,JORDAN RAKEI - OTTOLENGHI,1
,,JORDAN RAKEI - SORCERESS,1
,,DILLA - TEEN,1
,,DILLA - STAR,1
,,MISO EXTRA - DONE.,1
,,COURTING - AFTER YOU,1
,,COURTING - JUMPER,1
,,LISSA - SKODA,1
,,LISSA - MORE & MORE,1
,,MOGLII - MONDLICHT,1
,,MOGLII - WHIITE OWL,1
,,MOGLII - SKODA,1
,,MOGLII - NOW OR NEVER,1
,,MOGLII - BEST OF ME,1
,,MOGLII - MORE & MORE,1
,,MOGLII - BLOOM,1
,,WINSTON SURFSHIRT - FOR THE RECORD,1
,,WINSTON SURFSHIRT - THERE'S ONLY ONE,1
,,ROOSEVELT - ON MY MIND,1
,,ROOSEVELT - SIGN,1
,,ROOSEVELT - LOVERS,1
,,ROOSEVELT - FEVER,1
,,OSCAR AND THE WOLF - WARRIOR,1
,,REMI WOLF - LIQUOR STORE,1
,,REMI WOLF - HELLO HELLO HELLO,1
,,REMI WOLF - STREET YOU LIVE ON,1
,,REMI WOLF - DISCO MAN,1
,,REMI WOLF - FIRED,1
,,UPSAHL - SCREAM,1
,,UPSAHL - KICKFLIP,1
,,UPSAHL - MELATONIN,1
,,UPSAHL - SICK PRETTY MIND,1
,,UPSAHL - THRIVING,1
,,MARK RONSON - UPTOWN FUNK,1
,,RAYE - BORN AGAIN,1
,,RAYE - THE WEEKEND,1
,,AITCH - RAVING IN THE STUDIO,1
,,BAD SOUNDS - EVIL POWERS,1
,,KAE TEMPEST - DON’T FALL IN,1
,,ANNA OF THE NORTH - SWIRL,1
,,WARHAUS - POPCORN,1
,,WARHAUS - DESIRE,1
,,HAIM - THE WIRE,1
,,SHURA - ELEVATOR GIRL,1
,,WOLF ALICE - GIANT PEACH,1
,,WOLF ALICE - BROS,1
,,WOLF ALICE - BREAD BUTTER TEA SUGAR,1
,,WOLF ALICE - JUST TWO GIRLS,1
,,NEUFUNDLAND - DISTELN,1
,,NEUFUNDLAND - VINO,1
,,NEUFUNDLAND - MÄNNLICH BLASS HETERO,1
,,NEUFUNDLAND - ALLES WAS BLEIBT,1
,,NEUFUNDLAND - LIEBE,1
,,NEUFUNDLAND - ALLES LÜGE,1
,,SHARKTANK - MUD,1
,,SHARKTANK - BLADE ON ME,1
,,C'EST KARMA - COFFEE,1
,,C'EST KARMA - BUBBLEGUM,1
,,C'EST KARMA - POOL PARTY,1
,,C'EST KARMA - HEARTS ON WINDOWS,1
,,C'EST KARMA - NO WORDS LEFT,1
,,WET LEG - C’EST COMME ÇA,1
,,PRINCESS NOKIA - DIVA,1
,,PRINCESS NOKIA - GET PAID,1
,,NOGA EREZ - WATCH THE NEWS,1
,,NOGA EREZ - STORY,1
,,THE KOOKS - KIDS,1
,,GIANT ROOKS - WILD STARE,1
,,GIANT ROOKS - WHAT I KNOW IS ALL QUICKSAND,1
,,GIANT ROOKS - TOM'S DINER,1
,,GIANT ROOKS - ALL WE ARE,1
,,GIANT ROOKS - 100MG,1
,,GIANT ROOKS - HEAT UP,1
,,TOVE STYRKE - ON THE LOW,1
,,DIE HÖCHSTE EISENBAHN - WAS MACHST DU DANN,1
,,DAÐI FREYR - I'M FINE,1
,,DAÐI FREYR - SABADA,1
,,BON IVER - 8,1
,,BON IVER - NAEEM,1
,,BON IVER - IF ONLY I COULD WAIT,1
,,BON IVER - WALK HOME,1
,,"BON IVER - HEY, MA",1
,,"BON IVER - 33 ""GOD""",1
,,ADEKUNLE GOLD - ANTIDOTE,1
,,PANDA LUX - BAR FRANCA,1
,,PANDA LUX - KARAMBOLAGE,1
,,PANDA LUX - THERAPIE,1
,,PANDA LUX - STAUB,1
,,PANDA LUX - FREUNDE SEIN,1
,,JUNGLE - KEEP MOVING,1
,,JUNGLE - ROMEO,1
,,SPARKLING - NOT THE RIGHT PLACE,1
,,SPARKLING - CHAMPAGNE,1
,,SPARKLING - WE DON'T WANT IT,1
,,SPARKLING - THE SAME AGAIN,1
,,SPARKLING - C'EST MA VIE,1
,,DIGITALISM - 2 HEARTS,1
,,DIGITALISM - HOLOGRAMS,1
,,GRIMES - PYNK,1
,,G FLIP - YOU & I,1
,,G FLIP - GAY 4 ME,1
,,G FLIP - SCREAM,1
,,G FLIP - KILLING MY TIME,1
,,G FLIP - ABOUT YOU,1
,,G FLIP - NOT EVEN IN VEGAS,1
,,G FLIP - I AM NOT AFRAID,1
,,G FLIP - HYPERFINE,1
,,G FLIP - DRINK TOO MUCH,1
,,G FLIP - WAITING GAME,1
,,NINA CHUBA - HOOKMB: NINA CHUBA - 80QM,1
,,NINA CHUBA - 80QM,1
,,NINA CHUBA - MANGOS MIT CHILI,1
,,NINA CHUBA - FÜHLST DU GAR NICHTS?,1
,,SOHN - CONRAD,1
,,SOHN - THE CHASE,1
,,SOHN - SIGNAL,1
,,SOHN - HARD LIQUOR,1
,,OBONGJAYAR - FLOOD,1
,,JADE BIRD - YOU'VE FALLEN IN LOVE AGAIN,1
,,SAM FENDER - FRIDAY FIGHTING,1
,,SAM FENDER - DEAD BOYS,1
,,SAM FENDER - THAT SOUND,1
,,SIGRID - HOOK: SIGRID - DON'T KILL MY VIBE,1
,,KAKKMADDAFAKKA - YOUNG YOU,1
,,KAKKMADDAFAKKA - NEIGHBOURHOOD,1
,,KAKKMADDAFAKKA - SIN,1
,,KAKKMADDAFAKKA - NAKED BLUE,1
,,DRANGSAL - MEIN MONUMENT,1
,,DRANGSAL - LOVE ME OR LEAVE ME ALONE,1
,,DRANGSAL - LIFE IS A KILLER,1
,,DRANGSAL - MAGST DU MICH,1
,,DRANGSAL - WILL ICH NUR DICH,1
,,SOPHIA BLENDA - MEIN MONUMENT,1
,,BLOSSOMS - CHARLEMAGNE,1
,,BLOSSOMS - THE KEEPER,1
,,BLOSSOMS - YOUR GIRLFRIEND,1
,,SZA - KILL BILL,1
,,SZA - PERSUASIVE,1
,,LOUPE - 21,1
,,LOUPE - FOREST OF OUR MEMORIES,1
,,MASTER PEACE - BRUSSELS,1
,,MASTER PEACE - I MIGHT BE FAKE,1
,,MASTER PEACE - VERONICA,1
,,AU - STAY HAPPY,1
,,AU - IDEAS,1
,,AU - ASSASSIN,1
,,AU - PLZ DON'T WASTE MY YOUTH,1
,,AU - NICE TO MEET ME,1
,,AU - SCREW FEELINGS,1
,,AU - DANCE IN THE DARK,1
,,RA - STAY HAPPY,1
,,RA - IDEAS,1
,,RA - ASSASSIN,1
,,RA - PLZ DON'T WASTE MY YOUTH,1
,,RA - NICE TO MEET ME,1
,,RA - SCREW FEELINGS,1
,,RA - DANCE IN THE DARK,1
,,ALLI NEUMANN - BLUE,1
,,ALLI NEUMANN - BERLIN NIGHTLIFE,1
,,ALLI NEUMANN - PRIMETIME,1
,,ROYEL OTIS - GOOD TIMES,1
,,ROYEL OTIS - IF OUR LOVE IS DEAD,1
,,ROYEL OTIS - I HATE THIS TUNE,1
,,ROYEL OTIS - WHO'S YOUR BOYFRIEND,1
,,ALUNAGEORGE - TOGETHER,1
,,FOO FIGHTERS - BEST OF YOU,1
,,FOO FIGHTERS - TIMES LIKE THESE,1
,,FOO FIGHTERS - MY HERO,1
,,FOO FIGHTERS - WHEELS,1
,,PHILINE SONNY - SHAME,1
,,PHILINE SONNY - SAME LIGHT,1
,,ZIMMER90 - WHAT A LIFE,1
,,LORDE - TENNIS COURT,1
,,SUDAN ARCHIVES - HOME MAKER,1
,,SHAME - SPARTAK,1
,,NELLY FURTADO - TURN OFF THE LIGHT,1
,,MØ - NOSTALGIA,1
,,CLAIRO - BAGS,1
,,FUCK ART LET'S DANCE! - VICIOUS CIRCLE,1
,,FUCK ART LET'S DANCE! - FORWARD! FUTURE!,1
,,FUCK ART LET'S DANCE! - MENTHOL,1
,,JAMES HERSEY - FAKE LOVE,1
,,PAULWETZ - TRÄUMER,1
,,DOLORES FOREVER - CONCRETE,1
,,DOLORES FOREVER - NOT NOW KIDS,1
,,THE BLACK KEYS - LITTLE BLACK SUBMARINES,1
,,BIFFY CLYRO - BLACK CHANDELIER,1
,,BIFFY CLYRO - WHO'S GOT A MATCH,1
,,EDWIN ROSEN - 21 NÄCHTE WACH,1
,,EDWIN ROSEN - KONTROLLVERLUST,1
,,LITTLE SIMZ - FREE,1
,,LITTLE SIMZ - GORILLA,1
,,"LITTLE SIMZ - HELLO, HI",1
,,LITTLE SIMZ - YOU SHOULD CALL MUM,1
,,LITTLE SIMZ - SELFISH,1
,,LITTLE SIMZ - PINK YOUTH,1
,,LITTLE SIMZ - I LOVE YOU I HATE YOU,1
,,LITTLE SIMZ - LITTLE Q PART 2,1
,,LITTLE SIMZ - WOMAN,1
,,LITTLE SIMZ - FLOOD,1
,,JORJA SMITH - BLUE LIGHTS,1
,,JORJA SMITH - THE WAY I LOVE YOU,1
,,JORJA SMITH - LAVENDER & RED ROSES,1
,,JORJA SMITH - LET ME DOWN,1
,,JORJA SMITH - COME OVER,1
,,JORJA SMITH - IN THE NIGHT,1
,,JORJA SMITH - ADDICTED,1
,,JORJA SMITH - LITTLE THINGS,1
,,JORJA SMITH - ALL OF THIS,1
,,JORJA SMITH - LOVING YOU,1
,,VAMPIRE WEEKEND - THIS LIFE,1
,,MILKY CHANCE - DOWN BY THE RIVER,1
,,THE LAST DINNER PARTY - HOOK: THE LAST DINNER PARTY - CAESAR ON A TV SCREEN,1
,,GENESIS OWUSU - GET INSPIRED,1
,,GENESIS OWUSU - THERE'S ONLY ONE,1
,,CHROMEO - BLUTOOTH,1
,,EMPRESS OF - CURA,1
,,YUMI ZOUMA - CRUSH,1
,,YUMI ZOUMA - BRUISE,1
,,LONDON GRAMMAR - LET YOU KNOW,1
,,LONDON GRAMMAR - HOW DOES IT FEEL,1
,,LONDON GRAMMAR - LOSE YOUR HEAD,1
,,LONDON GRAMMAR - BABY IT’S YOU,1
,,SLØTFACE - STUFF,1
,,SLØTFACE - LEADING MAN,1
,,ÄTNA - TUK TUK,1
,,ÄTNA - GRINDING,1
,,ÄTNA - COME TO ME,1
,,INTERPOL - ALL THE RAGE BACK HOME,1
,,THE BEACHES - ME & ME,1
,,THE BEACHES - WHAT DOESN’T KILL YOU MAKES YOU PARANOID,1
,,THE BEACHES - EDGE OF THE EARTH,1
,,RAUM27 - GEZEITEN,1
,,SOFFIE - GEZEITEN,1
,,SOFFIE - DIE DA OBEN,1
,,SOFFIE - FÜR IMMER FRÜHLING,1
,,SOFFIE - ENERGIE,1
,,SOFFIE - JANA,1
,,ALEX WARREN - ORDINARY,1
,,FOALS - WAKE ME UP,1
,,FOALS - 2001,1
,,FOALS - IN DEGREES,1
,,YUKNO - LAND OF CONFUS1ON,1
,,YUKNO - DIE STERNE VON UNTEN,1
,,YUKNO - COMIC RELIEF,1
,,YUKNO - NIE,1
,,YUKNO - RISSE,1
,,YUKNO - SCHWERKRAFT,1
,,YUKNO - EINE SEKTE,1
,,YUKNO - BLUT,1
,,YUKNO - DIE WAHRHEIT,1
,,YUKNO - SYNTHADELLA,1
,,YUKNO - DIE SEKUNDEN,1
,,JUSTICE - STOP,1
,,JUSTICE - CIVILIZATION,1
,,TAME IMPALA - LOST IN YESTERDAY,1
,,TWO DOOR CINEMA CLUB - SATELLITE,1
,,TWO DOOR CINEMA CLUB - BAD DECISIONS,1
,,TWO DOOR CINEMA CLUB - NEW HOUSES,1
,,DAYGLOW - BALCONY,1
,,DAYGLOW - DEEP END,1
,,DAYGLOW - SOMETHING,1
,,DAYGLOW - MEDICINE,1
,,POWER PLUSH - FEELZ,1
,,GIRL IN RED - BODY AND MIND,1
,,GIRL IN RED - DEAD GIRL IN THE POOL,1
,,GIRL IN RED - BAD IDEA,1
,,GIRL IN RED - YOU STUPID BITCH,1
,,GIRL IN RED - I'LL CALL YOU MINE,1
,,CHVRCHES - OVER,1
,,CHVRCHES - CALIFORNIA,1
,,THE WOMBATS - I THINK MY MIND HAS MADE ITS MIND UP,1
,,THE WOMBATS - READY FOR THE HIGH,1
,,MATT CORBY - TALK IT OUT,1
,,MATT CORBY - MONDAY,1
,,MATT CORBY - PROBLEMS,1
,,MATT CORBY - ALL THAT I SEE,1
,,DAFT PUNK - STARBOY,1
,,ANAÏS - VALENTINO,1
,,ORLA GARTLAND - KISS UR FACE FOREVER,1
,,ORLA GARTLAND - MORE LIKE YOU,1
,,ORLA GARTLAND - CODEPENDENCY,1
,,ORLA GARTLAND - DO YOU MIND,1
,,THE VACCINES - ALONE STAR,1
,,VON WEGEN LISBETH - LIEFERANDOMANN,1
,,VON WEGEN LISBETH - MOMO,1
,,VON WEGEN LISBETH - WESTKREUZ,1
,,VON WEGEN LISBETH - AL MIO LOCALE,1
,,VON WEGEN LISBETH - AUGEN I,1
,,VON WEGEN LISBETH - ELON,1
,,VON WEGEN LISBETH - ALEXA GIB MIR MEIN GELD ZURÜCK!,1
,,VON WEGEN LISBETH - OPTI,1
,,VON WEGEN LISBETH - CHÉRIE,1
,,VON WEGEN LISBETH - FUNDBÜRO,1
,,VON WEGEN LISBETH - MEINE KNEIPE,1
,,FRIEDBERG - LIZZY,1
,,FRIEDBERG - GO WILD,1
,,FRIEDBERG - MY BEST FRIEND,1
,,THE 1975 - I’M IN LOVE WITH YOU,1
,,THE 1975 - SOMEBODY ELSE,1
,,THE 1975 - ABOUT YOU,1
,,THE 1975 - ME AND YOU TOGETHER SONG,1
,,THE 1975 - THE SOUND,1
,,MILLENIUMKID - SOMMERKLEID,1
,,MILLENIUMKID - FALL FÜR DICH,1
,,MILLENIUMKID - SCHMETTERLING,1
,,POM POM SQUAD - HEAD CHEERLEADER,1
,,ALFIE TEMPLEMAN - FOREVER ISN'T LONG ENOUGH,1
,,ALFIE TEMPLEMAN - EVERYBODY'S GONNA LOVE SOMEBODY,1
,,ALFIE TEMPLEMAN - LEAVING TODAY,1
,,BETTEROV - BERLIN IST KEINE STADT,1
,,BETTEROV - RISSE,1
,,LEYYA - THE PAPER,1
,,LEYYA - HEAT,1
,,LEYYA - HALF ASLEEP,1
,,JEREMIAS - LUNA,1
,,JEREMIAS - FIN,1
,,JEREMIAS - SCHON OKAY,1
,,JEREMIAS - PARIS,1
,,JEREMIAS - ALLES,1
,,JEREMIAS - LIEBE ZU DRITT,1
,,JEREMIAS - ICH MAGS,1
,,CHANNEL TRES - 6AM,1
,,CHANNEL TRES - CACTUS WATER,1
,,CHANNEL TRES - CAFUNÉ,1
,,TORO Y MOI - SIDELINES,1
,,TORO Y MOI - THE DIFFERENCE,1
,,BIIG PIIG - DON'T TURN AROUND,1
,,BIIG PIIG - THIS IS WHAT THEY MEANT,1
,,METRONOMY - SALTED CARAMEL ICE CREAM,1
,,METRONOMY - NICE TOWN,1
,,METRONOMY - THINGS WILL BE FINE,1
,,METRONOMY - OLD SKOOL,1
,,METRONOMY - WEDDING BELLS,1
,,METRONOMY - LATELY,1
,,GIIRL - BLOODSHED,1
,,GIIRL - FIRE,1
,,GIIRL - ON THE TIP OF YOUR TONGUE,1
,,GIIRL - BLOOD ON THE WALLS,1
,,GIIRL - I WANT IT ALL,1
,,GIIRL - BLOOM,1
,,GIIRL - DRIVIN' ALL NIGHT,1
,,ROBYN - LIFE,1
,,FLUME - LET YOU KNOW,1
,,FLUME - THE DIFFERENCE,1
,,FLUME - NEVER BE LIKE YOU,1
,,KRAFTKLUB - BLAUES LICHT,1
,,KRAFTKLUB - FAHR MIT MIR,1
,,SPILL TAB - CRÈME BRÛLÉE!,1
,,NOMBE - BOYS LIKE ME,1
,,NOMBE - HOOK: NOMBE - DO WATCHU WANT TO ME,1
,,KITSCHKRIEG - MAD ABOUT YOU,1
,,LAUREL - LOVESICK,1
,,LAUREL - WILD SIDE,1
,,LAUREL - ADORED,1
,,LAUREL - YOU'RE THE ONE,1
,,LAUREL - KISSING WITH THE TOP DOWN,1
,,PORIJ - NOBODY SCARED,1
,,J. BERNARDT - THE OTHER MAN,1
,,J. BERNARDT - CALM DOWN,1
,,MALLRAT - TEETH,1
,,MALLRAT - GROCERIES,1
,,MALLRAT - SURPRISE ME,1
,,MALLRAT - BETTER,1
,,MALLRAT - ROCKSTAR,1
,,MALLRAT - YOUR LOVE,1
,,TYLER THE CREATOR - U SAY,1
,,TYLER THE CREATOR - NOID,1
,,ANDERSON .PAAK - LOCKDOWN,1
,,ANDERSON .PAAK - KING JAMES,1
,,ANDERSON .PAAK - DANG!,1
,,ANDERSON .PAAK - 'TILL IT'S OVER,1
,,MOBY - IN THIS WORLD,1
,,MOBY - NATURAL BLUES,1
,,BABY OF THE BUNCH - JEANS,1
,,BABY OF THE BUNCH - HAPPY HERE,1
,,BABY OF THE BUNCH - I LIKE THAT,1
,,BABY OF THE BUNCH - LET'S GO SWIMMING,1
,,BABY OF THE BUNCH - UR MOM,1
,,BLVTH - NO SHAME,1
,,BLVTH - GORILLAS,1
,,BLVTH - DOMINO,1
,,LEONIDEN - RIVER,1
,,LEONIDEN - FREAKS,1
,,LEONIDEN - NEW 68,1
,,LEONIDEN - L.O.V.E.,1
,,LEONIDEN - HOOKMB: LEONIEDEN - BALANCE OF LOVE,1
,,LEONIDEN - FUNERAL,1
,,LEONIDEN - BLUE HOUR,1
,,JAKE BUGG - ALL I NEED,1
,,ROSIE LOWE - PHAROAH,1
,,HINDS - SPANISH BOMBS,1
,,SLOWTHAI - SOONER,1
,,SLOWTHAI - FEEL AWAY,1
,,SLOWTHAI - SELFISH,1
,,SLOWTHAI - TERMS,1
,,ADAM PORT - MOVE,1
,,ADAM PORT - POSITIONS,1
,,STRYV - MOVE,1
,,STRYV - POSITIONS,1
,,KEINEMUSIK - MOVE,1
,,STROMAE - TA FETE,1
,,STROMAE - QUE CE SOIT CLAIR,1
,,YOUNG FRANCO - GET YOUR MONEY,1
,,YOUNG FRANCO - SUN MOON,1
,,YOUNG FRANCO - JUICE,1
,,YOUNG FRANCO - LIKE THAT,1
,,YOUNG FRANCO - STUDIO 54,1
,,YOUNG FRANCO - UNDERNEATH,1
,,MOLIY - SHAKE IT TO THE MAX,1
,,SILENT ADDY - SHAKE IT TO THE MAX,1
,,SKILLIBENG - SHAKE IT TO THE MAX,1
,,MISSY ELLIOT - TOYZ,1
,,DJANGO DJANGO - TIC TAC TOE,1
,,DJANGO DJANGO - GLOWING IN THE DARK,1
,,DJANGO DJANGO - FREE FROM GRAVITY,1
,,JACK HARLOW - SET YOU FREE,1
,,JACK HARLOW - DENVER,1
,,JACK HARLOW - JUST US,1
,,DAVE - CHEATIN ON ME,1
,,EKKSTACY - SHE WILL BE MISSED,1
,,SOMBR - CRUSHING,1
,,PORTMONEE - PERFEKTE MENSCHEN,1
,,BEABADOOBEE - COLOGNE,1
,,BEABADOOBEE - SEE YOU SOON,1
,,BEABADOOBEE - LAST DAY ON EARTH,1
,,BEABADOOBEE - SHE PLAYS BASS,1
,,BEABADOOBEE - TALK,1
,,BEABADOOBEE - WORTH IT,1
,,SABA - RICH DON'T STOP,1
,,SABA - COME MY WAY,1
,,SABA - ZIPLOCK,1
,,GLASS ANIMALS - THE OTHER SIDE OF PARADISE,1
,,GLASS ANIMALS - YOUTH,1
,,GLASS ANIMALS - TANGERINE,1
,,GLASS ANIMALS - LIFE ITSELF,1
,,QUEENS OF THE STONE AGE - IF I HAD A TAIL,1
,,TIM BALDUS - SMOG,1
,,JANELLE MONÁE - TURNTABLES,1
,,JANELLE MONÁE - DJANGO JANE,1
,,JANELLE MONÁE - MAKE ME FEEL,1
,,JANELLE MONÁE - PYNK,1
,,DYLYN - WOLF,1
,,DYLYN - WHAT A RIDE,1
,,MAC MILLER - BLUE WORLD,1
,,MAC MILLER - THERAPY PT. 2,1
,,MAC MILLER - DANG!,1
,,MAC MILLER - COLORS AND SHAPES,1
,,COIN LOUIS THE CHILD - SELF CARE,1
,,STILL WOOZY - IPANEMA,1
,,HAIKU HANDS - JUPITER,1
,,ANGUS - CAPE FORESTIER,1
,,JULIA STONE - CAPE FORESTIER,1
,,FATONI - CLINT EASTWOOD,1
,,FATONI - FEELING,1
,,GARDEN CITY MOVEMENT - SHE'S SO UNTOUCHABLE,1
,,GARDEN CITY MOVEMENT - FOREIGN AFFAIR,1
,,GARDEN CITY MOVEMENT - BITTER MOON,1
,,GARDEN CITY MOVEMENT - SUMMER NIGHT,1
,,DRÉ SIX - MAD ABOUT YOU,1
,,BILLIE EILISH - BELLYACHE,1
,,BILLIE EILISH - TV,1
,,BILLIE EILISH - WHAT WAS I MADE FOR?,1
,,BILLIE EILISH - WISH YOU WERE GAY,1
,,BILLIE EILISH - THEREFORE I AM,1
,,GOSSIP - HEAVY CROSS,1
,,PIRI - SOFT SPOT,1
,,CHET FAKER - BEND,1
,,CHET FAKER - THE TROUBLE WITH US,1
,,CHET FAKER - TALK IS CHEAP,1
,,BASTILLE - POMPEII,1
,,BASTILLE - REMIND ME,1
,,BASTILLE - BAD BLOOD,1
,,IDER - BORED,1
,,IDER - YOU'VE GOT YOUR WHOLE LIFE AHEAD OF YOU BABY,1
,,IDER - WU BABY,1
,,IDER - CROSS YOURSELF,1
,,IDER - GIRL,1
,,IDER - BODY LOVE,1
,,GOLF - < 3,1
,,GOLF - ITALIEN '97,1
,,RDGLDGRN - BAYOU,1
,,RDGLDGRN - PEOPLE DON'T DANCE,1
,,BILDERBUCH - DAYDRINKING,1
,,BILDERBUCH - BUNGALOW,1
,,BILDERBUCH - I'M NOT GONNA LIE,1
,,BILDERBUCH - GOLDEN RETRIEVER,1
,,BILDERBUCH - NAHUEL HUAPI,1
,,BILDERBUCH - DATES,1
,,BILDERBUCH - FRISBEEE,1
,,BILDERBUCH - SCHWARZES KARMA,1
,,NILÜFER YANYA - LIKE I SAY,1
,,NILÜFER YANYA - HEAT RISES,1
,,NILÜFER YANYA - BOYS IN MOVIES,1
,,NILÜFER YANYA - IN YOUR HEAD,1
,,NILÜFER YANYA - MIDNIGHT SUN,1
,,NILÜFER YANYA - CRASH,1
,,NILÜFER YANYA - HEAVYWEIGHT CHAMPION OF THE YEAR,1
,,NILÜFER YANYA - METHOD ACTOR,1
,,NILÜFER YANYA - TEARS,1
,,NILÜFER YANYA - ANOTHERLIFE,1
,,SON MIEUX - DRIVE,1
,,JOLLE - SCHWARZES WASSER,1
,,JOLLE - ALLE MÄRCHEN SIND GELOGEN,1
,,JOLLE - 50 STUFEN GRAU,1
,,JOLLE - GRUNDRAUSCHEN,1
,,JOLLE - LEERGETANZT,1
,,SYLVIE KREUSCH - POPCORN,1
,,NAO - ANTIDOTE,1
,,NAO - NOSTALGIA,1
,,NAO - IF YOU EVER,1
,,THUNDERCAT - FUNNY THING,1
,,NOVAA - VITAMINS,1
,,NOVAA - TILTED,1
,,NOVAA - SCHOOL FRIENDS,1
,,NOVAA - I'M HUNGRY,1
,,NOVAA - HMLTM,1
,,NOVAA - TETRIS,1
,,NOVAA - I'LL QUIT MUSIC,1
,,NOVAA - AI AM IN LOVE,1
,,NOVAA - THE WORLD'S THING,1
,,NOVAA - CYBER ROOM,1
,,NOVAA - YOU CAN F WITH ME,1
,,MAX RAD - MOONSHINE,1
,,MAX RAD - SHUTDOWN,1
,,MAX RAD - PLAY DEAD,1
,,MAX RAD - SAVE ME FROM MYSELF,1
,,MAX RAD - BACK AROUND,1
,,LOW ISLAND - WHO'S HAVING THE GREATEST TIME,1
,,LOW ISLAND - I DO IT FOR YOU,1
,,LOW ISLAND - KID GLOVES,1
,,GEORGIA - WITH EVERY WAVE,1
,,GEORGIA - I MIGHT BE FAKE,1
,,JAMES BLAKE - FEEL AWAY,1
,,JAMES BLAKE - DO YOU EVER,1
,,JAMES BLAKE - LIFE IS NOT THE SAME,1
,,JAMES BLAKE - OUR LOVE COMES BACK,1
,,BRUCKNER - JUNGS,1
,,BRUCKNER - FUJI,1
,,BRUCKNER - FÜR IMMER HIER,1
,,BRUCKNER - WORST CASE BAND,1
,,BRUCKNER - IN DREI JAHREN,1
,,BECK - COLORS,1
,,TOMMY RICHMAN - ACTIN UP,1
,,AMILLI - RARRI,1
,,AMILLI - WINGS,1
,,AMILLI - DIE FOR YOU,1
,,AMILLI - FOUR DAYS,1
,,AMILLI - I´M NOT TRYNA BE YOUR GIRL,1
,,"AMILLI - I KNOW, I KNOW",1
,,AMILLI - HAZY DAYS,1
,,AMILLI - ALONE IN THE RAIN,1
,,JAMIE XX - LIFE,1
,,FRIENDLY FIRES - HEAVEN LET ME IN,1
,,EMINEM - STAN,1
,,IBEYI - SISTER 2 SISTER,1
,,IBEYI - LAVENDER & RED ROSES,1
,,IBEYI - CLEO WHO TAKES CARE OF YOU,1
,,IBEYI - MADE OF GOLD,1
,,IBEYI - MOUNTAINS OF GOLD,1
,,SAMM HENSHAW - THE WORLD IS MINE,1
,,SAMM HENSHAW - CHICKEN WINGS,1
,,ROSE GRAY - HAPPINESS,1
,,RICH BRIAN - KIDS,1
,,RICH BRIAN - EDAMAME,1
,,RICH BRIAN - C’EST LA VIE,1
,,HOT CHIP - DOWN,1
,,JAFUNK - LIKE THAT,1
,,PAUL KALKBRENNER - QUE CE SOIT CLAIR,1
,,NONAME - SONG 32,1
,,TKAY MAIDZA - 24K,1
,,TKAY MAIDZA - HAZY,1
,,BILBAO - MOJITO,1
,,BILBAO - PARASOLS,1
,,THE AMAZONS - BLACK MAGIC,1
,,TELE - MARIO,1
,,K.FLAY - FOUR LETTER WORDS,1
,,K.FLAY - NOTHING CAN KILL US,1
,,K.FLAY - YOU CAN GET IT,1
,,K.FLAY - DATING MY DAD,1
,,K.FLAY - IT'S BEEN SO LONG,1
,,K.FLAY - GOOD NEWS,1
,,K.FLAY - THE MUCK,1
,,K.FLAY - BAD VIBES,1
,,ANTONIUS - TUT ES NOCH WEH?,1
,,ANTONIUS - HOOKMB - KASI X ANTONIUS - SCHWEIGEN UNS AN_V3,1
,,ANTONIUS - BEIFAHRERSITZ,1
,,RHYS RICH - NO CONFETTI,1
,,WOODKID - NEVER LET YOU DOWN,1
,,MOGLI - ANIMAL,1
,,MOGLI - PETIT JOUR,1
,,MOGLI - MIRROR,1
,,MOGLI - BONES,1
,,RAY BLK - MY HOOD,1
,,STORMZY - MY HOOD,1
,,STORMZY - LET ME DOWN,1
,,STORMZY - VOSSI BOP,1
,,STORMZY - THE WEEKEND,1
,,STORMZY - BIG FOR YOUR BOOTS,1
,,RY X - ONLY,1
,,RY X - MOTHS,1
,,RY X - FOREIGN TIDES,1
,,MAGGIE ROGERS - CELADON & GOLD,1
,,MAGGIE ROGERS - FALLINGWATER,1
,,MAGGIE ROGERS - ALASKA,1
,,MAGGIE ROGERS - ON + OFF,1
,,JASCHA - PANZERGLAS,1
,,JASCHA - KLEINER JASCHA,1
,,JASCHA - CHLODWIGPLATZ,1
,,MAVI PHOENIX - NOTHING GOOD,1
,,MAVI PHOENIX - BABE,1
,,MAVI PHOENIX - JANET JACKSON,1
,,MAVI PHOENIX - BITE,1
,,MAVI PHOENIX - PRIME,1
,,MAVI PHOENIX - IBIZA,1
,,MAVI PHOENIX - YELLOW,1
,,FIL BO RIVA - TIME IS YOUR GUN,1
,,FIL BO RIVA - I LIKE YOU,1
,,FIL BO RIVA - RUNNING IN CIRCLES,1
,,FIL BO RIVA - LUCY,1
,,FIL BO RIVA - HEAD SONATA,1
,,GENTLEMAN - DIFFERENT PLACES,1
,,RIKAS - DANCING IN MY ROOM,1
,,RIKAS - NEVER LEAVING THE HOUSE,1
,,RIKAS - SUPERSTITIOUS,1
,,RIKAS - GOODBYE SUNSHINE,1
,,BANKS - GIANT,1
,,BANKS - THE DEVIL,1
,,BANKS - SKINNYDIPPED,1
,,DOECHII - EXTRAL,1
,,DOECHII - PERSUASIVE,1
,,KRAYZIE BONE - COME MY WAY,1
,,SWIMMING GIRLS - BACK OF YOUR CAR,1
,,BLUSH ALWAYS - BIGGER PICTURE,1
,,BLUSH ALWAYS - VIRTUAL FOR YOU,1
,,BLUSH ALWAYS - DIVERS,1
,,BLUSH ALWAYS - MY MUM'S BIRTHDAY,1
,,HIPPO CAMPUS - RIDE OR DIE,1
,,SURFACES - LET ME KNOW,1
,,SURFACES - BLOOM,1
,,SURFACES - I CAN'T HELP BUT FEEL,1
,,THE DRUMS - BODY CHEMISTRY,1
,,THE DRUMS - MEET ME IN MEXICO,1
,,THE DRUMS - 626 BEDFORD AVENUE,1
,,AMINÉ - CAROLINE,1
,,AVEC - LOVE,1
,,"SPORTFREUNDE STILLER - ICH, ROQUE",1
,,SPORTFREUNDE STILLER - WUNDERBAREN JAHREN,1
,,MULAY - IVORY,1
,,MULAY - FAKE LOVE,1
,,DVR - MUSCLES,1
,,DVR - STUPID,1
,,DRAKE - NICE FOR WHAT,1
,,DRAKE - MASSIVE,1
,,DRAKE - GOD'S PLAN,1
,,DRAKE - ONE DANCE,1
,,AB SYNDROM - COVER ME,1
,,AB SYNDROM - TUT MIR GUT TUT MIR LEID,1
,,AB SYNDROM - SPIEGELBILD,1
,,AB SYNDROM - U8,1
,,AB SYNDROM - SUPERMOND,1
,,TRILLE - DU KOMMST & DU GEHST,1
,,TRILLE - GOLF,1
,,TRILLE - KEINE LUST,1
,,EVERYTHING IS RECORDED - LOSING YOU,1
,,SAMPHA - LOSING YOU,1
,,SAMPHA - NO ONE KNOWS ME,1
,,SAMPHA - MOUNTAINS OF GOLD,1
,,SAMPHA - BLOOD ON ME,1
,,LAURA GROVES - LOSING YOU,1
,,JAH WOBBLE - LOSING YOU,1
,,YAZZ AHMED - LOSING YOU,1
,,CAROLINE POLACHEK - BUNNY IS A RIDER,1
,,KETTCAR - AUSGETRUNKEN,1
,,KETTCAR - LANDUNGSBRÜCKEN RAUS,1
,,MICHAEL KIWANUKA - LIGHT,1
,,RE6CE - BROWN EYES,1
,,RE6CE - KÖLN,1
,,COLDPLAY - PARADISE,1
,,BLOWSOM - NOVEMBRE,1
,,BOSSE - ALLES IST JETZT,1
,,LAUREN SANDERSON - GAY 4 ME,1
,,ANNENMAYKANTEREIT - NUR WEGEN DIR,1
,,ANNENMAYKANTEREIT - TOM'S DINER,1
,,ANNENMAYKANTEREIT - OFT GEFRAGT,1
,,ANNENMAYKANTEREIT - 3 TAGE AM MEER,1
,,WIR SIND HELDEN - GUTEN TAG,1
,,BLACK HONEY - BELIEVER,1
,,BLACK HONEY - DEAD,1
,,BLACK HONEY - SUMMER '92,1
,,DRAMAS - BLOODBATH,1
,,DRAMAS - BLAH BLAH,1
,,PIXEY - MELODY,1
,,PIXEY - JUST MOVE,1
,,PIXEY - SUNSHINE STATE,1
,,WANDA - COLUMBO,1
,,WANDA - WIR SIND VERLOREN,1
,,WANDA - DIE STERNE VON ALTERLAA,1
,,SIGGI - NUR NACHTS,1
,,SIGGI - KAFF,1
,,SIGGI - SUCHEN,1
,,LLUCID - DON'T COME BY,1
,,LLUCID - FAKE LOVE,1
,,LLUCID - HIGHER ENERGY,1
,,LLUCID - HABITS,1
,,ARLO PARKS - HOPE,1
,,ARLO PARKS - SOFTLY,1
,,ARLO PARKS - PEGASUS,1
,,ARLO PARKS - GREEN EYES,1
,,ARLO PARKS - EUGENE,1
,,ARLO PARKS - BLACK DOG,1
,,ARLO PARKS - TOO GOOD,1
,,ARLO PARKS - HURT,1
,,ARLO PARKS - GEORGE,1
,,ARLO PARKS - PAPERBACKS,1
,,KÄPTN PENG - WOBWOBWOB,1
,,DIE TENTAKEL VON DELPHI - WOBWOBWOB,1
,,JOY CROOKES - PASS THE SALT,1
,,JOY CROOKES - ANYONE BUT ME,1
,,COURTNEY BARNETT - NEED A LITTLE TIME,1
,,COURTNEY BARNETT - CHARITY,1
,,COURTNEY BARNETT - SUNDAY ROAST,1
,,RAT BOY - GET OVER IT,1
,,PHOENIX - ALL EYES ON ME,1
,,IZZY BIZU - MG,1
,,IZZY BIZU - LIGHTS ON,1
,,JACK GARRATT - JUST HOW I LIKE IT,1
,,PAULA HARTMANN - 3 SEKUNDEN,1
,,TRETTMANN - PROTOTYPE,1
,,LOUIS THE CHILD - PASSION,1
,,LOUIS THE CHILD - HERE COMES A FEELING,1
,,LOUIS THE CHILD - EVERY COLOR,1
,,LOUIS THE CHILD - DON'T MIND,1
,,DARWIN DEEZ - TOO SHY TO TAKE A SHINE,1
,,DARWIN DEEZ - THE BIRTHDAY SONG,1
,,RÜFÜS DU SOL - SAY A PRAYER FOR ME,1
,,PIP BLOM - YOU DON'T WANT THIS,1
,,PIP BLOM - I LOVE THE CITY,1
,,PIP BLOM - RED,1
,,PIP BLOM - DADDY ISSUES,1
,,BLUMENGARTEN - TUT ES NOCH WEH?,1
,,BLUMENGARTEN - ICH LIEBE DICH FÜR IMMER,1
,,KASI - TUT ES NOCH WEH?,1
,,KASI - HOOKMB - KASI X ANTONIUS - SCHWEIGEN UNS AN_V3,1
,,KASI - BEIFAHRERSITZ,1
,,ROSALÍA - DESPECHÁ,1
,,ROSALÍA - AUTE CUTURE,1
,,PARAMORE - C’EST COMME ÇA,1
,,"BOMBAY BICYCLE CLUB - EAT, SLEEP, WAKE",1
,,BOMBAY BICYCLE CLUB - HEAVEN,1
,,BOMBAY BICYCLE CLUB - IS IT REAL,1
,,BOMBAY BICYCLE CLUB - I CAN HARDLY SPEAK,1
,,OUTKAST - MS. JACKSON,1
,,MYKKET MORTON - COVER ME,1
,,JAWNY - BEST THING,1
,,SERIOUS KLEIN - DIE FOR YOU,1
,,SERIOUS KLEIN - THURSDAY,1
,,ROSSVANBOSS - COSA FAI,1
,,ROSSVANBOSS - IO E TE,1
,,AMBER-SIMONE - THINK ABOUT GIRLS SOMETIMES,1
,,AMBER-SIMONE - ONLY YOU,1
,,HONNE - JUST DANCE,1
,,HONNE - DAY 1,1
,,"HONNE - 1,000,000 X BETTER",1
,,HONNE - WHAT WOULD YOU DO?,1
,,BUSH.IDA - MONDLICHT,1
,,POWFU - SHADE OF BLUE,1
,,POWFU - WATCH ME MISS,1
,,RXSEBOY - SHADE OF BLUE,1
,,RXSEBOY - NICE TO MEET ME,1
,,TIA TIA - SHADE OF BLUE,1
,,PISH - PRICE,1
,,PISH - CRIME,1
,,CLUESO - AUCH IM BENTLEY WIRD GEWEINT,1
,,THE KNOCKS - BEDROOM EYES,1
,,THE KNOCKS - NOBODY BUT ME,1
,,STUDIO KILLERS - BEDROOM EYES,1
,,MOUNT KIMBIE - FEEL AWAY,1
,,SYLVAN ESSO - THE GLOW,1
,,SYLVAN ESSO - RADIO,1
,,SYLVAN ESSO - JUST DANCING,1
,,SYLVAN ESSO - DIDN'T CARE,1
,,SYLVAN ESSO - SIGNAL,1
,,DECLAN MCKENNA - ISOMBARD,1
,,DOPE LEMON - GOLDEN WOLF,1
,,DOPE LEMON - ROSE PINK CADILLAC,1
,,WOODES - QUEEN OF THE NIGHT,1
,,WOODES - RUN FOR IT,1
,,K.ZIA - SANCTUARY,1
,,QUAVO - TOUGH,1
,,LANA DEL REY - TOUGH,1
,,LANA DEL REY - DOIN' TIME,1
,,ANTILOPEN GANG - ARMY PARKA,1
,,ERROR - XY,1
,,TAYO SOUND - SOMEONE NEW,1
,,TAYO SOUND - CONFIDENCE,1
,,OK KID - E08 SCHWIMMEN,1
,,OK KID - BUBBLEGUM,1
,,OK KID - DIE KIDS SIND ALRIGHT,1
,,OK KID - BOMBAY CALLING,1
,,OK KID - MR. MARY POPPINS,1
,,OK KID - COLD BREW,1
,,CATT - DREAM OF A SUN HAT,1
,,CATT - SEA,1
,,CATT - SPELL ME FREE,1
,,PANTHA - NUR EIN BISSCHEN,1
,,PANTHA - WAS ICH WILL,1
,,PANTHA - INSTABIL,1
,,PANTHA - NEURÖSCHEN,1
,,LYKKE LI - NEVER LET YOU DOWN,1
,,YRRRE - SCHLANGENLINIEN,1
,,YRRRE - SHOTS,1
,,YRRRE - DILEMMA,1
,,MGMT - LITTLE DARK AGE,1
,,JOESEF - THINK THAT I DON'T NEED YOUR LOVE,1
,,JOESEF - DOES IT MAKE YOU FEEL GOOD,1
,,JOESEF - IT'S BEEN A LITTLE HEAVY LATELY,1
,,JOESEF - LOVERBOY,1
,,JOESEF - JOE,1
,,JOESEF - FIRE,1
,,JOESEF - JUST COME HOME WITH ME TONIGHT,1
,,JOESEF - CYNICAL,1
,,FRAEN - STUCK IN MY MIND,1
,,MILLIE TURNER - RIDE THIS TRAIN,1
,,MILLIE TURNER - MADE A VOW,1
,,MILLIE TURNER - JUNGLE,1
,,MILLIE TURNER - EYE OF THE STORM,1
,,THE LAST SHADOW PUPPETS - AVIATION,1
,,EVAN KLAR - I DO,1
,,BBNO$ - EDAMAME,1
,,BBNO$ - MATHEMATICS,1
,,BBNO$ - C’EST LA VIE,1
,,GORILLAZ - STYLO,1
,,SHELTER BOY - CALM ME DOWN,1
,,SHELTER BOY - GAZEBACK,1
,,SHELTER BOY - ATMOSPHERE,1
,,PABST - FREAKS,1
,,PABST - LOCKER ROOM,1
,,"PABST - COOL CAR, STUPID DECISIONS",1
,,PABST - MY APOCALYPSE,1
,,PABST - CRUSHED,1
,,CIRCA WAVES - SAD HAPPY,1
,,CIRCA WAVES - SPEND IT,1
,,REGINA SPEKTOR - YOU'VE GOT TIME,1
,,TWO YEAR VACATION - BETTER OFF ALONE,1
,,TWO YEAR VACATION - CAN'T TAKE MY EYES OFF YOU,1
,,SALT CATHEDRAL - NO LOVE,1
,,BLOND - BOOK,1
,,BLOND - SIMS 3,1
,,WIZKID - ONE DANCE,1
,,OEHL - SCHÖNLAND,1
,,OEHL - ÜBER NACHT,1
,,OEHL - WEITERGEHEN,1
,,OEHL - RUH,1
,,OEHL - WOLKEN,1
,,OEHL - KEINE ANGST,1
,,DESTINY'S CHILD - LOSE MY BREATH,1
,,SG LEWIS - VIBE LIKE THIS,1
,,SG LEWIS - CALL ON ME,1
,,SG LEWIS - COMING UP,1
,,SG LEWIS - WARRIOR,1
,,SG LEWIS - LOST IN SPACE,1
,,TY DOLLA $IGN - VIBE LIKE THIS,1
,,JULIE KUHL - DAMAGE,1
,,TIGERMILCH - BERGE,1
,,TIGERMILCH - 7 TAGE,1
,,REX ORANGE COUNTY - UNO,1
,,REX ORANGE COUNTY - NEW HOUSE,1
,,REX ORANGE COUNTY - THREAT,1
,,REX ORANGE COUNTY - NEVER HAD THE BALLS,1
,,JULI - REGEN UND MEER,1
,,LOU PHELPS - COME INSIDE,1
,,JAZZ CARTIER - COME INSIDE,1
,,GOLDFRAPP - THEA,1
,,GOLDFRAPP - BLACK CHERRY,1
,,EASY EASY - HIER RAUS,1
,,CASSIA - DON'T MAKE A SCENE,1
,,CASSIA - MOVERS & SHAPERS,1
,,CASSIA - POWERLINES,1
,,CASSIA - SLOW,1
,,CASSIA - CONFIDENCE,1
,,CASSIA - DRIFTING,1
,,CASSIA - DREAMS OF MY PAST,1
,,CASSIA - SMALL SPACES,1
,,TOM MISCH - SOUTH OF THE RIVER,1
,,KARMIC - BOOMERANG,1
,,ROYAL BLOOD - COME ON OVER,1
,,ROYAL BLOOD - OUT OF THE BLACK,1
,,PHOEBE BRIDGERS - KYOTO,1
,,PHOEBE BRIDGERS - PEGASUS,1
,,SEAFRET - BE MY QUEEN,1
,,SAINT SISTER - TWIN PEAKS,1
,,TASH SULTANA - GREED,1
,,TASH SULTANA - TALK IT OUT,1
,,TASH SULTANA - WILLOW TREE,1
,,TASH SULTANA - JUNGLE,1
,,TASH SULTANA - BITTER LOVERS,1
,,TASH SULTANA - MYSTIK,1
,,TASH SULTANA - SALVATION,1
,,PAN AMSTERDAM - NICE TOWN,1
,,BLONDSHELL - SALAD,1
,,CHILDISH GAMBINO - SOBER,1
,,CHILDISH GAMBINO - REDBONE,1
,,CHILDISH GAMBINO - STAY HIGH,1
,,CHILDISH GAMBINO - LITHONIA,1
,,CHILDISH GAMBINO - IN THE NIGHT,1
,,CHILDISH GAMBINO - BIG WORLD,1
,,CHILDISH GAMBINO - SUMMERTIME MAGIC,1
,,CHILDISH GAMBINO - FEELS LIKE SUMMER,1
,,CHILDISH GAMBINO - FINAL CHURCH,1
,,BELTERS ONLY - MY MIND,1
,,PINKPANTHERESS - TONIGHT,1
,,PINKPANTHERESS - BBYCAKES,1
,,PINKPANTHERESS - JUST FOR ME,1
,,PINKPANTHERESS - PICTURE IN MY MIND,1
,,BECKY SIKASA - WORK OF LOVE,1
,,FARHOT - KISHMISH,1
,,ELIZA ROSE - BUSINESS AS USUAL,1
,,MJ COLE - BUSINESS AS USUAL,1
,,CLAUD - GUARD DOWN,1
,,CLAUD - GOLD,1
,,PROVINZ - LIEBE ZU DRITT,1
,,BERWYN - RUBBER BANDS,1
,,ERIKA DE CASIER - ICE,1
,,ERIKA DE CASIER - CRUSH,1
,,THEY HATE CHANGE - ICE,1
,,DEXTER - FEELING,1
,,DIXIE - THE REAL THING,1
,,DUA SALEH WITH AMAARAE - FITT,1
,,SKEPTA - SHUTDOWN,1
,,DEICHKIND - LUFTBAHN,1
,,DEICHKIND - AUCH IM BENTLEY WIRD GEWEINT,1
,,DEICHKIND - DRUCKER,1
,,DEICHKIND - DENKEN SIE GROSS,1
,,DEICHKIND - REMMIDEMMI,1
,,JASMYN - FIND THE LIGHT,1
,,PAULA CAROLINA - EXTRA,1
,,PAULA CAROLINA - OTTO NORMAL,1
,,PAULA CAROLINA - OFFIZIELL GLÜCKLICH,1
,,SEEB - SWEET DREAMS & DYNAMITE,1
,,NINA NESBITT - SWEET DREAMS & DYNAMITE,1
,,LUCIUS - NEXT TO NORMAL,1
,,ANNA ERHARD - PICNIC AT THE SEASIDE,1
,,ZOOT WOMAN - A HABIT I CAN'T BREAK,1
,,CIGARETTES AFTER SEX - MOTION PICTURE SOUNDTRACK,1
,,CIGARETTES AFTER SEX - SESAME SYRUP,1
,,COSHA - DO YOU WANNA DANCE,1
,,COSHA - WANT YOU BACK,1
,,NAKHANE - CLAIRVOYANT,1
,,EUT - COOL.,1
,,EUT - PARTY TIME,1
,,EUT - STEP BY STEP,1
,,EUT - PLEASE DON'T LOOK AT ME,1
,,EUT - CAN'T STOP ME,1
,,EUT - WHAT GIVES YOU THE KICKS,1
,,FKA TWIGS - KILLER,1
,,KOKO - SO NICE TO MEET YOU,1
,,KOKO - EYES SO WIDE,1
,,KING PRINCESS - PAIN,1
,,KING PRINCESS - 1950,1
,,KING PRINCESS - PROPHET,1
,,KING PRINCESS - HOUSE BURN DOWN,1
,,JOMIE - WATCH ME MISS,1
,,LADYHAWKE - MIXED EMOTIONS,1
,,RAURY - UFO,1
,,RAURY - 2020 VISION,1
,,WILL JOSEPH COOK - GUMMY,1
,,BALTHAZAR - ENTERTAINMENT,1
,,BALTHAZAR - HALFWAY,1
,,BALTHAZAR - I'M NEVER GONNA LET YOU DOWN,1
,,JAPANESE BREAKFAST - BE SWEET,1
,,JAPANESE BREAKFAST - SLIDE TACKLE,1
,,LITTLE DRAGON - GLOW,1
,,LITTLE DRAGON - DEPLOYED,1
,,LITTLE DRAGON - TIMOTHY,1
,,LITTLE DRAGON - HOLD ON,1
,,MOLA - VINO BIANCO,1
,,HANNAH GRAE - IT COULD'VE BEEN YOU,1
,,TOKIO HOTEL - FAHR MIT MIR,1
,,MURA MASA - MOVE ME,1
,,MURA MASA - BBYCAKES,1
,,MURA MASA - WHAT IF I GO,1
,,MURA MASA - 2GETHER,1
,,OCTAVIAN - MOVE ME,1
,,GREENTEA PENG - ONE FOOT,1
,,GREENTEA PENG - STUCK IN THE MIDDLE,1
,,GREENTEA PENG - WHAT MORE,1
,,JORDANA - DECLINE,1
,,SOCCER MOMMY - ABIGAIL,1
,,SOCCER MOMMY - SHOTGUN,1
,,SOCCER MOMMY - DRIVER,1
,,LIZZO - CUZ I LOVE YOU,1
,,LIZZO - TRUTH HURTS,1
,,LIZZO - BOYS,1
,,TEDDY FAILURE - FAILURE,1
,,TEDDY FAILURE - KING OF EMPTY CONVERSATIONS,1
,,J. COLE - WET DREAMZ,1
,,FAMILY CIRCLE - WET DREAMZ,1
,,THE HONEYDRIPPERS - WET DREAMZ,1
,,BISHOP BRIGGS - TEMPT MY TROUBLE,1
,,SAN CISCO - MESSAGES,1
,,SAN CISCO - DISTANCE,1
,,LUCKY LUKE - COCOON,1
,,DYNORO - COCOON,1
,,ANOTHER SKY - FELL IN LOVE WITH THE CITY,1
,,LOYLE CARNER - AIN'T NOTHING CHANGED,1
,,LOYLE CARNER - DAMSELFLY,1
,,LOYLE CARNER - HATE,1
,,LOYLE CARNER - YESTERDAY,1
,,LOYLE CARNER - NOBODY KNOWS,1
,,LOYLE CARNER - HOCUS POCUS,1
,,LOYLE CARNER - OTTOLENGHI,1
,,VENBEE - MESSY IN HEAVEN,1
,,KENDRICK LAMAR - TINTS,1
,,ALICE PHOEBE LOU - WITCHES,1
,,ALICE PHOEBE LOU - UNDERWORLD,1
,,ALICE PHOEBE LOU - DIRTY MOUTH,1
,,ALICE PHOEBE LOU - YOU AND I,1
,,BLU DETIGER - GO BAD,1
,,BLU DETIGER - BLUTOOTH,1
,,MARI - AIN'T THINKING BOUT YOU,1
,,LION BABE - AIN'T THINKING BOUT YOU,1
,,LION BABE - THE WAVE,1
,,BIG WILD - MAKER,1
,,JAYDA G - MEANT TO BE,1
,,JAYDA G - FEELING ALIVE,1
,,FRANZ FERDINAND - TAKE ME OUT,1
,,SCHORL3 - ICH HASSE ALLES,1
,,SCHORL3 - FIEBER,1
,,FUTUREBAE - ICH HASSE ALLES,1
,,FUTUREBAE - FIEBER,1
,,FUTUREBAE - MONSTER UNTERM BETT,1
,,"FUTUREBAE - COMME CI, COMME ÇA",1
,,KAWALA - HEAVY IN THE MORNING,1
,,KAWALA - WHO’D YOU RATHER,1
,,AZIYA - PARTY'S OVER,1
,,AZIYA - CRUSH,1
,,CHRISTOPHER ANNEN - DILEMMA,1
,,SIR WAS - IN THE MIDST,1
,,SIR WAS - DEPLOYED,1
,,SIR WAS - ALL I HAVE,1
,,CARLO5 - WOLKEN AM ABEND,1
,,MY UGLY CLEMENTINE - I'M BORING,1
,,MY UGLY CLEMENTINE - MY DEAREST FRIEND,1
,,MY UGLY CLEMENTINE - PLAYGROUND,1
,,MY UGLY CLEMENTINE - THE GOOD THE BAD THE UGLY,1
,,MY UGLY CLEMENTINE - WHO,1
,,FLORENCE + THE MACHINE - ST JUDE,1
,,BERHANA - I BEEN,1
,,CRUSH - I BEEN,1
,,DAS PARADIES - ROSA LUFT,1
,,DAS PARADIES - DIE STROBOSKOPEN JAHRE,1
,,DAS PARADIES - WENN'S DRAUSSEN GRÜN WIRD,1
,,DAS PARADIES - WENN ICH DIR ENTKOMMEN WILL,1
,,"DAS PARADIES - ES GAB SO VIEL, WAS ZU TUN WAR",1
,,DAS PARADIES - EIN SCHÖNES UNENTSCHIEDEN,1
,,DAS PARADIES - EIS AUF EINER SCHOLLE,1
,,DAS PARADIES - DISCOSCOOTER,1
,,COACH PARTY - SHIT TV,1
,,POPPY AJUDHA - STRONG WOMAN,1
,,POPPY AJUDHA - HOLIDAY FROM REALITY,1
,,POPPY AJUDHA - PLAYGOD,1
,,TORA - TIGER,1
,,TORA - MISPLACED,1
,,TORA - MORPHINE,1
,,TORA - WHEN WILL I LEARN,1
,,ST. VINCENT - MASSEDUCTION,1
,,ST. VINCENT - FAST SLOW DISCO,1
,,ST. VINCENT - BROKEN MAN,1
,,MINE - ICH WEISS ES NICHT,1
,,MINE - EINFACH SO,1
,,MINE - SPIEGELBILD,1
,,MINE - 90 GRAD,1
,,MINE - BITTER,1
,,BANGERFABRIQUE - DUMM,1
,,LADY GAGA - BLOODY MARY,1
,,ADDISON RAE - DIET PEPSI,1
,,JESSIE WARE - MEET ME IN THE MIDDLE,1
,,AURORA - CYNICAL MIND,1
,,AURORA - CONQUEROR,1
,,AURORA - DAYDREAMER,1
,,AURORA - CURE FOR ME,1
,,AURORA - WARRIOR,1
,,AURORA - QUEENDOM,1
,,AURORA - HEATHENS,1
,,AURORA - THE CONFLICT OF THE MIND,1
,,AURORA - YOUR BLOOD,1
,,MINDCHATTER - BRAIN PILLS,1
,,MINDCHATTER - ANSWER ME,1
,,MINDCHATTER - TRIPPY,1
,,CARIBOU - MELODY DAY,1
,,CARIBOU - BROKE MY HEART,1
,,MAECKES - CALIPPO VIVALDI,1
,,MAECKES - EMILIA,1
,,MAECKES - STOIK & GRANDEZZA,1
,,MAECKES - TILT,1
,,MAECKES - DILEMMA,1
,,JISKA - GIRL NEXT DOOR,1
,,JISKA - IS IT WEIRD?,1
,,JISKA - AT THE DUCK POND,1
,,JISKA - COCOON,1
,,TOMTE - NEW YORK,1
,,POOL - 2 CLOSE,1
,,POOL - TAKE ME OUT,1
,,POOL - ELLIOT,1
,,GEORGE FITZGERALD - PASSED TENSE,1
,,PANDA BEAR - PASSED TENSE,1
,,PANDA BEAR - DOLPHIN,1
,,BROCKHOFF - BIGGER PICTURE,1
,,CHILDREN - JULIAN,1
,,TIERRA WHACK - BODY OF WATER,1
,,NOTHING BUT THIEVES - OVERCOME,1
,,NOTHING BUT THIEVES - TRIP SWITCH,1
,,"NOTHING BUT THIEVES - MIRACLE, BABY",1
,,ILGEN-NUR - MATTER OF TIME,1
,,ILGEN-NUR - IN MY HEAD,1
,,PUDDLE OF MUDD - BLURRY,1
,,PUDDLE OF MUDD - SHE HATES ME,1
,,MARIBOU STATE - KINGDOM,1
,,NORTH DOWNS - KINGDOM,1
,,MADSEN - MEIN HERZ BLEIBT HIER,1
,,SAY YES DOG - LIES,1
,,KLLO - DISSOLVE,1
,,KLLO - STILL HERE,1
,,GURR - HOT SUMMER,1
,,GURR - #1985,1
,,GURR - FAKE NEWS,1
,,JAMIROQUAI - CANNED HEAT,1
,,JAMIROQUAI - VIRTUAL INSANITY,1
,,JAMIROQUAI - SEVEN DAYS IN SUNNY JUNE,1
,,MAJAN - LIEBE ZU DRITT,1
,,SAMPA THE GREAT - FREEDOM,1
,,SAMPA THE GREAT - LANE,1
,,SAMPA THE GREAT - FINAL FORM,1
,,SAMPA THE GREAT - OMG,1
,,"YUNGBLUD - HELLO HEAVEN, HELLO",1
,,KAYTRANADA - TOGETHER,1
,,KAYTRANADA - 10%,1
,,KAYTRANADA - DYSFUNCTIONAL,1
,,KAYTRANADA - ICED TEA,1
,,GOLDLINK - TOGETHER,1
,,GOLDLINK - U SAY,1
,,GOLDLINK - DUNYA,1
,,GOLDLINK - LOUD,1
,,ALICE MERTON - NO ROOTS,1
,,GREEN DAY - HOLIDAY,1
,,THE LINDA LINDAS - OH!,1
,,THE LINDA LINDAS - TOO MANY THINGS,1
,,LEISURE - EASY WAY OUT,1
,,LEISURE - ABOVE ME,1
,,SOLOMUN - TUK TUK,1
,,RHYE - BEAUTIFUL,1
,,RHYE - PHOENIX,1
,,RUDIMENTAL - FEEL THE LOVE,1
,,JOHN NEWMAN - FEEL THE LOVE,1
,,"GRACIE ABRAMS - I LOVE YOU, I'M SORRY",1
,,STEELZ - GIANT,1
,,WILLOW - CURIOUS/FURIOUS,1
,,BONOBO - BAMBRO KOYO GANDA,1
,,BONOBO - SHADOWS,1
,,BONOBO - NIGHTLIFE,1
,,BONOBO - KERALA,1
,,BONOBO - FROM YOU,1
,,INNOV GNAWA - BAMBRO KOYO GANDA,1
,,MALACHIII - POSITIONS,1
,,SOKO LINX - JETLAG,1
,,KELIS - MILKSHAKE,1
,,KELIS - TRICK ME,1
,,WARGIRL - MESS AROUND,1
,,WARGIRL - HANG ON,1
,,FAZERDAZE - COME APART,1
,,FAZERDAZE - MISREAD,1
,,ED SHEERAN - THE CITY,1
,,ED SHEERAN - DON'T,1
,,MOS DEF - STYLO,1
,,BOBBY WOMACK - STYLO,1
,,MATTIEL - JEFF GOLDBLUM,1
,,HALF·ALIVE - EVERYTHING MACHINE,1
,,TENNIS - I MISS THAT FEELING,1
,,OF MONSTERS AND MEN - DIRTY PAWS,1
,,OF MONSTERS AND MEN - LITTLE TALKS,1
,,OF MONSTERS AND MEN - MOUNTAIN SOUND,1
,,FERDINAND FKA LEFT BOY - 2STEP,1
,,JOY BOGAT - WHOSE FAULT,1
,,JOY BOGAT - SLOWLY,1
,,BOMFUNK MCS - FREESTYLER,1
,,EVERYTHING EVERYTHING - I WANT A LOVE LIKE THIS,1
,,EVERYTHING EVERYTHING - BREADWINNER,1
,,EVERYTHING EVERYTHING - CAN'T DO,1
,,EVERYTHING EVERYTHING - BAD FRIDAY,1
,,WEEKEND PLAYERS - 21ST CENTURY,1
,,ALT-J - U&ME,1
,,ALT-J - DEADCRUSH,1
,,ALT-J - HARD DRIVE GOLD,1
,,ALT-J - ADELINE,1
,,DIE LIEFERANTEN - REALITÄT,1
,,"OSKA - MONA LISA, A GIRL'S BEST FRIEND",1
,,HANA VU - HAMMER,1
,,CHARLOTTE LAWRENCE - WHY DO YOU LOVE ME,1
,,AL PRIDE - ANOTHER VIBE,1
,,FEWJAR - PAY ME,1
,,ALUNA - ENVIOUS,1
,,ALUNA - BODY PUMP,1
,,ALUNA - WARRIOR,1
,,ALUNA - GET PAID,1
,,CHLOE MORIONDO - NOT OKAY,1
,,MAZIE - NOT OKAY,1
,,MAZIE - GIRLS JUST WANNA HAVE SEX,1
,,NOAH SLEE - RADAR,1
,,NOAH SLEE - STILL,1
,,NOAH SLEE - MAYBE,1
,,NOAH SLEE - HERE FOR IT ALL,1
,,VØR - UNSPOKEN,1
,,LET'S EAT GRANDMA - LEVITATION,1
,,LET'S EAT GRANDMA - HAPPY NEW YEAR,1
,,GOAT GIRL - CRACKER DROOL,1
,,GOAT GIRL - THE MAN,1
,,GOAT GIRL - THE CRACK,1
,,SUNFLOWER BEAN - MOMENT IN THE SUN,1
,,SUNFLOWER BEAN - COME FOR ME,1
,,ENNIO - AUS DEM NICHTS,1
,,ENNIO - FÜHLST DU GAR NICHTS?,1
,,FREEKIND - HAPPINESS,1
,,FREEKIND - VISUALIZE,1
,,FREEKIND - BRIGHT LIGHT,1
,,PHILIPP POISEL - BIS NACH TOULOUSE,1
,,OH WONDER - ROLLERCOASTER BABY,1
,,OH WONDER - 22 MAKE,1
,,CÉLINE - 3 SEKUNDEN,1
,,THEOPHILUS LONDON - GET YOUR MONEY,1
,,THE HUNNA - NEVER ENOUGH,1
,,THE HUNNA - HIDE & SEEK,1
,,LOKOY - MURDER IN MY MIND,1
,,MOYKA - MURDER IN MY MIND,1
,,MOYKA - KANAZAWA,1
,,ALL WE ARE - BAD ADVICE,1
,,LYRAH - IN THE LEAVES,1
,,KARIN ANN - I'M A LOSER,1
,,SHY LUV - TIME,1
,,CABU - SUN MOON,1
,,NOÉ - SUN MOON,1
,,COSBY - UNDER THE SURFACE,1
,,COSBY - BETTER VERSION OF MYSELF,1
,,COSBY - CALLING OUT,1
,,COSBY - GET UP,1
,,COSBY - SAVIOR,1
,,COSBY - SPACESHIP,1
,,EUGÉNIE - BLUE,1
,,EUGÉNIE - PRINCESS,1
,,PARCELS - COMINGBACK,1
,,PARCELS - FAMOUS,1
,,PARCELS - FREE,1
,,PARCELS - SOMETHINGGREATER,1
,,PARCELS - TIEDUPRIGHTNOW,1
,,PARCELS - OVERNIGHT,1
,,PVRIS - DEAD WEIGHT,1
,,PVRIS - USE ME,1
,,PVRIS - GOOD ENEMY,1
,,PELL - JUICE,1
,,PELL - LIKE THAT,1
,,ANTILOPEN GANG MIT FATONI - LIEBE GRÜSSE,1
,,SUKIE - SOBER,1
,,KATE NASH - FOUNDATIONS,1
,,DANNY BROWN - UKNOWHATIMSAYIN',1
,,DENZEL CURRY - LANE,1
,,DENZEL CURRY - TERMS,1
,,HARRISON BROME - MIDNIGHT ISLAND,1
,,ALEX LAHEY - THEY WOULDN'T LET ME IN,1
,,PRIYA RAGU - ILLUMINOUS,1
,,PRIYA RAGU - ONE WAY TICKET,1
,,CRUCCHI GANG - AL MIO LOCALE,1
,,SOFI TUKKER - THE DARE,1
,,SOFI TUKKER - CAFUNÉ,1
,,SOFI TUKKER - WOOF,1
,,TOTALLY ENORMOUS EXTINCT DINOSAURS - NEVER SEEN YOU DANCE,1
,,BANJI - DOGBREATH,1
,,BANJI - CORNFLAKES,1
,,FONTAINES D.C - HERE'S THE THING,1
,,FONTAINES D.C - FAVOURITE,1
,,RAC - PASSION,1
,,FIEH - STREAMLINE,1
,,FIEH - 25,1
,,FIEH - GRENDEHUS FUNKADELIC,1
,,SOPHIE ALICE - WHIITE OWL,1
,,MELVV - BABE,1
,,MELVV - BLANK,1
,,JENOBI - MAKEUP,1
,,BAG RAIDERS - HOW LONG,1
,,WOMAN - CONTROL,1
,,BEACH BUNNY - ENTROPY,1
,,BEACH BUNNY - CLOUD 9,1
,,UNKNOWN MORTAL ORCHESTRA - EVERYONE ACTS CRAZY NOWADAYS,1
,,BRYDE - PAPER CUPS,1
,,SANTIGOLD - SHOVE IT,1
,,COIN - CHAPSTICK,1
,,COIN - HOW IT FEELS,1
,,COIN - I THINK I MET YOU IN A DREAM,1
,,COIN - CUTIE,1
,,JAY PRINCE - U SAY,1
,,KING HANNAH - BIG BIG BABY,1
,,ALBRECHT SCHRADER - WENN'S DRAUSSEN GRÜN WIRD,1
,,SWINDLE - WHAT MORE,1
,,EMILIE NICOLAS - WHO'S GONNA LOVE YOU,1
,,ALVVAYS - NOT MY BABY,1
,,APACHE 207 - MANN MUSS,1
,,DEBBY FRIDAY - SO HARD TO TELL,1
,,DEBBY FRIDAY - ALL I WANNA DO IS PARTY,1
,,TWENTY ONE PILOTS - DRUM SHOW,1
,,THE REMBRANDTS - I'LL BE THERE FOR YOU,1
,,ARKELLS - YOU CAN GET IT,1
,,ARKELLS - DANCE WITH YOU,1
,,LISA - BORN AGAIN,1
,,DOJA CAT - BORN AGAIN,1
,,DOJA CAT - JUST US,1
,,THE EDIACARAN - WITH EVERY WAVE,1
,,BASTIDO - WITH EVERY WAVE,1
,,DONATA - LEMONADE,1
,,DONATA - MOON WILL FALL,1
,,LAZLO BANE - SUPERMAN,1
,,WARPAINT - CHAMPION,1
,,NIA ARCHIVES - SO TELL ME,1
,,NIA ARCHIVES - CONVENIENCY,1
,,KAT FRANKIE - SHINY THINGS,1
,,KAT FRANKIE - DU/ICH,1
,,KARA MARNI - MOVE,1
,,TOMMY VILLIERS - SOFT SPOT,1
,,VINCE STAPLES - PASS THE SALT,1
,,FLØRE - BIKES,1
,,CRASSE - TILTED,1
,,NOSOYO - 6 OR 7 WEEKS,1
,,NAOMI WILD - HERE COMES A FEELING,1
,,COUROS - HERE COMES A FEELING,1
,,BILLIE MARTEN - CREATURE OF MINE,1
,,YARD ACT - WHEN THE LAUGHTER STOPS,1
,,THE ROOTS - THE SEED,1
,,CODY CHESTNUTT - THE SEED,1
,,TEMS - NO.1,1
,,PHANTOM PLANET - CALIFORNIA,1
,,ANDREW APPLEPIE - FOOL,1
,,ANDREW APPLEPIE - YOU SHOULD TEXT ME MORE OFTEN,1
,,ANDREW APPLEPIE - BALL BUSTER,1
,,ANDREW APPLEPIE - SALTED CARAMEL,1
,,ANDREW APPLEPIE - DON'T FUCK THIS UP,1
,,KT TUNSTALL - SUDDENLY I SEE,1
,,SHAPESHIFTERS - LOLA'S THEME,1
,,PALACE - NO OTHER,1
,,TEED - DESIRE,1
,,SUFJAN STEVENS - LOVE YOURSELF,1
,,LANCE FERGUSON - DREAM DIARY,1
,,THE BAMBOOS - DREAM DIARY,1
,,MATTHEW E. WHITE - ONE OF THESE DAYS,1
,,ARNY MARGRET - THE WORLD BETWEEN US,1
,,KLANGSTOF - RESUME,1
,,KLANGSTOF - OCEAN VIEW,1
,,KLANGSTOF - PHANTOMS,1
,,BRIJEAN - OCEAN,1
,,DANIELLE HAIM - IF ONLY I COULD WAIT,1
,,LENNON STELLA - FANCY,1
,,SOLEY - GROW,1
,,NAARI - PAIN IS A FAITHFUL LOVER,1
,,JHENÉ AIKO - SUN/SON,1
,,JHENÉ AIKO - NONE OF YOUR CONCERN,1
,,FAUNA FLASH - TEL AVIV,1
,,OOI - IN THE DARK,1
,,BRITTANY HOWARD - STAY HIGH,1
,,ROISIN MURPHY - HAIRLESS TOYS,1
,,DREAM WIFE - AFTER THE RAIN,1
,,DREAM WIFE - HASTA LA VISTA,1
,,SYML - BETTER PART OF ME,1
,,SYML - CLEAN EYES,1
,,SYML - STAY CLOSE,1
,,BRUNO MAJOR - OLD SOUL,1
,,BRUNO MAJOR - TAPESTRY,1
,,BRUNO MAJOR - I'LL SLEEP WHEN I'M OLDER,1
,,SIRIUSMO - LIU,1
,,WHITNEY - POLLY,1
,,WHITNEY - GIVING UP,1
,,SANTPOORT - FEATHER LIGHT MELODIES,1
,,FOSTER THE PEOPLE - EVERY COLOR,1
,,VÖK - NO COFFEE AT THE FUNERAL,1
,,VÖK - SKIN,1
,,VÖK - LOSE CONTROL,1
,,LALA LALA - DIVER,1
,,AZEALIA BANKS - SURPRISE ME,1
,,DOMINIC FIKE - TERMS,1
,,BLINKER - TRUE LOVE,1
,,YELLOWSTRAPS - GOLDRESS,1
,,CHANCE THE RAPPER - NO PROBLEM,1
,,CHANCE THE RAPPER - DEAR THEODOSIA,1
,,PEKING DUK - SPEND IT,1
,,PIP MILLETT - SLOW,1
,,PIP MILLETT - HEAL,1
,,PIP MILLETT - WALK AWAY,1
,,PIP MILLETT - SAD GIRLS,1
,,ROY BIANCO - VINO BIANCO,1
,,MEGAN THEE STALLION - WORTHY,1
,,CARAVAN PALACE - SUPERSONICS,1
,,CARAVAN PALACE - MIRACLE,1
,,TSHA - RENEGADE,1
,,SCOOTY - BUS STOP BLUES,1
,,SHYGIRL - SHLUT,1
,,SHYGIRL - BBYCAKES,1
,,SHYGIRL - CRUSH,1
,,SHYGIRL - HOLIER,1
,,JENNIE - EXTRAL,1
,,BABYMETAL - RATATATA,1
,,ELECTRIC CALLBOY - RATATATA,1
,,RISE AGAINST - I WANT IT ALL,1
,,GUNDELACH - CYNICAL MIND,1
,,BLACKWAVE - PERFUME,1
,,BLACKWAVE - GOOD DAY,1
,,CALEBORATE - PERFUME,1
,,FIIO - IDGAF,1
,,LONG TALL JEFFERSON - ASTRONAUT,1
,,LÅPSLEY - TELL ME THE TRUTH,1
,,LÅPSLEY - LIGNE 3,1
,,LÅPSLEY - SADNESS IS A SHADE OF BLUE,1
,,DJ SHADOW - NOBODY SPEAK,1
,,RUN THE JEWELS - NOBODY SPEAK,1
,,ZIMMER90 FT. BALU BRIGADA - LEARN TO LET YOU GO,1
,,SUPERORGANISM - IT'S RAINING,1
,,SUPERORGANISM - TEENAGER,1
,,SUPERORGANISM - NIGHT TIME,1
,,SUPERORGANISM - REFLECTIONS ON THE SCREEN,1
,,SUPERORGANISM - CRUSHED.ZIP,1
,,STEPHEN MALKMUS - IT'S RAINING,1
,,DYLAN CARTLIDGE - IT'S RAINING,1
,,POPCAAN - COME OVER,1
,,BINKI - CLAY PIGEON,1
,,IDA KUDO - GOLD,1
,,IDA KUDO - GHOST,1
,,IDA KUDO - PARADISE,1
,,IDA KUDO - BORN IN THE SUN,1
,,KINGS OF CONVENIENCE - BOAT BEHIND,1
,,TEDLO - CONNECTED,1
,,TYLA - PUSH 2 START,1
,,TYLA - NO.1,1
,,TYLA - WATER,1
,,LUKEYWORLD - DUNYA,1
,,TOVE LO - CALL ON ME,1
,,MAYA JANE COLES - NIGHT CREATURE,1
,,MAYA JANE COLES - WEAK,1
,,GRASSY SPARK - THE CANDY,1
,,GRASSY SPARK - FLOW,1
,,GRASSY SPARK - ARE YOU TALKING,1
,,THE XX - DANGEROUS,1
,,THE XX - SAY SOMETHING LOVING,1
,,BECKS - KLIPPE AUS GEFÜHLEN,1
,,VON WEGEN LISBETH CRUCCHI GANG MIT FRANCESCO WILKING SVEN REGENER - IL MIO BUNGALOW,1
,,CLOSE COUNTERS YOUNG FRANCO - ROLLOUT,1
,,JAY PRINCE SCRUFIZZER - ROLLOUT,1
,,BACHELOR - STAY IN THE CAR,1
,,LEIKELI47 - THE WAVE,1
,,SYCCO - TOUCHING AND TALKING,1
,,SILK CITY - LOUD,1
,,DESIIGNER - LOUD,1
,,NAAZ - IT'S NOT YOU IT'S ME,1
,,COEUR DE PIRATE - DANCE WITH YOU,1
,,ALY - DANCE WITH YOU,1
,,EVERGREEN - THE FOREIGNER,1
,,SORRY - CIGARETTE PACKET,1
,,LUKE NOA - FEEDBACK,1
,,THE WEEKND - STARBOY,1
,,THE WEEKND - SACRIFICE,1
,,JEROME FARAH - WILLOW TREE,1
,,KAMOOS - ICE CREAM,1
,,SCHMYT - ICH LIEB DICH KAPUTT,1
,,SCHMYT - STERNENSTAUB,1
,,GODDARD - MESSY IN HEAVEN,1
,,MADANII - DON'T COME BY,1
,,MADANII - WVTERWINE,1
,,ANTJE SCHOMAKER - LOST INDIEBOY,1
,,ANTJE SCHOMAKER - SNACKS,1
,,AGAJON - THURSDAY,1
,,AGAJON - ROMEO & JULIET,1
,,2 CHAINZ - NO PROBLEM,1
,,LIL WAYNE - NO PROBLEM,1
,,AMBER MARK - GENEROUS,1
,,GET WELL SOON - MARTYRS,1
,,JASON POLLUX - WALK IN THE PARK,1
,,MOON MATES - SWIM WITH ME,1
,,TELEVISION AGE - EGO,1
,,THE ANXIETY - MEET ME AT OUR SPOT,1
,,GENGAHR - NEVER A LOW,1
,,CHAI - ACTION,1
,,CHAI - TEENAGER,1
,,CHAI - NOBODY KNOWS WE ARE FUN,1
,,MITSKI - NOBODY,1
,,PA SALIEU - MADE OF GOLD,1
,,ALPHABEAT - FASCINATION,1
,,TRAVIS BARKER - DATING MY DAD,1
,,KHRUANGBIN - TIME,1
,,IDLES - POP POP POP,1
,,AKA KELZZ - FLY,1
,,BAS - ROMEO,1
,,MIYA FOLICK - SHAME,1
,,SEINABO SEY - I OWE YOU NOTHING,1
,,ST. LUCIA - A BRIGHTER LOVE,1
,,KALI UCHIS - 10%,1
,,KALI UCHIS - FUE MEJOR,1
,,DAMONA - WOMAN,1
,,SOME SPROUTS - SOMEONE YOU LOVE,1
,,SOME SPROUTS - TOMORROW,1
,,SOME SPROUTS - BLISS,1
,,CAMP CLAUDE - NOW THAT YOU'RE GONE,1
,,CAMP CLAUDE - HERO,1
,,WHOISWELANSKI - URLAUB AUF HAWAII,1
,,CLEO SOL - SELFISH,1
,,CLEO SOL - WOMAN,1
,,KYTES - REMEDY,1
,,KYTES - MISTER BURNS,1
,,KYTES - ANY BETTER,1
,,KYTES - AS WE ROW,1
,,ELL MURPHY - RENEGADE,1
,,PI JA MA - TEENAGER,1
,,YUNA - PINK YOUTH,1
,,LAS KETCHUP - THE KETCHUP SONG,1
,,THOMAS HEADON - NOT EVEN IN VEGAS,1
,,TEMMIS - SUPERHOT,1
,,PUSHA T - ALL EYES ON ME,1
,,ENRIQUE IGLESIAS - BAILANDO,1
,,SEAN PAUL - BAILANDO,1
,,SEAN PAUL - BOASTY,1
,,ARTEMAS - I LIKE THE WAY YOU KISS ME,1
,,MILD MINDS - I NEED U,1
,,TAYLOR SWIFT - ME!,1
,,TAYLOR SWIFT - LAVENDER HAZE,1
,,TAYLOR SWIFT - LOOK WHAT YOU MADE ME DO,1
,,MARCUS MARR - THE TROUBLE WITH US,1
,,LOONA - BAILANDO,1
,,BDRMM - BE CAREFUL,1
,,SCHRAMM - SUMMERRAIN,1
,,"SONN - SOMETHING, SAFE",1
,,PRESSYES - YEARS,1
,,AMAARAE - IN THE NIGHT,1
,,SNAIL MAIL - THE 2ND MOST BEAUTIFUL GIRL IN THE WORLD,1
,,NAND - HALT MICH,1
,,NAND - APEROL SPRITZ,1
,,VYNK - GOLDRESS,1
,,HUNDREDS - READY SHAKING SILENT,1
,,HUNDREDS - CALLING,1
,,HUNDREDS - BODY OF WATER,1
,,ELOISE - HUNGOVER,1
,,SL - GENES,1
,,CHIP - GENES,1
,,U3000 - ICH BIN EIN TEIL VON DIR,1
,,U3000 - TOMMY,1
,,BRENDON URIE - ME!,1
,,L.A. SALAMI - JEAN IS GONE,1
,,L.A. SALAMI - GENERATION L,1
,,L.A. SALAMI - I NEED ANSWERS,1
,,CATFISH AND THE BOTTLEMEN - LONGSHOT,1
,,RACHEL CHINOURIRI - IT IS WHAT IT IS,1
,,BURNA BOY - CHEATIN ON ME,1
,,BURNA BOY - JUST LIKE ME,1
,,FRANK SINATRA - MY WAY,1
,,GEORGE FITZGERALD + LIL SILVA - ROLL BACK,1
,,BRUNO MARS - UPTOWN FUNK,1
,,RAHEL - SCHWERKRAFT,1
,,JON BRYANT - PARADISE,1
,,FABER - SO SOLL ES SEIN,1
,,DELUSION - MAYBE,1
,,SAMY DELUXE - WECK MICH AUF,1
,,LIL UZI VERT - BBYCAKES,1
,,SAY LOU LOU - ALL LOVE TO ME,1
,,HENJILA - SLOW,1
,,DILLON - 3CORE,1
,,ODESZA - WIDE AWAKE,1
,,ODESZA - BETTER NOW,1
,,CHARLIE HOUSTON - WIDE AWAKE,1
,,BENNY SINGS - ROLLED UP,1
,,BENNY SINGS - WAIT FOR THE SUMMER,1
,,MAC DEMARCO - ROLLED UP,1
,,SURMA - PLASS,1
,,BLACK ZONE ENSEMBLE - BUBBLES,1
,,TENTENDO - MOTIVE,1
,,FEDERICO ALBANESE - THE BLUE HOUR,1
,,SARA WATKINS - BETTER PART OF ME,1
,,REINEL BAKOLE - SILVER ARMOUR,1
,,CRAYON - MISPLACED,1
,,GRACY HOPKINS - MISPLACED,1
,,MARSMOBIL - RUN,1
,,BELAU - FINALLY HOME,1
,,SAYA NOÉ - FINALLY HOME,1
,,MOOMIN - ALONE,1
,,JUPITER FLYNN - SUNSCREEN & SALT,1
,,EEE GEE - PERFECT 10,1
,,HARVEY SUTHERLAND - PERFECT 10,1
,,SEAROWS - FUNNY,1
,,POPPY FUSÉE - FOR BETTER AND FOR WORSE,1
,,DAMON ALBARN - GLOW,1
,,DAMON ALBARN - HEAVEN,1
,,YOSTE - BLUE,1
,,BJ THE CHICAGO KID - BITTER LOVERS,1
,,BSÍ - 25LUE,1
,,ZIGGY ALBERTS - HEARTBEAT,1
,,THE BIG MOON - TROUBLE,1
,,THE BIG MOON - YOUR LIGHT,1
,,IMPORT EXPORT - TETRIS,1
,,THE BUGGS - ANOTHER SIDE OF ME,1
,,NI'JAH - BIG WORLD,1
,,KIRBY - BIG WORLD,1
,,BAND OF HORSES - CRUTCH,1
,,LILLY AMONG CLOUDS - LOVE U 4EVER,1
,,LILLY AMONG CLOUDS - THE ONLY ONE,1
,,THE HOWL - MANEA,1
,,THE HUM - MANEA,1
,,SIR SLY - CHANGE,1
,,TAM - NOW OR NEVER,1
,,NIHILS - DREAMING,1
,,NIHILS - HALFMOON,1
,,NIHILS - BREATHING - RADIO EDIT,1
,,COLD WAR KIDS - NOBODY BUT ME,1
,,BAE.CON - WOULDN'T KNOW,1
,,ANDERSON. PAAK - TINTS,1
,,METALLICA - ENTER SANDMAN,1
,,DRUNKEN MASTERS - DRUCKER,1
,,FILOUS - SABADA,1
,,CHRISTINE - CHRISTINE,1
,,THE QUEENS - CHRISTINE,1
,,ANOKI - IS OK,1
,,GABRIEL BLACK - JUMP,1
,,SOFI DE LA TORRE - JUMP,1
,,BÜLOW - REVOLVER,1
,,MXMTOON - WALK BUT IN A GARDEN,1
,,NAIKE - AGAIN,1
,,ADIA - AGAIN,1
,,JESSE5K - AGAIN,1
,,BOY SODA - BIG,1
,,FYFE - GOLD,1
,,ISKRA STRINGS - GOLD,1
,,THE STROKES - MACHU PICCHU,1
,,THE STROKES - THREAT OF JOY,1
,,H.E.R - LOST SOULS,1
,,H.E.R - MINE LUV,1
,,DJ SCRATCH - LOST SOULS,1
,,EBONY BONES - NO BLACK IN THE UNION JACK,1
,,BICEP - CHROMA 001 HELIUM,1
,,BICEP - GLUE,1
,,ROBERT GLASPER - THERAPY PT. 2,1
,,21 SAVAGE - JUST LIKE ME,1
,,METRO BOOMIN - JUST LIKE ME,1
,,DJ SEINFELD - WALKING WITH UR SMILE,1
,,LISS - BOYS IN MOVIES,1
,,ANIMAL HOUSE - LEGS OUT FOR SUMMER,1
,,ANIMAL HOUSE - SOUR,1
,,PINKPIRATE - I STILL FEEL DOWN,1
,,PINKPIRATE - CAN WE TALK ABOUT THE PAST INSTEAD?,1
,,PINKPIRATE - DAISY,1
,,MANSIONAIR - ASTRONAUT,1
,,JULIANNA TOWNSEND - YOU SHOULD TEXT ME MORE OFTEN,1
,,ANDREW HUANG - YOU SHOULD TEXT ME MORE OFTEN,1
,,LYRIC JONES - SHOW YOU HOW,1
,,VIC MENSA - SHOW YOU HOW,1
,,HALSEY - I'M NOT MAD,1
,,"HALSEY - I AM NOT A WOMAN, I'M A GOD",1
,,LOLA MARSH - ONLY FOR A MOMENT,1
,,LOLA MARSH - SUMMER NIGHT,1
,,KYLA - ONE DANCE,1
,,THE MAGIC GANG - HOW CAN I COMPETE,1
,,THE MAGIC GANG - THINK,1
,,LIBIANCA - PEOPLE,1
,,EZRA COLLECTIVE - STREETS IS CALLING,1
,,M.ANIFEST - STREETS IS CALLING,1
,,MOONCHILD SANELLY - STREETS IS CALLING,1
,,MOONCHILD SANELLY - FLOOD,1
,,SAINT JHN - ROSES,1
,,EIVØR - ONLY LOVE,1
,,ÁSGEIR - ONLY LOVE,1
,,ARY - MY AWE SUSTAINS,1
,,ARY - BLEEDING HEARTS,1
,,ARY - CHILDHOOD DREAMS,1
,,EAU ROUGE - SATURATION,1
,,EAU ROUGE - VIENNA,1
,,LANA LUBANY - STANNA,1
,,BLANKS - NEVER HAVE I EVER,1
,,BLANKS - WHAT YOU DO TO ME,1
,,BLANKS - OK TO CRY,1
,,SIAMESE ELEPHANTS - DANCING IN THE CITY,1
,,SIAMESE ELEPHANTS - FEW PROBLEMS,1
,,BROKEN SOCIAL SCENE - HALFWAY HOME,1
,,CLAIRE ROSINKRANZ - DON'T MISS ME,1
,,BLVK JVCK - MINE LUV,1
,,MIDDLE KIDS - ON MY KNEES,1
,,PARQUET COURTS - WIDE AWAKE,1
,,FEWS - MORE THAN EVER,1
,,MUSTBEJOHN - MOTIVE,1
,,ALLIGATOAH - SO RAUS,1
,,FRED DURST - SO RAUS,1
,,MIA MORGAN - JENNIFER CHECK,1
,,UNKNOWN T - HOCUS POCUS,1
,,BAD OMENS - THE DEATH OF PEACE OF MIND,1
,,LAKE MALAWI - SPINNING,1
,,VANJESS - DYSFUNCTIONAL,1
,,WE WILL KALEID - THE HURT REWORK,1
,,WE WILL KALEID - ADRIFT,1
,,KYLE DION - HAZY,1
,,AILBHE REDDY - A MESS,1
,,MAIA WRIGHT - QUIT YOUR JOB,1
,,FOLAMOUR - LOST IN SPACE,1
,,L:LUCID - WVTERWINE,1
,,THE REGRETTES - MONDAY,1
,,NAROU WITH AT THE CRIB - CHECK ON ME,1
,,TTRRUUCES - THE DISCO,1
,,SAN HOLO - THE FUTURE,1
,,JAMES VINCENT MCMORROW - THE FUTURE,1
,,JAMES VINCENT MCMORROW - PLANES IN THE SKY,1
,,JAMES VINCENT MCMORROW - ALL POINTS,1
,,HELGEN - 300 NONNEN,1
,,HELGEN - WORAN HAT ES GELEGEN,1
,,YUNG BAE - STRAIGHT UP RELAXIN',1
,,LIZA ANNE - SMALL TALKS,1
,,PAPER IDOL - BRIGHT SIDE BABY,1
,,KELE - GUAVA RUBICON,1
,,DORNIK - RETAIL THERAPY,1
,,BARNEY ARTIST - RETAIL THERAPY,1
,,KORDZ - MORE & MORE,1
,,KUOKO - WORLDS APART,1
,,LET’S EAT GRANDMA - HALL OF MIRRORS,1
,,TRIBEZ - FLIPPIN',1
,,J.LAMOTTA - FLIPPIN',1
,,KELELA - HOLIER,1
,,TOSCA - HEATWAVE,1
,,OWEN - LOST,1
,,NNOA - LAST GOODBYE,1
,,JAZZANOVA - I'M STILL HERE,1
,,EDWARD VANZET - I'M STILL HERE,1
,,THE PLANETOIDS - BACK IN TIME,1
,,THE PLANETOIDS - DRUNK,1
,,THE PLANETOIDS - FALLING GENTLY,1
,,FRANCIS AND THE LIGHTS - DEAR THEODOSIA,1
,,TALKING TO TURTLES - GRAPEFRUIT KNIFE,1
,,AGNES OBEL - GOLDEN GREEN,1
,,AGNES OBEL - FAMILIAR,1
,,JAMIE ISAAC - FOOL’N,1
,,KESHAVARA - SATORI,1
,,CALEXICO - BLACK HEART,1
,,SLOWDIVE - KISSES - RADIO EDIT,1
,,LÙISA - BELONG,1
,,JOE GODDARD - SO LONG,1
,,JOE GODDARD - ORDINARY MADNESS,1
,,GUS DAPPERTON - DON'T LET ME DOWN,1
,,MALTA MINA - GRAVITY,1
,,LEYLA BLUE - STUDIO 54,1
,,070 SHAKE - USE ME,1
,,6LACK - IF YOU EVER,1
,,ELLIPHANT - EMILY,1
,,THE M MACHINE - WE HAD IT ALL,1
,,MUNGO JERRY - IN THE SUMMERTIME,1
,,ANTIHELD - BERLIN AM MEER,1
,,JOE COCKER - SUMMER IN THE CITY,1
,,KATRINA - WALKING ON SUNSHINE,1
,,THE WAVES - WALKING ON SUNSHINE,1
,,HILDEGARD KNEF - FÜR MICH SOLL'S ROTE ROSEN REGNEN,1
,,$UICIDEBOY$ - NOT EVEN GHOSTS ARE THIS EMPTY,1
,,AMADOU - COULIBALY,1
,,MARIAM - COULIBALY,1
,,KAROL G - SI ANTES TE HUBIERA CONOCIDO,1
,,TV GIRL - LOVING MACHINE,1
,,DEVO - BEAUTIFUL WORLD,1
,,LALOBA - HALT MICH,1
,,DJ JAZZY JEFF - SUMMERTIME,1
,,THE FRESH PRINCE - SUMMERTIME,1
,,ALEX MAYR - MARGARITAS,1
,,BRYAN ADAMS - SUMMER OF '69,1
,,BARRY CAN'T SWIM - KIMPTON,1
,,RIN - STERNENSTAUB,1
,,MIKSU - STERNENSTAUB,1
,,MACLOUD - STERNENSTAUB,1
,,ROYA - CRUISE - HOOK,1
,,ROYA - CRUISE,1
,,LENA - FÜR IMMER,1
,,LENA - WENN DU WEINST,1
,,LENA - ROSAROT,1
,,LINUS - FÜR IMMER,1
,,LINUS - WENN DU WEINST,1
,,LINUS - ROSAROT,1
,,TIM TAUTORAT - FÜR IMMER,1
,,MURA MASA FT. A$AP ROCKY - LOVESICK,1
,,GOLDEN VESSEL - UNDERNEATH,1
,,KENNEDI - BLANK,1
,,EMELI SANDÉ - LOOK WHAT YOU'VE DONE,1
,,JOSH - KEIN EIS,1
,,ERTHLINGS - BRIDGES,1
,,DIVES - BURGER,1
,,KAREEM KALOKOH - GORILLAS,1
,,SUPERFOOD - WHERE’S THE BASS AMP?,1
,,SUPERFOOD - UNSTOPPABLE,1
,,CATFISH - KATHLEEN,1
,,THE BOTTLEMEN - KATHLEEN,1
,,SAM SPARRO - BLACK AND GOLD,1
,,SATARII - JACK SPARROW,1
,,LIL NAS X - MONTERO,1
,,CHARLOTTE OC - MEXICO,1
,,CHARLOTTE OC - BAD NEWS,1
,,PRESS CLUB - TO ALL THE ONES THAT I LOVE,1
,,MISHA - ACCORDING TO YOU,1
,,JORDAN ASTRA - ACCORDING TO YOU,1
,,KAPOK - ACCORDING TO YOU,1
,,COLD SPECKS - BLANK MAPS,1
,,HONNY - TANGER BEI NACHT,1
,,ELLE VALENCI - PERFECT BLUE,1
,,KATHA PAUER - HEIMWEG,1
,,KATHA PAUER - NIE ALLEINE,1
,,CHRIS JAMES - HEY IT'S ME,1
,,CONNIE CONSTANCE - HURT YOU,1
,,CONNIE CONSTANCE - KIDS LIKE US,1
,,DOM MCALLISTER - MG,1
,,VIOLA BEACH - BOYS THAT SING,1
,,DIZZY - THE MAGICIAN,1
,,IDK - 24,1
,,SOAK - LAST JULY,1
,,2RAUMWOHNUNG - SPIEL MIT,1
,,"GRIFF - 1,000,000 X BETTER",1
,,JONATHAN JEREMIAH - GOOD DAY,1
,,TIM AYRE - MEXICAN HOLIDAY,1
,,DARJEELING - EARLY SUNDAY MORNING,1
,,JAMILA WOODS - EARTHA,1
,,BONZAI - WHAT IF I GO,1
,,RUM FOR BREAKFAST - LISTEN TO THE MUSIC,1
,,MY IDEA - CRUTCH,1
,,ROBBIE MILLER - THE COME DOWN,1
,,GRETA STANLEY - THE COME DOWN,1
,,LERICHE - CONNECTED,1
,,PANAMA - HOW LONG,1
,,BILLY VENA - RABBIT HOLE,1
,,JETTA - NO FIRE,1
,,YOUNG THE GIANT - SUPERPOSITION,1
,,CHAMPYONS - SERGIO'S DREAM,1
,,ELA MINUS - UPWARDS,1
,,STEFAN RAAB - HIER KOMMT DIE MAUS,1
,,MERCI MERCY - SICK TO MY STOMACH,1
,,STEAL A TAXI - RAPUNZEL,1
,,PURPLE ZIPPERS - RAPUNZEL,1
,,SAM GELLAITRY - PICTURE IN MY MIND,1
,,PINK SWEAT$ - WHAT WOULD YOU DO?,1
,,THE FRANKLIN ELECTRIC - MADE IT UP IN YOUR HEAD,1
,,GUILTYBEATZ - ALL OF THIS,1
,,GAIDAA - SAD GIRLS,1
,,KURTIS WELLS - A SONG ABOUT THE SUN,1
,,TINPAN ORANGE - RICH MAN,1
,,GASPAR NARBY - SO BORED,1
,,JOJI - FROM YOU,1
,,TIGA - TELL ME YOUR SECRET,1
,,PARTYNEXTDOOR - FUE MEJOR,1
,,GARETH DONKIN - NOTHING WE CAN'T GET THROUGH,1
,,APPARAT - BLACK WATER,1
,,SON LUX - VACANCY,1
,,KIAH VICTORIA - VACANCY,1
,,HIATUS KAIYOTE - RED ROOM,1
,,OMAR APOLLO - IPANEMA,1
,,ELUJAY - IPANEMA,1
,,PORCHES - LATELY,1
,,ED PROSEK - DON'T FUCK THIS UP,1
,,RAY NOVACANE - SWEET LIAR,1
,,SOPHIE MEIERS - COLLAR,1
,,LEVEN KALI - DO U WRONG,1
,,SYD - DO U WRONG,1
,,BONAPARTE - POLARBEAR,1
,,RUBY - POLARBEAR,1
,,HAZEL - POLARBEAR,1
,,STINA HOLMQUIST - BACK WHERE WE STARTED,1
,,VICTOR SOLF - HOW DID WE?,1
,,ZEFIRE - HOW DID WE?,1
,,TOMMY NEWPORT - ULTRA MANGO,1
,,GEORGE THE POET AND MAVERICK SABRE - FOLLOW THE LEADER,1
,,VILLAGERS - A TRICK OF THE LIGHT,1
,,ANNA HAUSS - HURT,1
,,YUNO - NO GOING BACK,1
,,WESLEY JOSEPH - MONSOON,1
,,KAH-LO - WOOF,1
,,KAINALU - ALWAYS SILVER,1
,,DRENS - HONEY,1
,,WIKI - MOUNTAINS OF GOLD,1
,,KAMASI WASHINGTON EVERYTHING IS RECORDED - MOUNTAINS OF GOLD,1
,,BAD BUNNY - DTMF,1
,,KATY J PEARSON - WHEN THE LAUGHTER STOPS,1
,,CHILDCARE - LITTLE SECRET,1
,,DIDO - STAN,1
,,LISER - GURLIES SAUER,1
,,LANIKAI - WINDFALL,1
,,VIJI - SEDATIVE,1
,,NINJA KIDSOUL - ROMEO & JULIET,1
,,MIA WRAY - STAY AWAKE,1
,,LOW HUMMER - PANIC CALLS,1
,,SOFTEE - ISN'T ENOUGH,1
,,HORST WEGENER - FLUGMODUS,1
,,HALLER - BITTER,1
,,COSMO'S MIDNIGHT - STRAIGHT UP RELAXIN',1
,,KAI - NEVER BE LIKE YOU,1
,,ELI PREISS - WEIN IN WIEN,1
,,HEARTWORMS - EXTRAORDINARY WINGS,1
,,LOUS AND THE YAKUZA - LA MONEY,1
,,JJ - WASTED LOVE,1
,,MIKE NASA - HERE FOR IT ALL,1
,,JOYCE WRICE - ICED TEA,1
,,MOMMA - STAY ALL SUMMER,1
,,STANOVSKY - LEERGETANZT,1
,,TÓKE - BROWN FACE,1
,,LONGUS MONGUS - FUNDBÜRO,1
,,HISTORY OF SUGAR - GENERATION KILL,1
,,IVY SOLE - ELEVATOR GIRL,1
,,FRUM - THE ONLY WAY,1
,,MASKED WOLF - SWEETER,1
,,ANNE SUU - TOGETHER,1
,,MÅNESKIN - HONEY ARE YOU COMING,1
,,ISLAND - OCTOPUS,1
,,MIRADOR - FEELS LIKE GOLD,1
,,HARRY DEAN LEWIS - FIZZ,1
,,JOE TRAXLER - FIZZ,1
,,NEON NEET - LIES,1
,,FIRST AID KIT - MY SILVER LINING,1
,,ISLAND FOX - BLOOM,1
,,MOSS KENA - AIN'T THE SAME,1
,,YUNG GRAVY - C’EST LA VIE,1
,,DONKEY KID - DEEP BLUE,1
,,DONKEY KID - APPETITE,1
,,WE INVENTED PARIS - FUSS,1
,,MARO - BETTER NOW,1
,,MAVERICK SABRE - LOVING YOU,1
,,ELENA STERI - NO WORDS LEFT,1
,,TUVABAND - SOMETHING GOOD,1
,,AGES AND AGES - DAY FROM NIGHT,1
,,LLUSION - WALK BUT IN A GARDEN,1
,,DENNIS LLOYD - LEFTOVERS,1
,,ROSA LEE LUNA - MORE THAN THAT,1
,,BROTHERS OF SANTA CLAUS - FIGURE IT OUT,1
,,FRANKIE COSMOS - AFTERSHOOK,1
,,WILLIAM FITZSIMMONS - THE TIDE PULLS FROM THE MOON,1
,,SCOTCH - FEAR,1
,,WATER - FEAR,1
,,DANGER DAN - EINE GUTE NACHRICHT,1
,,LAMBCHOP - EVERYTHING FOR YOU,1
,,ORBIT - SHINING,1
,,MILES BONY - STILL MILES,1
,,WOODEN PEAK - POINT,1
,,CHARLOTTE BRANDI - TWO ROWS,1
,,THE UNDERCOVER DREAM LOVERS WITH DEADMEN - CHARDONNAY,1
,,KOMMODE - CAPTAIN OF YOUR SINKING SHIP,1
,,EMMA BALE - AMSTERDAM,1
,,ELDERBROOK - OLD FRIEND,1
,,MATIJA - ULTRASUEDE,1
,,AZEKEL - CAN WE HAVE FUN,1
,,JADA KINGDOM - GET PAID,1
,,OSCAR LANG - YEAH!,1
,,KÖLSCH - GREY/GRAU,1
,,WILEY - BOASTY,1
,,STEFFLON DON - BOASTY,1
,,BOU - RAVING IN THE STUDIO,1
,,GENE - OLYMPIAN,1
