Artist,Times Played,Artist - Song,Times Played
ROXETTE,102,CHER - BELIEVE,27
MADONNA,99,CÉLINE DION - THAT'S THE WAY IT IS,22
TINA TURNER,93,ACE OF BASE - ALL THAT SHE WANTS,20
ELTON JOHN,87,WOMACK - TEARDROPS,20
ROD STEWART,85,DEPECHE MODE - ENJOY THE SILENCE,20
BRYAN ADAMS,83,PATRICK SWAYZE - SHE'S LIKE THE WIND,20
CHER,71,STARSHIP - WE BUILT THIS CITY,19
PET SHOP BOYS,70,SIMPLY RED - STARS,19
ABBA,69,CYNDI LAUPER - GIRLS JUST WANT TO HAVE FUN,19
MICHAEL JACKSON,65,TEARS FOR FEARS - SHOUT,19
LIONEL RICHIE,63,TASMIN ARCHER - SLEEPING SATELLITE,19
WHITNEY HOUSTON,62,TINA TURNER - THE BEST,18
JOE COCKER,61,SIXPENCE NONE THE RICHER - KISS ME,18
ROBBIE WILLIAMS,60,COCK ROBIN - THE PROMISE YOU MADE,18
BILLY JOEL,60,MIDGE URE - IF I WAS,18
EURYTHMICS,58,DR. HOOK - WHEN YOU'RE IN LOVE WITH A BEAUTIFUL WOMAN,18
QUEEN,58,JOHN PARR - ST. ELMO'S FIRE (MAN IN MOTION),18
KIM WILDE,58,BANGLES - MANIC MONDAY,17
CÉLINE DION,57,NIK KERSHAW - THE RIDDLE,17
CYNDI LAUPER,56,FLEETWOOD MAC - LITTLE LIES,17
PHIL COLLINS,56,BACKSTREET BOYS - QUIT PLAYING GAMES (WITH MY HEART),17
SIMPLY RED,55,JOHN FARNHAM - YOU'RE THE VOICE,17
A-HA,54,LIONEL RICHIE - DANCING ON THE CEILING,17
BRUCE SPRINGSTEEN,54,HALL - MANEATER,17
HERBERT GRÖNEMEYER,52,LONDONBEAT - I'VE BEEN THINKING ABOUT YOU,17
FOREIGNER,51,EUROPE - THE FINAL COUNTDOWN,17
BANGLES,48,HUEY LEWIS - STUCK WITH YOU,17
CHRIS REA,48,THE NEWS - STUCK WITH YOU,17
THE BEE GEES,48,LAURA BRANIGAN - GLORIA,17
EROS RAMAZZOTTI,47,FEARGAL SHARKEY - A GOOD HEART,17
NIK KERSHAW,44,SHERYL CROW - ALL I WANNA DO,17
STEVIE WONDER,44,JENNIFER PAIGE - CRUSH,17
FLEETWOOD MAC,43,SIMPLE MINDS - DON'T YOU (FORGET ABOUT ME),17
KOOL,42,MARQUE - ONE TO MAKE HER HAPPY,17
THE GANG,42,A-HA - TAKE ON ME,16
PAUL YOUNG,41,KENNY LOGGINS - FOOTLOOSE,16
MIKE,41,KENNY LOGGINS - WELCOME TO HEARTLIGHT,16
THE MECHANICS,41,BELL BOOK - RESCUE ME,16
JAMES BLUNT,41,CANDLE - RESCUE ME,16
BACKSTREET BOYS,40,NIK KERSHAW - I WON'T LET THE SUN GO DOWN ON ME,16
BILLY IDOL,40,SHANIA TWAIN - THAT DON'T IMPRESS ME MUCH,16
HOT CHOCOLATE,39,MR. BIG - TO BE WITH YOU,16
ACE OF BASE,39,MARILLION - KAYLEIGH,16
HUEY LEWIS,39,MARC COHN - WALKING IN MEMPHIS,16
THE NEWS,39,VAYA CON DIOS - NAH NEH NAH,16
CHRIS DEBURGH,38,FAITH HILL - THIS KISS,16
SHANIA TWAIN,38,PIA ZADORA - WHEN THE RAIN BEGINS TO FALL,16
ERIC CLAPTON,37,CHARLES - WOULD I LIE TO YOU?,16
KENNY LOGGINS,36,EDDIE - WOULD I LIE TO YOU?,16
DIRE STRAITS,36,TEXAS - SUMMER SON,15
BANANARAMA,35,CYNDI LAUPER - TIME AFTER TIME,15
U2,35,MADONNA - LIKE A PRAYER,15
STARSHIP,35,NATALIE IMBRUGLIA - TORN,15
ED SHEERAN,35,SOPHIE B. HAWKINS - AS I LAY ME DOWN,15
KYLIE MINOGUE,35,"DESIRELESS - VOYAGE, VOYAGE",15
SMOKIE,35,FICTION FACTORY - FEELS LIKE HEAVEN,15
TEARS FOR FEARS,35,NICK KAMEN - I PROMISED MYSELF,15
DEPECHE MODE,35,LAURA BRANIGAN - SELF CONTROL,15
BLONDIE,34,DES'REE - LIFE,15
DR. HOOK,34,WET WET WET - LOVE IS ALL AROUND,15
MILOW,34,JERMAINE JACKSON - WHEN THE RAIN BEGINS TO FALL,15
TOTO,34,ALPHAVILLE - FOREVER YOUNG,15
UDO LINDENBERG,34,JANET JACKSON - TOGETHER AGAIN,14
UB 40,33,PET SHOP BOYS - ALWAYS ON MY MIND,14
ALPHAVILLE,33,ROXETTE - IT MUST HAVE BEEN LOVE,14
JANET JACKSON,32,BELINDA CARLISLE - CIRCLE IN THE SAND,14
COCK ROBIN,32,JOE COCKER - UP WHERE WE BELONG,14
TRACY CHAPMAN,32,ELTON JOHN - CIRCLE OF LIFE,14
LAURA BRANIGAN,32,LENE MARLIN - SITTING DOWN HERE,14
BELINDA CARLISLE,31,OATES - MANEATER,14
FALCO,31,SOULSISTER - THE WAY TO YOUR HEART,14
CAT STEVENS,31,BILLY IDOL - SWEET SIXTEEN,14
SPANDAU BALLET,31,BONEY M - SUNNY,14
ALISON MOYET,30,ROD STEWART - RHYTHM OF MY HEART,14
JENNIFER RUSH,30,TANITA TIKARAM - TWIST IN MY SOBRIETY,14
MIKE OLDFIELD,30,TERRY JACKS - SEASONS IN THE SUN,14
MAGGIE REILLY,30,EXTREME - MORE THAN WORDS,14
ERASURE,29,SOFT CELL - TAINTED LOVE,14
THE ROLLING STONES,29,PAUL YOUNG - COME BACK AND STAY,13
SOPHIE B. HAWKINS,29,EURYTHMICS - SWEET DREAMS (ARE MADE OF THIS),13
GEORGE MICHAEL,29,TINA TURNER - WE DON'T NEED ANOTHER HERO (THUNDERDOME),13
MICHAEL PATRICK KELLY,29,WHITNEY HOUSTON - I WANNA DANCE WITH SOMEBODY (WHO LOVES ME),13
BONNIE TYLER,29,U2 - WITH OR WITHOUT YOU,13
R.E.M,29,ROBBIE WILLIAMS - SOMETHING STUPID,13
RONAN KEATING,29,HOT CHOCOLATE - IT STARTED WITH A KISS,13
JOHN FARNHAM,28,ROXETTE - JOYRIDE,13
EARTH,28,REAL LIFE - SEND ME AN ANGEL,13
DIANA ROSS,28,REAMONN - SUPERGIRL,13
CLIFF RICHARD,27,CÉLINE DION - A NEW DAY HAS COME,13
FIRE,27,STEVIE WONDER - I JUST CALLED TO SAY I LOVE YOU,13
SUPERTRAMP,27,BRUCE HORNSBY - THE WAY IT IS,13
ELECTRIC LIGHT ORCHESTRA,27,QUEEN - I WANT TO BREAK FREE,13
DONNA SUMMER,27,SOPHIE B. HAWKINS - RIGHT BESIDE YOU,13
DAVID BOWIE,27,EVERYTHING BUT THE GIRL - MISSING,13
SANDRA,27,CARL DOUGLAS - KUNG FU FIGHTING,13
GLORIA GAYNOR,27,TEARS FOR FEARS - EVERYBODY WANTS TO RULE THE WORLD,13
BON JOVI,27,KIM CARNES - BETTE DAVIS EYES,13
CHICAGO,26,DURAN DURAN - ORDINARY WORLD,13
TEXAS,26,MR. MISTER - BROKEN WINGS,13
CHRISTOPHER CROSS,26,NEK - LAURA NON C'È,13
ORCHESTRAL MANOEUVRES IN THE DARK,26,R.E.M - LOSING MY RELIGION,13
REAMONN,26,DIANA ROSS - UPSIDE DOWN,13
WOMACK,26,RICHARD MARX - ANGELIA,13
LONDONBEAT,26,NICOLE KIDMAN - SOMETHING STUPID,13
EUROPE,26,SPANDAU BALLET - GOLD,13
JENNIFER LOPEZ,25,"THE REMBRANDTS - JUST THE WAY IT IS, BABY",13
STING,25,GLORIA GAYNOR - I AM WHAT I AM,13
RICHARD MARX,25,KATE YANAI - BACARDI FEELING (SUMMER DREAMIN'),13
ADELE,24,BRYAN ADAMS - SUMMER OF '69,12
NENA,24,ALL-4-ONE - I SWEAR,12
MR. MISTER,24,JANET JACKSON - WHOOPS NOW,12
BILLY OCEAN,24,WHITNEY HOUSTON - HOW WILL I KNOW,12
TAKE THAT,24,U2 - I STILL HAVEN'T FOUND WHAT I'M LOOKING FOR,12
GENESIS,23,GARLAND JEFFREYS - MATADOR,12
ICH + ICH,23,PET SHOP BOYS - WEST END GIRLS,12
SASHA,23,CHER - IF I COULD TURN BACK TIME,12
STATUS QUO,23,SHANIA TWAIN - KA-CHING!,12
WHAM!,23,JOE COCKER - UNCHAIN MY HEART,12
NICK KAMEN,23,ELTON JOHN - I'M STILL STANDING,12
AMY MACDONALD,23,BLONDIE - MARIA,12
LIGHTHOUSE FAMILY,22,LIGHTHOUSE FAMILY - LIFTED,12
MIDGE URE,22,DR. HOOK - SEXY EYES,12
STEVE WINWOOD,22,CAMOUFLAGE - LOVE IS A SHIELD,12
DIE ÄRZTE,22,SUZANNE VEGA - LUKA,12
BARRY WHITE,22,THE PRETENDERS - DON'T GET ME WRONG,12
MR. BIG,21,JUICE NEWTON - QUEEN OF HEARTS,12
TASMIN ARCHER,21,SADE - SMOOTH OPERATOR,12
GIANNA NANNINI,21,THE POINTER SISTERS - I'M SO EXCITED,12
DURAN DURAN,21,BOY MEETS GIRL - WAITING FOR A STAR TO FALL,12
ENYA,21,TAKE THAT - BACK FOR GOOD,12
CLOUT,21,LUTRICIA MCNEAL - AIN'T THAT JUST THE WAY,12
BEE GEES,20,"JOHN ""COUGAR"" MELLENCAMP - JACK AND DIANE",12
AEROSMITH,20,SOUL ASYLUM - RUNAWAY TRAIN,12
BONEY M,20,CHESNEY HAWKES - THE ONE AND ONLY,12
PRINCE,20,ALBERT HAMMOND - IT NEVER RAINS IN SOUTHERN CALIFORNIA,12
PATRICK SWAYZE,20,SISTER SLEDGE - LOST IN MUSIC,12
CHARLES,20,GÜNTER NORIS UND SEINE GALA BIG BAND - ROMANTIC STUTTGART,11
EDDIE,20,CHRISTOPHER CROSS - ALL RIGHT,11
PAT BENATAR,20,MIKE - ANOTHER CUP OF COFFEE,11
RICK ASTLEY,19,THE MECHANICS - ANOTHER CUP OF COFFEE,11
BOB MARLEY,19,ERIC CARMEN - HUNGRY EYES,11
REO SPEEDWAGON,19,JENNIFER LOPEZ - WAITING FOR TONIGHT,11
CAMOUFLAGE,19,YOUSSOU N'DOUR - 7 SECONDS,11
JIMMY CLIFF,19,JOHN WAITE - MISSING YOU,11
PINK,19,ACE OF BASE - THE SIGN,11
COLDPLAY,19,HERBERT GRÖNEMEYER - MENSCH,11
VAYA CON DIOS,19,ELTON JOHN - NIKITA,11
WET WET WET,19,THE BEE GEES - YOU WIN AGAIN,11
MEN AT WORK,19,UB 40 - RED RED WINE,11
ALBERT HAMMOND,19,EARTH - WEEKEND,11
ANASTACIA,18,FIRE - WEEKEND,11
SURVIVOR,18,LIONEL RICHIE - ALL NIGHT LONG (ALL NIGHT),11
SIXPENCE NONE THE RICHER,18,STEVE WINWOOD - VALERIE,11
CULTURE CLUB,18,THE BLACKHEARTS - I LOVE ROCK'N'ROLL,11
HALL,18,THE CONNELLS - '74 - '75,11
BRUNO MARS,18,SEAL - KISS FROM A ROSE,11
SCORPIONS,18,KIM WILDE - YOU CAME,11
CROWDED HOUSE,18,KIM WILDE - CAMBODIA,11
SIMON,18,NO DOUBT - DON'T SPEAK,11
GARFUNKEL,18,SCORPIONS - WIND OF CHANGE,11
JOHNNY HATES JAZZ,18,TWO OF US - BLUE NIGHT SHADOW,11
TANITA TIKARAM,18,MELANIE C - NEVER BE THE SAME AGAIN,11
THE POLICE,18,FOREIGNER - URGENT,11
DES'REE,18,T'PAU - CHINA IN YOUR HAND,11
SHAKIRA,18,LIPPS INC - FUNKYTOWN,11
SHERYL CROW,18,JENNIFER RUSH - DESTINY,11
THE POINTER SISTERS,18,MR. MISTER - KYRIE,11
FAITH HILL,18,BARBRA STREISAND - WOMAN IN LOVE,11
SIMPLE MINDS,18,DONNA SUMMER - SHE WORKS HARD FOR THE MONEY,11
ROBERT PALMER,18,"FRANCE GALL - ELLA, ELLE L'A",11
GARY MOORE,18,MATTHEW WILDER - BREAK MY STRIDE,11
JOHN PARR,18,WHITESNAKE - HERE I GO AGAIN,11
EAGLES,17,RONAN KEATING - WHEN YOU SAY NOTHING AT ALL,11
TAYLOR SWIFT,17,"BERLIN - TAKE MY BREATH AWAY (LOVE THEME FROM ""TOP GUN"")",11
MANFRED MANN'S EARTH BAND,17,FOOLS GARDEN - LEMON TREE,11
WIND,17,GAZEBO - I LIKE CHOPIN,11
BRUCE HORNSBY,17,THE CARS - DRIVE,11
ENRIQUE IGLESIAS,17,SANDRA - I'LL NEVER BE MARIA MAGDALENA,11
TRAIN,17,MEN AT WORK - DOWN UNDER,11
SEAL,17,JUANES - LA CAMISA NEGRA,11
THE PRETENDERS,17,CLOUT - SUBSTITUTE,11
BOB SEGER,17,DON HENLEY - THE BOYS OF SUMMER,11
ANDRU DONALDS,17,MARSHALL-HAIN - DANCING IN THE CITY,11
KATRINA,17,GARY MOORE - STILL GOT THE BLUES (FOR YOU),11
THE WAVES,17,MURRAY HEAD - ONE NIGHT IN BANGKOK,11
FRANCE GALL,17,GEORGE MCCRAE - ROCK YOUR BABY,10
SADE,17,CHICAGO - HARD TO SAY I'M SORRY,10
FEARGAL SHARKEY,17,CHICAGO - YOU'RE THE INSPIRATION,10
JENNIFER PAIGE,17,BANGLES - ETERNAL FLAME,10
MARQUE,17,BANGLES - IF SHE KNEW WHAT SHE WANTS,10
BELL BOOK,16,BANGLES - WALK LIKE AN EGYPTIAN,10
CANDLE,16,CHRIS REA - JULIA,10
FINE YOUNG CANNIBALS,16,ANASTACIA - I'M OUTTA LOVE,10
MARILLION,16,DEXYS MIDNIGHT RUNNERS - COME ON EILEEN,10
CUTTING CREW,16,TINA TURNER - TWO PEOPLE,10
JASON DONOVAN,16,BRUCE SPRINGSTEEN - STREETS OF PHILADELPHIA,10
THE CORRS,16,ERASURE - A LITTLE RESPECT,10
SUZI QUATRO,16,ALISON MOYET - INVISIBLE,10
MARC COHN,16,NIK KERSHAW - WOULDN'T IT BE GOOD,10
INXS,16,MIKE - EVERYBODY GETS A SECOND CHANCE,10
NEK,16,THE MECHANICS - EVERYBODY GETS A SECOND CHANCE,10
ZZ TOP,16,STARSHIP - NOTHING'S GONNA STOP US NOW,10
CREEDENCE CLEARWATER REVIVAL,16,SIMPLY RED - SOMETHING GOT ME STARTED,10
JUANES,16,HOWARD JONES - WHAT IS LOVE,10
ANDREAS BOURANI,16,HOT CHOCOLATE - SO YOU WIN AGAIN,10
PIA ZADORA,16,JENNIFER LOPEZ - IF YOU HAD MY LOVE,10
MICHAEL BUBLÉ,16,ROXETTE - FADING LIKE A FLOWER ( EVERYTIME YOU LEAVE ),10
BETTE MIDLER,16,JENNIFER WARNES - (I'VE HAD) THE TIME OF MY LIFE,10
LISA STANSFIELD,16,EROS RAMAZZOTTI - PIÙ BELLA COSA,10
EXTREME,16,MADONNA - LIKE A VIRGIN,10
HEART,16,MADONNA - WHO'S THAT GIRL,10
CARLY SIMON,15,MADONNA - LA ISLA BONITA,10
COLBIE CAILLAT,15,TRACY CHAPMAN - BABY CAN I HOLD YOU,10
REAL LIFE,15,TRACY CHAPMAN - TALKIN' BOUT THE REVOLUTION,10
JENNIFER WARNES,15,EARTH - SEPTEMBER,10
NATALIE IMBRUGLIA,15,WIND - SEPTEMBER,10
ICEHOUSE,15,FIRE - SEPTEMBER,10
OATES,15,"LIONEL RICHIE - SAY YOU, SAY ME",10
DESIRELESS,15,THE RANGE - THE WAY IT IS,10
FICTION FACTORY,15,ICEHOUSE - HEY' LITTLE GIRL,10
IRENE CARA,15,PHIL COLLINS - DANCE INTO THE LIGHT,10
NO DOUBT,15,SMOKIE - LAY BACK IN THE ARMS OF SOMEONE,10
MELANIE C,15,JOAN JETT - I LOVE ROCK'N'ROLL,10
AMERICA,15,BILL MEDLEY - (I'VE HAD) THE TIME OF MY LIFE,10
PETER MAFFAY,15,RYAN PARIS - DOLCE VITA,10
ZUCCHERO,15,THE REAL THING VS. DAREN DEEZER - YOU TO ME ARE EVERYTHING,10
GAZEBO,15,WHAM! - WAKE ME UP BEFORE YOU GO GO,10
EDDY GRANT,15,JOURNEY - DON'T STOP BELIEVIN',10
LUTRICIA MCNEAL,15,CROWDED HOUSE - DON'T DREAM IT'S OVER,10
JERMAINE JACKSON,15,FOREIGNER - WAITING FOR A GIRL LIKE YOU,10
OLIVIA NEWTON-JOHN,15,BONNIE TYLER - LOST IN FRANCE,10
THE HUMAN LEAGUE,15,MIKE OLDFIELD - TO FRANCE,10
SOFT CELL,15,AMERICA - A HORSE WITH NO NAME,10
RIHANNA,15,UNCLE KRACKER - FOLLOW ME,10
ANNIE LENNOX,15,ROD STEWART - DOWNTOWN TRAIN,10
SISTER SLEDGE,15,SHAKIRA - UNDERNEATH YOUR CLOTHES,10
GEORGE HARRISON,14,JON SECADA - JUST ANOTHER DAY,10
ATOMIC KITTEN,14,RONAN KEATING - LIFE IS A ROLLERCOASTER,10
ERIC CARMEN,14,EXILE - KISS YOU ALL OVER,10
THE RANGE,14,BOSTON - AMANDA,10
LENE MARLIN,14,THE FOUR TOPS - LOCO IN ACAPULCO,10
ROY ORBISON,14,CLOUT - SAVE ME,10
SOULSISTER,14,MAGGIE REILLY - EVERYTIME WE TOUCH,10
THE SILVER BULLET BAND,14,MAGGIE REILLY - TO FRANCE,10
JOURNEY,14,FRANKIE GOES TO HOLLYWOOD - RELAX,10
THE BEACH BOYS,14,ANIMOTION - I ENGINEER,10
DIE TOTEN HOSEN,14,PAT BENATAR - LOVE IS A BATTLEFIELD,10
SHEENA EASTON,14,ANNIE LENNOX - WALKING ON BROKEN GLASS,10
LENNY KRAVITZ,14,BANANARAMA - ROBERT DE NIRO'S WAITING,9
TERRY JACKS,14,PAUL YOUNG - LOVE OF THE COMMON PEOPLE,9
NICOLE KIDMAN,14,EURYTHMICS - THORN IN MY SIDE,9
KATE BUSH,14,ERASURE - ALWAYS,9
THE REMBRANDTS,14,SURVIVOR - EYE OF THE TIGER (THEME),9
THE ALAN PARSONS PROJECT,14,PET SHOP BOYS - SE A VIDA É (THAT'S THE WAY LIFE IS),9
LEO SAYER,14,PET SHOP BOYS - IT'S A SIN,9
DON MCLEAN,13,PET SHOP BOYS - SUBURBIA,9
HOWARD JONES,13,ROXETTE - THE LOOK,9
EVERYTHING BUT THE GIRL,13,BACKSTREET BOYS - EVERYBODY (BACKSTREET'S BACK),9
SUZANNE VEGA,13,ASIA - HEAT OF THE MOMENT,9
CARL DOUGLAS,13,COCK ROBIN - WHEN YOUR HEART IS WEAK,9
KIM CARNES,13,NENEH CHERRY - 7 SECONDS,9
GEORGE EZRA,13,TAYLOR SWIFT - ANTI-HERO,9
DJ BOBO,13,CYNDI LAUPER - TRUE COLORS,9
PAUL MCCARTNEY,13,CÉLINE DION - I'M ALIVE,9
MARIAH CAREY,13,UB 40 - KINGSTON TOWN,9
T'PAU,13,BLONDIE - HEART OF GLASS,9
JAMES MORRISON,13,STEVIE WONDER - PART-TIME LOVER,9
JUICE NEWTON,13,STEVIE WONDER - ISN'T SHE LOVELY,9
WHITESNAKE,13,STING - FIELDS OF GOLD,9
T. REX,13,QUEEN - A KIND OF MAGIC,9
BERLIN,13,JASON DONOVAN - ESPECIALLY FOR YOU,9
WESTERNHAGEN,13,MARIT LARSEN - IF A SONG COULD GET ME YOU,9
THE CARS,13,THE CORRS - WHAT CAN I DO,9
TALK TALK,13,ROY ORBISON - YOU GOT IT,9
ROXY MUSIC,13,KOOL - CHERISH,9
"JOHN ""COUGAR"" MELLENCAMP",13,THE GANG - CHERISH,9
DON HENLEY,13,JIMMY CLIFF - I CAN SEE CLEARLY NOW,9
KATY PERRY,13,KIM WILDE - WATER ON GLASS,9
LADY GAGA,13,ELECTRIC LIGHT ORCHESTRA - CALLING AMERICA,9
JOHANNES OERDING,13,DOUBLE - THE CAPTAIN OF HER HEART,9
SARAH CONNOR,13,DIRE STRAITS - MONEY FOR NOTHING,9
KATE YANAI,13,GIANNA NANNINI - BELLO E IMPOSSIBILE,9
ALL-4-ONE,12,THELMA HOUSTON - DON'T LEAVE ME THIS WAY,9
BARCLAY JAMES HARVEST,12,FALCO - OUT OF THE DARK,9
ULTRAVOX,12,4 NON BLONDES - WHAT'S UP,9
GARLAND JEFFREYS,12,HADDAWAY - WHAT IS LOVE,9
PASSENGER,12,FOREIGNER - SAY YOU WILL,9
THE SUPREMES,12,FOREIGNER - THAT WAS YESTERDAY,9
TOM PETTY,12,TOTO - ROSANNA,9
SAMANTHA FOX,12,TOTO - AFRICA,9
MARIT LARSEN,12,MEN WITHOUT HATS - THE SAFETY DANCE,9
METALLICA,12,ANDRU DONALDS - ALL OUT OF LOVE,9
THE KINKS,12,KATRINA - WALKING ON SUNSHINE,9
ÁLVARO SOLER,12,THE WAVES - WALKING ON SUNSHINE,9
LIPPS INC,12,MIKE OLDFIELD - MOONLIGHT SHADOW,9
SAVAGE GARDEN,12,EUROPE - CARRIE,9
ALVARO SOLER,12,JOHNNY HATES JAZZ - SHATTERED DREAMS,9
MICHAEL SCHULTE,12,THE POLICE - EVERY BREATH YOU TAKE,9
BOSTON,12,"BARRY WHITE - YOU'RE THE FIRST, THE LAST, MY EVERYTHING",9
BOY MEETS GIRL,12,BARRY WHITE - LET THE MUSIC PLAY,9
THE FOUR TOPS,12,RITA COOLIDGE - YOUR LOVE HAS LIFTED ME(HIGHER AND HIGHER),9
MEAT LOAF,12,CLIMIE FISHER - LOVE CHANGES (EVERYTHING),9
RITA COOLIDGE,12,SPANDAU BALLET - THROUGH THE BARRICADES,9
MARC ALMOND,12,AMY MACDONALD - THIS IS THE LIFE,9
SANTANA,12,EDDY GRANT - GIMME HOPE JO'ANNA,9
BLACK,12,ALPHAVILLE - BIG IN JAPAN [80ER-VERSION SWR1],9
SOUL ASYLUM,12,SHAKESPEARS SISTER - HELLO (TURN YOUR RADIO ON),9
CHESNEY HAWKES,12,GLORIA GAYNOR - NEVER CAN SAY GOODBYE,9
THE BEATLES,12,WATERSHED - INDIGO GIRL,9
GLENN FREY,12,BLACK - WONDERFUL LIFE,9
LEANN RIMES,12,JOHN PAUL YOUNG - LOVE IS IN THE AIR,9
STEVE MILLER BAND,11,LIMAHL - NEVER ENDING STORY,9
GÜNTER NORIS UND SEINE GALA BIG BAND,11,THE ALAN PARSONS PROJECT - DON'T ANSWER ME,9
ABC,11,ISRAEL KAMAKAWIWO'OLE - SOMEWHERE OVER THE RAINBOW / WHAT A WONDERFUL WORLD,9
SHAWN MENDES,11,VISAGE - FADE TO GREY,9
YOUSSOU N'DOUR,11,LEO SAYER - WHEN I NEED YOU,9
JOHN WAITE,11,CARO EMERALD - A NIGHT LIKE THIS,9
AC,11,SECRET SERVICE - TEN O'CLOCK POSTMAN,9
DC,11,BANANARAMA - CRUEL SUMMER,8
MARQUESS,11,BANANARAMA - VENUS,8
THE BLACKHEARTS,11,BRYAN ADAMS - WHEN YOU'RE GONE,8
THE CONNELLS,11,BRYAN ADAMS - (EVERYTHING I DO) I DO IT FOR YOU,8
DIE FANTASTISCHEN VIER,11,TEXAS - I DON'T WANT A LOVER,8
NO MERCY,11,GENESIS - JESUS HE KNOWS ME,8
DUSTY SPRINGFIELD,11,PAUL YOUNG - SENZA UNA DONNA ( WITHOUT A WOMAN ),8
GUNS'N'ROSES,11,RICK ASTLEY - NEVER GONNA GIVE YOU UP,8
MICHAEL MCDONALD,11,EURYTHMICS - HERE COMES THE RAIN AGAIN,8
HADDAWAY,11,BRUCE SPRINGSTEEN - HUNGRY HEART,8
TWO OF US,11,FINE YOUNG CANNIBALS - SHE DRIVES ME CRAZY,8
OZZY OSBOURNE,11,ICH + ICH - VOM SELBEN STERN,8
YAZOO,11,CLIFF RICHARD - DREAMIN',8
BARBRA STREISAND,11,ALISON MOYET - WEAK IN THE PRESENCE OF BEAUTY,8
MATTHEW WILDER,11,CHRIS DEBURGH - MISSING YOU,8
LINDA RONSTADT,11,BOB MARLEY - BUFFALO SOLDIER,8
MARLON ROUDETTE,11,PET SHOP BOYS - GO WEST,8
EXILE,11,BOY GEORGE - EVERYTHING I OWN,8
FOOLS GARDEN,11,SIMPLY RED - IF YOU DON'T KNOW ME BY NOW,8
SUNRISE AVENUE,11,ROXETTE - SLEEPING IN MY CAR,8
LEVEL 42,11,BACKSTREET BOYS - I WANT IT THAT WAY,8
M PEOPLE,11,KYLIE MINOGUE - ESPECIALLY FOR YOU,8
AMY WINEHOUSE,11,ADELE - ROLLING IN THE DEEP,8
PETER SCHILLING,11,BELINDA CARLISLE - HEAVEN IS A PLACE ON EARTH,8
PETER CETERA,11,CYNDI LAUPER - SHE BOP,8
MARSHALL-HAIN,11,SAMANTHA FOX - TOUCH ME (I WANT YOUR BODY),8
FRANKIE GOES TO HOLLYWOOD,11,ELTON JOHN - I GUESS THAT'S WHY THEY CALL IT THE BLUES,8
THE SUNSHINE BAND,11,MANFRED MANN'S EARTH BAND - BLINDED BY THE LIGHT,8
LIMAHL,11,TRACY CHAPMAN - FAST CAR,8
MURRAY HEAD,11,THE BEE GEES - NIGHT FEVER,8
FREDDIE MERCURY,11,THE BEE GEES - ALONE,8
CARO EMERALD,11,DELEGATION - HEARTACHE NO. 9,8
GLORIA ESTEFAN,11,CUTTING CREW - I'VE BEEN IN LOVE BEFORE,8
MAX GIESINGER,11,AEROSMITH - I DON'T WANT TO MISS A THING,8
GEORGE MCCRAE,10,SMOKIE - LIVING NEXT DOOR TO ALICE,8
MILEY CYRUS,10,KOOL - CELEBRATION,8
DEXYS MIDNIGHT RUNNERS,10,THE GANG - CELEBRATION,8
ARETHA FRANKLIN,10,JENNIFER BROWN - TUESDAY AFTERNOON,8
NENEH CHERRY,10,MARIAH CAREY - WITHOUT YOU,8
DELEGATION,10,GEORGE MICHAEL - CARELESS WHISPER,8
SPICE GIRLS,10,GEORGE MICHAEL - FAITH,8
JOAN JETT,10,OZZY OSBOURNE - DREAMER,8
BILL MEDLEY,10,MICHAEL PATRICK KELLY - THROWBACK,8
MATT SIMONS,10,ANDRU DONALDS - MISHALE (MICHELLE),8
RYAN PARIS,10,KATRINA - LOVE SHINE A LIGHT,8
THE REAL THING VS. DAREN DEEZER,10,THE WAVES - LOVE SHINE A LIGHT,8
CHRIS DE BURGH,10,DONNA SUMMER - HOT STUFF,8
GREEN DAY,10,ENYA - ONLY TIME,8
VANESSA PARADIS,10,ENYA - ORINOCO FLOW (SAIL AWAY),8
THE BEAUTIFUL SOUTH,10,THE J. GEILS BAND - CENTERFOLD,8
MEN WITHOUT HATS,10,ALANNAH MYLES - BLACK VELVET,8
MAROON 5,10,BILLY JOEL - UPTOWN GIRL,8
THE J. GEILS BAND,10,ROD STEWART - SOME GUYS HAVE ALL THE LUCK,8
UNCLE KRACKER,10,ROD STEWART - THE MOTOWN SONG,8
ONEREPUBLIC,10,CAT STEVENS - FATHER AND SON,8
JON SECADA,10,RICHARD MARX - RIGHT HERE WAITING,8
DAVID LEE ROTH,10,AL STEWART - YEAR OF THE CAT,8
CLIMIE FISHER,10,ZUCCHERO - SENZA UNA DONNA ( WITHOUT A WOMAN ),8
URIAH HEEP,10,LEVEL 42 - LESSONS IN LOVE,8
LAID BACK,10,THE THREE DEGREES - WHEN WILL I SEE YOU AGAIN,8
JOHN LENNON,10,LAID BACK - SUNSHINE REGGAE,8
THE KILLERS,10,CLOUSEAU - CLOSE ENCOUNTERS,8
JASON MRAZ,10,THE KILLERS - HUMAN,8
ECHT,10,PETER CETERA - GLORY OF LOVE (THEME),8
THE MONKEES,10,JASON MRAZ - I'M YOURS,8
ANIMOTION,10,JON - I'LL FIND MY WAY HOME,8
BEYONCÉ,10,VANGELIS - I'LL FIND MY WAY HOME,8
JOSHUA KADISON,10,ECHT - DU TRÄGST KEINE LIEBE IN DIR,8
BILL WITHERS,9,HEART - ALONE,8
DOLLY PARTON,9,THE SUNSHINE BAND - GIVE IT UP,8
ASIA,9,MELANIE FIONA - MONDAY MORNING,8
THE HEARTBREAKERS,9,GLENN FREY - THE HEAT IS ON,8
GORDON LIGHTFOOT,9,"BOBBY MCFERRIN - DON'T WORRY, BE HAPPY",8
DOUBLE,9,NICK STRAKER BAND - A WALK IN THE PARK,8
THELMA HOUSTON,9,PAT BENATAR - WE BELONG,8
SILBERMOND,9,"MOTI SPECIAL - COLD DAYS, HOT NIGHTS",8
4 NON BLONDES,9,JOSHUA KADISON - JESSIE,8
MARVIN GAYE,9,BANANARAMA - LOVE IN THE FIRST DEGREE,7
BRITNEY SPEARS,9,BRYAN ADAMS - RUN TO YOU,7
SLADE,9,GEORGE HARRISON - GOT MY MIND SET ON YOU,7
JUSTIN TIMBERLAKE,9,ABBA - DANCING QUEEN,7
PETER FOX,9,CHRIS REA - I CAN HEAR YOUR HEARTBEAT,7
HEINZ RUDOLF KUNZE,9,STEVE MILLER BAND - ABRACADABRA,7
AL STEWART,9,TINA TURNER - PRIVATE DANCER,7
AURA DIONE,9,TINA TURNER - TYPICAL MALE,7
RIGHT SAID FRED,9,CHRISTOPHER CROSS - RIDE LIKE THE WIND,7
DARYL HALL,9,FINE YOUNG CANNIBALS - GOOD THING,7
OMD,9,DONNA LEWIS - I LOVE YOU ALWAYS FOREVER,7
JOHN DENVER,9,BARCLAY JAMES HARVEST - LIFE IS FOR LIVING,7
PINK FLOYD,9,SURVIVOR - BURNING HEART,7
TOM JONES,9,BEE GEES - SECRET LOVE,7
MAMAS,9,"BIG MOUNTAIN - BABY, I LOVE YOUR WAY",7
THE THREE DEGREES,9,CLIFF RICHARD - SOME PEOPLE,7
OASIS,9,ROBBIE WILLIAMS - ANGELS,7
REVOLVERHELD,9,ROBBIE WILLIAMS - SHE'S THE ONE,7
THE WAILERS,9,CARLY SIMON - YOU'RE SO VAIN,7
SHAKESPEARS SISTER,9,COLBIE CAILLAT - BUBBLY,7
OTIS REDDING,9,"CHER - GYPSIES, TRAMPS AND THIEVES",7
WATERSHED,9,ROXETTE - SPENDING MY TIME,7
JOHN PAUL YOUNG,9,ROXETTE - MILK AND TOAST AND HONEY,7
MELISSA ETHERIDGE,9,ROXETTE - THE CENTRE OF THE HEART (IS A SUBURB TO THE BRAIN),7
ISRAEL KAMAKAWIWO'OLE,9,ROXETTE - LISTEN TO YOUR HEART,7
VISAGE,9,KYLIE MINOGUE - CAN'T GET YOU OUT OF MY HEAD,7
MAXI PRIEST,9,ORCHESTRAL MANOEUVRES IN THE DARK - MAID OF ORLEANS,7
MICHAEL BOLTON,9,THE WEATHER GIRLS - IT'S RAINING MEN,7
SECRET SERVICE,9,LIQUIDO - NARCOTIC,7
KC,9,SASHA - WE CAN LEAVE THE WORLD,7
CHRIS ISAAK,9,JOE COCKER - FIRST WE TAKE MANHATTAN,7
ALANIS MORISSETTE,8,EROS RAMAZZOTTI - UN' EMOZIONE PER SEMPRE,7
MARK FORSTER,8,MADONNA - TRUE BLUE,7
ALAN PARSONS PROJECT,8,REAMONN - TONIGHT,7
BIG MOUNTAIN,8,CULTURE CLUB - DO YOU REALLY WANT TO HURT ME,7
MARIUS MÜLLER-WESTERNHAGEN,8,"NENA - IRGENDWIE, IRGENDWO, IRGENDWANN",7
BOY GEORGE,8,STEVIE WONDER - YOU ARE THE SUNSHINE OF MY LIFE,7
LIQUIDO,8,LIONEL RICHIE - MY DESTINY,7
MEGHAN TRAINOR,8,CUTTING CREW - I JUST DIED IN YOUR ARMS,7
LUIS FONSI,8,ALCAZAR - CRYING AT THE DISCOTHEQUE,7
NAZARETH,8,LUIS FONSI - DESPACITO,7
JENNIFER BROWN,8,DADDY YANKEE - DESPACITO,7
AMY GRANT,8,SUPERTRAMP - BREAKFAST IN AMERICA,7
REINHARD MEY,8,CAMOUFLAGE - THE GREAT COMMANDMENT,7
CAROLE KING,8,JIMMY CLIFF - REGGAE NIGHT,7
ALANNAH MYLES,8,MILOW - HOWLING AT THE MOON,7
GILBERT O'SULLIVAN,8,NO MERCY - WHERE DO YOU GO,7
PETER GABRIEL,8,CHYP-NOTIC - I CAN'T GET ENOUGH,7
KELLY CLARKSON,8,DUSTY SPRINGFIELD - SON OF A PREACHER MAN,7
THOMPSON TWINS,8,NAZARETH - LOVE HURTS,7
THE STRANGLERS,8,CROWDED HOUSE - WEATHER WITH YOU,7
JIMMY SOMERVILLE,8,BILLY IDOL - FLESH FOR FANTASY,7
MICHAEL SEMBELLO,8,MICHAEL JACKSON - BEAT IT,7
VAN HALEN,8,FALCO - ROCK ME AMADEUS,7
NAMIKA,8,TOTO - HOLD THE LINE,7
CHRIS NORMAN,8,MICHAEL PATRICK KELLY - ID,7
MIDNIGHT OIL,8,BONNIE TYLER - IT'S A HEARTACHE,7
KISS,8,BONNIE TYLER - HOLDING OUT FOR A HERO,7
ROBERTA FLACK,8,JENNIFER RUSH - I COME UNDONE,7
CLOUSEAU,8,NICK KAMEN - EACH TIME YOU BREAK MY HEART,7
THE DOOBIE BROTHERS,8,YAZOO - DON'T GO,7
SAM SMITH,8,SIMON - MRS. ROBINSON,7
THE MAMAS AND THE PAPAS,8,GARFUNKEL - MRS. ROBINSON,7
JON,8,DIONNE WARWICK - HEARTBREAKER,7
VANGELIS,8,JOACHIM WITT - GOLDENER REITER,7
COMMODORES,8,THE BUGGLES - VIDEO KILLED THE RADIO STAR,7
CLUESO,8,OF MONSTERS AND MEN - LITTLE TALKS,7
THE THE PAPAS,8,BILLY JOEL - THE RIVER OF DREAMS,7
RUPERT HOLMES,8,BILLY JOEL - THE LONGEST TIME,7
JOHN OATES,8,BILLY OCEAN - CARIBBEAN QUEEN (NO MORE LOVE ON THE RUN),7
MELANIE FIONA,8,T. REX - HOT LOVE,7
TOM PETTY AND THE HEARTBREAKERS,8,LENNY KRAVITZ - IT AIN'T OVER 'TIL IT'S OVER,7
PLAIN WHITE T'S,8,RIGHT SAID FRED - DON'T TALK JUST KISS,7
MILKY CHANCE,8,GERRY RAFFERTY - BAKER STREET,7
BOBBY MCFERRIN,8,DEBARGE - RHYTHM OF THE NIGHT,7
NICK STRAKER BAND,8,TALK TALK - SUCH A SHAME,7
LEWIS CAPALDI,8,SHOCKING BLUE - VENUS,7
THE CRANBERRIES,8,SPANDAU BALLET - TRUE,7
MOTI SPECIAL,8,CHRIS NORMAN - STUMBLIN' IN,7
ALICIA KEYS,8,ANDREAS BOURANI - AUF ANDEREN WEGEN,7
THE MOODY BLUES,8,ANDREAS BOURANI - AUF UNS,7
RAINBIRDS,8,OLIVIA NEWTON-JOHN - XANADU,7
LEONA LEWIS,7,MAGGIE REILLY - MOONLIGHT SHADOW,7
DONNA LEWIS,7,JOHN LENNON - IMAGINE,7
GABRIELLE,7,BETTE MIDLER - BEAST OF BURDEN,7
POINTER SISTERS,7,PETER SCHILLING - MAJOR TOM (VÖLLIG LOSGELÖST),7
EDWYN COLLINS,7,TEN SHARP - YOU,7
THE WEATHER GIRLS,7,RUPERT HOLMES - ESCAPE (THE PINA COLADA SONG),7
ELVIS PRESLEY,7,COLESKE - TAKE ME WHERE THE SUN IS SHINING,7
ALCAZAR,7,DAVID DUNDAS - JEANS ON,7
DADDY YANKEE,7,MELISSA ETHERIDGE - LIKE THE WAY I DO,7
ROLLING STONES,7,KELVIN JONES - CALL YOU HOME,7
BARRY MANILOW,7,ALBERT HAMMOND - THE FREE ELECTRIC BAND,7
CHYP-NOTIC,7,LEANN RIMES - CAN'T FIGHT THE MOONLIGHT (THEME),7
EMPIRE OF THE SUN,7,MICHAEL LEARNS TO ROCK (MLTR) - WILD WOMEN,7
BLUR,7,SANTA ESMERALDA STARRING LEROY GOMEZ - DON'T LET ME BE MISUNDERSTOOD - ESMERALDA SUITE,7
THE HOLLIES,7,KC - GIVE IT UP,7
CHRIS STAPLETON,7,GOTYE - SOMEBODY THAT I USED TO KNOW,7
DIONNE WARWICK,7,RAINBIRDS - BLUEPRINT,7
JOACHIM WITT,7,BRYAN ADAMS - HEAVEN,6
JULI,7,BRYAN ADAMS - CLOUD NUMBER NINE,6
THE BUGGLES,7,A-HA - HUNTING HIGH AND LOW,6
OF MONSTERS AND MEN,7,A-HA - TOUCHY!,6
LOST FREQUENCIES,7,DON MCLEAN - AMERICAN PIE - PART ONE,6
GLADYS KNIGHT,7,ALANIS MORISSETTE - THANK U (THANK YOU),6
HOLLY JOHNSON,7,ABBA - SUPER TROUPER,6
GERRY RAFFERTY,7,ABBA - LAY ALL YOUR LOVE ON ME,6
BOB DYLAN,7,CHRIS REA - LET'S DANCE,6
HUBERT KAH,7,EURYTHMICS - THERE MUST BE AN ANGEL (PLAYING WITH MY HEART),6
DEBARGE,7,TINA TURNER - I DON'T WANNA LOSE YOU,6
HARRY STYLES,7,TINA TURNER - GOLDENEYE,6
SHOCKING BLUE,7,TINA TURNER - WHAT'S LOVE GOT TO DO WITH IT,6
BAP,7,ULTRAVOX - DANCING WITH TEARS IN MY EYES,6
CAMILA CABELLO,7,WHITNEY HOUSTON - ONE MOMENT IN TIME,6
THE ANIMALS,7,WHITNEY HOUSTON - SAVING ALL MY LOVE FOR YOU,6
BEATLES,7,ATOMIC KITTEN - WHOLE AGAIN,6
JOHNNY LOGAN,7,MIKE - OVER MY SHOULDER,6
DISTURBED,7,THE MECHANICS - OVER MY SHOULDER,6
TEN SHARP,7,STARSHIP - SARA,6
ZOE WEES,7,CHRIS DEBURGH - THE LADY IN RED,6
COLESKE,7,CHER - SAVE UP ALL YOUR TEARS,6
ELLIE GOULDING,7,HOT CHOCOLATE - EVERY 1'S A WINNER,6
DAVID DUNDAS,7,ED SHEERAN - PERFECT,6
NELLY FURTADO,7,KYLIE MINOGUE - THE LOCO-MOTION,6
LUKE COMBS,7,ORCHESTRAL MANOEUVRES IN THE DARK - WALKING ON THE MILKY WAY,6
KELVIN JONES,7,REO SPEEDWAGON - CAN'T FIGHT THIS FEELING,6
CHRISTINA AGUILERA,7,ERIC CLAPTON - PROMISES,6
UGLY KID JOE,7,ERIC CLAPTON - LAYLA,6
KRAFTWERK,7,HERBERT GRÖNEMEYER - HALT MICH,6
FAIRGROUND ATTRACTION,7,EROS RAMAZZOTTI - SE BASTASSE UNA CANZONE,6
TEXAS LIGHTNING,7,ELTON JOHN - SAD SONGS (SAY SO MUCH),6
MICHAEL LEARNS TO ROCK (MLTR),7,MADONNA - THE POWER OF GOOD-BYE,6
SANTA ESMERALDA STARRING LEROY GOMEZ,7,MADONNA - CHERISH,6
SCOTT MCKENZIE,7,CULTURE CLUB - KARMA CHAMELEON,6
HOOTERS,7,JAMES BLUNT - STAY THE NIGHT,6
ADEL TAWIL,7,JAMES BLUNT - BONFIRE HEART,6
GRACE JONES,7,NENA - 99 LUFTBALLONS (NEUNUNDNEUNZIG LUFTBALLONS),6
THE HOOTERS,7,HARRY NILSSON - WITHOUT YOU,6
JAMES BROWN,7,WOMACK - CELEBRATE THE WORLD,6
ENIGMA,7,MARQUESS - VAYAMOS COMPAÑEROS,6
LUKAS GRAHAM,7,KOOL - JOANNA,6
GOTYE,7,THE GANG - JOANNA,6
GARY BARLOW,6,MINK DEVILLE - EACH WORD'S A BEAT OF MY HEART,6
BRYAN FERRY,6,"TRAIN - HEY, SOUL SISTER",6
NATALIE COLE,6,TRAIN - DRIVE BY,6
DIDO,6,BARRY MANILOW - MANDY,6
HARRY NILSSON,6,KIM WILDE - IF I CAN'T HAVE YOU,6
MINK DEVILLE,6,PINK - TRY,6
IRON MAIDEN,6,IRENE CARA - FLASHDANCE (WHAT A FEELING),6
GLASS TIGER,6,IRENE CARA - FAME,6
JOHN FOGERTY,6,SUZI QUATRO - IF YOU CAN'T GIVE ME LOVE,6
KLAUS LAGE,6,SUZI QUATRO - STUMBLIN' IN,6
SINÉAD O'CONNOR,6,DIRE STRAITS - SO FAR AWAY,6
THE WEEKND,6,DIRE STRAITS - SULTANS OF SWING,6
SEEED,6,SINÉAD O'CONNOR - NOTHING COMPARES 2 U,6
TLC,6,EMPIRE OF THE SUN - WE ARE THE PEOPLE,6
THE ROMANTICS,6,MICHAEL JACKSON - HEAL THE WORLD,6
RANDY CRAWFORD,6,MICHAEL JACKSON - BILLIE JEAN,6
JACK JOHNSON,6,DJ BOBO - THERE IS A PARTY,6
SNAP,6,FALCO - DER KOMMISSAR,6
MENTAL AS ANYTHING,6,VANESSA PARADIS - BE MY BABY,6
REA GARVEY,6,BLUR - SONG 2,6
RED HOT CHILI PEPPERS,6,THE ROMANTICS - TALKING IN YOUR SLEEP,6
FLASH,6,THE BEACH BOYS - SURFIN' U.S.A.,6
THE PAN,6,BRITNEY SPEARS - BABY ONE MORE TIME,6
NEW ORDER,6,MICHAEL PATRICK KELLY - BEAUTIFUL MADNESS,6
RUFUS AND CHAKA KHAN,6,LONDONBEAT - YOU BRING ON THE SUN,6
PATRICK HERNÁNDEZ,6,SAVAGE GARDEN - TO THE MOON AND BACK,6
MARK RONSON,6,JENNIFER RUSH - AVE MARIA (SURVIVORS OF A DIFFERENT KIND),6
SYDNEY YOUNGBLOOD,6,CAROLE KING - HARD ROCK CAFE,6
JON BON JOVI,6,BILLY JOEL - MY LIFE,6
LOUANE,6,BILLY JOEL - ALLENTOWN,6
YVONNE ELLIMAN,6,FRANCE GALL - BABACAR,6
ROSENSTOLZ,6,CAT STEVENS - LADY D'ARBANVILLE,6
AVA MAX,6,SHEENA EASTON - FOR YOUR EYES ONLY,6
DEEP PURPLE,6,SHEENA EASTON - 9 TO 5 (MORNING TRAIN),6
FAMILY OF THE YEAR,6,"BILLY OCEAN - WHEN THE GOING GETS TOUGH, THE TOUGH GET GOING",6
LOBO,6,LINDA RONSTADT - IT'S SO EASY,6
BAND,6,PRINCE - THE MOST BEAUTIFUL GIRL IN THE WORLD,6
POLICE,6,THE STRANGLERS - ALWAYS THE SUN,6
10CC,6,MENTAL AS ANYTHING - LIVE IT UP,6
FURY IN THE SLAUGHTERHOUSE,6,DAVID BOWIE - THIS IS NOT AMERICA,6
DEAN LEWIS,6,DAVID BOWIE - CHINA GIRL,6
CYRIL,6,DAVID BOWIE - LET'S DANCE,6
ALAN JACKSON,6,JOHN DENVER - TAKE ME HOME COUNTRY ROADS,6
BOYZONE,6,MICHAEL SEMBELLO - MANIAC,6
PAUL SIMON,6,TALK TALK - IT'S MY LIFE,6
EAGLE-EYE CHERRY,6,MEN AT WORK - WHO CAN IT BE NOW?,6
COREY HART,6,RUFUS AND CHAKA KHAN - AIN'T NOBODY,6
PHIL CARMEN,6,CAMILA CABELLO - SEÑORITA,6
THE BYRDS,6,PATRICK HERNÁNDEZ - BORN TO BE ALIVE,6
TRAVELING WILBURYS,6,MARC ALMOND - SOMETHING'S GOTTEN HOLD OF MY HEART,6
TAYLOR DAYNE,6,EDDY GRANT - I DON'T WANNA DANCE,6
ART GARFUNKEL,6,MIDNIGHT OIL - BEDS ARE BURNING,6
VANESSA WILLIAMS,6,LOUANE - AVENIR,6
PICTURE THIS,6,YVONNE ELLIMAN - IF I CAN'T HAVE YOU,6
JOHNNY WAKELIN,6,ALPHAVILLE - SOUNDS LIKE A MELODY,6
THE NEW POWER GENERATION,6,OLIVIA NEWTON-JOHN - PHYSICAL,6
PRETENDERS,6,THE HUMAN LEAGUE - TELL ME WHEN,6
NORAH JONES,6,REVOLVERHELD - ICH LASS FÜR DICH DAS LICHT AN,6
APACHE 207,6,BETTE MIDLER - THE ROSE,6
HURTS,6,FAMILY OF THE YEAR - HERO,6
MILLI VANILLI,6,LOBO - I'D LOVE YOU TO WANT ME,6
NICO SANTOS,6,ROBERTA FLACK - KILLING ME SOFTLY WITH HIS SONG,6
KIMBRA,6,ROBERT PALMER - JOHNNY AND MARY,6
THE COMMUNARDS,6,CYRIL - STUMBLIN' IN,6
EN VOGUE,6,TOM PETTY AND THE HEARTBREAKERS - INTO THE GREAT WIDE OPEN,6
GLORIA M. ESTEFAN,6,PLAIN WHITE T'S - HEY THERE DELILAH,6
THE ADVENTURES,6,MILKY CHANCE - COCOON,6
LADY ANTEBELLUM,5,EAGLE-EYE CHERRY - SAVE TONIGHT,6
GEORGE,5,MAXI PRIEST - WILD WORLD,6
MIKE OLDFIELD; MAGGIE REILLY,5,JOHANNES OERDING - AN GUTEN TAGEN,6
EDDIE MONEY,5,TAYLOR DAYNE - TELL IT TO MY HEART,6
CHRISSIE HYNDE,5,ART GARFUNKEL - BRIGHT EYES,6
TALKING HEADS,5,VANESSA WILLIAMS - SAVE THE BEST FOR LAST,6
LEONY,5,SARAH CONNOR - FROM SARAH WITH LOVE,6
NICKELBACK,5,ENIGMA - RETURN TO INNOCENCE,6
CULTURE BEAT,5,KIMBRA - SOMEBODY THAT I USED TO KNOW,6
LED ZEPPELIN,5,THE COMMUNARDS - DON'T LEAVE ME THIS WAY,6
ALOE BLACC,5,GLORIA M. ESTEFAN - CONGA,6
SIA,5,THE ADVENTURES - SEND MY HEART,6
THE SWEET,5,MILEY CYRUS - FLOWERS,5
ROSE LAURENS,5,GENESIS - TELL ME WHY,5
NEW MODEL ARMY,5,RICK ASTLEY - TOGETHER FOREVER,5
ALICE COOPER,5,"ABBA - KNOWING ME, KNOWING YOU",5
MARC ANTHONY,5,ABBA - GIMME GIMME GIMME (A MAN AFTER MIDNIGHT),5
KARAT,5,CHRIS REA - LOOKING FOR THE SUMMER,5
ALIZÉE,5,EURYTHMICS - WHEN TOMORROW COMES,5
JUSTIN BIEBER,5,MARK FORSTER - WIR SIND GROSS,5
THE HOUSEMARTINS,5,BRUCE SPRINGSTEEN - THE RIVER,5
FLYING PICKETS,5,ERASURE - OH L'AMOUR,5
IMAGINATION,5,ICH + ICH - UNIVERSUM,5
MOTÖRHEAD,5,WHITNEY HOUSTON - I WILL ALWAYS LOVE YOU,5
MÜNCHENER FREIHEIT,5,CLIFF RICHARD - REMEMBER ME,5
SUTHERLAND BROTHERS,5,EDWYN COLLINS - A GIRL LIKE YOU,5
INNER CIRCLE,5,ROBBIE WILLIAMS - CANDY,5
FERGIE,5,ROBBIE WILLIAMS - FEEL,5
J. J. CALE,5,MIKE - WORD OF MOUTH,5
CRASH TEST DUMMIES,5,THE MECHANICS - WORD OF MOUTH,5
MR. PROBZ,5,BRYAN FERRY - DON'T STOP THE DANCE,5
STYX,5,CHRIS DEBURGH - HIGH ON EMOTION,5
IGGY POP,5,CHRIS DEBURGH - DON'T PAY THE FERRYMAN,5
GLENN MEDEIROS,5,CARLY SIMON - COMING AROUND AGAIN,5
THE CARDIGANS,5,PASSENGER - LET HER GO,5
RUBETTES,5,ARETHA FRANKLIN - RESPECT,5
RAZORLIGHT,5,SIMPLY RED - HOLDING BACK THE YEARS,5
THE FARM,5,SIMPLY RED - FAIRGROUND,5
FONTAINES D.C,5,CHER - THE SHOOP SHOOP SONG ( IT'S IN HIS KISS ),5
REDNEX,5,SHAWN MENDES - SEÑORITA,5
SPIDER MURPHY GANG,5,FLEETWOOD MAC - OH DIANE,5
MARK KNOPFLER,5,FLEETWOOD MAC - GO YOUR OWN WAY,5
KID ROCK,5,FLEETWOOD MAC - DON'T STOP,5
MADS LANGER,5,EDDIE MONEY - TAKE ME HOME TONIGHT (BE MY BABY),5
BORIS GARDINER,5,ERIC CLAPTON - WONDERFUL TONIGHT,5
SAM COOKE,5,COCK ROBIN - JUST AROUND THE CORNER,5
JESUS LOVES YOU,5,TAYLOR SWIFT - SHAKE IT OFF,5
CAKE,5,SASHA - LUCKY DAY,5
BALTIMORA,5,SASHA - IF YOU BELIEVE,5
DANIEL POWTER,5,HERBERT GRÖNEMEYER - WAS SOLL DAS,5
PRINCE AND THE REVOLUTION,5,EROS RAMAZZOTTI - COSE DELLA VITA - CAN'T STOP THINKING OF YOU,5
HUBERT VON GOISERN,5,MR. BIG - WILD WORLD,5
LOONA,5,MADONNA - FROZEN,5
ANNENMAYKANTEREIT,5,MADONNA - PAPA DON'T PREACH,5
DEAD OR ALIVE,5,CÉLINE DION - ONE HEART,5
MICHEL TELÓ,5,MANFRED MANN'S EARTH BAND - FOR YOU,5
WINGS,5,THE BEE GEES - JULIET,5
RINGO STARR,5,JAMES BLUNT - YOU'RE BEAUTIFUL,5
SPLIFF,5,UB 40 - I GOT YOU BABE,5
SPIN DOCTORS,5,CHRISSIE HYNDE - I GOT YOU BABE,5
WILLIE NELSON,5,BLONDIE - CALL ME,5
UDO JÜRGENS,5,TALKING HEADS - ROAD TO NOWHERE,5
GENE PITNEY,5,STING - ENGLISHMAN IN NEW YORK,5
BROOKS,5,GORDON LIGHTFOOT - SUNDOWN,5
DUNN,5,QUEEN - FRIENDS WILL BE FRIENDS,5
THE TURTLES,5,QUEEN - ANOTHER ONE BITES THE DUST,5
ONE DIRECTION,5,SMOKIE - DON'T PLAY YOUR ROCK'N'ROLL TO ME,5
WILL TO POWER,5,LEONY - BY YOUR SIDE (IN MY MIND),5
BUGGLES,5,KOOL - FRESH,5
SKIP MARLEY,5,KOOL - LADIES' NIGHT,5
OMD (ORCHESTRAL MANOEUVRES IN THE DARK),5,THE GANG - FRESH,5
KINGS OF LEON,5,THE GANG - LADIES' NIGHT,5
RITA ORA,5,BRUNO MARS - COUNT ON ME,5
NIRVANA,5,STATUS QUO - YOU'RE IN THE ARMY NOW,5
TERENCE TRENT D'ARBY,5,STATUS QUO - WHAT YOU'RE PROPOSING,5
ERUPTION,5,CULTURE BEAT - MR. VAIN,5
MAXINE NIGHTINGALE,5,MILOW - AYO TECHNOLOGY,5
CHIC,5,MILOW - YOU DON'T KNOW,5
FREE,5,KIM WILDE - YOU KEEP ME HANGIN' ON,5
GABRIELLA CILMI,5,KIM WILDE - VIEW FROM A BRIDGE,5
LYNYRD SKYNYRD,5,THE WEEKND - BLINDING LIGHTS,5
F. R. DAVID,5,BOB SEGER - AGAINST THE WIND,5
LINKIN PARK,5,ROSE LAURENS - AFRICA (VOODOO MASTER),5
TONY CAREY,5,DEPECHE MODE - JUST CAN'T GET ENOUGH,5
SANTA ESMERALDA,5,MICHAEL JACKSON - I JUST CAN'T STOP LOVING YOU,5
THE ALL STAR BLUES BAND,5,MICHAEL JACKSON - THRILLER,5
NEIL YOUNG,5,MICHAEL JACKSON - YOU ARE NOT ALONE,5
DENIECE WILLIAMS,5,PAUL MCCARTNEY - MULL OF KINTYRE,5
ROBIN BECK,5,MICHAEL MCDONALD - ALL RIGHT,5
ELEMENT OF CRIME,5,THE BEACH BOYS - KOKOMO,5
QUINCY JONES,5,FOREIGNER - I DON'T WANT TO LIVE WITHOUT YOU,5
LEON BRIDGES,5,TOTO - I'LL BE OVER YOU,5
LP,4,SLADE - MY OH MY,5
ALABAMA,4,SAVAGE GARDEN - TRULY MADLY DEEPLY,5
BLAKE SHELTON,4,JAMES MORRISON - YOU GIVE ME SOMETHING,5
KENNY CHESNEY,4,THE BEAUTIFUL SOUTH - ROTTERDAM (OR ANYWHERE),5
IN-GRID,4,SIMON - THE SOUND OF SILENCE,5
DIANA ROSS; SUPREMES,4,GARFUNKEL - THE SOUND OF SILENCE,5
RICHARD SANDERSON,4,INXS - NEED YOU TONIGHT,5
GARTH BROOKS,4,DIE ÄRZTE - GEHN WIE EIN ÄGYPTER,5
BLUES BROTHERS,4,SNAP - RHYTHM IS A DANCER,5
CHARLIE PUTH,4,JUSTIN TIMBERLAKE - SAY SOMETHING,5
MARY J. BLIGE,4,CHRIS STAPLETON - SAY SOMETHING,5
MARIANNE FAITHFULL,4,HUEY LEWIS - POWER OF LOVE,5
TONI BRAXTON,4,HUEY LEWIS - DOING IT ALL FOR MY BABY,5
MARK AMBOR,4,THE NEWS - POWER OF LOVE,5
LAITH AL-DEEN,4,THE NEWS - DOING IT ALL FOR MY BABY,5
VILLE VALO; NATALIA AVELON,4,BILLY JOEL - LENINGRAD,5
THE STEVE MILLER BAND,4,BILLY JOEL - WE DIDN'T START THE FIRE,5
EDOARDO BENNATO,4,JOHNNY HATES JAZZ - TURN BACK THE CLOCK,5
BROOKE FRASER,4,PETER FOX - HAUS AM SEE,5
FOO FIGHTERS,4,FLYING PICKETS - ONLY YOU,5
BUSH,4,ROD STEWART - WHAT AM I GONNA DO (I'M SO IN LOVE WITH YOU),5
JAMES ARTHUR,4,ROD STEWART - TOM TRAUBERT'S BLUES (WALTZING MATILDA),5
VILLE VALO,4,CAT STEVENS - PEACE TRAIN,5
NATALIA AVELON,4,CAT STEVENS - MORNING HAS BROKEN,5
FANCY,4,LINDA RONSTADT - THAT'LL BE THE DAY,5
INKER,4,IMAGINATION - JUST AN ILLUSION,5
HAMILTON,4,ZZ TOP - GIMME ALL YOU LOVIN',5
JUSTIN WELLINGTON,4,"SHAKIRA - WHENEVER, WHEREVER",5
SMALL JAM,4,KELLY CLARKSON - BREAKAWAY,5
KLAUS WEILAND,4,SUTHERLAND BROTHERS - ARMS OF MARY,5
ALVIN STARDUST,4,MARLON ROUDETTE - WHEN THE BEAT DROPS OUT,5
EMMYLOU HARRIS,4,MARLON ROUDETTE - NEW AGE,5
ZAC BROWN BAND,4,BOB DYLAN - BLOWIN' IN THE WIND,5
DICK BRAVE,4,DAVID LEE ROTH - CALIFORNIA GIRLS,5
JANIECK DEVY,4,FERGIE - BIG GIRLS DON'T CRY (PERSONAL),5
A FINE FRENZY,4,DARYL HALL - OUT OF TOUCH,5
GLORIA ESTEFAN AND MIAMI SOUND MACHINE,4,CRASH TEST DUMMIES - MMM MMM MMM MMM,5
RAG'N'BONE MAN,4,MR. PROBZ - WAVES,5
P!NK + WILLOW SAGE HART,4,MEAT LOAF - ROCK AND ROLL DREAMS COME THROUGH,5
THE PIPS,4,GLENN MEDEIROS - NOTHING'S GONNA CHANGE MY LOVE FOR YOU,5
THE BOX TOPS,4,M PEOPLE - MOVING ON UP,5
DNCE,4,FLASH - MIDNIGHT MAN,5
OWL CITY,4,THE PAN - MIDNIGHT MAN,5
PASO DOBLE,4,NEW ORDER - TRUE FAITH,5
DAVE EDMUNDS,4,VAN HALEN - JUMP,5
FELIX JAEHN,4,MAMAS - CALIFORNIA DREAMIN',5
FAITHLESS,4,RUBETTES - SUGAR BABY LOVE,5
SHANICE,4,RAZORLIGHT - WIRE TO WIRE,5
EIGHTH WONDER,4,AMY MACDONALD - IS THIS WHAT YOU'VE BEEN WAITING FOR?,5
HUMAN LEAGUE,4,JUANES - A DIOS LE PIDO,5
JOHN LEE HOOKER,4,THE FARM - ALL TOGETHER NOW,5
DESCEMER BUENO,4,OASIS - WONDERWALL,5
ZION,4,ROXY MUSIC - JEALOUS GUY,5
LENNOX,4,URIAH HEEP - FREE ME,5
HANSON,4,JOHNNY LOGAN - HOLD ME NOW,5
PETTY,4,MICHAEL BUBLÉ - IT'S A BEAUTIFUL DAY,5
TOM AND THE HEARTBREAKERS,4,THE HUMAN LEAGUE - DON'T YOU WANT ME,5
HIGH SOUTH,4,KATE BUSH - RUNNING UP THAT HILL,5
EAST 17,4,KATY PERRY - CHAINED TO THE RHYTHM,5
BERTIE HIGGINS,4,KISS - I WAS MADE FOR LOVING YOU,5
TIGHT FIT,4,KID ROCK - ALL SUMMER LONG,5
STEAM,4,MADS LANGER - YOU'RE NOT ALONE,5
GARETH GATES,4,BORIS GARDINER - I WANT TO WAKE UP WITH YOU,5
DARIO G,4,JESUS LOVES YOU - BOW DOWN MISTER,5
MASSIVE ATTACK,4,LISA STANSFIELD - THE REAL THING,5
FREUNDESKREIS,4,LISA STANSFIELD - ALL AROUND THE WORLD,5
IDEAL,4,THE MAMAS AND THE PAPAS - MONDAY MONDAY,5
WIR SIND HELDEN,4,BALTIMORA - TARZAN BOY,5
ASWAD,4,DANIEL POWTER - BAD DAY,5
WAX,4,DEAD OR ALIVE - YOU SPIN ME ROUND (LIKE A RECORD),5
ELLE KING,4,THE MONKEES - DAYDREAM BELIEVER,5
JORIS,4,THE MONKEES - I'M A BELIEVER,5
GENTLEMAN,4,MICHEL TELÓ - AI SE EU TE PEGO,5
TIM MCGRAW,4,THE THE PAPAS - CALIFORNIA DREAMIN',5
TOBY KEITH,4,WINGS - MULL OF KINTYRE,5
JOHNNY NASH,4,SPIN DOCTORS - TWO PRINCES,5
BEN E. KING,4,RIHANNA - DIAMONDS,5
KEVIN COSTNER,4,GENE PITNEY - SOMETHING'S GOTTEN HOLD OF MY HEART,5
MODERN WEST,4,FREDDIE MERCURY - THE GREAT PRETENDER,5
MADCON,4,THE TURTLES - HAPPY TOGETHER,5
A FLOCK OF SEAGULLS,4,BUGGLES - VIDEO KILLED THE RADIO STAR,5
CHINA CRISIS,4,SKIP MARLEY - CHAINED TO THE RHYTHM,5
JETHRO TULL,4,COREY HART - SUNGLASSES AT NIGHT,5
DIERKS BENTLEY,4,BON JOVI - ALWAYS,5
FETTES BROT,4,RITA ORA - YOUR SONG,5
MUSE,4,TERENCE TRENT D'ARBY - SIGN YOUR NAME,5
MIKKY EKKO,4,THE CRANBERRIES - ZOMBIE,5
MATHOU,4,MICHAEL BOLTON - WHEN A MAN LOVES A WOMAN,5
2RAUMWOHNUNG,4,MAXINE NIGHTINGALE - RIGHT BACK WHERE WE STARTED FROM,5
MADNESS,4,FREE - ALL RIGHT NOW,5
THE LOVIN' SPOONFUL,4,GABRIELLA CILMI - SWEET ABOUT ME,5
SNOW PATROL,4,LYNYRD SKYNYRD - SWEET HOME ALABAMA,5
EVELYN THOMAS,4,F. R. DAVID - WORDS,5
DUFFY,4,THE HOOTERS - JOHNNY B,5
SNIFF'N' THE TEARS,4,MAX GIESINGER - 80 MILLIONEN,5
LIMP BIZKIT,4,CHRIS ISAAK - WICKED GAME,5
COUNTING CROWS,4,NEIL YOUNG - HEART OF GOLD,5
RIO REISER,4,DENIECE WILLIAMS - LET'S HEAR IT FOR THE BOY,5
MAX WERNER,4,BRYAN ADAMS - STRAIGHT FROM THE HEART,4
H-BLOCKX,4,BRYAN ADAMS - A LITTLE MORE UNDERSTANDING,4
PHARRELL WILLIAMS,4,BRYAN ADAMS - THE ONLY THING THAT LOOKS GOOD ON ME IS YOU,4
BLUES BROTHERS BAND,4,LP - LOST ON YOU,4
JOAN OSBORNE,4,CHICAGO - IF YOU LEAVE ME NOW,4
PUR,4,A-HA - STAY ON THESE ROADS,4
MIGHTY OAKS,4,A-HA - SUMMER MOVED ON,4
JOHNNY CASH,4,DON MCLEAN - VINCENT,4
JOE JACKSON,4,PAUL YOUNG - WHEREVER I LAY MY HAT (THAT'S MY HOME),4
THE KELLY FAMILY,4,ABBA - THE WINNER TAKES IT ALL,4
ROBIN SCHULZ,4,ABBA - S.O.S.,4
ALLE FARBEN,4,CHRIS REA - ON THE BEACH,4
KLAUS LAGE BAND,4,LEONA LEWIS - BLEEDING LOVE,4
CARLY RAE JEPSEN,4,LADY ANTEBELLUM - NEED YOU NOW,4
ROBERT MILES,4,EURYTHMICS - LOVE IS A STRANGER,4
ROSA LINN,4,STEVE MILLER BAND - THE JOKER,4
NEIL DIAMOND,4,BRUCE SPRINGSTEEN - DANCING IN THE DARK,4
DAFT PUNK,4,IN-GRID - TU ES FOUTU,4
IMANY,4,ABC - THE LOOK OF LOVE (PART 1),4
AL GREEN,4,BARCLAY JAMES HARVEST - HYMN,4
MCGUINNESS FLINT,4,ERASURE - SOMETIMES,4
CRAIG MORGAN,3,ALAN PARSONS PROJECT - EYE IN THE SKY,4
LYLE LOVETT,3,ALAN PARSONS PROJECT - DON'T ANSWER ME,4
RASCAL FLATTS,3,GABRIELLE - RISE,4
HOZIER,3,CLIFF RICHARD - THE ONLY WAY OUT,4
DIXIE CHICKS,3,ALISON MOYET - ALL CRIED OUT,4
THE CURE,3,ROBBIE WILLIAMS - LOVE MY LIFE,4
BILLY RAY CYRUS,3,CHRIS DEBURGH - SHIP TO SHORE,4
BACHMAN-TURNER OVERDRIVE,3,EAGLES - TAKE IT EASY,4
BLACK PUMAS,3,BOB MARLEY - COULD YOU BE LOVED,4
AZTEC CAMERA,3,PASSENGER - ANYWHERE,4
HAMMOND,3,COLBIE CAILLAT - I DO,4
WEST,3,RICHARD SANDERSON - REALITY,4
J. GEILS BAND,3,CHER - THE SHOOP SHOOP SONG (IT'S IN HIS KISS),4
PORTUGAL. THE MAN,3,HOT CHOCOLATE - YOU SEXY THING,4
STEPHAN REMMLER,3,KYLIE MINOGUE - I SHOULD BE SO LUCKY,4
THE REAL THING,3,ORCHESTRAL MANOEUVRES IN THE DARK - PANDORA'S BOX,4
PAUL CARRACK,3,THE ROLLING STONES - PAINT IT BLACK,4
SHAGGY,3,REO SPEEDWAGON - IN YOUR LETTER,4
FRANKLIN,3,REO SPEEDWAGON - KEEP ON LOVING YOU,4
ARETHA,3,BELINDA CARLISLE - I GET WEAK,4
MICHAEL,3,THE SUPREMES - YOU CAN'T HURRY LOVE,4
F.R. DAVID,3,SASHA - I FEEL LONELY,4
THE VANDELLAS,3,JOE COCKER - SUMMER IN THE CITY,4
PROCOL HARUM,3,JOE COCKER - THE SIMPLE THINGS,4
THE FLOWERPOT MEN,3,ACE OF BASE - LIFE IS A FLOWER,4
PROPAGANDA,3,HERBERT GRÖNEMEYER - MÄNNER,4
BEATSTEAKS,3,HERBERT GRÖNEMEYER - FLUGZEUGE IM BAUCH,4
GEORGE STRAIT,3,HERBERT GRÖNEMEYER - ALKOHOL,4
BIG,3,NATALIE COLE - MISS YOU LIKE CRAZY,4
RICH,3,TOM PETTY - LEARNING TO FLY,4
THE BACKBEATS,3,THE HEARTBREAKERS - LEARNING TO FLY,4
THE BELOVED,3,SAMANTHA FOX - I ONLY WANNA BE WITH YOU,4
KAJAGOOGOO,3,ELTON JOHN - I DON'T WANNA GO ON WITH YOU LIKE THAT,4
FAITH NO MORE,3,ELTON JOHN - HEALING HANDS,4
PAPA ROACH,3,MADONNA - INTO THE GROOVE,4
THE OVERTONES,3,MADONNA - HOLIDAY,4
ISAAC HAYES,3,MADONNA - MATERIAL GIRL,4
OLETA ADAMS,3,CÉLINE DION - THINK TWICE,4
COMMUNARDS,3,THE BEE GEES - HOW DEEP IS YOUR LOVE,4
RUFUS; CHAKA KHAN,3,JAMES BLUNT - POSTCARDS,4
CURTIS STIGERS,3,UB 40 - (I CAN'T HELP) FALLING IN LOVE,4
DANIELLE BRISEBOIS,3,LIGHTHOUSE FAMILY - HIGH,4
DIETER THOMAS KUHN,3,LIONEL RICHIE - JUST FOR YOU,4
THE AVENER,3,LIONEL RICHIE - BALLERINA GIRL,4
EDIE BRICKELL,3,MARIANNE FAITHFULL - THE BALLAD OF LUCY JORDAN,4
VANESSA CARLTON,3,GORDON LIGHTFOOT - IF YOU COULD READ MY MIND,4
BIFFY CLYRO,3,QUEEN - UNDER PRESSURE,4
LAURA PAUSINI,3,ICEHOUSE - HEY LITTLE GIRL,4
FRANKIE MILLER,3,MIDGE URE - BREATHE,4
OFENBACH,3,PHIL COLLINS - YOU CAN'T HURRY LOVE,4
TACO,3,PHIL COLLINS - YOU'LL BE IN MY HEART,4
TRIO RIO,3,PHIL COLLINS - TRUE COLORS,4
WEEZER,3,PHIL COLLINS - AGAINST ALL ODDS (TAKE A LOOK AT ME NOW),4
BLÜMCHEN,3,PHIL COLLINS - CAN'T STOP LOVING YOU,4
CULTURED PEARLS,3,STEVE WINWOOD - BACK IN THE HIGH LIFE AGAIN,4
TEDDY SWIMS,3,STEVE WINWOOD - HIGHER LOVE,4
THE BAND PERRY,3,TONI BRAXTON - UN-BREAK MY HEART,4
THE WALKER BROTHERS,3,MARQUESS - EL TEMPERAMENTO,4
ROBIN THICKE,3,SUPERTRAMP - THE LOGICAL SONG,4
T.I,3,SUPERTRAMP - IT'S RAINING AGAIN,4
PHARRELL,3,ENRIQUE IGLESIAS - SUBEME LA RADIO,4
BRUCE HORNSBY AND THE RANGE,3,MARK AMBOR - BELONG TOGETHER,4
TONI CHILDS,3,BRUNO MARS - MARRY YOU,4
JOHN MILES,3,STATUS QUO - ROCKIN' ALL OVER THE WORLD,4
ETERNAL,3,LAITH AL-DEEN - BILDER VON DIR,4
BLACK EYED PEAS,3,DIE FANTASTISCHEN VIER - TAG AM MEER,4
THE TESKEY BROTHERS,3,GLASS TIGER - DON'T FORGET ME (WHEN I'M GONE),4
JUDAS PRIEST,3,PINK - JUST GIVE ME A REASON,4
SHAKATAK,3,PINK - BRIDGE OF LIGHT,4
X AMBASSADORS,3,ALOE BLACC - I NEED A DOLLAR,4
MIAMI SOUND MACHINE,3,ELECTRIC LIGHT ORCHESTRA - SO SERIOUS,4
THE PASADENAS,3,VILLE VALO; NATALIA AVELON - SUMMER WINE,4
MOBY,3,DIRE STRAITS - WALK OF LIFE,4
CITY,3,CHRIS DE BURGH - THE LADY IN RED,4
GIANT ROOKS,3,CHRIS DE BURGH - SAILING AWAY,4
PH. D,3,BOB SEGER - STILL THE SAME,4
NATE RUESS,3,THE SILVER BULLET BAND - STILL THE SAME,4
JULIAN LENNON,3,EDOARDO BENNATO - UN' ESTATE ITALIANA,4
THE NEW YORK CHAMBER CONSORT,3,GIANNA NANNINI - UN' ESTATE ITALIANA,4
TOMMY JAMES,3,GEORGE EZRA - BUDAPEST,4
THE SHONDELLS,3,SEEED - AUFSTEHN!,4
MODERN TALKING,3,SCORPIONS - STILL LOVING YOU,4
FIVE STAR,3,BROOKE FRASER - SOMETHING IN THE WATER,4
DANNY WILSON,3,BILLY IDOL - WHITE WEDDING (PART 1),4
STEREOPHONICS,3,BILLY IDOL - EYES WITHOUT A FACE,4
KATIE MELUA,3,BILLY IDOL - HOT IN THE CITY,4
MIRANDA LAMBERT,3,MICHAEL JACKSON - BLACK OR WHITE,4
MIDLAND,3,MICHAEL JACKSON - WILL YOU BE THERE,4
MORGAN WALLEN,3,MICHAEL JACKSON - THE WAY YOU MAKE ME FEEL,4
DNA,3,MICHAEL JACKSON - BAD,4
TOM PETTY; HEARTBREAKERS,3,DJ BOBO - EVERYBODY,4
LIVING IN A BOX,3,GREEN DAY - BOULEVARD OF BROKEN DREAMS,4
WHAM,3,PAUL MCCARTNEY - HOPE OF DELIVERANCE,4
THE OTHER ONES,3,METALLICA - NOTHING ELSE MATTERS,4
KUNGS,3,VANESSA PARADIS - JOE LE TAXI,4
OLLY MURS,3,THE KINKS - SUNNY AFTERNOON,4
TWO STEPS FROM HELL,3,SILBERMOND - DAS BESTE,4
MAX MUTZKE,3,THE HOLLIES - THE AIR THAT I BREATHE,4
OMC (OTARA MILLIONAIRES CLUB),3,VILLE VALO - SUMMER WINE,4
DAN HARTMAN,3,NATALIA AVELON - SUMMER WINE,4
OMI,3,MARVIN GAYE - SEXUAL HEALING,4
THE VERVE,3,AMY GRANT - BABY BABY,4
FRANK TURNER,3,UDO LINDENBERG - EIN HERZ KANN MAN NICHT REPARIEREN,4
TOM GREGORY,3,UDO LINDENBERG - MITTENDRIN,4
KINKS,3,UDO LINDENBERG - KOMET,4
THOM PACE,3,JACK JOHNSON - UPSIDE DOWN,4
C. C. CATCH,3,YAZOO - ONLY YOU,4
RICKY MARTIN,3,INXS - MYSTIFY,4
"ISRAEL ""IZ"" KAMAKAWIWO'OLE",3,DIE ÄRZTE - WESTERLAND,4
RAY DALTON,3,JUSTIN TIMBERLAKE - CAN'T STOP THE FEELING!,4
SOULTANS,3,KLAUS WEILAND - DAS LOCH IN DER BANANE,4
C.C. CATCH,3,ALVIN STARDUST - I FEEL LIKE BUDDY HOLLY,4
FRL. MENKE,3,MIKE OLDFIELD - SHADOW ON THE WALL,4
ROBIN GIBB,3,MIKE OLDFIELD - ARRIVAL,4
COMMON LINNETS,3,ALIZÉE - MOI... LOLITA,4
GABRIELS,3,THE HOUSEMARTINS - CARAVAN OF LOVE,4
STEVIE NICKS,3,ENYA - ANYWHERE IS,4
GEORGE BENSON,3,LOST FREQUENCIES - REALITY,4
BAD RELIGION,3,JANIECK DEVY - REALITY,4
DARYL,3,GILBERT O'SULLIVAN - GET DOWN,4
WIZO,3,ALVARO SOLER - MAGIA,4
HIGHT,3,JOHNNY HATES JAZZ - I DON'T WANT TO BE A HERO,4
ALEX AIONO,3,ROD STEWART - LOVE TOUCH,4
WANG CHUNG,3,ROD STEWART - BABY JANE,4
BYRDS,3,ROD STEWART - YOUNG TURKS,4
JUSTIN WELLINGTON; SMALL JAM,3,DIANA ROSS - CHAIN REACTION,4
ROBERT PLANT,3,THE POLICE - EVERY LITTLE THING SHE DOES IS MAGIC,4
DAVID MACWILLIAMS,3,MICHAEL SCHULTE - BACK TO THE START,4
THE COMMON LINNETS,3,BILLY OCEAN - LOVERBOY,4
MO-DO,3,HEINZ RUDOLF KUNZE - DEIN IST MEIN GANZES HERZ,4
PULP,3,A FINE FRENZY - ALMOST LOVER,4
DR. ALBAN,3,PRINCE - PURPLE RAIN,4
TOTO CUTUGNO,3,ZZ TOP - VIVA LAS VEGAS,4
DANA DAWSON,3,ZZ TOP - GIMME ALL YOUR LOVIN',4
SPORTFREUNDE STILLER,3,GLORIA ESTEFAN AND MIAMI SOUND MACHINE - 1-2-3,4
RAY CHARLES,3,RONAN KEATING - FATHER AND SON,4
BIRDY,3,P!NK + WILLOW SAGE HART - COVER ME IN SUNSHINE,4
DEMI LOVATO,3,THOMPSON TWINS - HOLD ME NOW,4
THE COMMITMENTS,3,THOMPSON TWINS - DOCTOR! DOCTOR!,4
MAYWOOD,3,HOLLY JOHNSON - AMERICANOS,4
THE EAGLES,3,J. J. CALE - COCAINE,4
PAULA ABDUL,3,CREEDENCE CLEARWATER REVIVAL - WHO'LL STOP THE RAIN?,4
THE JIMI HENDRIX EXPERIENCE,3,JIMMY SOMERVILLE - TO LOVE SOMEBODY,4
AL CORLEY,3,HUBERT KAH - STERNENHIMMEL,4
NATASHA BEDINGFIELD,3,STYX - BOAT ON THE RIVER,4
DESMOND DEKKER,3,THE BOX TOPS - THE LETTER,4
TRAVIS,3,DNCE - CAKE BY THE OCEAN,4
DOMENICO MODUGNO,3,MEAT LOAF - I'D DO ANYTHING FOR LOVE (BUT I WON'T DO THAT),4
TRIO,3,OWL CITY - FIREFLIES,4
VANCE JOY,3,PASO DOBLE - COMPUTERLIEBE,4
ROB THOMAS,3,SUNRISE AVENUE - HOLLYWOOD HILLS,4
PRINCESS,3,GAZEBO - LUNATIC,4
38 SPECIAL,3,M PEOPLE - DON'T LOOK ANY FURTHER,4
RAY JR PARKER,3,THE CARDIGANS - LOVEFOOL,4
EDDIE FLOYD,3,PINK FLOYD - ANOTHER BRICK IN THE WALL (PART 1),4
DON JOHNSON,3,HARRY STYLES - AS IT WAS,4
SALLY OLDFIELD,3,NAMIKA - LIEBLINGSMENSCH,4
WELSHLY ARMS,3,NAMIKA - JE NE PARLE PAS FRANÇAIS,4
REMBRANDTS,3,"MAMAS - MONDAY, MONDAY",4
BILLY PAUL,3,DAVE EDMUNDS - I HEAR YOU KNOCKING,4
THEES UHLMANN,3,MARK RONSON - VALERIE,4
ASHFORD,3,AMY WINEHOUSE - VALERIE,4
SIMPSON,3,AMY WINEHOUSE - BACK TO BLACK,4
GUANO APES,3,MARC ALMOND - THE DAYS OF PEARLY SPENCER (5),4
TOPLOADER,3,SHANICE - I LOVE YOUR SMILE,4
KYGO,3,THE ANIMALS - THE HOUSE OF THE RISING SUN,4
WANDA,3,OASIS - DON'T LOOK BACK IN ANGER,4
AQUA,3,EIGHTH WONDER - I'M NOT SCARED,4
JOY DENALANE,3,URIAH HEEP - LADY IN BLACK,4
SWING OUT SISTER,3,MICHAEL BUBLÉ - I BELIEVE IN YOU,4
THE MEDICINE SHOW,3,DESCEMER BUENO - SUBEME LA RADIO,4
SAM HUNT,3,ZION - SUBEME LA RADIO,4
YES,3,LENNOX - SUBEME LA RADIO,4
BRAD PAISLEY,2,THE HUMAN LEAGUE - HUMAN,4
THE HANDSOME FAMILY,2,HANSON - MMMBOP,4
LORETTA LYNN,2,KATY PERRY - I KISSED A GIRL,4
JACKSON,2,KATY PERRY - HOT'N'COLD,4
ALAN,2,THE WAILERS - BUFFALO SOLDIER,4
STRAIT,2,PETTY - LEARNING TO FLY,4
HONGKONG SYNDIKAT,2,TOM AND THE HEARTBREAKERS - LEARNING TO FLY,4
VANESSA CARLTON; COUNTING CROWS,2,BERTIE HIGGINS - KEY LARGO,4
MIKE BATT,2,GLORIA GAYNOR - I WILL SURVIVE,4
PARMALEE,2,STEAM - NA NA HEY HEY KISS HIM GOODBYE,4
RHETT AKINS,2,GARETH GATES - ANYONE OF US (STUPID MISTAKE),4
"STAFFORD,TIM",2,THE DOOBIE BROTHERS - LISTEN TO THE MUSIC,4
JUTZ,2,SAM COOKE - WONDERFUL WORLD,4
THOMM,2,SAM SMITH - STAY WITH ME,4
BOSSON,2,OTIS REDDING - (SITTIN' ON) THE DOCK OF THE BAY,4
JANIS JOPLIN,2,DISTURBED - THE SOUND OF SILENCE,4
JAMES TAYLOR,2,CAKE - I WILL SURVIVE,4
CURE,2,POLICE - EVERY BREATH YOU TAKE,4
NICKY JAM,2,DARIO G - CARNAVAL DE PARIS,4
CANDI STATON,2,FREUNDESKREIS - MIT DIR,4
CLAUDIA MORI,2,10CC - I'M NOT IN LOVE,4
STEALERS WHEEL,2,HEART - ALL I WANNA DO IS MAKE LOVE TO YOU,4
SARAGOSSA BAND,2,HEART - THESE DREAMS,4
BLOODHOUND GANG,2,ZOE WEES - LEARN TO LOVE,4
RAGE AGAINST THE MACHINE,2,DEAN LEWIS - LEARN TO LOVE,4
MARK MORRISON,2,ELLE KING - EX'S & OH'S,4
SARAH MCLACHLAN,2,JORIS - HERZ ÜBER KOPF,4
PRINCE ITAL JOE,2,GENTLEMAN - ID,4
WILL SMITH,2,RIHANNA - LOVE ON THE BRAIN,4
SKID ROW,2,RIHANNA - STAY,4
JOHN MAYER,2,CHRISTINA AGUILERA - GENIE IN A BOTTLE,4
BETH HART BAND,2,"WILL TO POWER - BABY, I LOVE YOUR WAY/FREEBIRD MEDLEY",4
SMOKE CITY,2,UGLY KID JOE - CATS IN THE CRADLE,4
TAMMI TERRELL,2,BEN E. KING - STAND BY ME,4
THE BAHAMA SOUL CLUB,2,LEO SAYER - MORE THAN I CAN SAY,4
KING CURTIS,2,LEWIS CAPALDI - BEFORE YOU GO,4
EMMA BUNTON,2,LEANN RIMES - HOW DO I LIVE,4
DEN HARROW,2,KINGS OF LEON - SEX ON FIRE,4
LARA FABIAN,2,LADY GAGA - PAPARAZZI,4
STRAY CATS,2,PHIL CARMEN - ON MY WAY IN L.A.,4
MC HAMMER,2,A FLOCK OF SEAGULLS - I RAN,4
THE GREG KIHN BAND,2,CHINA CRISIS - WISHFUL THINKING,4
01099,2,JOHANNES OERDING - ALLES OKAY,4
COLIN STOUGH,2,TEXAS LIGHTNING - NO NO NEVER,4
TYLER HUBBARD,2,MIKKY EKKO - STAY,4
THE DEAD SOUTH,2,SCOTT MCKENZIE - SAN FRANCISCO (BE SURE TO WEAR SOME FLOWERS IN YOUR HAIR),4
MORGAN WADE,2,TRAVELING WILBURYS - HANDLE WITH CARE,4
JEM,2,ALICIA KEYS - UNDERDOG,4
TILL BRÖNNER,2,MADNESS - OUR HOUSE,4
BOB SEGER; SILVER BULLET BAND,2,THE MOODY BLUES - I KNOW YOU'RE OUT THERE SOMEWHERE,4
THE BLACK CROWES,2,HOOTERS - 500 MILES (AWAY FROM HOME),4
DANZIG,2,GLORIA ESTEFAN - HERE WE ARE,4
ROSE TATTOO,2,GLORIA ESTEFAN - GET ON YOUR FEET,4
WIZ KHALIFA,2,THE LOVIN' SPOONFUL - DAYDREAM,4
Y'AKOTO,2,JOHNNY WAKELIN - IN ZAIRE,4
TIMMY THOMAS,2,SNOW PATROL - CHASING CARS,4
BETH HART,2,EVELYN THOMAS - HIGH ENERGY,4
CATCH,2,PRETENDERS - DON'T GET ME WRONG,4
ZAZ,2,DUFFY - MERCY,4
KENNY ROGERS,2,SNIFF'N' THE TEARS - DRIVER'S SEAT,4
HUGO HELMIG,2,TONY CAREY - ROOM WITH A VIEW,4
MEL C,2,LIMP BIZKIT - BEHIND BLUE EYES,4
HUMPE,2,MAX WERNER - RAIN IN MAY,4
MYLÈNE FARMER,2,NORAH JONES - DON'T KNOW WHY,4
RALPH MCTELL,2,APACHE 207 - KOMET,4
THIN LIZZY,2,BLUES BROTHERS BAND - EVERYBODY NEEDS SOMEBODY TO LOVE,4
COOLIO,2,THE ALL STAR BLUES BAND - EVERYBODY NEEDS SOMEBODY TO LOVE,4
STEELY DAN,2,CHRIS ISAAK - BLUE HOTEL,4
INC. LIPPS,2,HURTS - WONDERFUL LIFE,4
LYKKE LI,2,JOAN OSBORNE - ONE OF US,4
THE NIGHT GAME,2,MILLI VANILLI - GIRL I'M GONNA MISS YOU,4
THE MUSCLE SHOALS RHYTHM SECTION,2,ROBIN BECK - FIRST TIME,4
DAN FOGELBERG,2,JOE JACKSON - STEPPIN' OUT,4
LEONARD COHEN,2,NICO SANTOS - ROOFTOP,4
NEW BOHEMIANS,2,CARLY RAE JEPSEN - CALL ME MAYBE,4
ADAM TUCKER,2,ROSA LINN - SNAP,4
BIG FUN,2,QUINCY JONES - AI NO CORRIDA,4
RAY JR. PARKER,2,NEIL DIAMOND - SWEET CAROLINE,4
DASHA,2,IMANY - DON'T BE SO SHY,4
HELLOWEEN,2,MCGUINNESS FLINT - WHEN I'M DEAD AND GONE,4
STEVE PERRY,2,BANANARAMA - I HEARD A RUMOUR,3
MARTI WEBB,2,BRYAN ADAMS - ONE NIGHT LOVE AFFAIR,3
ROCK MAFIA,2,BRYAN ADAMS - PLEASE FORGIVE ME,3
LITTLE RIVER BAND,2,BRYAN ADAMS - HAVE YOU EVER REALLY LOVED A WOMAN?,3
MARLA GLEN,2,A-HA - CRYING IN THE RAIN,3
PATRICIA KAAS,2,A-HA - FOOT OF THE MOUNTAIN,3
CELESTE,2,KENNY LOGGINS - FOOTLOOSE - ORIGINAL MOTION PICTURE SOUNDTRACK,3
LA BOUCHE,2,GEORGE HARRISON - MY SWEET LORD,3
AMANDA SHIRES,2,GARY BARLOW - LET ME GO,3
EVERLAST,2,GENESIS - I CAN'T DANCE,3
THOMAS RHETT,2,RICK ASTLEY - TAKE ME TO YOUR HEART,3
EASTON CORBIN,2,"ABBA - MONEY, MONEY, MONEY",3
MANU CHAO,2,ABBA - WATERLOO,3
DOLLS UNITED,2,ABBA - FERNANDO,3
KENNY G,2,ABBA - I HAVE A DREAM,3
SHEILA B. DEVOTION,2,ABBA - DON'T SHUT ME DOWN,3
JAMES MORRISON; NELLY FURTADO,2,ABBA - MAMMA MIA,3
CHRIS NORMAN; SUZI QUATRO,2,LEONA LEWIS - RUN,3
WILSON PHILLIPS,2,DOLLY PARTON - 9 TO 5,3
THE RONETTES,2,GEORGE - I KNEW YOU WERE WAITING (FOR ME),3
TIM BENDZKO,2,ANASTACIA - PAID MY DUES,3
RICCHI E POVERI,2,TINA TURNER - FOREIGN AFFAIR,3
SMOKEY ROBINSON,2,TINA TURNER - ON SILENT WINGS,3
OWEN PAUL,2,MARK FORSTER - 194 LÄNDER,3
NESTOR,2,BRUCE SPRINGSTEEN - TOUGHER THAN THE REST,3
SEX PISTOLS,2,CHRISTOPHER CROSS - SAILING,3
HANOI ROCKS,2,ABC - THE NIGHT YOU MURDERED LOVE,3
LOLA MARSH,2,MIKE OLDFIELD; MAGGIE REILLY - TO FRANCE,3
RONALD ISLEY,2,JANET JACKSON - LET'S WAIT AWHILE,3
UNGARISCHE NATIONALPHILHARMONIE BUDAPEST,2,ULTRAVOX - HYMN,3
THE B-52'S,2,ICH + ICH - STARK,3
MICK JAGGER,2,ICH + ICH - SO SOLL ES BLEIBEN,3
GERI HALLIWELL,2,POINTER SISTERS - JUMP (FOR MY LOVE),3
OTTAWAN,2,POINTER SISTERS - FIRE,3
TINA ARENA,2,WHITNEY HOUSTON - STEP BY STEP,3
JELLY ROLL,2,ATOMIC KITTEN - IT'S OK!,3
MICHAEL KIWANUKA,2,ALISON MOYET - FOR YOU ONLY,3
BILDERBUCH,2,ROBBIE WILLIAMS - GO GENTLE,3
MADSEN,2,ROBBIE WILLIAMS - MILLENNIUM,3
LEE RYAN,2,"CHRIS DEBURGH - THE WORDS ""I LOVE YOU""",3
THE DOORS,2,CHRIS DEBURGH - BY MY SIDE,3
SHEILA,2,EAGLES - NEW KID IN TOWN,3
B. DEVOTION,2,EAGLES - HOTEL CALIFORNIA,3
THE PROCLAIMERS,2,EAGLES - LOVE WILL KEEP US ALIVE,3
THE PRODUCT G,2,CARLY SIMON - ALL I WANT IS YOU,3
B,2,PASSENGER - THINGS THAT STOP YOU DREAMING,3
MIKE OLDFIELD; ROGER CHAPMAN,2,ERIC CARMEN - ALL BY MYSELF,3
NEW RADICALS,2,COLBIE CAILLAT - BRIGHTER THAN THE SUN,3
WINCENT WEISS,2,SIMPLY RED - MONEY'S TOO TIGHT (TO MENTION),3
K.C,2,CHER - LOVE AND UNDERSTANDING,3
JAN HAMMER,2,CHER - STRONG ENOUGH,3
CHEAP TRICK,2,HOT CHOCOLATE - EMMA,3
DUA LIPA,2,JENNIFER LOPEZ - LET'S GET LOUD,3
MERCURY REV,2,ED SHEERAN - THINKING OUT LOUD,3
STEPPENWOLF,2,ED SHEERAN - PHOTOGRAPH,3
GINO VANNELLI,2,ED SHEERAN - CASTLE ON THE HILL,3
RODGAU MONOTONES,2,ED SHEERAN - HAPPIER,3
SANDY MARTON,2,ROXETTE - DANGEROUS,3
LITTLE,2,ROXETTE - HOW DO YOU DO!,3
,2,ROXETTE - RUN TO YOU,3
VINCE GILL,2,BACKSTREET BOYS - SHOW ME THE MEANING OF BEING LONELY,3
LAINEY WILSON,2,HOZIER - TAKE ME TO CHURCH,3
SUNNY SWEENEY,2,KYLIE MINOGUE - GOT TO BE CERTAIN,3
DILLON JAMES,2,KYLIE MINOGUE - NEVER TOO LATE,3
FRANS,2,ORCHESTRAL MANOEUVRES IN THE DARK - SAILING ON THE SEVEN SEAS,3
BROTHERS OSBORNE,2,ORCHESTRAL MANOEUVRES IN THE DARK - FOREVER LIVE AND DIE,3
CASSADEE POPE,2,THE ROLLING STONES - ROUTE 66,3
URING SUZANNE VEGA; DNA,2,THE ROLLING STONES - HARLEM SHUFFLE,3
DOOBIE BROTHERS,2,REO SPEEDWAGON - KEEP THE FIRE BURNIN',3
CROSBY,2,ERIC CLAPTON - I AIN'T GONNA STAND FOR IT,3
STILLS,2,ERIC CLAPTON - LAY DOWN SALLY,3
NASH,2,ERIC CLAPTON - MY FATHER'S EYES,3
FUGEES (TRANZLATOR CREW),2,ADELE - SET FIRE TO THE RAIN,3
CAUGHT IN THE ACT,2,GARTH BROOKS - TWO PINA COLADAS,3
LOS DEL RIO,2,SHANIA TWAIN - MAN! I FEEL LIKE A WOMAN!,3
LANA DEL REY,2,SHANIA TWAIN - FOREVER AND FOR ALWAYS,3
NEA,2,BELINDA CARLISLE - LEAVE A LIGHT ON,3
WILLY DEVILLE,2,THE CURE - FRIDAY I'M IN LOVE,3
RANDY TRAVIS,2,THE SUPREMES - WHERE DID OUR LOVE GO,3
NIEMANN,2,JOE COCKER - N'OUBLIEZ JAMAIS,3
DENNIS COFFEY,2,JENNIFER WARNES - UP WHERE WE BELONG,3
THE DETROIT GUITAR BAND,2,"ACE OF BASE - ALWAYS HAVE, ALWAYS WILL",3
MORCHEEBA,2,HERBERT GRÖNEMEYER - KINDER AN DIE MACHT,3
FIVE FINGER DEATH PUNCH,2,HERBERT GRÖNEMEYER - BOCHUM,3
BRADLEY COOPER,2,EROS RAMAZZOTTI - PIU BELLA COSA,3
USA FOR AFRICA,2,EROS RAMAZZOTTI - MA CHE BELLO QUESTO AMORE,3
ROMAN LOB,2,MADONNA - VOGUE,3
STOPPOK,2,ELVIS PRESLEY - SUSPICIOUS MINDS,3
FABIAN BUCH,2,BILLY RAY CYRUS - ACHY BREAKY HEART,3
QUARTERFLASH,2,CULTURE CLUB - IT'S A MIRACLE,3
BILL MEDLEY; JENNIFER WARNES,2,CHARLIE PUTH - MARVIN GAYE,3
MARIA MENA,2,MEGHAN TRAINOR - MARVIN GAYE,3
JONAS BROTHERS,2,MEGHAN TRAINOR - LIPS ARE MOVIN',3
DALE WATSON,2,THE BEE GEES - STAYIN' ALIVE,3
HIS LONE STARS,2,JOHN FARNHAM - AGE OF REASON,3
JADE EAGLESON,2,JOHN FARNHAM - TWO STRONG HEARTS,3
FLORIDA GEORGIA LINE,2,JOHN FARNHAM - PRESSURE DOWN,3
TEBEY,2,JAMES BLUNT - HEART TO HEART,3
GEORGE IV HAMILTON,2,JAMES BLUNT - WHEN I FIND LOVE AGAIN,3
VIERKANTTRETLAGER,2,JAMES BLUNT - HIGH,3
U96,2,JAMES BLUNT - 1973,3
SINA,2,JAMES BLUNT - WISEMEN (WISE MEN),3
ROSANNE CASH,2,BACHMAN-TURNER OVERDRIVE - YOU AIN'T SEEN NOTHIN' YET,3
PETER FRAMPTON,2,NENA - NUR GETRÄUMT,3
JOE BONAMASSA,2,BLONDIE - DENIS,3
YASI HOFER,2,EARTH - LET'S GROOVE,3
ULLA MEINECKE,2,WIND - LET'S GROOVE,3
THE BATES,2,FIRE - LET'S GROOVE,3
SUGABABES,2,LIONEL RICHIE - HELLO,3
MRS. GREENBIRD,2,LIONEL RICHIE - DO IT TO ME,3
POISON,2,STING - IF I EVER LOSE MY FAITH IN YOU,3
ALICE,2,STING - RUSSIANS,3
BRONSKI BEAT,2,QUEEN - RADIO GA GA,3
CASSANDRA STEEN,2,QUEEN - KILLER QUEEN,3
RANDY NEWMAN,2,QUEEN - BOHEMIAN RHAPSODY,3
THOMAS D,2,AZTEC CAMERA - SOMEWHERE IN MY HEART,3
GOOD MEN GONE BAD,2,JASON DONOVAN - SEALED WITH A KISS,3
PEABO BRYSON,2,PHIL COLLINS - ANOTHER DAY IN PARADISE,3
JAY-Z,2,PHIL COLLINS - TAKE ME HOME,3
THE OFFSPRING,2,PHIL COLLINS - ONE MORE NIGHT,3
HERWIG MITTEREGGER,2,PHIL COLLINS - TWO HEARTS,3
DAS LUMPENPACK,2,MARIT LARSEN - DON'T SAVE ME,3
SPACE,2,AEROSMITH - CRAZY,3
THE EMOTIONS,2,AEROSMITH - CRYIN',3
PEARL JAM,2,HAMMOND - GIVE A LITTLE LOVE,3
BOOMTOWN RATS,2,WEST - GIVE A LITTLE LOVE,3
DONOTS,2,DR. HOOK - SILVIA'S MOTHER,3
YELLO,2,J. GEILS BAND - CENTERFOLD,3
RESTLESS,2,SMOKIE - IT'S YOUR LIFE,3
DANIEL CAESAR,2,SPICE GIRLS - 2 BECOME 1 (TWO BECOME ONE),3
GIVEON,2,SPICE GIRLS - VIVA FOREVER,3
DAVID HASSELHOFF,2,SUPERTRAMP - GIVE A LITTLE BIT,3
THE TWINS,2,SUPERTRAMP - DREAMER,3
GOOMBAY DANCE BAND,2,SUPERTRAMP - SCHOOL,3
PETER CORNELIUS,2,KOOL - GET DOWN ON IT,3
BAKER,2,KOOL - LADIES NIGHT,3
THE BACKBEAT DISCIPLES,2,THE GANG - GET DOWN ON IT,3
ARTHUR,2,THE GANG - LADIES NIGHT,3
P.O.D,2,ENRIQUE IGLESIAS - HERO,3
BLIND CHANNEL,2,BRUNO MARS - JUST THE WAY YOU ARE,3
FROM ASHES TO NEW,2,JIMMY CLIFF - YOU CAN GET IT IF YOU REALLY WANT,3
GRETA VAN FLEET,2,TRAIN - ANGEL IN BLUE JEANS,3
DEF LEPPARD,2,SEAL - CRAZY,3
4 THE CAUSE,2,STATUS QUO - IN THE ARMY NOW,3
VENGABOYS,2,STATUS QUO - WHATEVER YOU WANT,3
EVA CASSIDY,2,MATT SIMONS - CATCH & RELEASE,3
ANTHRAX,2,PORTUGAL. THE MAN - FEEL IT STILL,3
NATHAN EVANS,2,NICKELBACK - HOW YOU REMIND ME,3
GO WEST,2,MILOW - YOU AND ME (IN MY POCKET),3
PETER ANDRE,2,MILOW - LITTLE IN THE MIDDLE,3
FRESHLYGROUND,2,KIM WILDE - CHEQUERED LOVE,3
GOSSIP,2,KIM WILDE - KIDS IN AMERICA,3
LOU GRAMM,2,LED ZEPPELIN - WHOLE LOTTA LOVE,3
ALICE MERTON,2,ELECTRIC LIGHT ORCHESTRA - LIVIN' THING,3
WES,2,ELECTRIC LIGHT ORCHESTRA - CONFUSION,3
NASHFIELD,2,THE REAL THING - YOU TO ME ARE EVERYTHING,3
ALISON KRAUSS,2,DIRE STRAITS - CALLING ELVIS,3
GARY ALLAN,2,DIRE STRAITS - BROTHERS IN ARMS,3
BAILEY ZIMMERMAN,2,THE PRETENDERS - BACK ON THE CHAIN GANG,3
TRACY LAWRENCE,2,BOB SEGER - SHAKEDOWN,3
CRYSTAL WATERS,2,BOB SEGER - ROLL ME AWAY,3
PURPLE SCHULZ,2,THE SILVER BULLET BAND - SHAKEDOWN,3
CHICO CÉSAR,2,THE SILVER BULLET BAND - ROLL ME AWAY,3
THE BOSSHOSS,2,GIANNA NANNINI - FOTOROMANZA,3
SAINT JHN,2,GIANNA NANNINI - I MASCHI,3
WIZKID F. BLUE IVY CARTER,2,GEORGE EZRA - SHOTGUN,3
ALLE FARBEN FT. GRAHAM CANDY,2,WHAM! - THE EDGE OF HEAVEN,3
DIE PRINZEN,2,COLDPLAY - HIGHER POWER,3
DUSTIN LYNCH,2,COLDPLAY - PARADISE,3
CLOVES,2,MICHAEL JACKSON - SMOOTH CRIMINAL,3
DANGER DAN,2,FOO FIGHTERS - MY HERO,3
MARTHA REEVES,2,TLC - WATERFALLS,3
2PAC,2,FALCO - VIENNA CALLING,3
MASTER KG,2,GUNS'N'ROSES - KNOCKIN' ON HEAVEN'S DOOR,3
NOMCEBO ZIKODE,2,METALLICA - WHISKEY IN THE JAR,3
ELTON JOHN; KIKI DEE,2,NEW MODEL ARMY - 51ST STATE,3
THE GASLIGHT ANTHEM,2,FRANKLIN - I KNEW YOU WERE WAITING (FOR ME),3
CREED,2,ARETHA - I KNEW YOU WERE WAITING (FOR ME),3
THE MERCURY RIOTS,2,MICHAEL - I KNEW YOU WERE WAITING (FOR ME),3
BLUE,2,THE KINKS - DANDY,3
OTTO,2,MARIAH CAREY - HERO,3
OPUS,2,MICHAEL MCDONALD - YAH MO B THERE,3
ROMANELLI,2,SILBERMOND - HIMMEL AUF,3
JANIECK,2,GEORGE MICHAEL - FATHER FIGURE,3
ASHLEY MONROE; TRAIN,2,F.R. DAVID - WORDS,3
THE HUES CORPORATION,2,BRITNEY SPEARS - SOMETIMES,3
PHILIP BAILEY,2,DURAN DURAN - THE WILD BOYS,3
RAM JAM,2,PROCOL HARUM - A WHITER SHADE OF PALE,3
NEW SOUND SINGERS,2,MELANIE C - FIRST DAY OF MY LIFE,3
ZONDERLING,2,FOREIGNER - I WANT TO KNOW WHAT LOVE IS,3
SHEILA E,2,TOTO - HOLYANNA,3
PH.D,2,MICHAEL PATRICK KELLY - BLURRY EYES,3
INCOGNITO,2,MICHAEL PATRICK KELLY - ET VOILÀ,3
VILLAGE PEOPLE,2,"SLADE - FAR, FAR AWAY",3
THE CHAINSMOKERS,2,UDO LINDENBERG - PLAN B,3
ODYSSEY,2,LONDONBEAT - A BETTER LOVE,3
BARBARA DICKSON,2,THE FLOWERPOT MEN - LET'S GO TO SAN FRANCISCO,3
THE BOOMTOWN RATS,2,ÁLVARO SOLER - LA LIBERTAD,3
CHANNEL 5,2,ÁLVARO SOLER - LA CINTURA,3
DAVID MCWILLIAMS,2,ÁLVARO SOLER - ANIMAL,3
SARA BAREILLES,2,JENNIFER RUSH - THE POWER OF LOVE,3
THE FLAMES,2,BONEY M - DADDY COOL,3
RAINBOW,2,JAMES MORRISON - BROKEN STRINGS,3
HELLO,2,SIMON - CECILIA,3
SHANE YELLOWBIRD,2,GARFUNKEL - CECILIA,3
MARSHALL,2,INXS - BEAUTIFUL GIRL,3
HAIN,2,INKER - DANCING INTO DANGER,3
JAMES BAY,2,HAMILTON - DANCING INTO DANGER,3
PATTI SMITH,2,DIE ÄRZTE - SCHREI NACH LIEBE,3
RACEY,2,MARC ANTHONY - YOU SANG TO ME,3
JOAN ARMATRADING,2,DONNA SUMMER - THIS TIME I KNOW IT'S FOR REAL,3
KEVIN JOHNSON,2,DONNA SUMMER - ON THE RADIO,3
JESSE RITCH,2,JULI - PERFEKTE WELLE,3
CÉLINE DION WITH THE BEE GEES,2,DICK BRAVE - TAKE GOOD CARE OF MY BABY,3
THE WHO,2,THE BACKBEATS - TAKE GOOD CARE OF MY BABY,3
JAMIE N COMMONS,2,R.E.M - THE ONE I LOVE,3
BENSON BOONE,2,R.E.M - MAN ON THE MOON,3
THE INCREDIBLE BONGO BAND,2,R.E.M - SHINY HAPPY PEOPLE,3
"BOBBY ""BLUE"" BLAND",2,HUEY LEWIS - THE POWER OF LOVE,3
HERMANOS GUTIERREZ,2,THE NEWS - THE POWER OF LOVE,3
SAM,2,MAROON 5 - THIS LOVE,3
DAVE,2,MAROON 5 - MEMORIES,3
AIR SUPPLY,2,AMERICA - YOU CAN DO MAGIC,3
LOU BEGA,2,GILBERT O'SULLIVAN - ALONE AGAIN (NATURALLY),3
ZUCCHERO; RANDY CRAWFORD,2,BILLY JOEL - DON'T ASK ME WHY,3
SUGARLAND,2,BILLY JOEL - TELL HER ABOUT IT,3
SARA EVANS,2,ALVARO SOLER - LA CINTURA,3
JOSH TURNER,2,ROD STEWART - DA YA THINK I'M SEXY,3
CARRIE UNDERWOOD,2,PETER MAFFAY - EISZEIT,3
BRELAND,2,PETER MAFFAY - SONNE IN DER NACHT (SINGLE VERSION),3
DIAMOND RIO,2,PETER MAFFAY - ZWEI IN EINEM BOOT,3
WAYLON JENNINGS,2,DIANA ROSS - YOU CAN'T HURRY LOVE,3
HEINZ RUDOLF KUNZE MIT PE WERNER,2,PETER GABRIEL - SLEDGEHAMMER,3
THE FLYING PICKETS,2,PETER GABRIEL - SOLSBURY HILL,3
LITTLE BIG TOWN,2,MICHAEL SCHULTE - KEEP ME UP,3
LAURYN HILL,2,CAT STEVENS - MOONSHADOW,3
KEB' MO',2,BILLY OCEAN - LOVE REALLY HURTS WITHOUT YOU,3
GIPSY KINGS,2,"BILLY OCEAN - GET OUTTA MY DREAMS, GET INTO MY CAR",3
VICKY SAMPSON,2,VAYA CON DIOS - WHAT'S A WOMAN?,3
THE MYSTERIOUS ART,2,THE BELOVED - SWEET HARMONY,3
TIFFANY,2,KAJAGOOGOO - TOO SHY,3
DOCTOR,2,PRINCE - MONEY DON'T MATTER 2 NIGHT,3
THE MEDICS,2,PRINCE - DIAMONDS AND PEARLS,3
WADE HAYES,2,MÜNCHENER FREIHEIT - OHNE DICH (SCHLAF' ICH HEUT NACHT NICHT EIN),3
KENNY PRICE,2,THE OVERTONES - GAMBLING MAN,3
THE SISTERS OF MERCY,2,DES'REE - YOU GOTTA BE,3
JOSEF SALVAT,2,BARRY WHITE - YOU SEE THE TROUBLE WITH ME,3
CHRISTINA PERRI,2,AURA DIONE - SONG FOR SOPHIE,3
ECHOSMITH,2,AURA DIONE - FRIENDS,3
BEACH BOYS,2,RAG'N'BONE MAN - SKIN,3
CRO,2,SADE - YOUR LOVE IS KING,3
VERONICA FUSARO,2,RONAN KEATING - IF TOMORROW NEVER COMES,3
THE LAST DINNER PARTY,2,KELLY CLARKSON - BECAUSE OF YOU,3
DAUGHTRY,2,INNER CIRCLE - ROCK WITH YOU,3
DEEP BLUE SOMETHING,2,T. REX - GET IT ON,3
THE CLASH,2,GLADYS KNIGHT - LICENCE TO KILL,3
RAINHARD FENDRICH,2,LENNY KRAVITZ - STILLNESS OF HEART,3
NEW KIDS ON THE BLOCK,2,ZUCCHERO - MY LOVE,3
JIVE BUNNY,2,THE POINTER SISTERS - JUMP (FOR MY LOVE),3
THE MASTERMIXERS,2,COMMUNARDS - DON'T LEAVE ME THIS WAY,3
JOHN LEGEND,2,RUFUS; CHAKA KHAN - AIN'T NOBODY,3
BEAGLE MUSIC LTD,2,HOLLY JOHNSON - LOVE TRAIN,3
CURIOSITY,2,DAVID LEE ROTH - JUST A GIGOLO (MEDLEY),3
MECANO,2,CREEDENCE CLEARWATER REVIVAL - LOOKIN' OUT MY BACK DOOR,3
THREE DOG NIGHT,2,JIMMY SOMERVILLE - YOU MAKE ME FEEL (MIGHTY REAL),3
MAX,2,HUBERT KAH - ENGEL 07,3
MATHEA,2,CURTIS STIGERS - I WONDER WHY,3
LOTTE,2,REA GARVEY - OH MY LOVE,3
ETTA JAMES,2,WESTERNHAGEN - WIEDER HIER,3
SHINEDOWN,2,WESTERNHAGEN - LASS UNS LEBEN,3
ALEXANDER O'NEAL,2,DANIELLE BRISEBOIS - GIMME LITTLE SIGN,3
THE SMITHS,2,IGGY POP - THE PASSENGER,3
TWISTED SISTER,2,DIETER THOMAS KUHN - ÜBER DEN WOLKEN,3
JOHN TRAVOLTA,2,OMD - MAID OF ORLEANS (JOAN OF ARC),3
DR. RING-DING,2,SUNRISE AVENUE - HEARTBREAK CENTURY,3
IKE,2,THE AVENER - FADE OUT LINES,3
WOLFSHEIM,2,RITA COOLIDGE - ALL TIME HIGH (MAIN TITLE SONG),3
JOYCE SIMS,2,HARRY STYLES - SIGN OF THE TIMES,3
NINA CHUBA,2,SANDRA - AROUND MY HEART,3
DENNIS EDWARDS,2,SANDRA - ONE MORE NIGHT,3
SIEDAH GARRETT,2,VANESSA CARLTON - A THOUSAND MILES,3
BEBE WINANS,2,FELIX JAEHN - HOT2TOUCH,3
BEN L'ONCLE SOUL,2,TAKE THAT - THE FLOOD,3
NINA SIMONE,2,AMY MACDONALD - OH MY LOVE,3
ISLEY BROTHERS,2,AMY MACDONALD - MR ROCK & ROLL,3
SALT 'N' PEPA WITH EN VOGUE,2,AMY MACDONALD - DREAM ON,3
BOY,2,SYDNEY YOUNGBLOOD - SIT AND WAIT,3
INÉZ,2,SYDNEY YOUNGBLOOD - IF ONLY I COULD,3
HAMBURGER ARROGANZ,2,THE ANIMALS - HOUSE OF THE RISING SUN,3
TITIYO,2,ROXY MUSIC - OH YEAH!,3
LOVE AFFAIR,2,JON BON JOVI - RUNAWAY,3
LANA DEL REY VS. CEDRIC GERVAIS,2,HUMAN LEAGUE - DON'T YOU WANT ME,3
SANTA ESMERALDA; LEROY GOMEZ,2,FONTAINES D.C - STARBURSTER,3
KEITH URBAN,2,"JOHN LEE HOOKER - ONE BOURBON, ONE SCOTCH, ONE BEER",3
ROSS,2,SANTANA - MARIA MARIA,3
DIANA,2,SANTANA - SMOOTH,3
WESTLIFE,2,SANTANA - BLACK MAGIC WOMAN,3
WHIGFIELD,2,FRANKIE MILLER - DARLIN',3
HÉROES DEL SILENCIO,2,ALPHAVILLE - BIG IN JAPAN,3
KANSAS,2,OFENBACH - BE MINE,3
FEHLFARBEN,2,REDNEX - WISH YOU WERE HERE,3
PROCLAIMERS,2,TACO - PUTTIN' ON THE RITZ,3
SCHWEIZER,2,KATE BUSH - WUTHERING HEIGHTS,3
GREG KIHN BAND,2,KATE BUSH - BABOOSHKA,3
EMILIA,2,KATE BUSH - WUTHERING HEIGHTS (NEW VOCAL),3
SAM BROWN,2,TRIO RIO - NEW YORK - RIO - TOKYO,3
BILLY CURRINGTON,1,JOHN LENNON - WOMAN,3
LAUREN ALAINA,1,BETTE MIDLER - FROM A DISTANCE,3
LAURIE LEBLANC,1,PETER SCHILLING - TERRA TITANIC,3
MAVERICKS,1,AVA MAX - KINGS & QUEENS,3
BUFFETT,1,AVA MAX - SWEET BUT PSYCHO,3
JIMMY,1,HIGH SOUTH - ONE NIGHT AT A TIME,3
LAS KETCHUP,1,THE WALKER BROTHERS - THE SUN AIN'T GONNA SHINE ANYMORE,3
REBA MCENTIRE,1,ROBIN THICKE - BLURRED LINES,3
DWIGHT DAVID YOAKAM,1,T.I - BLURRED LINES,3
CROW,1,PHARRELL - BLURRED LINES,3
SHERYL,1,TIGHT FIT - THE LION SLEEPS TONIGHT (WIMOWEH),3
ISBELL,1,ROBERT PALMER - I'LL BE YOUR BABY TONIGHT,3
JASON,1,TONI CHILDS - STOP YOUR FUSSIN',3
HAYSEED DIXIE,1,JOHN MILES - MUSIC,3
JOSIAH SISKA,1,LISA STANSFIELD - IF I HADN'T GOT YOU,3
SAM WILLIAMS,1,SHAKATAK - DOWN ON THE STREET,3
LONESTAR,1,THE MAMAS AND THE PAPAS - CALIFORNIA DREAMIN',3
CADILLAC THREE,1,X AMBASSADORS - RENEGADES,3
BACHMAN TURNER OVERDRIVE,1,MIAMI SOUND MACHINE - BAD BOY,3
CHARLES BRADLEY,1,BLACK - EVERYTHING'S COMING UP ROSES,3
THE CHIMES,1,PRINCE AND THE REVOLUTION - KISS,3
MADELEINE PEYROUX,1,LOONA - HIJO DE LA LUNA,3
FOUR TOPS,1,COMMODORES - NIGHTSHIFT,3
ADAX DÖRSAM,1,COMMODORES - EASY,3
DAMN YANKEES,1,MASSIVE ATTACK - UNFINISHED SYMPATHY,3
THE PRODIGY,1,ANNENMAYKANTEREIT - TOMMI,3
PENNY MCLEAN,1,CLUESO - GEWINNER,3
DAVID GUETTA,1,"THE THE PAPAS - MONDAY, MONDAY",3
KAYROB.COM,1,WAX - BRIDGE TO YOUR HEART,3
PETER SCHILLLING,1,FURY IN THE SLAUGHTERHOUSE - SORROWLAND,3
DUCK SAUCE,1,ZOE WEES - CONTROL,3
TAMMY WYNETTE,1,PH. D - I WON'T LET YOU DOWN,3
BECK,1,NATE RUESS - JUST GIVE ME A REASON,3
DIE DOOFEN,1,JULIAN LENNON - TOO LATE FOR GOODBYES,3
MARKY MARK,1,THE BEATLES - LET IT BE,3
ANGIE STONE,1,JOHN OATES - MANEATER,3
VANILLA ICE,1,THE NEW YORK CHAMBER CONSORT - ENGLISHMAN IN NEW YORK,3
BRING ME THE HORIZON,1,ELLIE GOULDING - LOVE ME LIKE YOU DO,3
DORO,1,RINGO STARR - YOU'RE SIXTEEN (YOU'RE BEAUTIFUL AND YOU'RE MINE),3
TYPE O NEGATIVE,1,SPLIFF - CARBONARA,3
APHRODITE'S CHILD,1,NELLY FURTADO - ALL GOOD THINGS (COME TO AN END),3
STONE SOUR,1,TOMMY JAMES - CRIMSON AND CLOVER,3
GOLDFINGER,1,THE SHONDELLS - CRIMSON AND CLOVER,3
SILVERCHAIR,1,"MODERN TALKING - YOU'RE MY HEART, YOU'RE MY SOUL",3
FRANK STALLONE,1,FIVE STAR - RAIN OR SHINE,3
MARTHA,1,DANNY WILSON - MARY'S PRAYER,3
GROVER JR WASHINGTON,1,GARY MOORE - OUT IN THE FIELDS,3
HERBIE MANN,1,KATIE MELUA - NINE MILLION BICYCLES,3
SLY,1,ONE DIRECTION - STORY OF MY LIFE,3
THE FAMILY STONE,1,BOYZONE - NO MATTER WHAT,3
ELLA FITZGERALD,1,DNA - TOM'S DINER,3
RUBY AMANFU,1,LIVING IN A BOX - LIVING IN A BOX,3
INVINCIBLE,1,UGLY KID JOE - CAT'S IN THE CRADLE,3
MATIA BAZAR,1,PAUL SIMON - GRACELAND,3
MINE,1,JOHNNY NASH - ROCK ME BABY,3
FATONI,1,THE OTHER ONES - HOLIDAY,3
BARTEK,1,TWO STEPS FROM HELL - HEART OF COURAGE,3
ECKE PRENZ,1,CHARLES - WOULD I LIE TO YOU ?,3
"EDGAR WASSER,",1,EDDIE - WOULD I LIE TO YOU ?,3
TOMTE,1,LEWIS CAPALDI - SOMEONE YOU LOVED,3
LIEDFETT,1,MAXI PRIEST - CLOSE TO YOU,3
FRIDA GOLD,1,LADY GAGA - ALEJANDRO,3
ANDREAS VOLLENWEIDER,1,LADY GAGA - POKER FACE,3
FRIENDS,1,OMC (OTARA MILLIONAIRES CLUB) - HOW BIZARRE,3
TOCOTRONIC,1,BON JOVI - KEEP THE FAITH,3
ROGER CHAPMAN,1,ANNIE LENNOX - WHY,3
LEROY VANDYKE,1,FAIRGROUND ATTRACTION - PERFECT,3
JASON BENOIT,1,FAIRGROUND ATTRACTION - FIND MY LOVE,3
MARK CHESNUTT,1,DAN HARTMAN - I CAN DREAM ABOUT YOU,3
CHAYCE BECKHAM,1,OMI - CHEERLEADER,3
THE BOXMASTERS,1,NIRVANA - SMELLS LIKE TEEN SPIRIT,3
BILLY BOB THORNTON,1,"TEXAS LIGHTNING - NO, NO, NEVER",3
DAN + SHAY,1,JETHRO TULL - LOCOMOTIVE BREATH,3
KELLIE PICKLER,1,BEYONCÉ - IF I WERE A BOY,3
SHELBY LYNNE,1,BEYONCÉ - TEXAS HOLD 'EM,3
UMBERTO TOZZI,1,THE VERVE - BITTER SWEET SYMPHONY,3
BAD COMPANY,1,MATHOU - YOU NEVER WALK ALONE,3
SMASHING PUMPKINS,1,SCOTT MCKENZIE - SAN FRANCISCO,3
THE DARKNESS,1,2RAUMWOHNUNG - 36 GRAD,3
CAESARS,1,THOM PACE - MAYBE,3
TIMBALAND,1,ERUPTION - I CAN'T STAND THE RAIN,3
QUIVER,1,CHIC - LE FREAK,3
"ORAN ""JUICE"" JONES",1,RICKY MARTIN - PRIVATE EMOTION,3
DESTINY'S CHILD,1,THE MOODY BLUES - YOUR WILDEST DREAMS,3
BLOOD ORANGE,1,HOOTERS - ALL YOU ZOMBIES,3
CAROLINE POLACHEK,1,SARAH CONNOR - WIE SCHÖN DU BIST,3
LORDE,1,ADEL TAWIL - LIEDER,3
MUSTAFA,1,THE NEW POWER GENERATION - MONEY DON'T MATTER 2 NIGHT,3
REBECCA FERGUSON,1,THE NEW POWER GENERATION - DIAMONDS AND PEARLS,3
PARCELS,1,ROBIN GIBB - JULIET,3
RAYE,1,GRACE JONES - SLAVE TO THE RHYTHM,3
070 SHAKE,1,GRACE JONES - I'VE SEEN THAT FACE BEFORE,3
B. B. KING,1,STEVIE NICKS - EDGE OF SEVENTEEN,3
ARLO GUTHRIE,1,MAX GIESINGER - WENN SIE TANZT,3
MOTHER'S FINEST,1,JAMES BROWN - LIVING IN AMERICA,3
EROS RAMAZZOTTI; TINA TURNER,1,DARYL - MANEATER,3
LOST FREQUENCIES; JANIECK DEVY,1,HIGHT - HOT2TOUCH,3
WHAM!; GEORGE MICHAEL,1,ALEX AIONO - HOT2TOUCH,3
AUTOGRAPH,1,SANTA ESMERALDA - DON'T LET ME BE MISUNDERSTOOD (ESMERALDA SUITE),3
PAPAS,1,WANG CHUNG - DANCE HALL DAYS,3
THE CHRISTIANS,1,JUSTIN WELLINGTON; SMALL JAM - IKO IKO (MY BESTIE),3
JACOB COLLIER,1,MIGHTY OAKS - BROTHER,3
JASMINE THOMPSON,1,LUKAS GRAHAM - 7 YEARS,3
EDISON LIGHTHOUSE,1,DAVID MACWILLIAMS - THE DAYS OF PEARLY SPENCER,3
GLASPERLENSPIEL,1,"MO-DO - EINS, ZWEI, POLIZEI",3
STRANGLERS,1,DANA DAWSON - 3 IS FAMILY,3
CITY BOY,1,ELEMENT OF CRIME - DELMENHORST,3
SWEET,1,BIRDY - PEOPLE HELP THE PEOPLE,3
LIVING COLOUR,1,MAYWOOD - LATE AT NIGHT,3
JERMAINE JACKSON; PIA ZADORA,1,PAULA ABDUL - STRAIGHT UP,3
MR. PRESIDENT,1,ROBERT MILES - CHILDREN,3
FUN,1,THE JIMI HENDRIX EXPERIENCE - ALL ALONG THE WATCHTOWER,3
JANELLE MONÁE,1,EN VOGUE - DON'T LET GO (LOVE),3
GUSTTAVO LIMA,1,EN VOGUE - MY LOVIN' (YOU 'RE NEVER GONNA GET IT),3
ANA MOURA,1,AL CORLEY - SQUARE ROOMS,3
KC AND THE SUNSHINE BAND,1,NATASHA BEDINGFIELD - SOULMATE,3
OIMARA,1,DESMOND DEKKER - YOU CAN GET IT IF YOU REALLY WANT,3
INDEEP,1,DAFT PUNK - GET LUCKY,3
CHARLIE WINSTON,1,DOMENICO MODUGNO - VOLARE (NEL BLU DIPINTO DI BLU),3
VAN MCCOY,1,VANCE JOY - RIPTIDE,3
THE SOUL CITY SYMPHONY,1,PRINCESS - SAY I'M YOUR NUMBER ONE,3
GOLDEN EARRING,1,38 SPECIAL - SECOND CHANCE,3
SHABOOZEY,1,RAY JR PARKER - GHOSTBUSTERS,3
DARYLE SINGLETARY,1,EDDIE FLOYD - KNOCK ON WOOD,3
KIEFER SUTHERLAND,1,DON JOHNSON - TELL IT LIKE IT IS,3
NATHAN CARTER,1,SALLY OLDFIELD - SILVER DAGGER,3
TANYA TUCKER,1,"REMBRANDTS - JUST THE WAY IT IS, BABY",3
HENLEY,1,ASHFORD - SOLID,3
DON,1,SIMPSON - SOLID,3
GILL,1,GUANO APES - BIG IN JAPAN,3
VINCE,1,TOPLOADER - DANCING IN THE MOONLIGHT,3
BELLINI,1,AQUA - BARBIE GIRL,3
HOLE,1,SWING OUT SISTER - YOU ON MY MIND,3
RIGHT SAID FRED (R.S.F.),1,THE MEDICINE SHOW - SILVIA'S MOTHER,3
FLORIAN-SAMUEL SPÄTH,1,YES - OWNER OF A LONELY HEART,3
THE POWER OF SEVEN,1,BRYAN ADAMS - ALL FOR LOVE,2
SÉRGIO MENDES,1,BRYAN ADAMS - THE BEST OF ME,2
THE MIRACLES,1,BRYAN ADAMS - SUMMER OF 69,2
MON ROVÎA,1,TEXAS - BLACK EYED BOY,2
DE'WAYNE,1,A-HA - CRY WOLF,2
STEREO MC'S,1,A-HA - THE SUN ALWAYS SHINES ON TV,2
EM BEIHOLD,1,A-HA - YOU ARE THE ONE,2
"""WEIRD AL"" YANKOVIC",1,MILEY CYRUS - NOTHING BREAKS LIKE A HEART,2
GOTTHARD,1,MILEY CYRUS - END OF THE WORLD,2
UNHEILIG,1,DON MCLEAN - AMERICAN PIE,2
RUN-D.M.C,1,GEORGE HARRISON - ALL THOSE YEARS AGO,2
MILK,1,GEORGE HARRISON - THIS IS LOVE,2
SUGAR,1,GARY BARLOW - LOVE WON'T WAIT,2
ROONEY,1,GENESIS - THROWING IT ALL AWAY,2
CAPITAL CITIES,1,GENESIS - THAT'S ALL,2
LOOKING GLASS,1,BILL WITHERS - LOVELY DAY,2
THE SWAYS,1,BILL WITHERS - AIN'T NO SUNSHINE,2
SNOOP DOGG,1,BILL WITHERS - LEAN ON ME,2
DR. DRE,1,BILL WITHERS - JUST THE TWO OF US,2
BUDDY GUY,1,ALANIS MORISSETTE - IRONIC,2
THE BLIND BOYS OF ALABAMA,1,PAUL YOUNG - EVERYTIME YOU GO AWAY,2
ARRESTED DEVELOPMENT,1,PAUL YOUNG - EVERY TIME YOU GO AWAY,2
MOLA UND RESI REINER,1,PAUL YOUNG - OH GIRL,2
BLOND,1,RICK ASTLEY - WHENEVER YOU NEED SOMEBODY,2
FEINE SAHNE FISCHFILET,1,"ABBA - HONEY, HONEY",2
ZIMMER90,1,ABBA - TAKE A CHANCE ON ME,2
DRAFI DEUTSCHER,1,ABBA - ONE OF US,2
CASSANDRA STEEN; ADEL TAWIL,1,CHRIS REA - FOOL (IF YOU THINK IT'S OVER),2
CELINE DION,1,CHRIS REA - TOUCHÉ D'AMOUR,2
NITS,1,CHRIS REA - WINDY TOWN,2
STEPHANIE MILLS,1,CHRIS REA - AUBERGE,2
BOURGEOIS TAGG,1,CHRIS REA - JOSEPHINE,2
FARM,1,CHRIS REA - THE ROAD TO HELL (PART 2),2
THE CRUSADERS WITH RANDY CRAWFORD,1,CHRIS REA - LOVING YOU AGAIN,2
SOUNDGARDEN,1,ALABAMA - OLD ALABAMA,2
MINOGUE,1,BRAD PAISLEY - OLD ALABAMA,2
KYLIE,1,THE HANDSOME FAMILY - FAR FROM ANY ROAD,2
BELLAMY BROTHERS,1,BLAKE SHELTON - FOOTLOOSE,2
JOHNNY CLEGG,1,CRAIG MORGAN - THAT'S WHAT I LOVE ABOUT SUNDAY,2
SAVUKA,1,DOLLY PARTON - ISLANDS IN THE STREAM,2
"LEE ""DJ CHECCO"" MARROW",1,KENNY CHESNEY - BEER IN MEXICO,2
BLÄCK FÖÖSS,1,KENNY CHESNEY - I WANT TO KNOW WHAT LOVE IS (BONUS TRACK),2
THE HILLBILLY MOON EXPLOSION,1,EURYTHMICS - THE MIRACLE OF LOVE,2
JOSHUA HEDLEY,1,EURYTHMICS - I SAVED THE WORLD TODAY,2
THE WAR AND TREATY,1,EURYTHMICS - IT'S ALRIGHT - BABY'S COMING BACK,2
LOUIS THOMASS,1,EURYTHMICS - IT'S ALRIGHT (BABY'S COMING BACK),2
PRISCILLA BLOCK,1,ANASTACIA - I BELONG TO YOU (IL RITMO DELLA PASSIONE),2
SIIRI,1,TINA TURNER - WHEN THE HEARTACHE IS OVER,2
ANITA HEGERLAND,1,TINA TURNER - BETTER BE GOOD TO ME,2
FLYNNVILLE TRAIN,1,TINA TURNER - I CAN'T STAND THE RAIN,2
CHASE RICE,1,TINA TURNER - PROUD MARY,2
RICKY SKAGGS,1,BRUCE SPRINGSTEEN - I'M ON FIRE,2
CHRIS JANSON,1,BRUCE SPRINGSTEEN - MY HOMETOWN,2
SLASH,1,BRUCE SPRINGSTEEN - BORN TO RUN,2
JAMEY JOHNSON,1,BRUCE SPRINGSTEEN - BRILLIANT DISGUISE,2
RONNIE DUNN,1,BRUCE SPRINGSTEEN - BORN IN THE U.S.A.,2
SARAH JAROSZ,1,BRUCE SPRINGSTEEN - THUNDER ROAD,2
TONY ESPOSITO,1,BRUCE SPRINGSTEEN - BOBBY JEAN,2
ANNETTE HUMPE; INGA HUMPE,1,CHRISTOPHER CROSS - ARTHUR'S THEME (BEST THAT YOU CAN DO),2
CALVIN HARRIS,1,CHRISTOPHER CROSS - ARTHUR'S THEME ( BEST THAT YOU CAN DO ),2
SOPHIE ELLIS BEXTOR,1,ABC - THE LOOK OF LOVE,2
GOLDIE HAWN,1,ABC - WHEN SMOKEY SINGS,2
SARAH BRIGHTMAN,1,MIKE OLDFIELD; MAGGIE REILLY - MOONLIGHT SHADOW,2
JIMMIE ALLEN,1,JANET JACKSON - THAT'S THE WAY LOVE GOES,2
PATTY LOVELESS,1,GABRIELLE - DREAMS,2
ERIC CHURCH,1,SURVIVOR - EYE OF THE TIGER,2
MARTY STUART AND HIS FABULOUS SUPERLATIVES,1,BEE GEES - ORDINARY LIVES,2
RILEY GREEN,1,BEE GEES - ALONE,2
ELLA LANGLEY,1,ULTRAVOX - VIENNA,2
HAYES CARLL,1,ICH + ICH - PFLASTER,2
SWAMP DOGG,1,WHITNEY HOUSTON - QUEEN OF THE NIGHT,2
COELY,1,WHITNEY HOUSTON - GREATEST LOVE OF ALL,2
STEVE FORBERT,1,WHITNEY HOUSTON - DIDN'T WE ALMOST HAVE IT ALL,2
HARPO,1,WHITNEY HOUSTON - MY LOVE IS YOUR LOVE,2
SORAYA,1,WHITNEY HOUSTON - ALL AT ONCE,2
THE CARTERS,1,WHITNEY HOUSTON - COULD I HAVE THIS KISS FOREVER,2
MARLENA SHAW,1,U2 - ONE,2
MARIO BIONDI AND THE HIGH FIVE QUINTET,1,U2 - BEAUTIFUL DAY,2
CHI-LITES,1,DIANA ROSS; SUPREMES - BABY LOVE,2
BEVERLEY CRAVEN,1,ATOMIC KITTEN - IF YOU COME TO ME (IF U COME TO ME),2
LITTLE NELL,1,ATOMIC KITTEN - IF YOU COME TO ME,2
LOS LOBOS,1,CLIFF RICHARD - WE DON'T TALK ANYMORE,2
THE LUMINEERS,1,HONGKONG SYNDIKAT - CONCRETE & CLAY,2
KETTCAR,1,ALISON MOYET - IS THIS LOVE?,2
BANANAFISHBONES,1,EDWYN COLLINS - A GIRL LIKE YOU (ALBUM VERSION),2
CHRISTIAN BRUHN,1,ROBBIE WILLIAMS - LET ME ENTERTAIN YOU,2
DRITTE WAHL,1,ROBBIE WILLIAMS - ETERNITY,2
VICKY LEANDROS,1,MIKE - THE LIVING YEARS,2
KRAFTKLUB,1,MIKE - SILENT RUNNING ( ON DANGEROUS GROUND ),2
GARCIA,1,MIKE - ALL I NEED IS A MIRACLE,2
RACHEL O'DONNELL,1,THE MECHANICS - THE LIVING YEARS,2
US3,1,THE MECHANICS - SILENT RUNNING ( ON DANGEROUS GROUND ),2
CAMEO,1,THE MECHANICS - ALL I NEED IS A MIRACLE,2
O'BRYANT,1,VANESSA CARLTON; COUNTING CROWS - BIG YELLOW TAXI,2
DEAN BRODY,1,MARIUS MÜLLER-WESTERNHAGEN - WILLENLOS,2
ALAN DOYLE,1,MARIUS MÜLLER-WESTERNHAGEN - WEIL ICH DICH LIEBE,2
ARTHUR BAKER,1,MARIUS MÜLLER-WESTERNHAGEN - NIMM MICH MIT,2
JOVANOTTI,1,CHRIS DEBURGH - LADY IN RED,2
CULK,1,BOB MARLEY - NO WOMAN NO CRY (LIVE),2
GIGI MOTO,1,"BOB MARLEY - NO WOMAN, NO CRY",2
SACHA OBERNHOLZER,1,ARETHA FRANKLIN - SPANISH HARLEM,2
CAPITAL BRA,1,PET SHOP BOYS - RENT,2
CINDY,1,PET SHOP BOYS - HOME AND DRY,2
BERT,1,SIMPLY RED - IT'S ONLY LOVE,2
SEÑOR COCONUT Y SU CONJUNTO,1,CHER - JUST LIKE JESSE JAMES,2
CRUCCHI GANG MIT FRANCESCO WILKING,1,CHER - I FOUND SOMEONE,2
MR. ED JUMPS THE GUN,1,HOWARD JONES - TWO SOULS,2
REBA,1,SHAWN MENDES - TREAT YOU BETTER,2
DAVID KNOPFLER,1,SHAWN MENDES - WHEN YOU'RE GONE,2
LUKE BRYAN,1,SHAWN MENDES - STITCHES,2
KRIS KRISTOFFERSON,1,FLEETWOOD MAC - EVERYWHERE,2
SMASH MOUTH,1,FLEETWOOD MAC - HOLD ME,2
DARYL HALL; JOHN OATES,1,FLEETWOOD MAC - GYPSY,2
KAREL GOTT,1,HOT CHOCOLATE - EVERY 1S A WINNER,2
BÜRGER LARS DIETRICH,1,ED SHEERAN - THE A TEAM,2
GARISH,1,ED SHEERAN - AFTERGLOW,2
THE HUNTERS,1,ED SHEERAN - LEGO HOUSE,2
CLAUDIA KORECK,1,ED SHEERAN - SHAPE OF YOU,2
AZE,1,ED SHEERAN - A LITTLE MORE,2
PAUL MCCARTNEY; WINGS,1,ED SHEERAN - EYES CLOSED,2
BONNIE BIANCO,1,ED SHEERAN - GALWAY GIRL,2
PIERRE COSSO,1,ED SHEERAN - I DON'T CARE,2
THREE DEGREES,1,ROXETTE - THE BIG L.,2
MICHAEL LEARNS TO ROCK,1,BACKSTREET BOYS - AS LONG AS YOU LOVE ME,2
HUES CORPORATION,1,MIKE BATT - THE WINDS OF CHANGE,2
MELANIE,1,ORCHESTRAL MANOEUVRES IN THE DARK - MAID OF ORLEANS (JOAN OF ARC),2
COOPER,1,THE ROLLING STONES - START ME UP,2
BLUE SYSTEM,1,THE ROLLING STONES - I CAN'T GET NO SATISFACTION,2
P!NK,1,THE ROLLING STONES - THE LAST TIME,2
ALEXANDRA STAN,1,THE ROLLING STONES - IT'S ONLY ROCK 'N' ROLL (BUT I LIKE IT),2
FISCHER-Z,1,THE ROLLING STONES - ANGIE,2
MICHAEL JACKSON; PAUL MCCARTNEY,1,REAL LIFE - CATCH ME I'M FALLING,2
HARRY CHAPIN,1,ERIC CLAPTON - FOREVER MAN,2
TIMMY T,1,ERIC CLAPTON - TEARS IN HEAVEN,2
NICK STRAKER,1,ADELE - SOMEONE LIKE YOU,2
BOB GELDOF,1,ADELE - SEND MY LOVE (TO YOUR NEW LOVER),2
SALT'N PEPA,1,ADELE - SKYFALL (RADIO-VERSION),2
HAPE KERKELING,1,ADELE - WATER UNDER THE BRIDGE,2
C + C MUSIC FACTORY,1,ADELE - HELLO,2
KIKI DEE,1,ADELE - WHEN WE WERE YOUNG,2
TOM COCHRANE,1,DIXIE CHICKS - THERE'S YOUR TROUBLE,2
HEAVEN 17,1,BLUES BROTHERS - SOUL MAN,2
MIRKO SANTOCONO,1,SHANIA TWAIN - YOU'RE STILL THE ONE,2
CHRIS BROWN,1,RHETT AKINS - DRIVIN' MY LIFE AWAY,2
SWEDISH HOUSE MAFIA,1,"STAFFORD,TIM - TAKE THAT SHOT",2
ORCHESTER JAMES LAST,1,JUTZ - TAKE THAT SHOT,2
UNITED BALLS,1,THOMM - TAKE THAT SHOT,2
ADRIANO CELENTANO,1,BELINDA CARLISLE - LA LUNA,2
EROBIQUE,1,"THE SUPREMES - STOP, IN THE NAME OF LOVE",2
DESIREE KLAEUKENS,1,CYNDI LAUPER - I DROVE ALL NIGHT,2
DIE KLEINE CORNELIA,1,SASHA - LET ME BE THE ONE,2
DENDEMANN,1,JOE COCKER - WHEN THE NIGHT COMES,2
BOB SINCLAR PRESENTS GOLEO,1,JOE COCKER - NIGHT CALLS,2
"GARY ""NESTA"" PINE",1,JOE COCKER - WHAT BECOMES OF THE BROKEN HEARTED,2
FLASTER,1,JOE COCKER - HAVE A LITTLE FAITH IN ME,2
ALIZEE,1,JOE COCKER - YOU ARE SO BEAUTIFUL,2
LOU REED,1,JOE COCKER - YOU CAN LEAVE YOUR HAT ON,2
STEFANIE HEINZMANN,1,JENNIFER WARNES - FIRST WE TAKE MANHATTAN,2
SWISS,1,HERBERT GRÖNEMEYER - LIED 1 - STÜCK VOM HIMMEL,2
DIE ANDERN,1,HERBERT GRÖNEMEYER - MAMBO,2
FAT LARRY'S BAND,1,NATALIE COLE - PINK CADILLAC,2
LOUIS ARMSTRONG,1,TOM PETTY - INTO THE GREAT WIDE OPEN,2
USHER,1,TOM PETTY - FREE FALLIN',2
GLORIA JONES,1,THE HEARTBREAKERS - INTO THE GREAT WIDE OPEN,2
GREGORY PORTER,1,EROS RAMAZZOTTI - DOVE C'È MUSICA,2
MAC BAND,1,EROS RAMAZZOTTI - I BELONG TO YOU (IL RITMO DELLA PASSIONE),2
B*WITCHED,1,ELTON JOHN - CAN YOU FEEL THE LOVE TONIGHT,2
ALESSIA CARA,1,ELTON JOHN - A WORD IN SPANISH,2
SIX WAS NINE,1,ELTON JOHN - SACRIFICE,2
ELAIZA,1,ELTON JOHN - ORDINARY MAN,2
ADIEMUS,1,ELTON JOHN - MADE IN ENGLAND,2
MCFADDEN,1,ELTON JOHN - COLD HEART,2
WHITEHEAD,1,ELTON JOHN - JUST LIKE BELGIUM,2
HOWARD CARPENDALE,1,ELTON JOHN - CAN YOU FEEL THE LOVE TONIGHT? (END TITLE),2
NU SHOOZ,1,MADONNA - OPEN YOUR HEART,2
ARMY OF LOVERS,1,MADONNA - FEVER,2
CRACKERS,1,MADONNA - AMERICAN PIE,2
ORCHESTRAL MANOEUVRES IN THE DARK ( OMD ),1,REAMONN - THROUGH THE EYES OF A CHILD,2
HIM,1,REAMONN - AEROPLANE,2
PIXIES,1,ELVIS PRESLEY - ALWAYS ON MY MIND,2
KALEO,1,MANFRED MANN'S EARTH BAND - MIGHTY QUINN,2
STATUS QUO WITH THE THE BEACH BOYS,1,TRACY CHAPMAN - CROSSROADS,2
CHRIS CORNELL,1,CULTURE CLUB - MOVE AWAY,2
TERRY HOAX,1,MEGHAN TRAINOR - ALL ABOUT THAT BASS,2
PARAMORE,1,THE BEE GEES - ONE,2
KILLSWITCH ENGAGE,1,THE BEE GEES - PAYING THE PRICE OF LOVE,2
BLIND GUARDIAN,1,THE BEE GEES - SECRET LOVE,2
UDO DIRKSCHNEIDER,1,THE BEE GEES - ORDINARY LIVES,2
KROKUS,1,JOHN FARNHAM - THAT'S FREEDOM,2
JESSE,1,JAMES BLUNT - PRIMAVERA IN ANTICIPO (IT IS MY SONG) (AUSZUG),2
JOY,1,JAMES BLUNT - I'LL BE YOUR MAN,2
THEM,1,NENA - LIEBE IST,2
SCHWOISSFUASS,1,BOSSON - ONE IN A MILLION,2
JOE DOLCE MUSIC THEATRE,1,BLONDIE - THE TIDE IS HIGH,2
QUATRO,1,BLONDIE - SUNDAY GIRL,2
SUZI,1,STEVIE WONDER - EBONY AND IVORY,2
JETT,1,MARY J. BLIGE - AS,2
JOAN,1,LIGHTHOUSE FAMILY - OCEAN DRIVE,2
INGA HUMPE,1,LIGHTHOUSE FAMILY - RAINCLOUD,2
IAN HOOPER,1,AC - YOU SHOOK ME ALL NIGHT LONG,2
JIGSAW,1,AC - BACK IN BLACK,2
JACKIE GREENE,1,AC - HIGHWAY TO HELL,2
JOHN MORGAN,1,DC - YOU SHOOK ME ALL NIGHT LONG,2
JERRY REED,1,DC - BACK IN BLACK,2
MINDY MCCREADY,1,DC - HIGHWAY TO HELL,2
OLD DOMINION,1,EARTH - GOT TO GET YOU INTO MY LIFE,2
THE TENNESSEE TWO,1,WIND - GOT TO GET YOU INTO MY LIFE,2
WHITEY MORGAN AND THE 78'S,1,FIRE - GOT TO GET YOU INTO MY LIFE,2
MARGO PRICE,1,BLACK PUMAS - FAST CAR,2
JESSE WELLES,1,BRUCE HORNSBY - THE VALLEY ROAD,2
OLI P,1,BRUCE HORNSBY - MANDOLIN RAIN,2
DIE ALPINKATZEN,1,THE RANGE - THE VALLEY ROAD,2
STILTSKIN,1,THE RANGE - MANDOLIN RAIN,2
SANDMAN,1,STING - FRAGILE,2
NOFX,1,DIDO - WHITE FLAG,2
UPTOWN HORNS,1,DIDO - THANK YOU,2
WILLIAM PITT,1,QUEEN - THESE ARE THE DAYS OF OUR LIVES,2
DIE FIRMA,1,QUEEN - IT'S A HARD LIFE,2
MAJAN,1,JASON DONOVAN - TOO MANY BROKEN HEARTS,2
ANAÏS,1,JASON DONOVAN - RHYTHM OF THE RAIN,2
ENDZONE,1,PHIL COLLINS - IN THE AIR TONIGHT,2
BELA B,1,PHIL COLLINS - A GROOVY KIND OF LOVE,2
N. N,1,PHIL COLLINS - DO YOU REMEMBER,2
EAV,1,PHIL COLLINS - EASY LOVER,2
ROSE ROYCE,1,CURE - FRIDAY I'M IN LOVE,2
THE ISLEY BROTHERS,1,STEVE WINWOOD - WHILE YOU SEE A CHANCE,2
JAZZANOVA,1,AEROSMITH - COME TOGETHER,2
BEN WESTBEECH,1,AEROSMITH - NINE LIVES,2
MARGIE HENDRIX,1,SMOKIE - IF YOU THINK YOU KNOW HOW TO LOVE ME,2
THE TEMPTATIONS,1,SMOKIE - NEEDLES AND PINS,2
MOFRO,1,SMOKIE - OH CAROL,2
NICOLE MCCLOUD,1,THE CORRS - LONG NIGHT,2
THE STROKES,1,THE CORRS - BREATHLESS,2
RORY GALLAGHER,1,ROY ORBISON - CALIFORNIA BLUE,2
KYLIE MINOGUE; ROB DAVIS,1,ROY ORBISON - OH PRETTY WOMAN,2
THE SCORPIONS,1,SPICE GIRLS - WANNABE,2
HOLLIES,1,SUPERTRAMP - TAKE THE LONG WAY HOME,2
FOX THE FOX,1,NICKY JAM - EL PERDÓN,2
MIKE OLDFIELD; ANITA HEGERLAND,1,ENRIQUE IGLESIAS - EL PERDÓN,2
CHIIARA,1,ENRIQUE IGLESIAS - BAILAMOS,2
PATTI SMITH GROUP,1,ENRIQUE IGLESIAS - RHYTHM DIVINE,2
K2,1,ENRIQUE IGLESIAS - COULD I HAVE THIS KISS FOREVER,2
HULK HOGAN,1,BRUNO MARS - THE LAZY SONG,2
BAY CITY ROLLERS,1,BRUNO MARS - GRENADE,2
GALA,1,TRAIN - MARRY ME,2
KRAVITZ,1,SEAL - LOVE'S DIVINE,2
LENNY,1,MATT SIMONS - WE CAN DO BETTER,2
BLACK SABBATH,1,MATT SIMONS - LOSE CONTROL,2
HOLLYWOOD BEYOND,1,MATT SIMONS - OPEN UP,2
GRATEFUL DEAD,1,IRON MAIDEN - RUN TO THE HILLS,2
JEAN-JACQUES GOLDMAN,1,IRON MAIDEN - THE NUMBER OF THE BEAST,2
MARSHALL HAIN,1,CANDI STATON - YOUNG HEARTS RUN FREE,2
THE DEAD DAISIES,1,DIE FANTASTISCHEN VIER - ZUSAMMEN,2
GUN,1,DIE FANTASTISCHEN VIER - DIE DA,2
FALL OUT BOY,1,STEPHAN REMMLER - VOGEL DER NACHT,2
KORN,1,NICKELBACK - SONG ON FIRE,2
AVRIL LAVIGNE,1,GLASS TIGER - SOMEDAY,2
PLACEBO,1,MILOW - WE MUST BE CRAZY,2
BADFINGER,1,MILOW - DELOREAN,2
BRUCE WILLIS,1,MILOW - AGAINST THE TIDE,2
ANNE CLARK,1,KIM WILDE - IT'S HERE,2
GIBSON BROTHERS,1,KIM WILDE - FOUR LETTER WORD,2
LIL NAS X,1,TEARS FOR FEARS - SOWING THE SEEDS OF LOVE,2
THE MANHATTAN TRANSFER,1,PINK - WHAT ABOUT US,2
PORTISHEAD,1,PINK - WALK ME HOME,2
BONE THUGS-N-HARMONY,1,CLAUDIA MORI - NON SUCCEDERÀ PIÙ,2
FATS DOMINO,1,STEALERS WHEEL - STUCK IN THE MIDDLE WITH YOU,2
ANN NESBY,1,IRENE CARA - FLASHDANCE...WHAT A FEELING,2
CYMANDE,1,NO MERCY - WHEN I DIE,2
HÖHNER,1,JOHN FOGERTY - UP AROUND THE BEND,2
GROVER WASHINGTON JR,1,SUZI QUATRO - DON'T CHANGE MY LUCK,2
BONNIE RAITT,1,ELECTRIC LIGHT ORCHESTRA - HERE IS THE NEWS,2
KAMAKAWIWO'OLE,1,ELECTRIC LIGHT ORCHESTRA - SWEET TALKIN' WOMAN,2
ISRAEL,1,"KLAUS LAGE - KOMM, HALT MICH FEST",2
GÄNSEHAUT,1,KLAUS LAGE - 1000 UND 1 NACHT (ZOOM!),2
RONNIE JAMES DIO,1,DIRE STRAITS - TICKET TO HEAVEN,2
MONTY PYTHON,1,DUSTY SPRINGFIELD - IN PRIVATE,2
ALAN WALKER,1,DUSTY SPRINGFIELD - WHAT HAVE I DONE TO DESERVE THIS?,2
MARIA MCKEE,1,NO DOUBT - JUST A GIRL,2
JEANETTE,1,NO DOUBT - IT' S MY LIFE,2
CARO TRISCHLER,1,THE STEVE MILLER BAND - JET AIRLINER,2
JACKSON BROWNE,1,TASMIN ARCHER - SOMEBODY'S DAUGHTER,2
JA RULE,1,THE SILVER BULLET BAND - AGAINST THE WIND,2
ALFA,1,SARAGOSSA BAND - ZABADAK,2
THE RED HOT CHILI PEPPERS,1,GEORGE EZRA - PARADISE,2
THE SOUNDS,1,GEORGE EZRA - HOLD MY GIRL,2
VIOLENT FEMMES,1,WHAM! - YOUNG GUNS (GO FOR IT!),2
CANNED HEAT,1,WHAM! - FREEDOM,2
BLINK 182,1,WHAM! - I'M YOUR MAN,2
PHANTOM PLANET,1,SIA - UNSTOPPABLE,2
THE ALLMAN BROTHERS BAND,1,SIA - NEVER GIVE UP,2
RUNRIG,1,THE SWEET - LOVE IS LIKE OXYGENE,2
ROCKWELL,1,BILLY IDOL - REBEL YELL,2
JAMIROQUAI,1,BILLY IDOL - CATCH MY FALL,2
EDWIN BIRDSONG,1,COLDPLAY - TALK,2
DE LA SOUL,1,COLDPLAY - ADVENTURE OF A LIFETIME,2
EDWIN STARR,1,COLDPLAY - SOMETHING JUST LIKE THIS,2
ERYKAH BADU,1,COLDPLAY - VIVA LA VIDA,2
WARREN G,1,COLDPLAY - CLOCKS,2
NATE DOGG,1,DEPECHE MODE - PRECIOUS,2
YOUNG GUN SILVER FOX,1,DEPECHE MODE - PEOPLE ARE PEOPLE,2
GINUWINE,1,DEPECHE MODE - PERSONAL JESUS,2
LIGHTNING SEEDS,1,MICHAEL JACKSON - DON'T STOP 'TIL YOU GET ENOUGH,2
RICK TREVIÑO,1,MICHAEL JACKSON - EARTH SONG,2
CHARLY MCCLAIN,1,DJ BOBO - SOMEBODY DANCE WITH ME,2
CARLY PEARCE,1,GREEN DAY - GOOD RIDDANCE (TIME OF YOUR LIFE),2
LEE BRICE,1,GREEN DAY - BASKET CASE,2
PEZ,1,PAUL MCCARTNEY - EBONY AND IVORY,2
DEANA CARTER,1,RAGE AGAINST THE MACHINE - KILLING IN THE NAME,2
BLACKBERRY SMOKE,1,TLC - NO SCRUBS,2
RANDALL KING,1,MARK MORRISON - RETURN OF THE MACK,2
OFENBACH VS. NICK WATERHOUSE,1,SARAH MCLACHLAN - ANGEL,2
TRANS-X,1,GUNS'N'ROSES - YOU COULD BE MINE,2
BRANDON LAKE,1,SHAGGY - IN THE SUMMERTIME,2
CHARLES ESTEN,1,PRINCE ITAL JOE - HAPPY PEOPLE,2
LENNON,1,METALLICA - SAD BUT TRUE,2
MAISY,1,NEW MODEL ARMY - VAGABONDS,2
BILLY JOE SHAVER,1,BUSH - 60 WAYS TO FORGET PEOPLE,2
EMILY ANN ROBERTS,1,SKID ROW - 18 AND LIFE,2
GREYLAN JAMES,1,THE KINKS - LOLA,2
POETS OF THE FALL,1,THE KINKS - DON'T FORGET TO DANCE,2
LAURA COX,1,ALICE COOPER - POISON,2
LITA FORD,1,JAMES ARTHUR - SAY YOU WON'T LET GO,2
GOJIRA,1,JAMES ARTHUR - NAKED,2
WITHIN TEMPTATION,1,MICHAEL MCDONALD - SWEET FREEDOM,2
FRIDA,1,SILBERMOND - LEICHTES GEPÄCK,2
AMANDA MARSHALL,1,GEORGE MICHAEL - TOO FUNKY,2
TON STEINE SCHERBEN,1,GEORGE MICHAEL - AS,2
PRINCE; THE REVOLUTION,1,GEORGE MICHAEL - FREEDOM '90,2
MARK RONSON; MILEY CYRUS,1,THE BEACH BOYS - I GET AROUND,2
MOODY BLUES,1,THE HOLLIES - LONG COOL WOMAN (IN A BLACK DRESS),2
DAVID BYRNE,1,HADDAWAY - WHAT IS LOVE (1999 DIGIAL REMASTERED),2
RICK SPRINGFIELD,1,JOHN MAYER - YOUR BODY IS A WONDERLAND,2
CHARLIE DORE,1,OZZY OSBOURNE - ORDINARY MAN,2
POLARKREIS 18,1,BETH HART BAND - SUMMER IS GONE,2
DER WOLF,1,THE VANDELLAS - DANCING IN THE STREET,2
CHAKA KHAN,1,SMOKE CITY - UNDERWATER LOVE,2
CAVE,1,MARVIN GAYE - GOT TO GIVE IT UP,2
NICK,1,RANDY CRAWFORD - ONE DAY I'LL FLY AWAY,2
JULIEN CLERC,1,THE BAHAMA SOUL CLUB - BUT RICH RHYTHMS,2
ADAM ANT,1,KING CURTIS - MEMPHIS SOUL STEW,2
WEEKND,1,AMY GRANT - LEAD ME ON,2
DRAKE REKLAWS,1,AMY GRANT - EVERY HEARTBEAT,2
MILLIGAN,1,DURAN DURAN - WILD BOYS,2
MCBRYDE,1,EMMA BUNTON - WHAT TOOK YOU SO LONG,2
ASHLEY,1,FANCY - SLICE ME NICE,2
CLARK,1,FANCY - FLAMES OF LOVE,2
BRANDY,1,FOREIGNER - COLD AS ICE,2
HAMMACK,1,T'PAU - CHINA IN YOUR HAND (SINGLE VERSION),2
CAYLEE,1,UDO LINDENBERG - SONDERZUG NACH PANKOW,2
STEVE 'N' SEAGULLS,1,UDO LINDENBERG - GEGEN DIE STRÖMUNG,2
LINDA DAVIS,1,UDO LINDENBERG - MEIN DING,2
DARIUS RUCKER,1,UDO LINDENBERG - NIEMALS DRAN GEZWEIFELT,2
JUDDS,1,UDO LINDENBERG - ICH LIEB' DICH ÜBERHAUPT NICHT MEHR,2
ARNOLD SCHWARZENEGGER,1,UDO LINDENBERG - HORIZONT,2
TAL BACHMAN,1,BONNIE TYLER - TOTAL ECLIPSE OF THE HEART,2
THE O'JAYS,1,BONNIE TYLER - TOTAL ECLIPSE OF THE HEART (SHORT VERSION),2
FITZ AND THE TANTRUMS,1,JACK JOHNSON - GOOD PEOPLE,2
AMBER MARK,1,ÁLVARO SOLER - SOFIA,2
LOYLE CARNER,1,LARA FABIAN - I WILL LOVE AGAIN,2
TOM MISCH,1,JAMES MORRISON - I WON'T LET YOU GO,2
HUBERT VON GOISERN UND DIE ALPINKATZEN,1,THE BEAUTIFUL SOUTH - YOU KEEP IT ALL IN,2
NINO DE ANGELO,1,INXS - ORIGINAL SIN,2
WAS NOT WAS,1,PROPAGANDA - P-MACHINERY,2
DE BLÄCK FÖÖSS,1,STRAY CATS - ROCK THIS TOWN,2
NORMAN GREENBAUM,1,DIE TOTEN HOSEN - AZZURRO (DIE TOTEN HOSEN:),2
GILBERT,1,DIE TOTEN HOSEN - TAGE WIE DIESE,2
BRANTLEY,1,DIE TOTEN HOSEN - WANNSEE,2
TRISHA YEARWOOD,1,REINHARD MEY - ÜBER DEN WOLKEN,2
MARTINA MCBRIDE,1,"REINHARD MEY - ANKOMME FREITAG, DEN 13.",2
RYAN AND RORY,1,DIE ÄRZTE - ZU SPÄT,2
RACHEL WAMMACK,1,DIE ÄRZTE - JUNGE,2
KELSEA BALLERINI,1,DIE ÄRZTE - LASSE REDN,2
KEITH MARSHALL,1,DIE ÄRZTE - 3-TAGE-BART,2
WISE GUYS,1,THE GREG KIHN BAND - JEOPARDY,2
NSYNC,1,JUSTIN WELLINGTON - IKO IKO,2
BLOW MONKEYS,1,JUSTIN WELLINGTON - IKO IKO (MY BESTIE),2
LOCASH,1,SMALL JAM - IKO IKO,2
JAKE OWEN,1,SMALL JAM - IKO IKO (MY BESTIE),2
DAVID NAIL,1,JULI - REGEN UND MEER,2
DAVE BARNES,1,JULI - GEILE ZEIT,2
SAMMY KERSHAW,1,KARAT - DER BLAUE PLANET,2
DANIELLE BRADBERY,1,KARAT - ÜBER SIEBEN BRÜCKEN MUSST DU GEH'N,2
THE HIGHWAYMEN,1,MIKE OLDFIELD - INNOCENT,2
AARON WATSON,1,GEORGE STRAIT - 80 PROOF BOTTLE OF TEAR STOPPER,2
KIMBERLY KELLY,1,COLIN STOUGH - MAKES TWO OF US,2
EMERSON,1,EMMYLOU HARRIS - SIX WHITE CADILLACS,2
LAKE,1,BIG - SAVE A HORSE (RIDE A COWBOY),2
PALMER,1,RICH - SAVE A HORSE (RIDE A COWBOY),2
ANTJE SCHOMAKER,1,JUSTIN BIEBER - PEACHES,2
ERSTE ALLGEMEINE VERUNSICHERUNG  (EAV),1,JUSTIN BIEBER - I DON'T CARE,2
ACHIM REICHEL,1,THE DEAD SOUTH - 20 MILE JUMP,2
KIZ,1,MORGAN WADE - 2AM IN LONDON,2
BOSSE,1,JEM - IT'S AMAZING,2
LILLY WOOD,1,TILL BRÖNNER - VIVA LA FELICITÀ,2
THE PRICK AND ROBIN SCHULZ,1,R.E.M - EVERYBODY HURTS,2
STEFAN RAAB,1,R.E.M - LEAVING NEW YORK,2
WHEATUS,1,HUEY LEWIS - SHE'S SOME KIND OF WONDERFUL,2
HELEN SCHNEIDER,1,HUEY LEWIS - DO YOU BELIEVE IN LOVE,2
THE BLACK KEYS,1,THE NEWS - SHE'S SOME KIND OF WONDERFUL,2
RICHIE SAMBORA,1,THE NEWS - DO YOU BELIEVE IN LOVE,2
ASH,1,MAROON 5 - PAYPHONE,2
THE HONEYDRIPPERS,1,MAROON 5 - MOVES LIKE JAGGER,2
STEEL PULSE,1,THE J. GEILS BAND - FREEZE-FRAME,2
INA MÜLLER,1,LOST FREQUENCIES - CRAZY,2
PERCY SLEDGE,1,BILLY JOEL - JUST THE WAY YOU ARE,2
SILLY,1,BILLY JOEL - ALL ABOUT SOUL,2
EROC,1,ALVARO SOLER - SOFIA,2
DEBBIE HARRY,1,ALVARO SOLER - REGALO,2
CARMEL,1,PETER FOX - ZUKUNFT PINK,2
LUCIO DALLA,1,ROD STEWART - EVERY BEAT OF MY HEART,2
FIRE WITH THE EMOTIONS,1,ROD STEWART - MAGGIE MAY,2
RIGHEIRA,1,ROD STEWART - THIS OLD HEART OF MINE,2
RUSS BALLARD,1,ROD STEWART - SAILING,2
GEORGE THOROGOOD,1,ROD STEWART - THE FIRST CUT IS THE DEEPEST,2
THE DESTROYERS,1,ROD STEWART - YOU'RE IN MY HEART,2
DANNY VERA,1,ROD STEWART - SWEET SURRENDER,2
HEINZ RÜHMANN,1,PETER MAFFAY - SONNE IN DER NACHT,2
JAM,1,PETER MAFFAY - ÜBER SIEBEN BRÜCKEN MUSST DU GEH'N,2
SPOON,1,TANITA TIKARAM - WORLD OUTSIDE YOUR WINDOW,2
WOLFGANG AMBROS,1,TANITA TIKARAM - GOOD TRADITION,2
DEICHKIND,1,DIANA ROSS - WHERE DID OUR LOVE GO,2
JISKA,1,PETER GABRIEL - GAMES WITHOUT FRONTIERS,2
VIKTOR LAZLO,1,"THE POLICE - DE DO DO DO, DE DA DA DA",2
NELLY,1,MICHAEL SCHULTE - WAKING UP WITHOUT YOU,2
JAMIE FOXX,1,MICHAEL SCHULTE - YOU LET ME WALK ALONE,2
JON BATISTE,1,CAT STEVENS - OH VERY YOUNG,2
HOT 8 BRASS BAND,1,CAT STEVENS - WILD WORLD,2
LIONEL RICHIE WITH SHANIA TWAIN,1,SHEENA EASTON - MORNING TRAIN (NINE TO FIVE),2
RAY CHARLES WITH LEELA JAMES,1,HEINZ RUDOLF KUNZE - FINDEN SIE MABEL,2
AFTER THE FIRE,1,HEINZ RUDOLF KUNZE - LÄNGERE TAGE,2
PAUL HARDCASTLE,1,BOB SEGER; SILVER BULLET BAND - AGAINST THE WIND,2
RHEINGOLD,1,MOTÖRHEAD - ACE OF SPADES,2
MODJO,1,MOTÖRHEAD - SYMPATHY FOR THE DEVIL,2
GUNS N' ROSES,1,THE BLACK CROWES - HARD TO HANDLE,2
JENNY THIELE,1,PAPA ROACH - EVEN IF IT KILLS ME,2
INDUCTION,1,DANZIG - MOTHER,2
OFRA HAZA,1,ROSE TATTOO - NICE BOYS,2
WOLFMOTHER,1,MÜNCHENER FREIHEIT - TAUSENDMAL DU,2
MEGADETH,1,ONEREPUBLIC - APOLOGIZE,2
THE SMASHING PUMPKINS,1,ONEREPUBLIC - GOOD LIFE,2
MANOWAR,1,ONEREPUBLIC - BEAUTIFUL COLORS,2
JEFF BECK,1,RICHARD MARX - ENDLESS SUMMER NIGHTS,2
THE CATCH,1,WIZ KHALIFA - PAYPHONE,2
WASHINGTON JR,1,SHAKIRA - WAKA WAKA (THIS TIME FOR AFRICA),2
GROVER,1,AURA DIONE - I WILL LOVE YOU MONDAY,2
THE FAMILY,1,INNER CIRCLE - GAMES PEOPLE PLAY,2
STARS ON 45,1,WET WET WET - SWEET SURRENDER,2
CURTIS MAYFIELD,1,GLADYS KNIGHT - I HEARD IT THROUGH THE GRAPEVINE,2
SHOLA AMA,1,GLADYS KNIGHT - MIDNIGHT TRAIN TO GEORGIA,2
ULRICH ZEHFUSS,1,THE PIPS - I HEARD IT THROUGH THE GRAPEVINE,2
TOM JONES; MOUSSE T,1,THE PIPS - MIDNIGHT TRAIN TO GEORGIA,2
ARMANDO QUATTRONE,1,Y'AKOTO - WHO I AM,2
SUGARHILL GANG,1,ISAAC HAYES - THEME FROM SHAFT,2
YOUNG THUG,1,OLETA ADAMS - RHYTHM OF LIFE,2
TONES AND I,1,LENNY KRAVITZ - CALIFORNIA,2
WAMDUE PROJECT,1,THE POINTER SISTERS - SLOW HAND,2
LUCILECTRIC,1,CATCH - 25 YEARS,2
TITO,1,ZAZ - JE VEUX,2
TARANTULA,1,BOSTON - MORE THAN A FEELING,2
FORSTER MARK,1,THE STRANGLERS - GOLDEN BROWN,2
FOOL'S GARDEN,1,DARYL HALL - I CAN'T GO FOR THAT (NO CAN DO),2
ORANGE BLUE,1,DARYL HALL - KISS ON MY LIST,2
SPARKS,1,BERLIN - TAKE MY BREATH AWAY,2
ALICE IN CHAINS,1,KENNY ROGERS - ISLANDS IN THE STREAM,2
HELEN SCHNEIDER WITH THE KICK,1,CREEDENCE CLEARWATER REVIVAL - DOWN ON THE CORNER,2
DROPKICK MURPHYS,1,CREEDENCE CLEARWATER REVIVAL - HAVE YOU EVER SEEN THE RAIN?,2
ERSTE ALLGEMEINE VERUNSICHERUNG,1,HUGO HELMIG - PLEASE DON'T LIE,2
POCO,1,MEL C - WHEN YOU'RE GONE,2
CURTIS HARDING,1,HUMPE - CARELESS LOVE,2
CRAIG DAVID,1,DAVID BOWIE - FIVE YEARS,2
RUMER,1,MYLÈNE FARMER - DÉSENCHANTÉE,2
SAILOR,1,REA GARVEY - ARMOUR,2
THE VAMPIRE SOUND INC,1,RALPH MCTELL - STREETS OF LONDON,2
PROVINZ,1,WESTERNHAGEN - FREIHEIT (LIVE),2
ZANKI,1,RED HOT CHILI PEPPERS - ROAD TRIPPIN',2
SOPHIE HUNGER,1,RED HOT CHILI PEPPERS - UNDER THE BRIDGE,2
MANDO DIAO,1,IGGY POP - REAL WILD CHILD (WILD ONE),2
SAPHIR,1,COOLIO - GANGSTA'S PARADISE,2
CLUB NOUVEAU,1,OMD - DREAMING,2
MELANIE THORNTON,1,OMD - SECRET,2
ROSÉ,1,OMD - WALKING ON THE MILKY WAY,2
MENDES,1,INC. LIPPS - FUNKYTOWN,2
SHAWN,1,SUNRISE AVENUE - LIFESAVER,2
DERMOT KENNEDY,1,SUNRISE AVENUE - FAIRYTALE GONE BAD,2
LEISURE,1,LEVEL 42 - LOVE GAMES,2
DURAND JONES,1,LYKKE LI - I FOLLOW RIVERS,2
THE INDICATIONS,1,JOHN DENVER - ANNIE'S SONG,2
SHIRLEY BASSEY,1,M PEOPLE - SEARCH FOR THE HERO,2
PROPELLERHEADS,1,THE NIGHT GAME - ONCE IN A LIFETIME,2
LULU,1,PINK FLOYD - ANOTHER BRICK IN THE WALL (PART 2),2
LAKE STREET DIVE,1,PINK FLOYD - WISH YOU WERE HERE,2
PAOLO NUTINI,1,THE MUSCLE SHOALS RHYTHM SECTION - STILL THE SAME,2
SIMONE,1,DAN FOGELBERG - THE LANGUAGE OF LOVE,2
NINA,1,SANDRA - STOP FOR A MINUTE,2
JONATHAN JEREMIAH,1,SANDRA - (I'LL NEVER BE) MARIA MAGDALENA,2
MINNIE RIPERTON,1,SANDRA - IN THE HEAT OF THE NIGHT,2
FILMORCHESTER,1,TOM JONES - KISS,2
DIE LASSIE SINGERS,1,TOM JONES - SEX BOMB (SEXBOMB),2
BUT ALIVE,1,TOM JONES - SEXBOMB,2
DIE STERNE,1,TOM JONES - MAMA TOLD ME NOT TO COME,2
LZZY HALE,1,EDIE BRICKELL - WHAT I AM,2
TURBO B,1,NEW BOHEMIANS - WHAT I AM,2
WATT,1,VAN HALEN - PANAMA,2
YO-YO MA,1,SPANDAU BALLET - ONLY WHEN YOU LEAVE,2
ROBERT TRUJILLO,1,MEN AT WORK - OVERKILL,2
CHAD SMITH,1,ADAM TUCKER - BETTER MAN,2
GARBAGE,1,BAP - VERDAMP LANG HER,2
BILLIE JOE ARMSTRONG,1,BAP - SHANGHAI,2
GHOST,1,TAKE THAT - COULD IT BE MAGIC,2
ALIEN ANT FARM,1,TAKE THAT - HOW DEEP IS YOUR LOVE,2
SEETHER,1,TAKE THAT - PATIENCE,2
PETER TOSH,1,BIG FUN - BLAME IT ON THE BOOGIE,2
MYLES SMITH,1,MARK RONSON - NOTHING BREAKS LIKE A HEART,2
WILSON PICKETT,1,AMY WINEHOUSE - REHAB,2
ROBIN MCKELLE,1,FAITHLESS - INSOMNIA,2
THE FLYTONES (,1,MARC ALMOND - THE DAYS OF PEARLY SPENCER,2
LEE FIELDS),1,RAY JR. PARKER - GHOSTBUSTERS,2
DARYL BRAITHWAITE,1,ANDREAS BOURANI - NUR IN MEINEM KOPF,2
EMMELIE DE FOREST,1,BEATLES - ALL YOU NEED IS LOVE,2
MICHAEL JACKSON; SIEDAH GARRETT,1,ROXY MUSIC - MORE THAN THIS,2
DEL AMITRI,1,ROXY MUSIC - OH YEAH (THERE'S A BAND PLAYING ON THE RADIO),2
BOYS TOWN GANG,1,JON BON JOVI - BLAZE OF GLORY,2
CHUMBAWAMBA,1,DASHA - AUSTIN,2
SCATMAN JOHN,1,FONTAINES D.C - SUNDOWNER,2
BENI HAFNER,1,LUTRICIA MCNEAL - SOMEONE LOVES YOU HONEY,2
DIE GOLDENEN ZITRONEN,1,STEVE PERRY - OH SHERRIE,2
LINA MALY,1,LAURA PAUSINI - PRIMAVERA IN ANTICIPO (IT IS MY SONG) (AUSZUG),2
ROGER CICERO,1,MARTI WEBB - TAKE THAT LOOK OFF YOUR FACE,2
ABSOLUTE BEGINNER,1,ROCK MAFIA - FRIENDS,2
DENNIS DUBPLATE,1,JOHNNY LOGAN - WHAT'S ANOTHER YEAR,2
HUNDREDS,1,MICHAEL BUBLÉ - EVERYTHING,2
FINN,1,MICHAEL BUBLÉ - SAVE THE LAST DANCE FOR ME,2
RIC OCASEK,1,MICHAEL BUBLÉ - HOME,2
THE BAND,1,LITTLE RIVER BAND - LONESOME LOSER,2
REEL 2 REAL,1,REDNEX - COTTON EYE JOE (COTTON-EYED JOE),2
THE KNACK,1,OLIVIA NEWTON-JOHN - YOU'RE THE ONE THAT I WANT,2
HAINDLING,1,LAID BACK - BAKERMAN,2
BERQ,1,ROSENSTOLZ - ICH BIN ICH (WIR SIND WIR),2
LENA MEYER-LANDRUT,1,ROSENSTOLZ - LASS ES LIEBE SEIN,2
NORMAHL,1,ROSENSTOLZ - LIEBE IST ALLES,2
77 BOMBAY STREET,1,MAGGIE REILLY - EVERY SINGLE HEARTBEAT (DANCING INTO DANGER),2
NINA HAGEN,1,REVOLVERHELD - LASS UNS GEHEN,2
MEUTE,1,WEEZER - BUDDY HOLLY,2
PETER,1,BLÜMCHEN - HERZ AN HERZ,2
BJÖRN,1,CULTURED PEARLS - SUGAR SUGAR HONEY,2
JOHN,1,"THE WAILERS - NO WOMAN, NO CRY",2
CASPER,1,THE WAILERS - COULD YOU BE LOVED,2
ZUPFGEIGENHANSEL,1,CELESTE - STOP THIS FLAME,2
HOLSTUONARMUSIGBIGBANDCLUB,1,DEEP PURPLE - SMOKE ON THE WATER,2
HELGE SCHNEIDER,1,SPIDER MURPHY GANG - SCHICKERIA,2
THE LIGHTNING SEEDS,1,SPIDER MURPHY GANG - SKANDAL IM SPERRBEZIRK,2
THOMPSON,1,LA BOUCHE - FALLIN' IN LOVE,2
TEDDY,1,AMANDA SHIRES - EMPTY CUPS,2
WAINWRIGHT,1,EAST 17 - AROUND THE WORLD,2
RUFUS,1,EAST 17 - STAY ANOTHER DAY,2
JOHN MICHAEL MONTGOMERY,1,MARK KNOPFLER - SAILING TO PHILADELPHIA,2
PARTON,1,MARK KNOPFLER - WHAT IT IS,2
DOLLY,1,DOLLS UNITED - EINE INSEL MIT ZWEI BERGEN,2
PITBULL,1,KENNY G - HAVANA,2
GLS-UNITED,1,SHEILA B. DEVOTION - SPACER,2
THE PLATTERS,1,JAMES MORRISON; NELLY FURTADO - BROKEN STRINGS,2
BOYZ II MEN,1,CHRIS NORMAN; SUZI QUATRO - STUMBLIN' IN,2
ELIOTT,1,"ROBERTA FLACK - TONIGHT, I CELEBRATE MY LOVE",2
PREFAB SPROUT,1,ROBERT PALMER - KNOW BY NOW,2
BEASTIE BOYS,1,ROBERT PALMER - TITELFOLGE,2
CAPTAIN,1,ROBERT PALMER - ADDICTED TO LOVE,2
TENNILLE,1,BRUCE HORNSBY AND THE RANGE - MANDOLIN RAIN,2
DYNAMO 5,1,THE RONETTES - BE MY BABY,2
ERNST MOLDEN,1,THE KILLERS - MR BRIGHTSIDE,2
SEILER,1,TIM BENDZKO - NUR NOCH KURZ DIE WELT RETTEN,2
DAS FRAUENORCHESTER,1,THE DOOBIE BROTHERS - NEED A LITTLE TASTE OF LOVE,2
JÜRGEN DREWS,1,BAND - HE'S SO SHY,2
VERIFIZIERT,1,"BAND - FLY, ROBIN, FLY",2
DOG EAT DOG,1,BAND - ÜBER DEN WOLKEN,2
EIFFEL 65,1,RICCHI E POVERI - MADE IN ITALY,2
JOHN MELLENCAMP,1,ETERNAL - I WANNA BE THE ONLY ONE,2
BOBBY BARE,1,SAM SMITH - TO BE FREE,2
ROBERT EARL KEEN,1,OTIS REDDING - HARD TO HANDLE,2
ASLEEP AT THE WHEEL,1,OTIS REDDING - SITTIN' ON THE DOCK OF THE BAY,2
JOHNNY PAYCHECK,1,OWEN PAUL - MY FAVOURITE WASTE OF TIME,2
JON PARDI WITH THE ALL-NIGHTERS,1,DISTURBED - DOWN WITH THE SICKNESS,2
K. T. OSLIN,1,HANOI ROCKS - UP AROUND THE BEND,2
DANIEL FOGELBERG,1,LOLA MARSH - WISHING GIRL,2
STEPHAN EICHER,1,PETER CETERA - GLORY OF LOVE,2
MAX GAZZÈ,1,THE PASADENAS - I'M DOING FINE NOW,2
FUNNY VON DANNEN,1,JASON MRAZ - HAVE IT ALL,2
JAN DELAY,1,RONALD ISLEY - THIS OLD HEART OF MINE,2
PATENT OCHSNER,1,UNGARISCHE NATIONALPHILHARMONIE BUDAPEST - I COME UNDONE,2
EXTRABREIT,1,"HUBERT VON GOISERN - WEIT, WEIT WEG",2
KIIARA,1,THE B-52'S - LOVE SHACK,2
DECLAN J DONOVAN,1,GERI HALLIWELL - MI CHICO LATINO,2
BLUE; ELTON JOHN,1,OTTAWAN - D.I.S.C.O.,2
PHIL COLLINS; PHILIP BAILEY,1,LOONA - BAILANDO 2018,2
ARCÁNGEL,1,MOBY - SUNDAY (THE DAY BEFORE MY BIRTHDAY),2
JAVADA,1,IDEAL - KEINE HEIMAT,2
REAL THING,1,IDEAL - BERLIN,2
TOMMY JAMES; THE SHONDELLS,1,ECHT - JUNIMOND,2
EDDIE MURPHY,1,CITY - AM FENSTER,2
ILSEY,1,WIR SIND HELDEN - NUR EIN WORT,2
COCKNEY REBEL,1,GIANT ROOKS - ALL GOOD THINGS (COME TO AN END),2
BLACK KAPPA,1,CLUESO - ZUSAMMEN,2
TINA CHARLES,1,LEE RYAN - TURN YOUR CAR AROUND,2
NICHT GENANNT,1,ASWAD - DON'T TURN AROUND,2
BLUMFELD,1,THE DOORS - LIGHT MY FIRE,2
PHILIPP DITTBERNER,1,SHEILA - SPACER,2
MARV,1,B. DEVOTION - SPACER,2
MAX HERRE,1,FURY IN THE SLAUGHTERHOUSE - BOYS DON'T CRY,2
BLUE LAGOON,1,DEAN LEWIS - HOW DO I SAY GOODBYE,2
LENA,1,THE PRODUCT G - MARIA MARIA,2
MARIANNE ROSENBERG,1,B - MARIA MARIA,2
DIE STERNE MIT THE DÜSSELDORF DÜSTERBOYS,1,MIKE OLDFIELD; ROGER CHAPMAN - SHADOW ON THE WALL,2
CORONA,1,THE BEATLES - HERE COMES THE SUN,2
SHALAMAR,1,JOHN OATES - I CAN'T GO FOR THAT (NO CAN DO),2
JONI MITCHELL,1,JOHN OATES - KISS ON MY LIST,2
JASON DERULO,1,ELLIE GOULDING - STILL FALLING FOR YOU,2
THE EASYBEATS,1,ELLIE GOULDING - LIGHTS,2
GABRIELA CILMI,1,NEW RADICALS - YOU GET WHAT YOU GIVE,2
GROOVEMINISTER,1,NELLY FURTADO - SAY IT RIGHT,2
10 CC,1,WINCENT WEISS - FEUERWERK,2
STS,1,JAN HAMMER - MIAMI VICE THEME,2
FRANK SINATRA,1,CHEAP TRICK - THE FLAME,2
JESSICA,1,DUA LIPA - COLD HEART,2
FLORIAN KÜNSTLER,1,THE ALAN PARSONS PROJECT - THE TURN OF A FRIENDLY CARD,2
BOSSHOSS,1,THE ALAN PARSONS PROJECT - PRIME TIME,2
BOX TOPS,1,MERCURY REV - GODDESS ON A HIWAY,2
PAUL YOUNG; ZUCCHERO,1,STEREOPHONICS - MAMA TOLD ME NOT TO COME,2
3 DOORS DOWN,1,STEPPENWOLF - BORN TO BE WILD,2
THE SPINNERS,1,GARY MOORE - WALKING BY MYSELF,2
JIMMY NAIL,1,TOM PETTY AND THE HEARTBREAKERS - FREE FALLIN',2
MUNGO JERRY,1,GINO VANNELLI - WILD HORSES,2
CAPTAIN HOLLYWOOD PROJECT,1,"PLAIN WHITE T'S - 1, 2, 3, 4",2
ELO (ELECTRIC LIGHT ORCHESTRA),1,SANDY MARTON - PEOPLE FROM IBIZA,2
MATCHBOX 20,1,UDO JÜRGENS - PARIS - EINFACH SO NUR ZUM SPASS,2
LEAH KATE,1,MELISSA ETHERIDGE - BRING ME SOME WATER,2
THE WHITE STRIPES,1,LITTLE - RAD GUMBO,2
SAMMY HAGAR,1, - RAD GUMBO,2
AUDIOSLAVE,1,MIDLAND - DRINKIN' PROBLEM,2
ENSEMBLE DER AUGSBURGER PUPPENKISTE,1,DILLON JAMES - CALL ME UP,2
COSA ROSA,1,FRANS - IF I WERE SORRY,2
LO,1,FREDDIE MERCURY - I WAS BORN TO LOVE YOU,2
LEDUC,1,FREDDIE MERCURY - LIVING ON MY OWN,2
KASI,1,FREDDIE MERCURY - BARCELONA,2
ANTONIUS,1,LUKE COMBS - FAST CAR,2
PARSON JAMES,1,BROOKS - HONKY TONK WOMEN,2
DAVID CASSIDY,1,DUNN - HONKY TONK WOMEN,2
PAM JACKSON,1,ALAN JACKSON - IT'S FIVE O'CLOCK SOMEWHERE,2
COLE SWINDELL,1,TOBY KEITH - 10 FOOT POLE,2
ASHLEY COOKE,1,ONE DIRECTION - STEAL MY GIRL,2
JASON BLAINE,1,BOYZONE - PICTURE OF YOU,2
FIRST AID KIT,1,URING SUZANNE VEGA; DNA - TOM'S DINER,2
JASON ISBELL AND THE 400 UNIT,1,TOM PETTY; HEARTBREAKERS - INTO THE GREAT WIDE OPEN,2
JO DEE MESSINA,1,GLENN FREY - I'VE GOT MINE,2
DELBERT,1,CHRISTINA AGUILERA - MOVES LIKE JAGGER,2
GLEN,1,FUGEES (TRANZLATOR CREW) - KILLING ME SOFTLY,2
THE SHIRES,1,CAUGHT IN THE ACT - BABE,2
CONFEDERATE RAILROAD,1,PAUL SIMON - YOU CAN CALL ME AL,2
KIP MOORE,1,LOS DEL RIO - MACARENA (BAYSIDE BOYS REMIX),2
JOHN HIATT,1,NEA - SOME SAY,2
JERMAINE,1,WHAM - FREEDOM,2
TURTLES,1,KEVIN COSTNER - FEELING LIKE THE LAST TIME,2
GREGORY ABBOTT,1,MODERN WEST - FEELING LIKE THE LAST TIME,2
RAY CHARLES WITH RUBEN STUDDARD,1,KUNGS - DON'T YOU KNOW,2
THE HARLEM GOSPEL SINGERS,1,OLLY MURS - UP,2
"HUCKNALL,MICK",1,NIEMANN - IM OSTEN,2
JOHN (,1,DENNIS COFFEY - SUMMERTIME GIRL,2
THE ROOTS) (,1,THE DETROIT GUITAR BAND - SUMMERTIME GIRL,2
COMMON,1,OMD (ORCHESTRAL MANOEUVRES IN THE DARK) - SAILING ON THE SEVEN SEAS,2
MELANIE FIONA) LEGEND,1,PAT BENATAR - WE BELONG (SINGLE VERSION),2
CASSIUS CLAY,1,MADCON - KEEP MY COOL,2
VELILE,1,MADCON - DON'T WORRY,2
SAFRI DUO,1,FIVE FINGER DEATH PUNCH - BAD COMPANY,2
JAMILA WOODS,1,LADY GAGA - SHALLOW,2
PAUL STANLEY'S SOUL STATION,1,BRADLEY COOPER - SHALLOW,2
JESSIE MURPH,1,PHIL CARMEN - MOONSHINE STILL,2
AARON FRAZER,1,USA FOR AFRICA - WE ARE THE WORLD,2
VAN MORRISON,1,BON JOVI - IN THESE ARMS,2
THE RACONTEURS,1,BON JOVI - IT'S MY LIFE,2
THE BOLLOCK BROTHERS,1,BON JOVI - WANTED DEAD OR ALIVE,2
KHRUANGBIN,1,BON JOVI - BECAUSE WE CAN,2
DJ JAZZY JEFF,1,BON JOVI - BED OF ROSES,2
THE FRESH PRINCE,1,BON JOVI - LIVIN' ON A PRAYER,2
CORRS,1,BON JOVI - LEGENDARY,2
KEITH LESLIE MARSHALL,1,ANNIE LENNOX - PUT A LITTLE LOVE IN YOUR HEART,2
DEXY'S MIDNIGHT RUNNERS,1,ROMAN LOB - STANDING STILL,2
WOOD,1,KRAFTWERK - DAS MODEL,2
THE PRICK,1,KRAFTWERK - TRANS EUROPA EXPRESS,2
LILLY,1,FABIAN BUCH - MÄDCHEN AUF DEM PFERD,2
PORTUGAL THE MAN,1,QUARTERFLASH - HARDEN MY HEART,2
LILLY ALLEN,1,BILL MEDLEY; JENNIFER WARNES - I'VE HAD THE TIME OF MY LIFE (LOVE THEME),2
HANK JR WILLIAMS,1,JOHANNES OERDING - ALLES BRENNT,2
JAMES OTTO,1,CARO EMERALD - STUCK,2
CARLENE CARTER,1,MICHAEL BOLTON - LOVE IS A WONDERFUL THING,2
JOE NICHOLS,1,MARIA MENA - ALL THIS TIME (PICK-ME-UP SONG),2
LANIE GARDNER,1,DALE WATSON - TEXAS BOOGIE,2
GABBY BARRETT,1,HIS LONE STARS - TEXAS BOOGIE,2
DARRYL WORLEY,1,JADE EAGLESON - RODEO QUEEN,2
LILY ALLEN,1,TEBEY - BLINDING LIGHTS,2
EMELI SANDÉ,1,GEORGE IV HAMILTON - ABILENE,2
CANDELA AZUL,1,BEYONCÉ - BROWN SKIN GIRL,2
BAHA MAN,1,FRANK TURNER - BE MORE KIND,2
JONAS BLUE,1,VIERKANTTRETLAGER - WO GEHST DU HEUTE NACHT HI,2
WILLIAM SINGE,1,U96 - DAS BOOT,2
RUDIMENTAL,1,ROSANNE CASH - 50.000 WATTS,2
JESS GLYNNE,1,THE BYRDS - ONE HUNDRED YEARS FROM NOW,2
MACKLEMORE,1,THE BYRDS - MR. TAMBOURINE MAN,2
DAN CAPLEN,1,PETER FRAMPTON - SHOW ME THE WAY,2
PAVEIER,1,YASI HOFER - CITY OF GREEN FIELDS,2
,,ULLA MEINECKE - 50 TIPS (FÜNFZIG TIPS),2
,,THE BATES - HELLO (TURN YOUR RADIO ON),2
,,TOM GREGORY - SMALL STEPS,2
,,TRAVELING WILBURYS - END OF THE LINE,2
,,SUGABABES - OVERLOAD,2
,,MRS. GREENBIRD - SHOOTING STARS & FAIRY TALES,2
,,ERUPTION - ONE WAY TICKET,2
,,POISON - EVERY ROSE HAS ITS THORN,2
,,C. C. CATCH - BACK SEAT OF YOUR CADILLAC,2
,,ALICIA KEYS - IF I AIN'T GOT YOU,2
,,BRONSKI BEAT - SMALLTOWN BOY,2
,,"ISRAEL ""IZ"" KAMAKAWIWO'OLE - OVER THE RAINBOW",2
,,RAY DALTON - DON'T WORRY,2
,,GLORIA ESTEFAN - OYE MI CANTO (HEAR MY VOICE ),2
,,SARAH CONNOR - ICH WÜNSCH DIR,2
,,ADEL TAWIL - STADT,2
,,ADEL TAWIL - IST DA JEMAND,2
,,SOULTANS - I HEARD IT THROUGH THE GRAPEVINE,2
,,CASSANDRA STEEN - STADT,2
,,C.C. CATCH - I CAN LOSE MY HEART TONIGHT,2
,,"PICTURE THIS - ANY GOD, ANY DAY",2
,,JOHNNY WAKELIN - IN ZAÏRE,2
,,RANDY NEWMAN - YOU'VE GOT A FRIEND IN ME,2
,,THOMAS D - RÜCKENWIND,2
,,GOOD MEN GONE BAD - RÜCKENWIND,2
,,"PEABO BRYSON - TONIGHT, I CELEBRATE MY LOVE",2
,,HERWIG MITTEREGGER - IMMER MEHR,2
,,FRL. MENKE - HOHE BERGE,2
,,THE EMOTIONS - BEST OF MY LOVE,2
,,PEARL JAM - ALIVE,2
,,SISTER SLEDGE - ALL AMERICAN GIRLS,2
,,COMMON LINNETS - CALM AFTER THE STORM,2
,,BOOMTOWN RATS - I DON'T LIKE MONDAYS,2
,,LINKIN PARK - IN THE END,2
,,RESTLESS - X (EXPLICIT),2
,,DANIEL CAESAR - PEACHES,2
,,GIVEON - PEACHES,2
,,GABRIELS - ONE AND ONLY,2
,,THE HOOTERS - ALL YOU ZOMBIES,2
,,COUNTING CROWS - MR. JONES,2
,,COUNTING CROWS - BIG YELLOW TAXI,2
,,RIO REISER - KÖNIG VON DEUTSCHLAND,2
,,RIO REISER - FÜR IMMER UND DICH,2
,,DAVID HASSELHOFF - LOOKING FOR FREEDOM,2
,,THE TWINS - NOT THE LOVING KIND,2
,,NORAH JONES - SUNRISE,2
,,"MAX GIESINGER - AUF DAS, WAS DA NOCH KOMMT",2
,,PETER CORNELIUS - REIF FÜR DIE INSEL,2
,,JAMES BROWN - GET UP I FEEL LIKE BEING A SEX MACHINE,2
,,BAKER - THE MESSAGE IS LOVE,2
,,THE BACKBEAT DISCIPLES - THE MESSAGE IS LOVE,2
,,ARTHUR - THE MESSAGE IS LOVE,2
,,P.O.D - YOUTH OF THE NATION,2
,,BLIND CHANNEL - XOXO,2
,,FROM ASHES TO NEW - XOXO,2
,,DEF LEPPARD - LET'S GET ROCKED,2
,,4 THE CAUSE - STAND BY ME,2
,,VENGABOYS - WE'RE GOING TO IBIZA,2
,,EVA CASSIDY - FIELDS OF GOLD,2
,,H-BLOCKX - RING OF FIRE,2
,,ANTHRAX - CARRY ON A WAYWARD SON,2
,,NATHAN EVANS - WELLERMAN,2
,,GO WEST - THE KING OF WISHFUL THINKING,2
,,SANTA ESMERALDA - DON'T LET ME BE MISUNDERSTOOD,2
,,PETER ANDRE - MYSTERIOUS GIRL,2
,,FRESHLYGROUND - WAKA WAKA (THIS TIME FOR AFRICA),2
,,PHARRELL WILLIAMS - HAPPY,2
,,PHARRELL WILLIAMS - GET LUCKY,2
,,GOSSIP - MOVE IN THE RIGHT DIRECTION,2
,,HURTS - STAY,2
,,LOU GRAMM - MIDNIGHT BLUE,2
,,PUR - ABENTEUERLAND,2
,,MILLI VANILLI - GIRL YOU KNOW IT'S TRUE,2
,,ALICE MERTON - NO ROOTS,2
,,WES - ALANE,2
,,NASHFIELD - KICK IT LIKE COUNTRY,2
,,ROBERT PLANT - LAST KIND WORDS BLUES,2
,,ALISON KRAUSS - LAST KIND WORDS BLUES,2
,,GARY ALLAN - MAN TO MAN,2
,,TRACY LAWRENCE - CECIL'S PALACE,2
,,CRYSTAL WATERS - GYPSY WOMAN (SHE'S HOMELESS),2
,,CHICO CÉSAR - MAMA ÁFRICA,2
,,LUKAS GRAHAM - LOVE SOMEONE,2
,,LUKAS GRAHAM - DRUNK IN THE MORNING,2
,,THE COMMON LINNETS - CALM AFTER THE STORM,2
,,SAINT JHN - BROWN SKIN GIRL,2
,,WIZKID F. BLUE IVY CARTER - BROWN SKIN GIRL,2
,,ALLE FARBEN FT. GRAHAM CANDY - SHE MOVES (FAR AWAY),2
,,THE KELLY FAMILY - FIRST TIME,2
,,PULP - DISCO 2000,2
,,DR. ALBAN - SING HALLELUJAH!,2
,,TOTO CUTUGNO - INSIEME: 1992,2
,,DUSTIN LYNCH - STARS LIKE CONFETTI,2
,,ROBIN SCHULZ - OLD FRIEND,2
,,CLOVES - OLD FRIEND,2
,,MARTHA REEVES - DANCING IN THE STREET,2
,,2PAC - CALIFORNIA LOVE,2
,,DEMI LOVATO - UP,2
,,MASTER KG - JERUSALEMA,2
,,NOMCEBO ZIKODE - JERUSALEMA,2
,,ELTON JOHN; KIKI DEE - DON'T GO BREAKING MY HEART,2
,,NICO SANTOS - OH HELLO,2
,,CREED - ONE LAST BREATH,2
,,THE MERCURY RIOTS - 99 DEGREES,2
,,BLUE - U MAKE ME WANNA,2
,,THE COMMITMENTS - TRY A LITTLE TENDERNESS,2
,,OTTO - FRIESENJUNG,2
,,THE EAGLES - LYIN' EYES,2
,,OPUS - LIVE IS LIFE,2
,,ROMANELLI - CONNECTING FLIGHT,2
,,ALLE FARBEN - LITTLE HOLLYWOOD,2
,,ALLE FARBEN - BAD IDEAS,2
,,JANIECK - LITTLE HOLLYWOOD,2
,,KLAUS LAGE BAND - MONOPOLI,2
,,KLAUS LAGE BAND - 1000 UND 1 NACHT (ZOOM!),2
,,ASHLEY MONROE; TRAIN - BRUISES,2
,,THE HUES CORPORATION - ROCK THE BOAT,2
,,PHILIP BAILEY - EASY LOVER,2
,,RAM JAM - BLACK BETTY,2
,,NEW SOUND SINGERS - GIMME HOPE JO'ANNA,2
,,ZONDERLING - CRAZY,2
,,SHEILA E - A LOVE BIZARRE,2
,,PH.D - I WON'T LET YOU DOWN,2
,,INCOGNITO - DON'T YOU WORRY 'BOUT A THING,2
,,VILLAGE PEOPLE - Y.M.C.A.,2
,,THE CHAINSMOKERS - SOMETHING JUST LIKE THIS,2
,,"BARBARA DICKSON - JANUARY, FEBRUARY",2
,,THE BOOMTOWN RATS - I DON'T LIKE MONDAYS,2
,,CHANNEL 5 - ISN'T IT YOU,2
,,DAVID MCWILLIAMS - THE DAYS OF PEARLY SPENCER,2
,,SARA BAREILLES - LOVE SONG,2
,,THE FLAMES - EVERYTIME,2
,,RAINBOW - SINCE YOU BEEN GONE,2
,,HELLO - NEW YORK GROOVE,2
,,SHANE YELLOWBIRD - PICKUP TRUCK,2
,,MARSHALL - DANCING IN THE CITY,2
,,HAIN - DANCING IN THE CITY,2
,,JAMES BAY - HOLD BACK THE RIVER,2
,,PATTI SMITH - BECAUSE THE NIGHT,2
,,RACEY - SOME GIRLS,2
,,JOAN ARMATRADING - DROP THE PILOT,2
,,TRAVIS - TIED TO THE 90'S,2
,,KEVIN JOHNSON - ROCK AND ROLL (I GAVE YOU THE BEST YEARS OF MY LIFE),2
,,JESSE RITCH - SIT AND WAIT,2
,,CÉLINE DION WITH THE BEE GEES - IMMORTALITY,2
,,JAMIE N COMMONS - DON'T YOU KNOW,2
,,THE INCREDIBLE BONGO BAND - BONGO ROCK,2
,,"BOBBY ""BLUE"" BLAND - AIN'T NO LOVE IN THE HEART OF THE CITY",2
,,HERMANOS GUTIERREZ - ELEGANTLY WASTED,2
,,LEON BRIDGES - ELEGANTLY WASTED,2
,,LEON BRIDGES - STEAM,2
,,"SAM - HOLD ON, I'M COMING",2
,,"DAVE - HOLD ON, I'M COMING",2
,,AIR SUPPLY - EVEN THE NIGHTS ARE BETTER,2
,,LOU BEGA - MAMBO NO. 5 (A LITTLE BIT OF...),2
,,ZUCCHERO; RANDY CRAWFORD - DIAMANTE,2
,,JOSH TURNER - YOUR MAN,2
,,BRELAND - ICING,2
,,DIAMOND RIO - HOW YOUR LOVE MAKES ME FEEL,2
,,WAYLON JENNINGS - YOU WENT OUT WITH ROCK AND ROLL,2
,,HEINZ RUDOLF KUNZE MIT PE WERNER - DEIN IST MEIN GANZES HERZ,2
,,THE FLYING PICKETS - ONLY YOU,2
,,ROB THOMAS - LITTLE WONDERS,2
,,LAURYN HILL - DOO WOP (THAT THING),2
,,AL GREEN - PUT A LITTLE LOVE IN YOUR HEART,2
,,VICKY SAMPSON - AFRIKAN DREAM,2
,,TIFFANY - I THINK WE'RE ALONE NOW,2
,,DOCTOR - SPIRIT IN THE SKY,2
,,THE MEDICS - SPIRIT IN THE SKY,2
,,WADE HAYES - OLD ENOUGH TO KNOW BETTER,2
,,KENNY PRICE - NORTHEAST ARKANSAS MISSISSIPPI COUNTY BOOTLEGGER,2
,,JOSEF SALVAT - DIAMONDS,2
,,CHRISTINA PERRI - JAR OF HEARTS,2
,,ECHOSMITH - COOL KIDS,2
,,WELSHLY ARMS - SANCTUARY,2
,,BILLY PAUL - ME AND MRS. JONES,2
,,CRO - EINMAL UM DIE WELT,2
,,VERONICA FUSARO - BEACH,2
,,THE LAST DINNER PARTY - THIS IS THE KILLER SPEAKING,2
,,DEEP BLUE SOMETHING - BREAKFAST AT TIFFANY'S,2
,,KYGO - STOLE THE SHOW,2
,,THE CLASH - LONDON CALLING,2
,,JIVE BUNNY - SWING THE MOOD,2
,,THE MASTERMIXERS - SWING THE MOOD,2
,,BEAGLE MUSIC LTD - ICE IN THE SUNSHINE,2
,,CURIOSITY - HANG ON IN THERE BABY,2
,,MECANO - HIJO DE LA LUNA,2
,,THREE DOG NIGHT - MAMA TOLD ME (NOT TO COME),2
,,MAX - CAN'T WAIT UNTIL TONIGHT,2
,,"LOTTE - AUF DAS, WAS DA NOCH KOMMT",2
,,ALEXANDER O'NEAL - SINCE I'VE BEEN LOVIN' YOU,2
,,THE SMITHS - THIS CHARMING MAN,2
,,JOHN TRAVOLTA - YOU'RE THE ONE THAT I WANT,2
,,DR. RING-DING - RING OF FIRE,2
,,IKE - PROUD MARY,2
,,JOYCE SIMS - COME INTO MY LIFE,2
,,DENNIS EDWARDS - DON'T LOOK ANY FURTHER,2
,,SIEDAH GARRETT - DON'T LOOK ANY FURTHER,2
,,BEBE WINANS - I WANNA BE THE ONLY ONE,2
,,JOY DENALANE - USE ME,2
,,ISLEY BROTHERS - LOVE THE ONE YOU'RE WITH,2
,,SALT 'N' PEPA WITH EN VOGUE - WHATTA MAN,2
,,INÉZ - ZUKUNFT PINK,2
,,HAMBURGER ARROGANZ - ZEITGEIST (GEISTER DIESER ZEIT),2
,,TITIYO - COME ALONG,2
,,LOVE AFFAIR - EVERLASTING LOVE,2
,,LANA DEL REY VS. CEDRIC GERVAIS - SUMMERTIME SADNESS,2
,,SANTA ESMERALDA; LEROY GOMEZ - DON'T LET ME BE MISUNDERSTOOD - ESMERALDA SUITE,2
,,ROSS - WHERE DID OUR LOVE GO,2
,,DIANA - WHERE DID OUR LOVE GO,2
,,WESTLIFE - BOP BOP BABY,2
,,WHIGFIELD - SATURDAY NIGHT,2
,,HÉROES DEL SILENCIO - ENTRE DOS TIERRAS,2
,,KANSAS - DUST IN THE WIND,2
,,FEHLFARBEN - EIN JAHR (ES GEHT VORAN),2
,,PROCLAIMERS - I'M GONNA BE (500 MILES),2
,,SCHWEIZER - 13 TAGE,2
,,GREG KIHN BAND - JEOPARDY,2
,,SAM BROWN - STOP,2
,,BRYAN ADAMS - A LITTLE MORE UNDERSTANDING (RADIO EDIT),1
,,BRYAN ADAMS - CLOUD NUMBER NINE (CLOUD NO. 9),1
,,BRYAN ADAMS - IT'S ONLY LOVE,1
,,BRYAN ADAMS - LIFE IS BEAUTIFUL,1
,,BRYAN ADAMS - THIS TIME,1
,,BRYAN ADAMS - LET'S MAKE A NIGHT TO REMEMBER,1
,,BRYAN ADAMS - CUTS LIKE A KNIFE,1
,,BRYAN ADAMS - HERE I AM,1
,,BRYAN ADAMS - CAN'T STOP THIS THING WE STARTED,1
,,CHICAGO - BABY WHAT A BIG SURPRISE,1
,,CHICAGO - 25 OR 6 TO 4,1
,,TEXAS - WHEN WE ARE TOGETHER,1
,,A-HA - THE SUN ALWAYS SHINES ON T.V.,1
,,A-HA - TOUCHY,1
,,A-HA - HUNTING HIGH AND LOW (SINGLE REMIX),1
,,A-HA - I CALL YOUR NAME,1
,,A-HA - FOREVER NOT YOURS,1
,,A-HA - FOOT OF THE MOUNTAIN (RADIO EDIT),1
,,MILEY CYRUS - NOTHING ELSE MATTERS,1
,,KENNY LOGGINS - DANGER ZONE,1
,,DON MCLEAN - AMERICAN PIE (PART 1),1
,,GARY BARLOW - FOREVER LOVE,1
,,BANGLES - MY SIDE OF THE BED,1
,,GENESIS - THE CARPET CRAWLERS 1999,1
,,GENESIS - FOLLOW YOU FOLLOW ME,1
,,GENESIS - LAND OF CONFUSION,1
,,BILL WITHERS - LEAN ON ME (ALBUM VERSION),1
,,PAUL YOUNG - NOW I KNOW WHAT MADE OTIS BLUE,1
,,RICK ASTLEY - SLEEPING,1
,,ABBA - CHIQUITITA,1
,,ABBA - THE NAME OF THE GAME,1
,,ABBA - GIMME! GIMME! GIMME! (A MAN AFTER MIDNIGHT),1
,,ABBA - GIMME ! GIMME ! GIMME !,1
,,ABBA - THANK YOU FOR THE MUSIC,1
,,ABBA - I AM THE CITY,1
,,ABBA - DOES YOUR MOTHER KNOW,1
,,ABBA - HONEY HONEY,1
,,CHRIS REA - THE BLUE CAFÉ,1
,,CHRIS REA - I DON'T KNOW WHAT IT IS (BUT I LOVE IT),1
,,ALABAMA - 40 HOUR WEEK (FOR A LIVIN') (FORTY HOUR WEEK),1
,,ALABAMA - BORN COUNTRY,1
,,BILLY CURRINGTON - SUMMER FOREVER,1
,,LAUREN ALAINA - GEORGIA PEACHES,1
,,BLAKE SHELTON - SOME BEACH,1
,,BLAKE SHELTON - FRIENDS,1
,,LAURIE LEBLANC - THE BBQ DANCE,1
,,CRAIG MORGAN - REDNECK YACHT CLUB,1
,,LADY ANTEBELLUM - OCEAN,1
,,DOLLY PARTON - TENNESSEE HOMESICK BLUES,1
,,DOLLY PARTON - MULE SKINNER BLUES (BLUE YODEL NO. 8),1
,,DOLLY PARTON - 21 FOREVER,1
,,DOLLY PARTON - JOLENE,1
,,MAVERICKS - ALL YOU EVER DO IS BRING ME DOWN,1
,,LYLE LOVETT - THAT'S RIGHT (YOU'RE NOT FROM TEXAS),1
,,LYLE LOVETT - PRIVATE CONVERSATION,1
,,LYLE LOVETT - 12TH OF JUNE,1
,,LORETTA LYNN - OLD KENTUCKY HOME,1
,,LORETTA LYNN - COAL MINER'S DAUGHTER,1
,,RASCAL FLATTS - SUMMER NIGHTS,1
,,RASCAL FLATTS - WHY WAIT,1
,,"RASCAL FLATTS - QUICK, FAST, IN A HURRY",1
,,BUFFETT - MARGARITAVILLE (LIVE),1
,,JIMMY - MARGARITAVILLE (LIVE),1
,,JACKSON - MARGARITAVILLE (LIVE),1
,,JACKSON - WHEN THE RAIN BEGINS TO FALL,1
,,ALAN - MARGARITAVILLE (LIVE),1
,,ALAN - YOU ARE MY SUNSHINE,1
,,STRAIT - MARGARITAVILLE (LIVE),1
,,STRAIT - EVERY LITTLE HONKY TONK BAR,1
,,GEORGE - MARGARITAVILLE (LIVE),1
,,GEORGE - EVERY LITTLE HONKY TONK BAR,1
,,EURYTHMICS - 17 AGAIN,1
,,EURYTHMICS - SEXCRIME ( NINETEEN EIGHTY-FOUR ),1
,,EURYTHMICS - WHO'S THAT GIRL?,1
,,EURYTHMICS - SISTERS ARE DOIN' IT FOR THEMSELVES,1
,,EURYTHMICS - MIRACLE OF LOVE,1
,,ANASTACIA - ONE DAY IN YOUR LIFE,1
,,ANASTACIA - LEFT OUTSIDE ALONE,1
,,ANASTACIA - SICK AND TIRED,1
,,TINA TURNER - LET'S STAY TOGETHER,1
,,TINA TURNER - IT'S ONLY LOVE,1
,,TINA TURNER - IT TAKES TWO,1
,,TINA TURNER - HELP!,1
,,TINA TURNER - BREAK EVERY RULE,1
,,TINA TURNER - STEAMY WINDOWS,1
,,BRUCE SPRINGSTEEN - MEETING ACROSS THE RIVER,1
,,BRUCE SPRINGSTEEN - GIRLS IN THEIR SUMMER CLOTHES,1
,,BRUCE SPRINGSTEEN - JUNGLELAND,1
,,BRUCE SPRINGSTEEN - BACKSTREETS,1
,,BRUCE SPRINGSTEEN - JANEY DON’T YOU LOSE HEART,1
,,BRUCE SPRINGSTEEN - BETTER DAYS,1
,,BRUCE SPRINGSTEEN - COVER ME,1
,,BRUCE SPRINGSTEEN - NIGHTSHIFT,1
,,BRUCE SPRINGSTEEN - GLORY DAYS,1
,,BRUCE SPRINGSTEEN - I'M GOING DOWN,1
,,CHRISTOPHER CROSS - NEVER BE THE SAME,1
,,FINE YOUNG CANNIBALS - SUSPICIOUS MINDS,1
,,BARCLAY JAMES HARVEST - LOVING IS EASY,1
,,ERASURE - SHIP OF FOOLS,1
,,JANET JACKSON - RUNAWAY,1
,,GABRIELLE - SUNSHINE,1
,,BEE GEES - TRAGEDY,1
,,BEE GEES - MORE THAN A WOMAN,1
,,BEE GEES - NIGHT FEVER,1
,,BEE GEES - HOW DEEP IS YOUR LOVE,1
,,BEE GEES - ONE,1
,,BEE GEES - BLUE ISLAND,1
,,BEE GEES - PAYING THE PRICE OF LOVE,1
,,BEE GEES - KISS OF LIFE,1
,,BEE GEES - JIVE TALKIN',1
,,ULTRAVOX - VIENNA (SINGLE VERSION),1
,,ICH + ICH - UNIVERSUM (SINGLE VERSION),1
,,ICH + ICH - NICHTS BRINGT MICH RUNTER,1
,,POINTER SISTERS - I'M SO EXCITED,1
,,WHITNEY HOUSTON - I WANNA DANCE WITH SOMEBODY,1
,,WHITNEY HOUSTON - THE GREATEST LOVE OF ALL,1
,,WHITNEY HOUSTON - HIGHER LOVE,1
,,WHITNEY HOUSTON - I'M YOUR BABY TONIGHT,1
,,WHITNEY HOUSTON - I HAVE NOTHING,1
,,U2 - THE UNFORGETTABLE FIRE,1
,,U2 - WHERE THE STREETS HAVE NO NAME,1
,,U2 - SWEETEST THING,1
,,U2 - PRIDE (IN THE NAME OF LOVE),1
,,U2 - VERTIGO,1
,,U2 - STILL HAVEN'T FOUND WHAT I'M LOOKING FOR,1
,,DIANA ROSS; SUPREMES - STOP! IN THE NAME OF LOVE,1
,,DIANA ROSS; SUPREMES - WHERE DID OUR LOVE GO,1
,,BIG MOUNTAIN - BABY I LOVE YOUR WAY,1
,,ATOMIC KITTEN - ETERNAL FLAME,1
,,CLIFF RICHARD - SHE'S SO BEAUTIFUL,1
,,ALISON MOYET - IS THIS LOVE ?,1
,,ALISON MOYET - IS THIS LOVE,1
,,ALISON MOYET - THAT OLE DEVIL CALLED LOVE,1
,,ROBBIE WILLIAMS - SOMETHIN' STUPID,1
,,ROBBIE WILLIAMS - BETTER MAN,1
,,ROBBIE WILLIAMS - ADVERTISING SPACE,1
,,ROBBIE WILLIAMS - HUMAN,1
,,ROBBIE WILLIAMS - SOMETHING BEAUTIFUL,1
,,ROBBIE WILLIAMS - SPIES,1
,,ROBBIE WILLIAMS - FORBIDDEN ROAD,1
,,ROBBIE WILLIAMS - THE ROAD TO MANDALAY,1
,,ROBBIE WILLIAMS - SIN SIN SIN,1
,,NIK KERSHAW - WIDE BOY,1
,,MIKE - SILENT RUNNING,1
,,MIKE - A BEGGAR ON A BEACH OF GOLD,1
,,MIKE - NOW THAT YOU'VE GONE,1
,,THE MECHANICS - SILENT RUNNING,1
,,THE MECHANICS - A BEGGAR ON A BEACH OF GOLD,1
,,THE MECHANICS - NOW THAT YOU'VE GONE,1
,,BRYAN FERRY - SLAVE TO LOVE,1
,,MARIUS MÜLLER-WESTERNHAGEN - SEXY,1
,,MARIUS MÜLLER-WESTERNHAGEN - WIEDER HIER,1
,,CHRIS DEBURGH - DON'T LOOK BACK,1
,,CHRIS DEBURGH - THE GETAWAY,1
,,EAGLES - FAST COMPANY,1
,,EAGLES - NEW YORK MINUTE (HELL FREEZES OVER),1
,,"EAGLES - HOTEL CALIFORNIA (LIVE AT THE LOS ANGELES FORUM, 10/20-22/76)",1
,,EAGLES - THE LONG RUN,1
,,"BOB MARLEY - NO WOMAN, NO CRY (LIVE AT THE LYCEUM)",1
,,BOB MARLEY - ONE LOVE,1
,,BOB MARLEY - JAMMING,1
,,ARETHA FRANKLIN - BRIDGE OVER TROUBLED WATER,1
,,ARETHA FRANKLIN - WHO'S ZOOMIN' WHO?,1
,,ARETHA FRANKLIN - WHO'S ZOOMIN' WHO,1
,,PET SHOP BOYS - ONE AND ONE MAKE FIVE,1
,,PET SHOP BOYS - OPPORTUNITIES (LET'S MAKE LOTS OF MONEY),1
,,PET SHOP BOYS - NEW YORK CITY BOY,1
,,PET SHOP BOYS - HEART,1
,,PET SHOP BOYS - LOVE ETC.,1
,,LAS KETCHUP - THE KETCHUP SONG (ASEREJÉ),1
,,COLBIE CAILLAT - FALLIN' FOR YOU,1
,,SIMPLY RED - THE RIGHT THING,1
,,SIMPLY RED - A NEW FLAME,1
,,SIMPLY RED - FOR YOUR BABIES,1
,,HOWARD JONES - EVERLASTING LOVE,1
,,FLEETWOOD MAC - LOVE SHINES,1
,,FLEETWOOD MAC - YOU MAKE LOVING FUN,1
,,FLEETWOOD MAC - BIG LOVE,1
,,FLEETWOOD MAC - SAY YOU LOVE ME,1
,,FLEETWOOD MAC - SEVEN WONDERS,1
,,HOT CHOCOLATE - NO DOUBT ABOUT IT,1
,,JENNIFER LOPEZ - AIN'T IT FUNNY,1
,,ED SHEERAN - OLD PHONE,1
,,ROXETTE - SHE'S GOT NOTHING ON (BUT THE RADIO),1
,,ROXETTE - JUNE AFTERNOON,1
,,ROXETTE - THE CENTRE OF THE HEART,1
,,ROXETTE - A THING ABOUT YOU,1
,,ROXETTE - WISH I COULD FLY,1
,,ROXETTE - FADING LIKE A FLOWER (EVERYTIME YOU LEAVE),1
,,ROXETTE - FADING LIKE A FLOWER,1
,,ROXETTE - CRASH! BOOM! BANG!,1
,,ROXETTE - HOW DO YOU DO,1
,,BACKSTREET BOYS - DROWNING,1
,,KYLIE MINOGUE - GIVE ME JUST A LITTLE MORE TIME,1
,,KYLIE MINOGUE - TEARS ON MY PILLOW,1
,,KYLIE MINOGUE - PADAM PADAM,1
,,KYLIE MINOGUE - WHERE THE WILD ROSES GROW,1
,,ORCHESTRAL MANOEUVRES IN THE DARK - IF YOU LEAVE,1
,,THE ROLLING STONES - LADY JANE,1
,,THE ROLLING STONES - RUBY TUESDAY,1
,,THE ROLLING STONES - LET'S SPEND THE NIGHT TOGETHER,1
,,THE ROLLING STONES - ANYBODY SEEN MY BABY?,1
,,THE ROLLING STONES - LIKE A ROLLING STONE,1
,,THE ROLLING STONES - LIVING IN A GHOST TOWN,1
,,THE ROLLING STONES - MIXED EMOTIONS,1
,,THE ROLLING STONES - GIMME SHELTER,1
,,THE ROLLING STONES - SYMPATHY FOR THE DEVIL,1
,,REO SPEEDWAGON - KEEP ON LOVIN YOU,1
,,REO SPEEDWAGON - TAKE IT ON THE RUN,1
,,ERIC CLAPTON - LAYLA (UNPLUGGED VERSION),1
,,ERIC CLAPTON - LAYLA (LIVE-UNPLUGGED-VERSION),1
,,ERIC CLAPTON - A WONDERFUL WORLD,1
,,ERIC CLAPTON - ALBERTA,1
,,ERIC CLAPTON - WALKIN' BLUES,1
,,ERIC CLAPTON - AFTER MIDNIGHT,1
,,ERIC CLAPTON - I SHOT THE SHERIFF,1
,,LIQUIDO - DOUBLEDECKER,1
,,ADELE - SKYFALL (RADIO EDIT),1
,,NENEH CHERRY - MANCHILD,1
,,DIXIE CHICKS - VOICE INSIDE MY HEAD,1
,,PARMALEE - TAKE MY NAME,1
,,PARMALEE - CAROLINA,1
,,TAYLOR SWIFT - BETTE DAVIS EYES,1
,,TAYLOR SWIFT - FIFTEEN,1
,,TAYLOR SWIFT - LOVE STORY,1
,,REBA MCENTIRE - CATHY'S CLOWN,1
,,GARTH BROOKS - HARD LUCK WOMAN,1
,,DWIGHT DAVID YOAKAM - PURPLE RAIN,1
,,CROW - EVERYTHING IS BROKEN,1
,,SHERYL - EVERYTHING IS BROKEN,1
,,ISBELL - EVERYTHING IS BROKEN,1
,,JASON - EVERYTHING IS BROKEN,1
,,HAYSEED DIXIE - FAT BOTTOM GIRLS,1
,,BLUES BROTHERS - THEME FROM RAWHIDE,1
,,BLUES BROTHERS - JAILHOUSE ROCK,1
,,JOSIAH SISKA - BE CAREFUL WITH THAT SONG,1
,,SAM WILLIAMS - HONKYTONKIN,1
,,LONESTAR - WALKING IN MEMPHIS,1
,,CADILLAC THREE - CIRCLES,1
,,SHANIA TWAIN - I AIN'T NO QUITTER,1
,,SHANIA TWAIN - I'M GONNA GETCHA GOOD!,1
,,THE SUPREMES - BABY LOVE,1
,,THE SUPREMES - RIVER DEEP - MOUNTAIN HIGH,1
,,THE SUPREMES - STOP! IN THE NAME OF LOVE,1
,,CYNDI LAUPER - HEARTACHES BY THE NUMBER,1
,,CYNDI LAUPER - ALL THROUGH THE NIGHT,1
,,CYNDI LAUPER - WHAT'S GOING ON,1
,,JOE COCKER - CIVILIZED MAN,1
,,JOE COCKER - LET THE HEALING BEGIN,1
,,JOE COCKER - TONIGHT,1
,,JOE COCKER - EVERY KIND OF PEOPLE,1
,,JOE COCKER - WITH A LITTLE HELP FROM MY FRIENDS,1
,,ACE OF BASE - DON'T TURN AROUND,1
,,"HERBERT GRÖNEMEYER - MUSIK NUR, WENN SIE LAUT IST",1
,,HERBERT GRÖNEMEYER - FLIEG,1
,,HERBERT GRÖNEMEYER - CURRYWURST,1
,,HERBERT GRÖNEMEYER - DER WEG,1
,,HERBERT GRÖNEMEYER - VOLLMOND,1
,,HERBERT GRÖNEMEYER - DEMO (LETZTER TAG) (LIVE),1
,,"HERBERT GRÖNEMEYER - DA DA DA (ICH LIEB DICH NICHT, DU LIEBST MICH NICHT, AHA, AHA, AHA)",1
,,HERBERT GRÖNEMEYER - TAXI EUROPA,1
,,BACHMAN TURNER OVERDRIVE - YOU AIN'T SEEN NOTHIN' YET,1
,,TOM PETTY - LAST DANCE WITH MARY JANE,1
,,TOM PETTY - BIG WEEKEND,1
,,TOM PETTY - I WON'T BACK DOWN,1
,,TOM PETTY - TWO GUNSLINGERS,1
,,THE HEARTBREAKERS - FREE FALLIN',1
,,THE HEARTBREAKERS - I WON'T BACK DOWN,1
,,THE HEARTBREAKERS - TWO GUNSLINGERS,1
,,EROS RAMAZZOTTI - SOLO CON TE,1
,,EROS RAMAZZOTTI - L'OMBRA DEL GIGANTE,1
,,EROS RAMAZZOTTI - ADESSO TU,1
,,EROS RAMAZZOTTI - UNA STORIA IMPORTANTE,1
,,EROS RAMAZZOTTI - EMOZIONE DOPO EMOZIONE,1
,,EROS RAMAZZOTTI - QUANTO AMORE SEI,1
,,EROS RAMAZZOTTI - IL MIO GIORNO PREFERITO,1
,,EROS RAMAZZOTTI - FUOCO NEL FUOCO,1
,,EROS RAMAZZOTTI - UN ANGELO NON È,1
,,ELTON JOHN - FRIENDS,1
,,ELTON JOHN - BLUE EYES,1
,,ELTON JOHN - YOU GOTTA LOVE SOMEONE,1
,,ELTON JOHN - FLAMES OF PARADISE,1
,,ELTON JOHN - DON'T GO BREAKING MY HEART,1
,,ELTON JOHN - BELIEVE,1
,,ELTON JOHN - CROCODILE ROCK,1
,,ELTON JOHN - DON'T LET THE SUN GO DOWN ON ME,1
,,ELTON JOHN - SORRY SEEMS TO BE THE HARDEST WORD,1
,,ELTON JOHN - NOTHING ELSE MATTERS,1
,,ELTON JOHN - CLUB AT THE END OF THE STREET,1
,,ELTON JOHN - ROCKET MAN,1
,,MADONNA - LIVE TO TELL,1
,,MADONNA - CRAZY FOR YOU,1
,,MADONNA - HUNG UP,1
,,MADONNA - RAIN,1
,,REAMONN - THROUGH THE EYES OF A CHILD (RADIO VERSION),1
,,REAMONN - MILLION MILES,1
,,ELVIS PRESLEY - A LITTLE LESS CONVERSATION,1
,,ELVIS PRESLEY - JAILHOUSE ROCK,1
,,CÉLINE DION - MY HEART WILL GO ON,1
,,CÉLINE DION - BECAUSE YOU LOVED ME,1
,,CÉLINE DION - MY HEART WILL GO ON (LOVE THEME),1
,,CÉLINE DION - I DROVE ALL NIGHT,1
,,MANFRED MANN'S EARTH BAND - QUESTIONS,1
,,MANFRED MANN'S EARTH BAND - DAVY'S ON THE ROAD AGAIN,1
,,TRACY CHAPMAN - BABY CAN I HOLD YOU?,1
,,TRACY CHAPMAN - SUBCITY,1
,,CHARLIE PUTH - ONE CALL AWAY,1
,,THE BEE GEES - TOO MUCH HEAVEN,1
,,JAMES BLUNT - CARRY YOU HOME,1
,,UB 40 - HIGHER GROUND,1
,,UB 40 - (I CAN'T HELP) FALLING IN LOVE WITH YOU,1
,,UB 40 - I'LL BE YOUR BABY TONIGHT,1
,,UB 40 - CAN'T HELP FALLING IN LOVE,1
,,NENA - ? (FRAGEZEICHEN),1
,,NENA - WUNDER GESCHEHN,1
,,NENA - LEUCHTTURM,1
,,NENA - LASS MICH DEIN PIRAT SEIN,1
,,NENA - ICH WERDE DICH LIEBEN,1
,,NENA - 99 LUFTBALLONS,1
,,BLONDIE - X OFFENDER,1
,,STEVIE WONDER - PASTIME PARADISE,1
,,STEVIE WONDER - LIVING FOR THE CITY,1
,,STEVIE WONDER - SUPERSTITION,1
,,STEVIE WONDER - WE CAN WORK IT OUT,1
,,CHARLES BRADLEY - CHANGES,1
,,THE CHIMES - I STILL HAVEN'T FOUND WHAT I'M LOOKING FOR,1
,,MARY J. BLIGE - (YOU MAKE ME FEEL LIKE A) NATURAL WOMAN,1
,,MARY J. BLIGE - STAY WITH ME,1
,,JANIS JOPLIN - SUMMERTIME,1
,,JANIS JOPLIN - ME AND BOBBY MCGEE,1
,,MADELEINE PEYROUX - DANCE ME TO THE END OF LOVE,1
,,LIGHTHOUSE FAMILY - AIN'T NO SUNSHINE,1
,,LIGHTHOUSE FAMILY - QUESTION OF FAITH,1
,,JAMES TAYLOR - YOU'VE GOT A FRIEND,1
,,JAMES TAYLOR - CHIPPIN' AWAY,1
,,AC - RIDE ON,1
,,AC - DIRTY DEEDS DONE DIRT CHEAP,1
,,AC - HELLS BELLS,1
,,AC - THUNDERSTRUCK,1
,,AC - LET THERE BE ROCK,1
,,DC - RIDE ON,1
,,DC - DIRTY DEEDS DONE DIRT CHEAP,1
,,DC - HELLS BELLS,1
,,DC - THUNDERSTRUCK,1
,,DC - LET THERE BE ROCK,1
,,FOUR TOPS - RIVER DEEP - MOUNTAIN HIGH,1
,,EARTH - BOOGIE WONDERLAND,1
,,EARTH - SHINING STAR,1
,,WIND - BOOGIE WONDERLAND,1
,,WIND - SHINING STAR,1
,,FIRE - SHINING STAR,1
,,BLACK PUMAS - OCT 33,1
,,LIONEL RICHIE - PENNY LOVER,1
,,LIONEL RICHIE - SE LA,1
,,LIONEL RICHIE - CINDERELLA,1
,,LIONEL RICHIE - STUCK ON YOU,1
,,ADAX DÖRSAM - PURE LEBENSFREUDE,1
,,STING - IF YOU LOVE SOMEBODY SET THEM FREE,1
,,STING - ALL THIS TIME,1
,,STING - SEVEN DAYS,1
,,DELEGATION - YOU AND I,1
,,DELEGATION - PUT A LITTLE LOVE ON ME,1
,,DIDO - SAND IN MY SHOES,1
,,DIDO - LIFE FOR RENT,1
,,CUTTING CREW - (I JUST) DIED IN YOUR ARMS,1
,,QUEEN - WHO WANTS TO LIVE FOREVER,1
,,QUEEN - HEAVEN FOR EVERYONE,1
,,QUEEN - WE WILL ROCK YOU,1
,,QUEEN - WE ARE THE CHAMPIONS,1
,,QUEEN - SOMEBODY TO LOVE,1
,,QUEEN - MADE IN HEAVEN,1
,,QUEEN - I WANT IT ALL,1
,,QUEEN - DON'T STOP ME NOW,1
,,QUEEN - CRAZY LITTLE THING CALLED LOVE,1
,,LUIS FONSI - ÉCHAME LA CULPA,1
,,ICEHOUSE - STREET CAFÉ,1
,,PHIL COLLINS - DON'T LOSE MY NUMBER,1
,,PHIL COLLINS - DO YOU REMEMBER?,1
,,PHIL COLLINS - SUSSUDIO,1
,,PHIL COLLINS - EVERYDAY,1
,,PHIL COLLINS - I WISH IT WOULD RAIN DOWN,1
,,PHIL COLLINS - SOMETHING HAPPENED ON THE WAY TO HEAVEN,1
,,ROLLING STONES - (I CAN'T GET NO) SATISFACTION,1
,,ROLLING STONES - PAINT IT BLACK,1
,,ROLLING STONES - RUBY TUESDAY,1
,,ROLLING STONES - AS TEARS GO BY,1
,,ROLLING STONES - THE LAST TIME,1
,,ROLLING STONES - LET'S SPEND THE NIGHT TOGETHER,1
,,ROLLING STONES - ANGIE,1
,,STEVE WINWOOD - ROLL WITH IT,1
,,"AEROSMITH - I DON'T WANT TO MISS A THING AUS: ARMAGEDDON (FILM, 1998)",1
,,AEROSMITH - LOVE IN AN ELEVATOR,1
,,DR. HOOK - BETTER LOVE NEXT TIME,1
,,SMOKIE - I'LL MEET YOU AT MIDNIGHT,1
,,SMOKIE - MEXICAN GIRL,1
,,SMOKIE - FOR A FEW DOLLARS MORE,1
,,THE CORRS - THE RIGHT TIME,1
,,THE CORRS - IRRESISTIBLE,1
,,THE CORRS - DREAMS,1
,,ROY ORBISON - I DROVE ALL NIGHT,1
,,SPICE GIRLS - MY STRONGEST SUIT,1
,,SPICE GIRLS - STOP,1
,,HALL - OUT OF TOUCH,1
,,OATES - OUT OF TOUCH,1
,,MARQUESS - VAYAMOS COMPANEROS (RADIO EDIT),1
,,SOPHIE B. HAWKINS - DAMN I WISH I WAS YOUR LOVER,1
,,"SUPERTRAMP - YOU WIN, I LOSE",1
,,KOOL - PARTY PEOPLE,1
,,KOOL - HOLIDAY,1
,,KOOL - JUNGLE BOOGIE,1
,,THE GANG - PARTY PEOPLE,1
,,THE GANG - HOLIDAY,1
,,THE GANG - JUNGLE BOOGIE,1
,,ENRIQUE IGLESIAS - DO YOU KNOW? (THE PING PONG SONG),1
,,ENRIQUE IGLESIAS - DUELE EL CORAZON,1
,,DAMN YANKEES - HIGH ENOUGH,1
,,BRUNO MARS - DIE WITH A SMILE,1
,,BRUNO MARS - APT.,1
,,SEAL - FLY LIKE AN EAGLE,1
,,STATUS QUO - CAROLINE,1
,,STATUS QUO - MYSTERY SONG,1
,,STATUS QUO - MARGUERITA TIME,1
,,MATT SIMONS - LAY YOUR WORRY DOWN,1
,,BARRY MANILOW - CAN'T SMILE WITHOUT YOU,1
,,IRON MAIDEN - CAN I PLAY WITH MADNESS,1
,,IRON MAIDEN - 2 MINUTES TO MIDNIGHT (TWO MINUTES TO MIDNIGHT),1
,,DIE FANTASTISCHEN VIER - MILLIONEN LEGIONEN,1
,,DIE FANTASTISCHEN VIER - DIE DA!?!,1
,,DIE FANTASTISCHEN VIER - TROY,1
,,STEPHAN REMMLER - KEINE STERNE IN ATHEN (JANET IN SANKT KATHREIN),1
,,SUZANNE VEGA - TOM'S DINER,1
,,MILOW - WHATEVER IT TAKES,1
,,MILOW - TELL ME TWICE,1
,,MILOW - BOY MADE OUT OF STARS,1
,,MILOW - YOU AND ME (IN MY  POCKET),1
,,MILOW - LAY YOUR WORRY DOWN,1
,,KIM WILDE - LOVE BLONDE,1
,,TEARS FOR FEARS - MAD WORLD,1
,,PINK - GET THE PARTY STARTED,1
,,LED ZEPPELIN - STAIRWAY TO HEAVEN,1
,,LED ZEPPELIN - KASHMIR,1
,,ALOE BLACC - BROOKLYN IN THE SUMMER,1
,,IRENE CARA - FLASHDANCE ... WHAT A FEELING,1
,,NO MERCY - PLEASE DON'T GO,1
,,NO MERCY - MISSING (I MISS YOU LIKE THE DESERTS MISS THE RAIN),1
,,JOHN FOGERTY - WHO'LL STOP THE RAIN (JOHN'S VERSION),1
,,JOHN FOGERTY - LOOKIN' OUT MY BACK DOOR (JOHN'S VERSION),1
,,JOHN FOGERTY - HAVE YOU EVER SEEN THE RAIN?,1
,,JOHN FOGERTY - PROUD MARY (JOHN'S VERSION),1
,,SUZI QUATRO - SHE'S IN LOVE WITH YOU,1
,,SUZI QUATRO - 48 CRASH (FORTY-EIGHT CRASH),1
,,ELECTRIC LIGHT ORCHESTRA - FOUR LITTLE DIAMONDS (ELECTRIC LIGHT ORCHESTRA) BEST OF ELECTRIC LIGHT ORCHESTR,1
,,ELECTRIC LIGHT ORCHESTRA - ROCK AND ROLL IS KING,1
,,ELECTRIC LIGHT ORCHESTRA - EVIL WOMAN,1
,,ELECTRIC LIGHT ORCHESTRA - I'M ALIVE,1
,,KLAUS LAGE - ICH BLEIB DIESEN SOMMER ZU HAUS,1
,,KLAUS LAGE - MONOPOLI,1
,,DIRE STRAITS - THE BUG,1
,,DIRE STRAITS - YOUR LATEST TRICK,1
,,DIRE STRAITS - TWISTING BY THE POOL,1
,,CHRIS DE BURGH - WAITING FOR THE HURRICANE,1
,,CHRIS DE BURGH - SHIP TO SHORE,1
,,THE PRETENDERS - BRASS IN POCKET,1
,,THE PRETENDERS - I'LL STAND BY YOU,1
,,THE WEEKND - SAVE YOUR TEARS,1
,,THE STEVE MILLER BAND - ROCK'N ME,1
,,THE STEVE MILLER BAND - ABRACADABRA,1
,,BOB SEGER - LIKE A ROCK,1
,,BOB SEGER - WE'VE GOT TONIGHT,1
,,THE SILVER BULLET BAND - LIKE A ROCK,1
,,THE SILVER BULLET BAND - WE'VE GOT TONIGHT,1
,,EMPIRE OF THE SUN - WE ARE THE PEOPLE (ALBUM VERSION),1
,,GIANNA NANNINI - PROFUMO,1
,,GIANNA NANNINI - UN RAGAZZO COME TE,1
,,GEORGE EZRA - CASSY O',1
,,GEORGE EZRA - BLAME IT ON ME,1
,,THE PRODIGY - FIRESTARTER,1
,,PENNY MCLEAN - LADY BUMP,1
,,WHAM! - WHAM RAP! (ENJOY WHAT YOU DO),1
,,WHAM! - LAST CHRISTMAS,1
,,WHAM! - CLUB TROPICANA,1
,,WHAM! - WAKE ME UP BEFORE YOU GO-GO,1
,,DAVID GUETTA - FLAMES,1
,,SIA - FLAMES,1
,,KAYROB.COM - PARTY PEOPLE,1
,,THE SWEET - POPPA JOE,1
,,THE SWEET - FOX ON THE RUN,1
,,THE SWEET - LOVE IS LIKE OXYGEN,1
,,PETER SCHILLLING - DIE WÜSTE LEBT,1
,,SEEED - DING,1
,,SEEED - DICKES B,1
,,DUCK SAUCE - BARBRA STREISAND,1
,,JOURNEY - OPEN ARMS,1
,,JOURNEY - WHO'S CRYING NOW,1
,,JOURNEY - WHEEL IN THE SKY,1
,,JOURNEY - SEPARATE WAYS ( WORLDS APART ),1
,,SCORPIONS - ROCK YOU LIKE A HURRICANE,1
,,SCORPIONS - SEND ME AN ANGEL,1
,,SCORPIONS - HOLIDAY,1
,,NAZARETH - DREAM ON,1
,,CROWDED HOUSE - FOUR SEASONS IN ONE DAY,1
,,PAUL CARRACK - WHEN YOU WALK IN THE ROOM,1
,,PAUL CARRACK - BATTLEFIELD,1
,,PAUL CARRACK - SATISFY MY SOUL,1
,,BILLY IDOL - DANCING WITH MYSELF,1
,,"BILLY IDOL - MONY, MONY",1
,,BILLY IDOL - TO BE A LOVER,1
,,TAMMY WYNETTE - STAND BY YOUR MAN,1
,,COLDPLAY - IN MY PLACE,1
,,COLDPLAY - A SKY FULL OF STARS,1
,,COLDPLAY - FIX YOU,1
,,DEPECHE MODE - POLICY OF TRUTH,1
,,DEPECHE MODE - STRANGELOVE,1
,,DEPECHE MODE - LITTLE 15 (LITTLE FIFTEEN),1
,,DEPECHE MODE - GHOSTS AGAIN,1
,,MICHAEL JACKSON - HUMAN NATURE,1
,,MICHAEL JACKSON - THE GIRL IS MINE,1
,,MICHAEL JACKSON - ANOTHER PART OF ME,1
,,MICHAEL JACKSON - P.Y.T. (PRETTY YOUNG THING),1
,,MICHAEL JACKSON - DIRTY DIANA,1
,,MICHAEL JACKSON - THEY DON'T CARE ABOUT US,1
,,MICHAEL JACKSON - LIBERIAN GIRL,1
,,MICHAEL JACKSON - MAN IN THE MIRROR,1
,,DJ BOBO - PRAY,1
,,BLOODHOUND GANG - FIRE WATER BURN,1
,,BLOODHOUND GANG - THE BAD TOUCH,1
,,GREEN DAY - 21 GUNS,1
,,GREEN DAY - X-KID,1
,,PAUL MCCARTNEY - THE GIRL IS MINE,1
,,PAUL MCCARTNEY - MY BRAVE FACE,1
,,BECK - LOSER,1
,,FOO FIGHTERS - THESE DAYS,1
,,TLC - UNPRETTY,1
,,FALCO - HOCH WIE NIE,1
,,FALCO - OUT OF THE DARK (INTO THE LIGHT),1
,,FALCO - THE SOUND OF MUSIK,1
,,FALCO - ROCK ME AMADEUS (IHN LIEBTEN ALLE FRAUEN),1
,,FALCO - JEANNY (PART 1),1
,,FALCO - JUNGE RÖMER,1
,,GUNS'N'ROSES - SWEET CHILD O' MINE,1
,,GUNS'N'ROSES - DON'T CRY,1
,,GUNS'N'ROSES - ROCKET QUEEN,1
,,GUNS'N'ROSES - LIVE AND LET DIE,1
,,GUNS'N'ROSES - PATIENCE,1
,,GUNS'N'ROSES - NIGHTTRAIN,1
,,"DIE DOOFEN - MIEF! (NIMM MICH JETZT, AUCH WENN ICH STINKE)",1
,,SHAGGY - BOOMBASTIC,1
,,MARKY MARK - HAPPY PEOPLE,1
,,ANGIE STONE - LIFE STORY,1
,,VANILLA ICE - ICE ICE BABY,1
,,WILL SMITH - THE FRESH PRINCE OF BEL AIR (THEME),1
,,WILL SMITH - MIAMI,1
,,METALLICA - WELCOME HOME (SANITARIUM),1
,,METALLICA - ONE,1
,,METALLICA - ENTER SANDMAN,1
,,BRING ME THE HORIZON - DIE4U,1
,,BLUR - LONDON LOVES,1
,,DORO - 1000 YEARS,1
,,TYPE O NEGATIVE - BLACK NO 1 (LITTLE MISS SCARE-ALL),1
,,APHRODITE'S CHILD - THE FOUR HORSEMEN,1
,,STONE SOUR - ABSOLUTE ZERO,1
,,GOLDFINGER - 99 RED BALLOONS,1
,,SILVERCHAIR - ANTHEM FOR THE YEAR 2000,1
,,BUSH - X-GIRLFRIEND,1
,,BUSH - I BEAT LONELINESS,1
,,THE KINKS - YOU REALLY GOT ME,1
,,MARIAH CAREY - DREAMLOVER,1
,,MARIAH CAREY - ONE SWEET DAY,1
,,ALICE COOPER - WILD ONES,1
,,ALICE COOPER - NO MORE MR. NICE GUY,1
,,ALICE COOPER - I'M EIGHTEEN,1
,,MICHAEL MCDONALD - I KEEP FORGETTIN',1
,,GEORGE MICHAEL - KISSING A FOOL,1
,,GEORGE MICHAEL - FASTLOVE,1
,,GEORGE MICHAEL - DON'T LET THE SUN GO DOWN ON ME,1
,,GEORGE MICHAEL - JESUS TO A CHILD,1
,,THE BEACH BOYS - SURFIN' USA,1
,,THE HOLLIES - BUS STOP,1
,,FRANK STALLONE - FAR FROM OVER,1
,,OZZY OSBOURNE - PATIENT NUMBER 9,1
,,MARTHA - HEAT WAVE,1
,,THE VANDELLAS - HEAT WAVE,1
,,GROVER JR WASHINGTON - SUMMER CHILL,1
,,MARVIN GAYE - CALIFORNIA SOUL,1
,,MARVIN GAYE - AIN'T NO MOUNTAIN HIGH ENOUGH,1
,,MARVIN GAYE - LET'S GET IT ON,1
,,TAMMI TERRELL - CALIFORNIA SOUL,1
,,TAMMI TERRELL - AIN'T NO MOUNTAIN HIGH ENOUGH,1
,,HERBIE MANN - MEMPHIS UNDERGROUND,1
,,RANDY CRAWFORD - ALMAZ,1
,,RANDY CRAWFORD - YOU MIGHT NEED SOMEBODY,1
,,RANDY CRAWFORD - DIAMANTE,1
,,RANDY CRAWFORD - KNOCKIN' ON HEAVEN'S DOOR,1
,,SLY - HOT FUN IN THE SUMMERTIME,1
,,THE FAMILY STONE - HOT FUN IN THE SUMMERTIME,1
,,ELLA FITZGERALD - SUMMERTIME,1
,,RUBY AMANFU - SUMMER,1
,,DURAN DURAN - RIO,1
,,DURAN DURAN - THE REFLEX,1
,,DURAN DURAN - IS THERE SOMETHING I SHOULD KNOW?,1
,,DEN HARROW - DON'T BREAK MY HEART,1
,,DEN HARROW - HOLIDAY NIGHT,1
,,MELANIE C - WHEN YOU'RE GONE,1
,,FOREIGNER - DOUBLE VISION,1
,,FOREIGNER - JUKE BOX HERO,1
,,TOTO - GEORGY PORGY,1
,,MICHAEL PATRICK KELLY - ROUNDABOUTS,1
,,MICHAEL PATRICK KELLY - O.K.O,1
,,SLADE - FAR FAR AWAY,1
,,UDO LINDENBERG - CELLO,1
,,UDO LINDENBERG - DU KNALLST IN MEIN LEBEN,1
,,UDO LINDENBERG - AIRPORT (DICH WIEDERSEHN...),1
,,UDO LINDENBERG - ICH LIEB DICH ÜBERHAUPT NICHT MEHR,1
,,UDO LINDENBERG - CLUB DER MILLIONÄRE,1
,,UDO LINDENBERG - REEPERBAHN,1
,,UDO LINDENBERG - ICH SITZ DEN GANZEN TAG BEI DEN DOCKS,1
,,BONNIE TYLER - BITTERBLUE,1
,,ÁLVARO SOLER - EL MISMO SOL,1
,,LIPPS INC - FUNKYTOWN (FUNKY TOWN),1
,,SAVAGE GARDEN - CRASH AND BURN,1
,,JENNIFER RUSH - 25 LOVERS,1
,,JENNIFER RUSH - FLAMES OF PARADISE,1
,,JENNIFER RUSH - HEART OVER MIND,1
,,BONEY M - MA BAKER,1
,,BONEY M - GOTTA GO HOME,1
,,BONEY M - BELFAST,1
,,INVINCIBLE - HEART OF COURAGE,1
,,NICK KAMEN - WIN YOUR LOVE,1
,,JAMES MORRISON - WHO'S GONNA LOVE ME NOW?,1
,,JAMES MORRISON - LITTLE WINGS,1
,,JAMES MORRISON - FIGHT ANOTHER DAY,1
,,THE BEAUTIFUL SOUTH - SONG FOR WHOEVER,1
,,THE BEAUTIFUL SOUTH - PERFECT 10,1
,,THE BEAUTIFUL SOUTH - A LITTLE TIME,1
,,SIMON - THE BOXER,1
,,SIMON - I AM A ROCK,1
,,SIMON - KEEP THE CUSTOMER SATISFIED,1
,,GARFUNKEL - THE BOXER,1
,,GARFUNKEL - I AM A ROCK,1
,,GARFUNKEL - KEEP THE CUSTOMER SATISFIED,1
,,INXS - DEVIL INSIDE,1
,,INXS - NEVER TEAR US APART,1
,,PROPAGANDA - DUEL,1
,,JUICE NEWTON - ANGEL OF THE MORNING,1
,,INKER - DANCNG INTO DANGER,1
,,HAMILTON - DANCNG INTO DANGER,1
,,MEN WITHOUT HATS - SAFETY DANCE,1
,,MATIA BAZAR - TI SENTO,1
,,MC HAMMER - U CAN'T TOUCH THIS (YOU CAN'T TOUCH THIS),1
,,MC HAMMER - U CAN'T TOUCH THIS,1
,,DIE TOTEN HOSEN - WORT ZUM SONNTAG,1
,,DIE TOTEN HOSEN - WÜNSCH DIR WAS,1
,,DIE TOTEN HOSEN - YOU'LL NEVER WALK ALONE,1
,,DIE TOTEN HOSEN - BAYERN,1
,,DIE TOTEN HOSEN - ZEHN KLEINE JÄGERMEISTER,1
,,DIE TOTEN HOSEN - HIPPY HIPPY SHAKE,1
,,DIE TOTEN HOSEN - 1000 GUTE GRÜNDE,1
,,DIE TOTEN HOSEN - HIER KOMMT ALEX,1
,,REINHARD MEY - ZEUGNISTAG,1
,,REINHARD MEY - 51ER KAPITÄN,1
,,REINHARD MEY - ALLER GUTEN DINGE SIND DREI,1
,,REINHARD MEY - WIE VOR JAHR UND TAG,1
,,DIE ÄRZTE - 2000 MÄDCHEN,1
,,DIE ÄRZTE - HIMMELBLAU,1
,,SNAP - THE POWER,1
,,MARC ANTHONY - NON C'È / SE FUÉ,1
,,MARC ANTHONY - I NEED TO KNOW,1
,,CHRIS STAPLETON - ARKANSAS,1
,,CHRIS STAPLETON - TENNESSEE WHISKEY,1
,,CAROLE KING - ONE FINE DAY,1
,,CAROLE KING - I FEEL THE EARTH MOVE,1
,,DONNA SUMMER - ON THE RADIO (LONG VERSION),1
,,DONNA SUMMER - BAD GIRLS,1
,,01099 - LAUFEN,1
,,01099 - 25GRAD,1
,,MINE - SCHMINKE,1
,,FATONI - SCHMINKE,1
,,BARTEK - SCHMINKE,1
,,ECKE PRENZ - SCHMINKE,1
,,"EDGAR WASSER, - SCHMINKE",1
,,TOMTE - SCHREIT DEN NAMEN MEINER MUTTER,1
,,LIEDFETT - ZEIT,1
,,FRIDA GOLD - DIESES GEFÜHL,1
,,BEATSTEAKS - MILK & HONEY,1
,,BEATSTEAKS - KOMMANDO SUNSHINE,1
,,BEATSTEAKS - THE LUNATICS (HAVE TAKEN OVER THE ASYLUM),1
,,ANDREAS VOLLENWEIDER - DOWN TO THE MOON,1
,,FRIENDS - DOWN TO THE MOON,1
,,TOCOTRONIC - GOLDEN YEARS,1
,,KARAT - ÜBER SIEBEN BRÜCKEN MUSST DU GEHEN,1
,,NEK - SE UNA REGOLA C'È,1
,,NEK - LAURA NON C'E,1
,,NEK - STO CON TE,1
,,MIKE OLDFIELD - FIVE MILES OUT,1
,,ROGER CHAPMAN - SHADOW ON THE WALL,1
,,ALIZÉE - J'EN AI MARRE!,1
,,GEORGE STRAIT - TEXAS COOKIN',1
,,LEROY VANDYKE - THE AUCTIONEER,1
,,JASON BENOIT - 1000 MILE GRIN,1
,,EMMYLOU HARRIS - WILD MONTANA SKIES,1
,,EMMYLOU HARRIS - C'EST LA VIE,1
,,MARK CHESNUTT - LIVE TO BE 100,1
,,CHAYCE BECKHAM - 23,1
,,BIG - 8TH OF NOVEMBER,1
,,RICH - 8TH OF NOVEMBER,1
,,THE BOXMASTERS - 20 YEARS AGO,1
,,BILLY BOB THORNTON - 20 YEARS AGO,1
,,"DAN + SHAY - 10,000 HOURS",1
,,"JUSTIN BIEBER - 10,000 HOURS",1
,,KELLIE PICKLER - 100 PROOF,1
,,TYLER HUBBARD - 5 FOOT 9,1
,,TYLER HUBBARD - UNDIVIDED,1
,,SHELBY LYNNE - 10 ROCKS,1
,,ZAC BROWN BAND - HIGHWAY 20 RIDE,1
,,ZAC BROWN BAND - FUN HAVING FUN,1
,,ZAC BROWN BAND - TOES,1
,,ZAC BROWN BAND - CHICKEN FRIED,1
,,UMBERTO TOZZI - GLORIA,1
,,THE HOUSEMARTINS - FIVE GET OVER EXCITED,1
,,DICK BRAVE - BACK FOR GOOD,1
,,ENYA - ORINOCO FLOW,1
,,R.E.M - IMITATION OF LIFE,1
,,R.E.M - DRIVE,1
,,R.E.M - AFTERMATH,1
,,HUEY LEWIS - IT HIT ME LIKE A HAMMER,1
,,HUEY LEWIS - THE HEART OF ROCK'N'ROLL,1
,,HUEY LEWIS - I WANT A NEW DRUG,1
,,HUEY LEWIS - HIP TO BE SQUARE,1
,,HUEY LEWIS - HONKY TONK BLUES,1
,,THE NEWS - IT HIT ME LIKE A HAMMER,1
,,THE NEWS - THE HEART OF ROCK'N'ROLL,1
,,THE NEWS - I WANT A NEW DRUG,1
,,THE NEWS - HIP TO BE SQUARE,1
,,THE NEWS - HONKY TONK BLUES,1
,,AMERICA - SISTER GOLDEN HAIR,1
,,AMERICA - THE LAST UNICORN,1
,,LOST FREQUENCIES - ARE YOU WITH ME,1
,,GILBERT O'SULLIVAN - ALL THEY WANTED TO SAY,1
,,BILLY JOEL - A MATTER OF TRUST,1
,,BILLY JOEL - I GO TO EXTREMES,1
,,BILLY JOEL - SHE'S ALWAYS A WOMAN,1
,,BILLY JOEL - PIANO MAN,1
,,BILLY JOEL - MOVIN' OUT (ANTHONY'S SONG),1
,,BILLY JOEL - IT'S STILL ROCK AND ROLL TO ME,1
,,ALVARO SOLER - EL MISMO SOL,1
,,PETER FOX - TOSCANA FANBOYS,1
,,PETER FOX - LOK AUF 2 BEINEN,1
,,ROD STEWART - IT TAKES TWO,1
,,ROD STEWART - WHEN WE WERE THE NEW BOYS,1
,,ROD STEWART - HAVE I TOLD YOU LATELY,1
,,ROD STEWART - HOT LEGS,1
,,ROD STEWART - FOREVER YOUNG,1
,,ROD STEWART - TONIGHT'S THE NIGHT (GONNA BE ALRIGHT),1
,,PETER MAFFAY - TIEFER,1
,,PETER MAFFAY - NESSAJA,1
,,DIANA ROSS - THE BOSS,1
,,DIANA ROSS - MUSCLES,1
,,DIANA ROSS - MY OLD PIANO,1
,,DIANA ROSS - STOP! IN THE NAME OF LOVE,1
,,DIANA ROSS - WHY DO FOOLS FALL IN LOVE,1
,,DIANA ROSS - AIN'T NO MOUNTAIN HIGH ENOUGH,1
,,THE POLICE - MESSAGE IN A BOTTLE,1
,,THE POLICE - ROXANNE,1
,,THE POLICE - SO LONELY,1
,,MICHAEL SCHULTE - FOR A SECOND,1
,,BILLY OCEAN - WHEN THE GOING GETS TOUGH,1
,,HEINZ RUDOLF KUNZE - MEINE EIGENEN WEGE,1
,,PRINCE - 1999 (NINETEEN HUNDRED NINETY-NINE),1
,,PRINCE - JOY IN REPETITION,1
,,PRINCE - NOTHING COMPARES 2 U,1
,,PRINCE - 1999,1
,,MOTÖRHEAD - 1916,1
,,BAD COMPANY - BAD COMPANY,1
,,SMASHING PUMPKINS - DISARM,1
,,FAITH NO MORE - EPIC,1
,,FAITH NO MORE - MIDLIFE CRISIS,1
,,FAITH NO MORE - I'M EASY,1
,,WHITESNAKE - FOOL FOR YOUR LOVING,1
,,WHITESNAKE - IS THIS LOVE,1
,,ZZ TOP - GOT ME UNDER PRESSURE,1
,,ZZ TOP - LA GRANGE,1
,,ZZ TOP - SHARP DRESSED MAN,1
,,THE DARKNESS - I BELIEVE IN A THING CALLED LOVE,1
,,CAESARS - JERK IT OUT,1
,,PAPA ROACH - LAST RESORT,1
,,TIMBALAND - APOLOGIZE,1
,,ONEREPUBLIC - IF I LOSE MYSELF,1
,,ONEREPUBLIC - RUN,1
,,ONEREPUBLIC - RUNAWAY,1
,,ONEREPUBLIC - WEST COAST,1
,,RICHARD MARX - SATISFIED,1
,,RICHARD MARX - HAZARD,1
,,"BARRY WHITE - CAN'T GET ENOUGH OF YOUR LOVE, BABE",1
,,"SHAKIRA - WHENEVER, WHEREVER SUERTE",1
,,AL STEWART - TIME PASSAGES,1
,,AURA DIONE - I WILL LOVE YOU MONDAY (365),1
,,RAG'N'BONE MAN - HUMAN,1
,,SADE - THE SWEETEST TABOO,1
,,SADE - WHY CAN'T WE LIVE TOGETHER,1
,,RONAN KEATING - LOVIN' EACH DAY (LOVING EACH DAY),1
,,QUIVER - ARMS OF MARY,1
,,WET WET WET - SWEET LITTLE MYSTERY,1
,,WET WET WET - ANGEL EYES (HOME AND AWAY),1
,,T. REX - (BANG A GONG) GET IT ON,1
,,T. REX - RIDE A WHITE SWAN,1
,,T. REX - 20TH CENTURY BOY,1
,,"ORAN ""JUICE"" JONES - THE RAIN",1
,,"DESTINY'S CHILD - BILLS, BILLS, BILLS",1
,,BLOOD ORANGE - MIND LOADED,1
,,CAROLINE POLACHEK - MIND LOADED,1
,,LORDE - MIND LOADED,1
,,MUSTAFA - MIND LOADED,1
,,TIMMY THOMAS - WHY CAN'T WE LIVE TOGETHER,1
,,TIMMY THOMAS - NEW YORK EYES,1
,,REBECCA FERGUSON - GLITTER & GOLD,1
,,PARCELS - SUMMERINLOVE,1
,,RAYE - ESCAPISM,1
,,070 SHAKE - ESCAPISM,1
,,ISAAC HAYES - DO YOUR THING,1
,,BETH HART - THANKFUL,1
,,BETH HART - I'D RATHER GO BLIND,1
,,B. B. KING - INTO THE NIGHT,1
,,OLETA ADAMS - GET HERE,1
,,LENNY KRAVITZ - HONEY,1
,,LENNY KRAVITZ - IT AIN'T OVER TILL IT'S OVER,1
,,SHERYL CROW - LEAVING LAS VEGAS,1
,,MARLON ROUDETTE - ANTI HERO (BRAVE NEW WORLD),1
,,ZUCCHERO - A WONDERFUL WORLD,1
,,ZUCCHERO - SHE'S MY BABY,1
,,ZUCCHERO - DIAMANTE,1
,,ZUCCHERO - SENZA UNA DONNA,1
,,THE POINTER SISTERS - SHOULD I DO IT,1
,,EXILE - YOU THRILL ME,1
,,RIGHT SAID FRED - WHERE DO YOU GO TO MY LOVELY?,1
,,RIGHT SAID FRED - I'M TOO SEXY,1
,,FAITH HILL - MISSISSIPPI GIRL,1
,,FAITH HILL - THERE YOU'LL BE,1
,,BOB DYLAN - KNOCKING ON HEAVEN'S DOOR,1
,,BOB DYLAN - LIKE A ROLLING STONE,1
,,DAVID LEE ROTH - JUST LIKE PARADISE,1
,,DAVID LEE ROTH - JUST A GIGOLO (I AIN'T GOT NOBODY),1
,,J. J. CALE - CARRY ON,1
,,CREEDENCE CLEARWATER REVIVAL - TRAVELIN' BAND,1
,,CREEDENCE CLEARWATER REVIVAL - LONG AS I CAN SEE THE LIGHT,1
,,CREEDENCE CLEARWATER REVIVAL - BAD MOON RISING,1
,,CREEDENCE CLEARWATER REVIVAL - UP AROUND THE BEND,1
,,CREEDENCE CLEARWATER REVIVAL - GREEN RIVER,1
,,ARLO GUTHRIE - CITY OF NEW ORLEANS,1
,,NICOLE KIDMAN - SOMETHIN' STUPID,1
,,DAVID BOWIE - MODERN LOVE,1
,,DAVID BOWIE - ABSOLUTE BEGINNERS,1
,,DAVID BOWIE - CAT PEOPLE (PUTTING OUT FIRE),1
,,DAVID BOWIE - UNDER PRESSURE,1
,,DAVID BOWIE - STARMAN,1
,,DAVID BOWIE - DANCING IN THE STREET,1
,,DAVID BOWIE - SPACE ODDITY,1
,,JIMMY SOMERVILLE - COMMENT TE DIRE ADIEU,1
,,STYX - BABE,1
,,REA GARVEY - TAKE THIS HEART,1
,,WESTERNHAGEN - SEXY,1
,,WESTERNHAGEN - ENGEL,1
,,WESTERNHAGEN - WILLENLOS,1
,,WESTERNHAGEN - ES GEHT MIR GUT,1
,,WESTERNHAGEN - WEIL ICH DICH LIEBE,1
,,THE FOUR TOPS - BERNADETTE,1
,,THE FOUR TOPS - INDESTRUCTIBLE,1
,,RED HOT CHILI PEPPERS - GIVE IT AWAY,1
,,RED HOT CHILI PEPPERS - CALIFORNICATION,1
,,MOTHER'S FINEST - BABY LOVE,1
,,MEAT LOAF - PARADISE BY THE DASHBOARD LIGHT,1
,,MEAT LOAF - BAT OUT OF HELL,1
,,MEAT LOAF - YOU TOOK THE WORDS RIGHT OUT OF MY MOUTH  (HOT SUMMER NIGHT),1
,,THIN LIZZY - THE BOYS ARE BACK IN TOWN,1
,,THIN LIZZY - JAILBREAK,1
,,STEELY DAN - RIKKI DON'T LOSE THE NUMBER,1
,,STEELY DAN - RIKKI DON'T LOSE THAT NUMBER,1
,,EROS RAMAZZOTTI; TINA TURNER - COSE DELLA VITA - CAN'T STOP THINKING OF YOU,1
,,LOST FREQUENCIES; JANIECK DEVY - REALITY,1
,,WHAM!; GEORGE MICHAEL - CARELESS WHISPER,1
,,LEVEL 42 - RUNNING IN THE FAMILY,1
,,JOHN DENVER - LEAVING ON A JET PLANE,1
,,THE CARS - YOU MIGHT THINK,1
,,THE CARS - TONIGHT SHE COMES,1
,,THE CARDIGANS - ERASE / REWIND,1
,,PINK FLOYD - COMFORTABLY NUMB,1
,,SANDRA - INNOCENT LOVE,1
,,SANDRA - SECRET LAND,1
,,SANDRA - JAPAN IST WEIT,1
,,SANDRA - IN THE HEAT OF THE NIGHT (SINGLE VERSION),1
,,TOM JONES - SEX BOMB,1
,,AUTOGRAPH - TURN UP THE RADIO,1
,,FLASH - EARLY MORNING WAKE UP CALL,1
,,THE PAN - EARLY MORNING WAKE UP CALL,1
,,LEONARD COHEN - FAMOUS BLUE RAINCOAT,1
,,LEONARD COHEN - SUZANNE,1
,,MICHAEL SEMBELLO - AUTOMATIC MAN,1
,,MICHAEL SEMBELLO - MANIAC (FROM ''FLASHDANCE''),1
,,EDIE BRICKELL - GOOD TIMES,1
,,NEW ORDER - TRUE FAITH '94,1
,,VAN HALEN - YOU REALLY GOT ME,1
,,CLIMIE FISHER - RISE TO THE OCCASION,1
,,"PAPAS - MONDAY, MONDAY",1
,,THE CHRISTIANS - HARVEST FOR THE WORLD,1
,,JACOB COLLIER - BETTER MAN,1
,,FELIX JAEHN - AIN'T NOBODY (LOVES ME BETTER),1
,,JASMINE THOMPSON - AIN'T NOBODY (LOVES ME BETTER),1
,,THE THREE DEGREES - DIRTY OL' MAN,1
,,BAP - HUNGRY HEART,1
,,BAP - WIE 'NE STEIN,1
,,BAP - ALLES EM LOT,1
,,EDISON LIGHTHOUSE - LOVE GROWS (WHERE MY ROSEMARY GOES),1
,,TAKE THAT - WHEN WE WERE YOUNG,1
,,TAKE THAT - EVERYTHING CHANGES,1
,,TAKE THAT - RELIGHT MY FIRE,1
,,CAMILA CABELLO - HAVANA,1
,,AMY WINEHOUSE - TEARS DRY ON THEIR OWN,1
,,GLASPERLENSPIEL - GEILES LEBEN,1
,,FAITHLESS - DON'T LEAVE,1
,,FAITHLESS - GOD IS A DJ,1
,,CHRIS NORMAN - MIDNIGHT LADY,1
,,STRANGLERS - ALWAYS THE SUN,1
,,BEATLES - HELLO GOODBYE,1
,,BEATLES - ALL MY LOVING,1
,,BEATLES - HEY JUDE,1
,,BEATLES - HERE COMES THE SUN,1
,,BEATLES - LET IT BE,1
,,SIMPLE MINDS - ALIVE AND KICKING,1
,,MIDNIGHT OIL - MOUNTAINS OF BURMA,1
,,MIDNIGHT OIL - BLUE SKY MINE,1
,,ROXY MUSIC - DANCE AWAY,1
,,JON BON JOVI - IT'S MY LIFE,1
,,HUMAN LEAGUE - HUMAN,1
,,BIFFY CLYRO - MANY OF HORROR,1
,,BIFFY CLYRO - HOLIER THAN THOU,1
,,BIFFY CLYRO - SPACE,1
,,CITY BOY - THE DAY THE EARTH CAUGHT FIRE,1
,,SWEET - BALLROOM BLITZ,1
,,LIVING COLOUR - CULT OF PERSONALITY,1
,,HELLOWEEN - UNIVERSE (GRAVITY FOR HEARTS),1
,,HELLOWEEN - KEEPER OF THE SEVEN KEYS,1
,,URIAH HEEP - EASY LIVIN',1
,,LUTRICIA MCNEAL - 365 DAYS,1
,,LAURA PAUSINI - NON C'È / SE FUÉ,1
,,JOHN LEE HOOKER - THE HEALER,1
,,SANTANA - THE HEALER,1
,,SANTANA - SAMBA PA TI (INSTR.),1
,,SANTANA - SMOOTH - ALBUM VERSION,1
,,"JOHN ""COUGAR"" MELLENCAMP - HURTS SO GOOD",1
,,MICHAEL BUBLÉ - SPICY MARGARITA,1
,,MAGGIE REILLY - ONE LITTLE WORD,1
,,JERMAINE JACKSON; PIA ZADORA - WHEN THE RAIN BEGINS TO FALL,1
,,DON HENLEY - BOYS OF SUMMER,1
,,DON HENLEY - THE END OF THE INNOCENCE,1
,,REVOLVERHELD - SOMMER IN SCHWEDEN,1
,,WEEZER - ISLAND IN THE SUN,1
,,MARLA GLEN - THE COST OF FREEDOM,1
,,MARLA GLEN - BELIEVER,1
,,MR. PRESIDENT - COCO JAMBOO,1
,,"BLÜMCHEN - SESAM-JAM (DER, DIE, DAS)",1
,,CULTURED PEARLS - JUST TO LET YOU KNOW,1
,,FUN - WE ARE YOUNG,1
,,JANELLE MONÁE - WE ARE YOUNG,1
,,PETER SCHILLING - MAJOR TOM,1
,,THE WAILERS - JAMMING,1
,,PATRICIA KAAS - MON MEC À MOI,1
,,PATRICIA KAAS - D'ALLEMAGNE,1
,,TEDDY SWIMS - BAD DREAMS,1
,,TEDDY SWIMS - 911,1
,,TEDDY SWIMS - DIRTY,1
,,GUSTTAVO LIMA - BALADA (TCHÊ TCHERERE TCHÊ TCHÊ),1
,,ANA MOURA - DESFADO,1
,,KC AND THE SUNSHINE BAND - I'M YOUR BOOGIE MAN,1
,,OIMARA - WACKELKONTAKT,1
,,INDEEP - LAST NIGHT A DJ SAVED MY LIFE,1
,,CHARLIE WINSTON - LIKE A HOBO,1
,,VAN MCCOY - THE HUSTLE,1
,,THE SOUL CITY SYMPHONY - THE HUSTLE,1
,,DEEP PURPLE - LAZY SOD,1
,,DEEP PURPLE - BLACK NIGHT,1
,,DEEP PURPLE - WHITE ROOM,1
,,DEEP PURPLE - FIREBALL,1
,,SPIDER MURPHY GANG - SCH-BUM ('S LEB'N IS WIAR A TRAUM),1
,,GOLDEN EARRING - RADAR LOVE,1
,,EVERLAST - FOLSOM PRISON BLUES,1
,,EVERLAST - HOOK: EVERLAST - WHAT IT'S LIKE,1
,,SHABOOZEY - A BAR SONG (TIPSY),1
,,DARYLE SINGLETARY - (TAKE ME HOME) COUNTRY ROADS,1
,,HIGH SOUTH - I'D RATHER MISS YOU,1
,,KIEFER SUTHERLAND - SOMETHING YOU LOVE,1
,,THE BAND PERRY - GENTLE ON MY MIND,1
,,THE BAND PERRY - POSTCARD FROM PARIS,1
,,THE BAND PERRY - ALL YOUR LIFE,1
,,THOMAS RHETT - CHURCH BOOTS,1
,,THOMAS RHETT - OVERDRIVE,1
,,NATHAN CARTER - EIGHTEEN WHEELS AND A DOZEN ROSES,1
,,TANYA TUCKER - THE LIST,1
,,HENLEY - SACRIFICE,1
,,DON - SACRIFICE,1
,,GILL - SACRIFICE,1
,,VINCE - SACRIFICE,1
,,EASTON CORBIN - A LITTLE MORE COUNTRY THAN THAT,1
,,EASTON CORBIN - ROLL WITH IT,1
,,MARK KNOPFLER - BERYL,1
,,BELLINI - SAMBA DE JANEIRO,1
,,MANU CHAO - WELCOME TO TIJUANA,1
,,MANU CHAO - A ME MI PIACE,1
,,HOLE - MALIBU,1
,,RIGHT SAID FRED (R.S.F.) - DON'T TALK JUST KISS,1
,,KISS - I WAS MADE FOR LOVIN' YOU,1
,,KISS - DETROIT ROCK CITY,1
,,KISS - GOD GAVE ROCK AND ROLL TO YOU 2,1
,,THE REMBRANDTS - I'LL BE THERE FOR YOU,1
,,TIGHT FIT - THE LION SLEEPS TONIGHT,1
,,WILSON PHILLIPS - HOLD ON,1
,,WILSON PHILLIPS - RELEASE ME,1
,,"GLORIA GAYNOR - I AM WHAT I AM AUS: LA CAGE AUX FOLLES (EIN KÄFIG VOLLER NARREN) (MUSICAL, 1983",1
,,ROBERT PALMER - BEST OF BOTH WORLDS,1
,,ROBERT PALMER - BAD CASE OF LOVING YOU,1
,,"ROBERT PALMER - BAD CASE OF LOVIN' YOU (DOCTOR, DOCTOR)",1
,,BRUCE HORNSBY AND THE RANGE - EVERY LITTLE KISS,1
,,THE DOOBIE BROTHERS - LONG TRAIN RUNNIN',1
,,THE DOOBIE BROTHERS - THE DOCTOR,1
,,FLORIAN-SAMUEL SPÄTH - MADR - WEEKEND IN VEGAS,1
,,THE POWER OF SEVEN - WILL IT GO ROUND IN CIRCLES?,1
,,ETERNAL - DON'T YOU LOVE ME?,1
,,SAM COOKE - (WHAT A) WONDERFUL WORLD,1
,,SAM SMITH - PROMISES,1
,,SAM SMITH - DIAMONDS,1
,,SÉRGIO MENDES - MAS QUE NADA,1
,,BLACK EYED PEAS - MAS QUE NADA,1
,,BLACK EYED PEAS - XOXOXO,1
,,BLACK EYED PEAS - I GOTTA FEELING,1
,,SMOKEY ROBINSON - THE TEARS OF A CLOWN,1
,,SMOKEY ROBINSON - JUST TO SEE HER,1
,,THE MIRACLES - THE TEARS OF A CLOWN,1
,,THE TESKEY BROTHERS - SO CAUGHT UP,1
,,THE TESKEY BROTHERS - SAN FRANCISCO,1
,,THE TESKEY BROTHERS - NEVER TEAR US APART,1
,,MON ROVÎA - HEAVY FOOT,1
,,DE'WAYNE - SUNDAYS,1
,,STEREO MC'S - CONNECTED,1
,,OTIS REDDING - A CHANGE IS GONNA COME,1
,,"LISA STANSFIELD - NEVER, NEVER GONNA GIVE YOU UP",1
,,LISA STANSFIELD - CHANGE,1
,,LISA STANSFIELD - NEVER EVER,1
,,EM BEIHOLD - BRUTUS,1
,,DISTURBED - IF I EVER LOSE MY FAITH IN YOU,1
,,"""WEIRD AL"" YANKOVIC - EAT IT",1
,,NESTOR - I WANNA DANCE WITH SOMEBODY,1
,,NESTOR - 1989,1
,,SEX PISTOLS - MY WAY,1
,,SEX PISTOLS - ANARCHY IN THE UK,1
,,GOTTHARD - EYE OF THE TIGER,1
,,JUDAS PRIEST - DIAMONDS AND RUST,1
,,JUDAS PRIEST - TURBO LOVER,1
,,JUDAS PRIEST - BREAKING THE LAW,1
,,CAKE - FRIEND IS A FOUR LETTER WORD,1
,,PETER CETERA - ONE GOOD WOMAN,1
,,EXTREME - MORE THAN WORDS (REMIX),1
,,EXTREME - RISE,1
,,THE PASADENAS - RIDING ON A TRAIN,1
,,"POLICE - DE DO DO DO, DE DA DA DA",1
,,POLICE - MESSAGE IN A BOTTLE,1
,,UNHEILIG - GEBOREN UM ZU LEBEN,1
,,PRINCE AND THE REVOLUTION - AMERICA,1
,,PRINCE AND THE REVOLUTION - RASPBERRY BERET,1
,,RUN-D.M.C - WALK THIS WAY,1
,,MILK - LOVE IS IN THE AIR,1
,,SUGAR - LOVE IS IN THE AIR,1
,,HUBERT VON GOISERN - BRENNA TUATS GUAT,1
,,HUBERT VON GOISERN - HEAST AS NIT,1
,,"HUBERT VON GOISERN - QUICK, QUICK, SLOW",1
,,MICK JAGGER - SWEET THING,1
,,MICK JAGGER - DANCING IN THE STREET,1
,,ROONEY - WHEN DID YOUR HEART GO MISSING?,1
,,CAPITAL CITIES - SAFE AND SOUND,1
,,MOBY - PORCELAIN,1
,,TINA ARENA - CHAINS,1
,,TINA ARENA - SORRENTO MOON (I REMEMBER),1
,,LOOKING GLASS - BRANDY (YOU'RE A FINE GIRL),1
,,THE SWAYS - I HAVE BEEN THE MOON,1
,,SNOOP DOGG - LAST DANCE WITH MARY JANE,1
,,DR. DRE - LAST DANCE WITH MARY JANE,1
,,JELLY ROLL - LAST DANCE WITH MARY JANE,1
,,JELLY ROLL - HARD FOUGHT HALLELUJAH,1
,,MICHAEL KIWANUKA - LOVE & HATE,1
,,MICHAEL KIWANUKA - LIGHT,1
,,COMMODORES - ZOOM,1
,,COMMODORES - THREE TIMES A LADY,1
,,MASSIVE ATTACK - TEARDROP,1
,,BUDDY GUY - JESUS LOVES THE SINNER,1
,,THE BLIND BOYS OF ALABAMA - JESUS LOVES THE SINNER,1
,,ARRESTED DEVELOPMENT - PEOPLE EVERYDAY,1
,,ANNENMAYKANTEREIT - TOM’S DINER,1
,,ANNENMAYKANTEREIT - 3 TAGE AM MEER,1
,,BILDERBUCH - MASCHIN,1
,,BILDERBUCH - NAHUEL HUAPI,1
,,MOLA UND RESI REINER - WARMES BIER (FEAT. RESI REINER),1
,,BLOND - SB-KASSEN LOVER,1
,,FEINE SAHNE FISCHFILET - WIR KOMMEN IN FRIEDEN,1
,,CITY - CASABLANCA,1
,,WIR SIND HELDEN - DENKMAL,1
,,WIR SIND HELDEN - HALT DICH AN DEINER LIEBE FEST,1
,,ZIMMER90 - FEEL MYSELF,1
,,MADSEN - EIN BISSCHEN LÄRM,1
,,MADSEN - MIT DEM MOPED NACH MADRID,1
,,"DRAFI DEUTSCHER - MARMOR, STEIN UND EISEN BRICHT",1
,,GIANT ROOKS - TOM’S DINER,1
,,CLUESO - CELLO,1
,,CLUESO - NEUANFANG,1
,,CLUESO - PARIS,1
,,10CC - DREADLOCK HOLIDAY,1
,,10CC - ONE-TWO-FIVE,1
,,ASWAD - GIVE A LITTLE LOVE,1
,,ASWAD - ON AND ON,1
,,THE PROCLAIMERS - I'M GONNA BE (500 MILES),1
,,THE PROCLAIMERS - LETTER FROM AMERICA,1
,,WAX - RIGHT BETWEEN THE EYES,1
,,CASSANDRA STEEN; ADEL TAWIL - STADT,1
,,FRANKIE GOES TO HOLLYWOOD - THE POWER OF LOVE,1
,,CELINE DION - A NEW DAY HAS COME,1
,,NITS - IN THE DUTCH MOUNTAINS,1
,,FURY IN THE SLAUGHTERHOUSE - WON'T FORGET THESE DAYS,1
,,RUPERT HOLMES - HIM,1
,,STEPHANIE MILLS - NEVER KNEW LOVE LIKE THIS BEFORE,1
,,SOFT CELL - TAINTED LOVE '91 (SOFT CELL:) TAINTED LOVE,1
,,THE BEATLES - THE LONG AND WINDING ROAD,1
,,THE BEATLES - ALL YOU NEED IS LOVE,1
,,THE BEATLES - MICHELLE,1
,,THE BEATLES - HELLO GOODBYE,1
,,THE BEATLES - TICKET TO RIDE,1
,,THE BEATLES - YESTERDAY,1
,,"THE BEATLES - HELLO, GOODBYE",1
,,JOHN OATES - OUT OF TOUCH,1
,,RINGO STARR - IT DON'T COME EASY,1
,,RINGO STARR - PHOTOGRAPH,1
,,BOURGEOIS TAGG - I DON'T MIND AT ALL,1
,,SPLIFF - DÉJÀ VU,1
,,SPLIFF - JERUSALEM,1
,,NELLY FURTADO - FORÇA,1
,,NELLY FURTADO - I'M LIKE A BIRD,1
,,K.C - GIVE IT UP,1
,,K.C - PLEASE DON'T GO,1
,,THE SUNSHINE BAND - PLEASE DON'T GO,1
,,"THE SUNSHINE BAND - SHAKE, SHAKE, SHAKE - SHAKE YOUR BOOTY",1
,,THE SUNSHINE BAND - THAT'S THE WAY (I LIKE IT),1
,,FARM - ALL TOGETHER NOW (THE ORIGINAL 7INCH MASTER MIX),1
,,RIHANNA - UMBRELLA,1
,,RIHANNA - UNFAITHFUL,1
,,LIMAHL - NEVERENDING STORY,1
,,LIMAHL - TOO SHY,1
,,THE CRUSADERS WITH RANDY CRAWFORD - STREET LIFE,1
,,THE ALAN PARSONS PROJECT - GAMES PEOPLE PLAY,1
,,STEREOPHONICS - DAKOTA,1
,,SOUNDGARDEN - BLACK HOLE SUN,1
,,GARY MOORE - FRIDAY ON MY MIND,1
,,GARY MOORE - EMPTY ROOMS,1
,,MINOGUE - ESPECIALLY FOR YOU,1
,,KYLIE - ESPECIALLY FOR YOU,1
,,BELLAMY BROTHERS - LET YOUR LOVE FLOW,1
,,JOHNNY CLEGG - SCATTERLINGS OF AFRICA,1
,,SAVUKA - SCATTERLINGS OF AFRICA,1
,,"LEE ""DJ CHECCO"" MARROW - SHANGHAI",1
,,WILLIE NELSON - SEVEN SPANISH ANGELS,1
,,WILLIE NELSON - DON'T TELL NOAH,1
,,WILLIE NELSON - ALWAYS ON MY MIND,1
,,WILLIE NELSON - THAT'S LIFE,1
,,WILLIE NELSON - BEER FOR MY HORSES,1
,,RODGAU MONOTONES - ST. TROPEZ AM BAGGERSEE,1
,,RODGAU MONOTONES - DIE HESSE KOMME,1
,,BLÄCK FÖÖSS - FRANKREICH FRANKREICH,1
,,UDO JÜRGENS - ICH WAR NOCH NIEMALS IN NEW YORK,1
,,UDO JÜRGENS - EIN EHRENWERTES HAUS,1
,,UDO JÜRGENS - TAUSEND JAHRE SIND EIN TAG,1
,,THE HILLBILLY MOON EXPLOSION - QUEEN OF HEARTS,1
,,JOSHUA HEDLEY - NEON BLUE,1
,,THE WAR AND TREATY - LOVE LIKE WHISKEY,1
,,LOUIS THOMASS - KIND OF GOLD,1
,,PRISCILLA BLOCK - JUST ABOUT OVER YOU,1
,,SIIRI - INDEPENDENCE,1
,,VINCE GILL - HIGH LONESOME SOUND,1
,,VINCE GILL - AIN'T NOTHING LIKE THE REAL THING,1
,,LAINEY WILSON - GOOD HORSES,1
,,LAINEY WILSON - 4X4XU,1
,,MIRANDA LAMBERT - GOOD HORSES,1
,,MIRANDA LAMBERT - PINK SUNGLASSES,1
,,MIRANDA LAMBERT - LOOKING BACK ON LUCKENBACH,1
,,SUNNY SWEENEY - EASY AS HELLO,1
,,SUNNY SWEENEY - FIND IT WHERE I CAN,1
,,MIDLAND - WICKED GAME,1
,,ANITA HEGERLAND - INNOCENT,1
,,FLYNNVILLE TRAIN - 33 STEPS,1
,,BROTHERS OSBORNE - 21 SUMMER,1
,,BROTHERS OSBORNE - RUM,1
,,CHASE RICE - 50 SHADES OF CRAZY,1
,,CASSADEE POPE - 11,1
,,CASSADEE POPE - GOOD TIMES,1
,,TIM MCGRAW - TRAIN NR. 10,1
,,TIM MCGRAW - 40 DAYS AND 40 NIGHTS (FORTY DAYS AND FORTY NIGHTS),1
,,TIM MCGRAW - 7500 OBO,1
,,TIM MCGRAW - UNDIVIDED,1
,,RICKY SKAGGS - HIGHWAY 40 BLUES,1
,,MORGAN WALLEN - 7 SUMMERS,1
,,MORGAN WALLEN - F150-50,1
,,MORGAN WALLEN - TENNESSEE FAN,1
,,CHRIS JANSON - 21 FOREVER,1
,,SLASH - 21 FOREVER,1
,,JAMEY JOHNSON - A-11,1
,,RONNIE DUNN - A-11,1
,,SARAH JAROSZ - COLUMBUS & 89TH,1
,,"LUKE COMBS - 1, 2 MANY",1
,,LUKE COMBS - BACK IN THE SADDLE,1
,,LUKE COMBS - BACK 40 BACK,1
,,LUKE COMBS - RUNNIN’ DOWN A DREAM,1
,,LUKE COMBS - LOVIN' ON YOU,1
,,"BROOKS - 1, 2 MANY",1
,,BROOKS - THAT AIN'T NO WAY TO GO,1
,,BROOKS - ONLY IN AMERICA,1
,,"DUNN - 1, 2 MANY",1
,,DUNN - THAT AIN'T NO WAY TO GO,1
,,DUNN - ONLY IN AMERICA,1
,,ALAN JACKSON - BEER: 10,1
,,ALAN JACKSON - THE OLDER I GET,1
,,ALAN JACKSON - DRIVE (FOR DADDY GENE),1
,,ALAN JACKSON - CHATTAHOOCHEE,1
,,TOBY KEITH - AMERICAN RIDE,1
,,TOBY KEITH - BEER FOR MY HORSES,1
,,TONY ESPOSITO - KALIMBA DE LUNA,1
,,BOYZONE - FATHER AND SON,1
,,TOM PETTY; HEARTBREAKERS - MARY JANE'S LAST DANCE,1
,,DOOBIE BROTHERS - LISTEN TO THE MUSIC,1
,,DOOBIE BROTHERS - THE DOCTOR,1
,,ANNETTE HUMPE; INGA HUMPE - CARELESS LOVE,1
,,GLENN FREY - YOU BELONG TO THE CITY,1
,,"GLENN FREY - PART OF ME, PART OF YOU",1
,,CALVIN HARRIS - PROMISES,1
,,CHRISTINA AGUILERA - BEAUTIFUL,1
,,SOPHIE ELLIS BEXTOR - MURDER ON THE DANCEFLOOR,1
,,MILKY CHANCE - SAVE YOUR TEARS,1
,,MILKY CHANCE - COLORADO,1
,,"WILL TO POWER - BABY, I LOVE YOUR WAY",1
,,CROSBY - CHIPPIN' AWAY,1
,,CROSBY - SOUTHERN CROSS,1
,,STILLS - CHIPPIN' AWAY,1
,,STILLS - SOUTHERN CROSS,1
,,NASH - CHIPPIN' AWAY,1
,,NASH - SOUTHERN CROSS,1
,,GOLDIE HAWN - A HARD DAY'S NIGHT,1
,,SARAH BRIGHTMAN - A QUESTION OF HONOUR,1
,,PAUL SIMON - ONE-TRICK PONY,1
,,LANA DEL REY - VIDEO GAMES,1
,,LANA DEL REY - SUMMERTIME SADNESS,1
,,JOHNNY NASH - I CAN SEE CLEARLY NOW,1
,,WILLY DEVILLE - STILL,1
,,WILLY DEVILLE - HEY! JOE,1
,,WHAM - CLUB TROPICANA,1
,,KEVIN COSTNER - DOWN IN NOGALES,1
,,KEVIN COSTNER - 90 MILES AN HOUR,1
,,MODERN WEST - DOWN IN NOGALES,1
,,MODERN WEST - 90 MILES AN HOUR,1
,,JIMMIE ALLEN - DOWN HOME,1
,,PATTY LOVELESS - CHAINS,1
,,ERIC CHURCH - BAD MOTHER TRUCKER,1
,,MARTY STUART AND HIS FABULOUS SUPERLATIVES - ALTITUDE,1
,,RILEY GREEN - YOU LOOK LIKE YOU LOVE ME,1
,,ELLA LANGLEY - YOU LOOK LIKE YOU LOVE ME,1
,,RANDY TRAVIS - HONKY TONK MOON,1
,,RANDY TRAVIS - THREE WOODEN CROSSES,1
,,HAYES CARLL - WE'RE ONLY HUMAN,1
,,SWAMP DOGG - UGLY MAN'S WIFE,1
,,KUNGS - MORE MESS,1
,,OLLY MURS - MORE MESS,1
,,COELY - MORE MESS,1
,,STEVE FORBERT - ROMEO'S TUNE (2008),1
,,HARPO - HOROSCOPE,1
,,LEO SAYER - YOU MAKE ME FEEL LIKE DANCING,1
,,COREY HART - THIRD OF JUNE,1
,,SORAYA - SUDDENLY,1
,,MORCHEEBA - IT'S SUMMERTIME,1
,,MORCHEEBA - BLINDFOLD,1
,,MAX MUTZKE - WELT HINTER GLAS,1
,,MAX MUTZKE - CAN'T WAIT UNTIL TONIGHT,1
,,MAX MUTZKE - BITTE LASS DAS LICHT AN,1
,,THE CARTERS - SUMMER,1
,,MARLENA SHAW - CALIFORNIA SOUL,1
,,MARIO BIONDI AND THE HIGH FIVE QUINTET - THIS IS WHAT YOU ARE,1
,,CHI-LITES - I FOUND SUNSHINE,1
,,CHARLES - N.Y.C. (CAN YOU BELIEVE THIS CITY?),1
,,EDDIE - N.Y.C. (CAN YOU BELIEVE THIS CITY?),1
,,OMD (ORCHESTRAL MANOEUVRES IN THE DARK) - DREAMING,1
,,OMD (ORCHESTRAL MANOEUVRES IN THE DARK) - SECRET (SINGLE VERSION),1
,,OMD (ORCHESTRAL MANOEUVRES IN THE DARK) - PANDORA'S BOX,1
,,LEWIS CAPALDI - SURVIVE,1
,,BEVERLEY CRAVEN - PROMISE ME,1
,,LEANN RIMES - CAN'T FIGHT THE MOONLIGHT,1
,,KINGS OF LEON - USE SOMEBODY,1
,,LITTLE NELL - THE TIME WARP,1
,,LADY GAGA - DIE WITH A SMILE,1
,,LOS LOBOS - LA BAMBA,1
,,BON JOVI - (YOU WANT TO) MAKE A MEMORY,1
,,BON JOVI - BORN TO BE MY BABY,1
,,BON JOVI - THE MORE THINGS CHANGE,1
,,BON JOVI - YOU GIVE LOVE A BAD NAME,1
,,BON JOVI - SOMEDAY I'LL BE SATURDAY NIGHT,1
,,THE LUMINEERS - HO HEY,1
,,KRAFTWERK - AUTOBAHN,1
,,KRAFTWERK - NUMMERN,1
,,KRAFTWERK - TOUR DE FRANCE,1
,,KETTCAR - BALU,1
,,BANANAFISHBONES - EASY DAY,1
,,CHRISTIAN BRUHN - FEINDE GREIFEN AN,1
,,DRITTE WAHL - HALT MICH FEST,1
,,VICKY LEANDROS - ICH LIEBE DAS LEBEN,1
,,STOPPOK - JEDE STUNDE,1
,,STOPPOK - DAS MODEL,1
,,KRAFTKLUB - KARL-MARX-STADT,1
,,FAIRGROUND ATTRACTION - WALKING AFTER MIDNIGHT,1
,,GARCIA - VAMONOS (HEY CHICO ARE YOU READY),1
,,RACHEL O'DONNELL - RUNAWAY,1
,,US3 - CANTALOOP,1
,,NIRVANA - THE MAN WHO SOLD THE WORLD,1
,,NIRVANA - HEART-SHAPED BOX,1
,,JOHANNES OERDING - SOMMER IN SCHWEDEN,1
,,THE CRANBERRIES - LINGER,1
,,THE CRANBERRIES - ODE TO MY FAMILY,1
,,THE CRANBERRIES - DREAMS,1
,,CAMEO - WORD UP,1
,,MICHAEL BOLTON - A LOVE SO BEAUTIFUL,1
,,MICHAEL BOLTON - SOUL OF MY SOUL,1
,,JETHRO TULL - AQUALUNG,1
,,JONAS BROTHERS - I CAN'T LOSE,1
,,JONAS BROTHERS - ONLY HUMAN,1
,,FLORIDA GEORGIA LINE - SUN DAZE,1
,,FLORIDA GEORGIA LINE - STAY,1
,,O'BRYANT - YOU ARE MY SUNSHINE,1
,,DEAN BRODY - SOGGY BOTTOM SUMMER,1
,,ALAN DOYLE - SOGGY BOTTOM SUMMER,1
,,DIERKS BENTLEY - SOUNDS OF SUMMER,1
,,DIERKS BENTLEY - 5-1-5-0,1
,,DIERKS BENTLEY - GOLD,1
,,DIERKS BENTLEY - EVERY MILE A MEMORY,1
,,BEYONCÉ - JOLENE,1
,,BEYONCÉ - FEVER,1
,,FRANK TURNER - DO ONE,1
,,ARTHUR BAKER - THE MESSAGE IS LOVE,1
,,JOVANOTTI - BELLA,1
,,FETTES BROT - THE GROSSER,1
,,FETTES BROT - JEIN,1
,,FETTES BROT - EMANUELA,1
,,FETTES BROT - NORDISCH BY NATURE (TEIL 1),1
,,CULK - OVERLOAD,1
,,SINA - DÄR PAPA ISCH ÄS CHORBI GSI,1
,,SINA - DÄR SOHN VOM PFARRÄR,1
,,GIGI MOTO - DÄR PAPA ISCH ÄS CHORBI GSI,1
,,SACHA OBERNHOLZER - DÄR PAPA ISCH ÄS CHORBI GSI,1
,,CAPITAL BRA - CHERRY LADY,1
,,CINDY - DER HUND VON BASKERVILLE,1
,,BERT - DER HUND VON BASKERVILLE,1
,,SEÑOR COCONUT Y SU CONJUNTO - THE ROBOTS,1
,,CRUCCHI GANG MIT FRANCESCO WILKING - IL MIO BUNGALOW,1
,,MR. ED JUMPS THE GUN - DON'T HA HA!,1
,,REBA - SHE'S TURNING 50 TODAY,1
,,DAVID KNOPFLER - 4 U (4U) (RABBIT SONG),1
,,LUKE BRYAN - ONE MARGARITA,1
,,KRIS KRISTOFFERSON - THE PILGRIM CHAPTER 33,1
,,THE BYRDS - TURN! TURN! TURN!,1
,,THE BYRDS - TURN! TURN! TURN! (TO EVERYTHING THERE IS A SEASON),1
,,MUSE - KNIGHTS OF CYDONIA,1
,,MUSE - FEELING GOOD,1
,,MUSE - UNRAVELLING,1
,,MUSE - UPRISING,1
,,JOE BONAMASSA - DRIVING TOWARDS THE DAYLIGHT,1
,,JOE BONAMASSA - I'D RATHER GO BLIND,1
,,SMASH MOUTH - WALKIN' ON THE SUN,1
,,DARYL HALL; JOHN OATES - KISS ON MY LIST,1
,,MATHOU - YOU NEVER WALK ALONE (TITELSONG),1
,,KAREL GOTT - ROT UND SCHWARZ,1
,,BÜRGER LARS DIETRICH - SEXY EIS,1
,,GARISH - JUNGE RÖMER,1
,,2RAUMWOHNUNG - BEI DIR BIN ICH SCHÖN,1
,,"THE HUNTERS - FUCHS, GEH' VORAN",1
,,CLAUDIA KORECK - IMMER WIEDER GEHT DIE SONNE AUF,1
,,AZE - MORE THAN THIS,1
,,TOM GREGORY - FINGERTIPS,1
,,PAUL MCCARTNEY; WINGS - WITH A LITTLE LUCK,1
,,KINKS - DANDY,1
,,KINKS - DON'T FORGET TO DANCE,1
,,KINKS - SUNNY AFTERNOON,1
,,BONNIE BIANCO - STAY,1
,,PIERRE COSSO - STAY,1
,,THREE DEGREES - WHEN WILL I SEE YOU AGAIN,1
,,MICHAEL LEARNS TO ROCK - WILD WOMEN,1
,,HUES CORPORATION - ROCK THE BOAT,1
,,MELANIE - RUBY TUESDAY,1
,,C. C. CATCH - I CAN LOSE MY HEART TONIGHT,1
,,COOPER - I'M EIGHTEEN,1
,,ALICE - I'M EIGHTEEN,1
,,ALICE - PER ELISA,1
,,BLUE SYSTEM - UNDER MY SKIN,1
,,"CHIC - DANCE, DANCE, DANCE (YOWSAH, YOWSAH, YOWSAH)",1
,,CHIC - SOUP FOR ONE,1
,,P!NK - TRUSTFALL,1
,,ALEXANDRA STAN - MR. SAXOBEAT,1
,,FISCHER-Z - MARLIESE,1
,,MICHAEL JACKSON; PAUL MCCARTNEY - THE GIRL IS MINE,1
,,HARRY CHAPIN - CATS IN THE CRADLE,1
,,ALICIA KEYS - GIRL ON FIRE,1
,,ALICIA KEYS - EMPIRE STATE OF MIND,1
,,"ISRAEL ""IZ"" KAMAKAWIWO'OLE - SOMEWHERE OVER THE RAINBOW / WHAT A WONDERFUL WORLD",1
,,THE MOODY BLUES - THE VOICE,1
,,JOSHUA KADISON - PAINTED DESERT SERENADE,1
,,JOSHUA KADISON - BEAUTIFUL IN MY EYES,1
,,TIMMY T - ONE MORE TRY,1
,,RAY DALTON - IN MY BONES,1
,,GLORIA ESTEFAN - CONGA,1
,,NICK STRAKER - A WALK IN THE PARK,1
,,SARAH CONNOR - BEDINGUNGSLOS,1
,,SARAH CONNOR - BYE BYE,1
,,SOULTANS - CAN'T TAKE MY HANDS OFF YOU,1
,,C.C. CATCH - BACK SEAT OF YOUR CADILLAC,1
,,PICTURE THIS - LET'S TRY LOVE,1
,,PICTURE THIS - FAMILY OUT OF FRIENDS,1
,,PICTURE THIS - GO GENTLY,1
,,PICTURE THIS - A THOUSAND TIMES,1
,,BOB GELDOF - THE GREAT SONG OF INDIFFERENCE,1
,,SALT'N PEPA - WHATTA MAN,1
,,HAPE KERKELING - X-MAS RAP,1
,,C + C MUSIC FACTORY - GONNA MAKE YOU SWEAT (EVERYBODY DANCE NOW),1
,,KIKI DEE - DON'T GO BREAKING MY HEART,1
,,TOM COCHRANE - LIFE IS A HIGHWAY,1
,,HEAVEN 17 - TROUBLE,1
,,MIRKO SANTOCONO - FEIERN LEBEN FEIERN,1
,,CHRIS BROWN - UMBRELLA,1
,,JAY-Z - UMBRELLA,1
,,JAY-Z - EMPIRE STATE OF MIND,1
,,SWEDISH HOUSE MAFIA - DON'T YOU WORRY CHILD,1
,,THE OFFSPRING - PRETTY FLY (FOR A WHITE GUY),1
,,THE OFFSPRING - STARING AT THE SUN,1
,,FRL. MENKE - TRETBOOT IN SEENOT,1
,,ORCHESTER JAMES LAST - BISCAYA,1
,,DAS LUMPENPACK - FORD FIESTA,1
,,DAS LUMPENPACK - 7 VON 10,1
,,UNITED BALLS - POGO IN TOGO,1
,,ADRIANO CELENTANO - TOSCANA FANBOYS,1
,,EROBIQUE - URLAUB IN ITALIEN,1
,,DESIREE KLAEUKENS - GROSSE PAUSE,1
,,DIE KLEINE CORNELIA - PACK' DIE BADEHOSE EIN,1
,,DENDEMANN - ENDLICH NICHTSCHWIMMER,1
,,SPACE - MAGIC FLY,1
,,SPACE - MAGIC FLY (INSTR.),1
,,BOB SINCLAR PRESENTS GOLEO - LOVE GENERATION,1
,,"GARY ""NESTA"" PINE - LOVE GENERATION",1
,,FLASTER - GOLDGELBE FELDER,1
,,PRETENDERS - I'LL STAND BY YOU,1
,,PRETENDERS - BACK ON THE CHAIN GANG,1
,,ALIZEE - MOI... LOLITA,1
,,LOU REED - WALK ON THE WILD SIDE,1
,,SISTER SLEDGE - FRANKIE,1
,,COMMON LINNETS - JOLENE,1
,,STEFANIE HEINZMANN - GOOD - RADIO EDIT,1
,,SWISS - PUNK IST TOT,1
,,DIE ANDERN - PUNK IST TOT,1
,,DONOTS - STOP THE CLOCKS,1
,,DONOTS - DO ONE,1
,,YELLO - CALL IT LOVE,1
,,YELLO - VICIOUS GAMES,1
,,LINKIN PARK - THE EMPTINESS MACHINE,1
,,LINKIN PARK - ONE STEP CLOSER,1
,,LINKIN PARK - HEAVY,1
,,FAT LARRY'S BAND - ZOOM,1
,,LOUIS ARMSTRONG - ZIP-A-DEE-DOO-DAH,1
,,USHER - YEAH!,1
,,GRACE JONES - VICTOR SHOULD HAVE BEEN A JAZZ MUSICIAN,1
,,GLORIA JONES - TAINTED LOVE,1
,,GREGORY PORTER - SMILE,1
,,MAC BAND - ROSES ARE RED,1
,,GABRIELS - LOVE AND HATE IN A DIFFERENT TIME,1
,,TONY CAREY - ROOM WITH A VIEW (TITELMELODIE),1
,,B*WITCHED - BLAME IT ON THE WEATHERMAN,1
,,ALESSIA CARA - SCARS TO YOUR BEAUTIFUL,1
,,SIX WAS NINE - DROP DEAD BEAUTIFUL,1
,,ELAIZA - IS IT RIGHT,1
,,ADIEMUS - ADIEMUS,1
,,MCFADDEN - AIN'T NO STOPPIN' US NOW,1
,,WHITEHEAD - AIN'T NO STOPPIN' US NOW,1
,,GEORGE BENSON - LOVE X LOVE,1
,,GEORGE BENSON - THE GHETTO,1
,,GEORGE BENSON - GIVE ME THE NIGHT,1
,,HOWARD CARPENDALE - HELLO AGAIN,1
,,NU SHOOZ - I CAN'T WAIT,1
,,MAX GIESINGER - LEGENDEN,1
,,BAD RELIGION - GENERATOR,1
,,BAD RELIGION - PUNK ROCK SONG,1
,,BAD RELIGION - 21ST CENTURY (DIGITAL BOY),1
,,ARMY OF LOVERS - CRUCIFIED,1
,,GOOMBAY DANCE BAND - SUN OF JAMAICA,1
,,GOOMBAY DANCE BAND - SEVEN TEARS,1
,,CRACKERS - KLASSENFAHRT ZUM TITISEE,1
,,JAMES BROWN - HOW DO YOU STOP,1
,,JAMES BROWN - I GOT YOU (I FEEL GOOD),1
,,ORCHESTRAL MANOEUVRES IN THE DARK ( OMD ) - CALL MY NAME,1
,,GRETA VAN FLEET - WHEN THE CURTAIN FALLS,1
,,GRETA VAN FLEET - HIGHWAY TUNE,1
,,HIM - RIGHT HERE IN MY ARMS,1
,,PIXIES - QUE SERA SERA,1
,,KALEO - NO GOOD,1
,,"STATUS QUO WITH THE THE BEACH BOYS - FUN, FUN, FUN",1
,,CHRIS CORNELL - NOTHING COMPARES 2 U,1
,,WIZO - ALL THAT SHE WANTS,1
,,WIZO - QUADRAT IM KREIS,1
,,WIZO - 9247,1
,,H-BLOCKX - CELEBRATE YOUTH,1
,,H-BLOCKX - THE POWER,1
,,TERRY HOAX - POLICY OF TRUTH,1
,,PARAMORE - BURNING DOWN THE HOUSE,1
,,KILLSWITCH ENGAGE - HOLY DIVER,1
,,BLIND GUARDIAN - TITELFOLGE,1
,,UDO DIRKSCHNEIDER - WE WILL ROCK YOU,1
,,KROKUS - AMERICAN WOMAN,1
,,JESSE - HUMAN,1
,,JOY - HUMAN,1
,,"KC - SHAKE, SHAKE, SHAKE - SHAKE YOUR BOOTY",1
,,KC - THAT'S THE WAY (I LIKE IT),1
,,"THEM - IT'S ALL OVER NOW, BABY BLUE",1
,,SCHWOISSFUASS - OINR ISCH EMMR DR ARSCH,1
,,JOE DOLCE MUSIC THEATRE - SHADDAP YOU FACE,1
,,APACHE 207 - NEUNZIG,1
,,APACHE 207 - MANN MUSS,1
,,THE ALL STAR BLUES BAND - JAILHOUSE ROCK,1
,,QUATRO - STUMBLIN' IN,1
,,SUZI - STUMBLIN' IN,1
,,BYRDS - MR. TAMBOURINE MAN,1
,,BYRDS - TURN! TURN! TURN! (TO EVERYTHING THERE IS A SEASON),1
,,BYRDS - YOU AIN'T GOIN' NOWHERE,1
,,JETT - I LOVE ROCK'N'ROLL,1
,,JOAN - I LOVE ROCK'N'ROLL,1
,,INGA HUMPE - EIN HERZ KANN MAN NICHT REPARIEREN,1
,,PUR - LENA,1
,,PUR - EIN GRAUES HAAR,1
,,IAN HOOPER - 2AM ROCKSTARS,1
,,MIGHTY OAKS - TELL ME WHAT YOU'RE THINKING,1
,,JIGSAW - SKY HIGH,1
,,ROBERT PLANT - 29 PALMS,1
,,JACKIE GREENE - I WILL NEVER LET YOU GO,1
,,JOHN MORGAN - CRICKETS,1
,,JERRY REED - EAST BOUND AND DOWN,1
,,MINDY MCCREADY - YOU'LL NEVER KNOW,1
,,OLD DOMINION - BREAK UP WITH HIM,1
,,JOHNNY CASH - FOLSOM PRISON BLUES,1
,,JOHNNY CASH - WANTED MAN,1
,,JOHNNY CASH - JOHNNY 99,1
,,JOHNNY CASH - I WON'T BACK DOWN,1
,,THE TENNESSEE TWO - FOLSOM PRISON BLUES,1
,,WHITEY MORGAN AND THE 78'S - ME AND THE WHISKEY,1
,,MARGO PRICE - DON'T WAKE ME UP,1
,,JESSE WELLES - DON'T WAKE ME UP,1
,,BAILEY ZIMMERMAN - WHERE IT ENDS,1
,,BAILEY ZIMMERMAN - COMIN' IN COLD,1
,,OLI P - FLUGZEUGE IM BAUCH,1
,,DIE ALPINKATZEN - HEAST AS NIT,1
,,STILTSKIN - INSIDE,1
,,ENIGMA - SADNESS (PART 1),1
,,SANDMAN - HOLIDAY,1
,,PURPLE SCHULZ - BIS ANS ENDE DER WELT,1
,,PURPLE SCHULZ - ÜBER 30,1
,,NOFX - CHAMPS ELYSEES,1
,,ROBIN BECK - THE FIRST TIME,1
,,UPTOWN HORNS - SMALLTOWN BOY,1
,,THE BOSSHOSS - JOLENE,1
,,THE BOSSHOSS - I'LL BE BACK,1
,,THE COMMON LINNETS - JOLENE,1
,,THE KELLY FAMILY - AN ANGEL,1
,,THE KELLY FAMILY - ONE MORE SONG,1
,,DIE PRINZEN - MILLIONÄR,1
,,DIE PRINZEN - GABI UND KLAUS,1
,,PULP - COMMON PEOPLE,1
,,DR. ALBAN - IT'S MY LIFE,1
,,TOTO CUTUGNO - L'ITALIANO,1
,,WILLIAM PITT - CITY LIGHTS,1
,,ROBIN SCHULZ - HEADLIGHTS,1
,,ROBIN SCHULZ - PRAYER IN C,1
,,DIE FIRMA - DIE EINE 2005,1
,,MAJAN - 99 SORGEN,1
,,ANAÏS - 99 SORGEN,1
,,ENDZONE - 99 SORGEN,1
,,"SPORTFREUNDE STILLER - '54, '74, '90, 2010",1
,,"SPORTFREUNDE STILLER - NEW YORK, RIO, ROSENHEIM",1
,,"SPORTFREUNDE STILLER - APPLAUS, APPLAUS",1
,,ELEMENT OF CRIME - VIER STUNDEN VOR ELBE 1,1
,,ELEMENT OF CRIME - SHE BRINGS THE RAIN,1
,,"BELA B - 1. 2. 3. ... (ERSTENS, ZWEITENS, DRITTENS ...)",1
,,DANGER DAN - EINE GUTE NACHRICHT,1
,,DANGER DAN - ICH VERPRÜGELTE DIE SEXTOURISTEN IN BANGKOK,1
,,N. N - SABAPHON TK 125,1
,,EAV - 300 PS (... AUTO),1
,,ROSE ROYCE - WISHING ON A STAR,1
,,"THE ISLEY BROTHERS - SUMMER BREEZE, PART 1",1
,,JAZZANOVA - SUMMER KEEPS ON PASSING ME BY,1
,,BEN WESTBEECH - SUMMER KEEPS ON PASSING ME BY,1
,,RAY CHARLES - YOU ARE MY SUNSHINE,1
,,RAY CHARLES - WHAT'D I SAY (PART 1),1
,,RAY CHARLES - ELEANOR RIGBY,1
,,MARGIE HENDRIX - YOU ARE MY SUNSHINE,1
,,THE TEMPTATIONS - PAPA WAS A ROLLIN' STONE (PAPA WAS A ROLLING STONE),1
,,MOFRO - LOCHLOOSA,1
,,NICOLE MCCLOUD - NEW YORK EYES,1
,,DEMI LOVATO - ÉCHAME LA CULPA,1
,,THE STROKES - 12:51 (TWELVE FIFTY ONE),1
,,THE GASLIGHT ANTHEM - 45,1
,,THE GASLIGHT ANTHEM - THE '59 SOUND,1
,,RORY GALLAGHER - A MILLION MILES AWAY,1
,,KYLIE MINOGUE; ROB DAVIS - CAN'T GET YOU OUT OF MY HEAD,1
,,THE COMMITMENTS - MUSTANG SALLY,1
,,THE SCORPIONS - WHITE DOVE,1
,,THE EAGLES - TAKE IT EASY,1
,,HOLLIES - THE AIR THAT I BREATHE,1
,,FOX THE FOX - PRECIOUS LITTLE DIAMOND,1
,,MIKE OLDFIELD; ANITA HEGERLAND - INNOCENT,1
,,CHIIARA - BAD BOYS,1
,,PATTI SMITH GROUP - BECAUSE THE NIGHT,1
,,K2 - DER BERG RUFT,1
,,HULK HOGAN - REAL AMERCIAN,1
,,BAY CITY ROLLERS - IT'S A GAME,1
,,GALA - FREED FROM DESIRE,1
,,KRAVITZ - LOW,1
,,LENNY - LOW,1
,,BLACK SABBATH - NEVER SAY DIE,1
,,ODYSSEY - GOING BACK TO MY ROOTS,1
,,ODYSSEY - NATIVE NEW YORKER,1
,,HOLLYWOOD BEYOND - WHAT'S THE COLOUR OF MONEY?,1
,,GRATEFUL DEAD - TOUCH OF GREY,1
,,JEAN-JACQUES GOLDMAN - COMME TOI,1
,,MARSHALL HAIN - DANCING IN THE CITY,1
,,ROBERT MILES - ONE & ONE,1
,,THE DEAD DAISIES - FORTUNATE SON,1
,,GUN - WORD UP,1
,,FALL OUT BOY - WE DIDN'T START THE FIRE,1
,,KORN - ANOTHER BRICK IN THE WALL,1
,,AVRIL LAVIGNE - BAD REPUTATION,1
,,PLACEBO - SHOUT,1
,,BADFINGER - COME AND GET IT,1
,,BRUCE WILLIS - UNDER THE BOARDWALK,1
,,ANNE CLARK - OUR DARKNESS,1
,,GIBSON BROTHERS - QUE SERA MI VIDA,1
,,LIL NAS X - THATS WHAT I WANT,1
,,THE MANHATTAN TRANSFER - SOUL FOOD TO GO,1
,,PORTISHEAD - GLORY BOX,1
,,BONE THUGS-N-HARMONY - THA CROSSROADS,1
,,FATS DOMINO - LADY MADONNA,1
,,ANN NESBY - I'M GETTING READY,1
,,CYMANDE - BROTHERS ON THE SLIDE,1
,,QUINCY JONES - THE SECRET GARDEN (SWEET SEDUCTION SUITE),1
,,HÖHNER - VIVA COLONIA,1
,,GROVER WASHINGTON JR - JUST THE TWO OF US,1
,,BONNIE RAITT - NICK OF TIME,1
,,KAMAKAWIWO'OLE - SOMEWHERE OVER THE RAINBOW,1
,,ISRAEL - SOMEWHERE OVER THE RAINBOW,1
,,GÄNSEHAUT - KARL DER KÄFER,1
,,RONNIE JAMES DIO - HOLY DIVER,1
,,MONTY PYTHON - ALWAYS LOOK ON THE BRIGHT SIDE OF LIFE,1
,,ALAN WALKER - FADED,1
,,DAFT PUNK - AROUND THE WORLD,1
,,MARIA MCKEE - SHOW ME HEAVEN,1
,,TRAVIS - WHY DOES IT ALWAYS RAIN ON ME,1
,,JEANETTE - PORQUÉ TE VAS,1
,,CARO TRISCHLER - NUVENS DE ACU´CAR,1
,,JACKSON BROWNE - STAY,1
,,JA RULE - AIN'T IT FUNNY,1
,,ALFA - A ME MI PIACE,1
,,THE RED HOT CHILI PEPPERS - ROAD TRIPPIN',1
,,THE WHO - SUMMERTIME BLUES,1
,,THE WHO - BEHIND BLUE EYES,1
,,THE SOUNDS - LIVING IN AMERICA,1
,,VIOLENT FEMMES - BLISTER IN THE SUN,1
,,CANNED HEAT - ON THE ROAD AGAIN,1
,,BLINK 182 - CALIFORNIA,1
,,PHANTOM PLANET - CALIFORNIA,1
,,THE ALLMAN BROTHERS BAND - MIDNIGHT RIDER,1
,,RUNRIG - LOCH LOMOND (LIVE),1
,,BENSON BOONE - MR. ELECTRIC BLUE,1
,,BENSON BOONE - BEAUTIFUL THINGS,1
,,ROCKWELL - SOMEBODY'S WATCHING ME,1
,,JAMIROQUAI - VIRTUAL INSANITY,1
,,EDWIN BIRDSONG - COLA BOTTLE BABY,1
,,DE LA SOUL - ME MYSELF AND I,1
,,EDWIN STARR - WAR,1
,,ERYKAH BADU - DIDN'T CHA KNOW,1
,,LEON BRIDGES - TEXAS SUN,1
,,WARREN G - REGULATE,1
,,NATE DOGG - REGULATE,1
,,YOUNG GUN SILVER FOX - YOU CAN FEEL IT,1
,,GINUWINE - PONY,1
,,LIGHTNING SEEDS - THREE LIONS,1
,,SUGARLAND - ALREADY GONE,1
,,SUGARLAND - TENNESSEE,1
,,SARA EVANS - A REAL FINE PLACE TO START,1
,,SARA EVANS - SUDS IN THE BUCKET,1
,,RICK TREVIÑO - I WANT A GIRL IN A PICK-UP TRUCK,1
,,CHARLY MCCLAIN - WHO'S CHEATIN' WHO,1
,,CARLY PEARCE - I HOPE YOU'RE HAPPY NOW,1
,,LEE BRICE - I HOPE YOU'RE HAPPY NOW,1
,,PEZ - NEVER SEEN TENNESSEE,1
,,DEANA CARTER - WE DANCED ANYWAY,1
,,BLACKBERRY SMOKE - ONE HORSE TOWN,1
,,RANDALL KING - TAKIN' ME A HEARTBREAK,1
,,CARRIE UNDERWOOD - BEFORE HE CHEATS,1
,,CARRIE UNDERWOOD - I AIN'T IN CHECOTAH ANYMORE,1
,,OFENBACH VS. NICK WATERHOUSE - KATCHI,1
,,TRANS-X - LIVING ON VIDEO,1
,,"TRIO - DA DA DA, ICH LIEB' DICH NICHT, DU LIEBST MICH NICHT, AHA AHA AHA",1
,,TRIO - ICH LIEB' DEN ROCK'N'ROLL,1
,,TRIO - TUTTI FRUTTI,1
,,BRANDON LAKE - HARD FOUGHT HALLELUJAH,1
,,CHARLES ESTEN - SANCTUARY,1
,,LENNON - SANCTUARY,1
,,MAISY - SANCTUARY,1
,,BILLY JOE SHAVER - WINNING AGAIN,1
,,EMILY ANN ROBERTS - SCRATCHING OUT A LIVING,1
,,GREYLAN JAMES - WATER AT A WEDDING,1
,,POETS OF THE FALL - CARNIVAL OF RUST,1
,,LAURA COX - TROUBLE COMING,1
,,LITA FORD - KISS ME DEADLY,1
,,GOJIRA - STRANDED,1
,,WITHIN TEMPTATION - WIRELESS,1
,,RAINBIRDS - BLUEPRINT (SINGLE VERSION),1
,,FRIDA - I KNOW THERE'S SOMETHING GOING ON,1
,,AMANDA MARSHALL - LET IT RAIN,1
,,TON STEINE SCHERBEN - HALT DICH AN DEINER LIEBE FEST,1
,,PRINCE; THE REVOLUTION - PURPLE RAIN,1
,,MARK RONSON; MILEY CYRUS - NOTHING BREAKS LIKE A HEART,1
,,MOODY BLUES - NIGHTS IN WHITE SATIN,1
,,DAVID BYRNE - EVERYBODY LAUGHS,1
,,RICK SPRINGFIELD - JESSIE'S GIRL,1
,,CHARLIE DORE - PILOT OF THE AIRWAVES,1
,,"POLARKREIS 18 - ALLEIN, ALLEIN",1
,,DER WOLF - GIBT'S DOCH GAR NICHT,1
,,CHAKA KHAN - AIN'T NOBODY,1
,,CAVE - WHERE THE WILD ROSES GROW,1
,,NICK - WHERE THE WILD ROSES GROW,1
,,ROB THOMAS - SMOOTH,1
,,JULIEN CLERC - FAIS-MOI UNE PLACE,1
,,ADAM ANT - GOODY TWO SHOES,1
,,WEEKND - BLINDING LIGHTS,1
,,DRAKE REKLAWS - HONKY TONKIN' ABOUT,1
,,MILLIGAN - HONKY TONKIN' ABOUT,1
,,MCBRYDE - WHEN WILL I BE LOVED,1
,,ASHLEY - WHEN WILL I BE LOVED,1
,,CLARK - WHEN WILL I BE LOVED,1
,,BRANDY - WHEN WILL I BE LOVED,1
,,HAMMACK - WHEN WILL I BE LOVED,1
,,CAYLEE - WHEN WILL I BE LOVED,1
,,STEVE 'N' SEAGULLS - YOU SHOOK ME ALL NIGHT LONG,1
,,LINDA DAVIS - I WANNA REMEMBER THIS,1
,,LITTLE BIG TOWN - ROCKET MAN,1
,,LITTLE BIG TOWN - SUMMER FEVER,1
,,"DARIUS RUCKER - YOU, ME AND MY GUITAR",1
,,JUDDS - DON'T BE CRUEL,1
,,ARNOLD SCHWARZENEGGER - I'LL BE BACK,1
,,TAL BACHMAN - SHE'S SO HIGH,1
,,THE O'JAYS - I LOVE MUSIC,1
,,FITZ AND THE TANTRUMS - WASTE MY TIME,1
,,AL GREEN - LET'S STAY TOGETHER,1
,,AL GREEN - EVERYBODY HURTS,1
,,AMBER MARK - MIXER,1
,,KEB' MO' - MORE THAN ONE WAY HOME,1
,,KEB' MO' - OKLAHOMA,1
,,LOYLE CARNER - DAMSELFLY,1
,,TOM MISCH - DAMSELFLY,1
,,HUBERT VON GOISERN UND DIE ALPINKATZEN - GOISERN,1
,,GIPSY KINGS - HOTEL CALIFORNIA,1
,,GIPSY KINGS - BAILA ME,1
,,THE MYSTERIOUS ART - DAS OMEN 1,1
,,THE MYSTERIOUS ART - DAS OMEN (TEIL 1),1
,,NINO DE ANGELO - JENSEITS VON EDEN,1
,,WAS NOT WAS - WALK THE DINOSAUR,1
,,DE BLÄCK FÖÖSS - MÄNNER,1
,,NORMAN GREENBAUM - SPIRIT IN THE SKY,1
,,GILBERT - BOTTOMS UP,1
,,BRANTLEY - BOTTOMS UP,1
,,TRISHA YEARWOOD - XXX'S AND OOO'S (AN AMERICAN GIRL),1
,,MARTINA MCBRIDE - VALENTINE,1
,,RYAN AND RORY - THEM BOOTS,1
,,"RACHEL WAMMACK - QUICK, FAST, IN A HURRY",1
,,KELSEA BALLERINI - PETER PAN,1
,,THE SISTERS OF MERCY - THIS CORROSION,1
,,THE SISTERS OF MERCY - TEMPLE OF LOVE,1
,,KEITH MARSHALL - ONLY CRYING,1
,,WISE GUYS - OHRWURM,1
,,NSYNC - TEARING UP MY HEART,1
,,BLOW MONKEYS - IT DOESN'T HAVE TO BE THIS WAY,1
,,LOCASH - BEACH BOYS,1
,,BEACH BOYS - HOOK: BEACH BOYS - I GET AROUND,1
,,BEACH BOYS - KOKOMO,1
,,JAKE OWEN - BEACHIN',1
,,DAVID NAIL - HOTEL KEYS,1
,,DAVE BARNES - HOTEL KEYS,1
,,SAMMY KERSHAW - HONKY TONK AMERICA,1
,,DANIELLE BRADBERY - ENDLESS SUMMER,1
,,THE HIGHWAYMEN - CITY OF NEW ORLEANS,1
,,AARON WATSON - SUMMERTIME,1
,,KIMBERLY KELLY - SUMMERS LIKE THAT,1
,,WELSHLY ARMS - LEGENDARY,1
,,EMERSON - LUCKY MAN,1
,,LAKE - LUCKY MAN,1
,,PALMER - LUCKY MAN,1
,,BILLY PAUL - YOUR SONG,1
,,ANTJE SCHOMAKER - NIE NACH PARIS,1
,,ERSTE ALLGEMEINE VERUNSICHERUNG  (EAV) - AN DER COPACABANA,1
,,ACHIM REICHEL - ALOHA HEJA HE,1
,,THEES UHLMANN - & JAY-Z SINGT UNS EIN LIED,1
,,THEES UHLMANN - LAT: 53.7 LON: 9.11667,1
,,THEES UHLMANN - XOXO,1
,,KIZ - DIE SENNERIN VOM KÖNIGSSEE,1
,,BOSSE - FRANKFURT ODER,1
,,LILLY WOOD - PRAYER IN C,1
,,THE PRICK AND ROBIN SCHULZ - PRAYER IN C,1
,,STEFAN RAAB - BITTE LASS DAS LICHT AN,1
,,WHEATUS - TEENAGE DIRTBAG,1
,,DAUGHTRY - THE BOTTOM,1
,,DAUGHTRY - SEPARATE WAYS (WORLDS APART),1
,,HELEN SCHNEIDER - ROCK'N'ROLL GYPSY (ROCK'N'ROLL OUTLAW),1
,,THE BLACK KEYS - LO / HI,1
,,RICHIE SAMBORA - MADE IN AMERICA,1
,,ASH - GIRL FROM MARS,1
,,THE HONEYDRIPPERS - SEA OF LOVE,1
,,STEEL PULSE - BROWN EYED GIRL,1
,,INA MÜLLER - HIGH,1
,,PERCY SLEDGE - WHEN A MAN LOVES A WOMAN,1
,,KYGO - HIGHER LOVE,1
,,SILLY - BATAILLON D' AMOUR,1
,,EROC - WOLKENREISE,1
,,DEBBIE HARRY - FRENCH KISSIN' IN THE USA,1
,,CARMEL - NAPOLI,1
,,RAINHARD FENDRICH - STRADA DEL SOLE,1
,,RAINHARD FENDRICH - WEUS D'A HERZ HAST WIA A BERGWERK,1
,,LUCIO DALLA - WASHINGTON,1
,,NEW KIDS ON THE BLOCK - STEP BY STEP,1
,,NEW KIDS ON THE BLOCK - TONIGHT,1
,,FIRE WITH THE EMOTIONS - BOOGIE WONDERLAND,1
,,RIGHEIRA - VAMOS A LA PLAYA,1
,,RUSS BALLARD - THE FIRE STILL BURNS,1
,,GEORGE THOROGOOD - BAD TO THE BONE,1
,,THE DESTROYERS - BAD TO THE BONE,1
,,JOHN LEGEND - ALL OF ME,1
,,JOHN LEGEND - ALL OF ME (RADIO EDIT),1
,,DANNY VERA - ROLLER COASTER,1
,,HEINZ RÜHMANN - LA-LE-LU,1
,,JAM - KALEIDOSCOPE SKIES,1
,,SPOON - KALEIDOSCOPE SKIES,1
,,WANDA - JEDER KANN ES SEIN,1
,,WANDA - BOLOGNA,1
,,"WANDA - 1, 2, 3, 4",1
,,"MATHEA - FUNKE, FLÄCHENBRAND",1
,,MATHEA - 2X,1
,,WOLFGANG AMBROS - ES LEBE DER ZENTRALFRIEDHOF,1
,,DEICHKIND - DINGE,1
,,JISKA - COCOON,1
,,"VIKTOR LAZLO - SWEET, SOFT N' LAZY",1
,,ETTA JAMES - I'D RATHER GO BLIND,1
,,ETTA JAMES - TAKE IT TO THE LIMIT,1
,,NELLY - HOT IN HERRE (HOT IN HERE),1
,,JAMIE FOXX - GRANDMA’S HANDS,1
,,JON BATISTE - FREEDOM,1
,,HOT 8 BRASS BAND - FREEDOM,1
,,LIONEL RICHIE WITH SHANIA TWAIN - ENDLESS LOVE,1
,,RAY CHARLES WITH LEELA JAMES - COMPARED TO WHAT,1
,,AFTER THE FIRE - 1980-F,1
,,PAUL HARDCASTLE - 19 (NINETEEN),1
,,RHEINGOLD - DREIKLANGSDIMENSIONEN,1
,,MODJO - LADY (HEAR ME TONIGHT),1
,,GUNS N' ROSES - ONE IN A MILLION,1
,,JENNY THIELE - NEHMT MICH MIT,1
,,INDUCTION - QUEEN OF LIGHT,1
,,OFRA HAZA - TEMPLE OF LOVE,1
,,WOLFMOTHER - WOMAN,1
,,MEGADETH - HANGAR 18,1
,,THE SMASHING PUMPKINS - 1979,1
,,SHINEDOWN - SECOND CHANCE,1
,,SHINEDOWN - KILLING FIELDS,1
,,MANOWAR - NUMBER 1,1
,,JEFF BECK - PATIENT NUMBER 9,1
,,THE CATCH - 25 YEARS,1
,,WASHINGTON JR - JUST THE TWO OF US,1
,,GROVER - JUST THE TWO OF US,1
,,THE FAMILY - NOTHING COMPARES 2 U,1
,,STARS ON 45 - STARS ON 45,1
,,CURTIS MAYFIELD - MOVE ON UP,1
,,SHOLA AMA - YOU MIGHT NEED SOMEBODY,1
,,"ULRICH ZEHFUSS - KOMM, SPRICH MIT MIR",1
,,TOM JONES; MOUSSE T - SEXBOMB,1
,,ARMANDO QUATTRONE - MARIA,1
,,SUGARHILL GANG - RAPPER'S DELIGHT,1
,,YOUNG THUG - HAVANA,1
,,TONES AND I - DANCE MONKEY,1
,,WAMDUE PROJECT - KING OF MY CASTLE,1
,,LUCILECTRIC - HEY SÜSSER,1
,,TITO - AFTER DARK,1
,,TARANTULA - AFTER DARK,1
,,FORSTER MARK - LIKE A LION (MARK FORSTER FEAT. GENTLEMAN),1
,,FOOL'S GARDEN - LEMON TREE,1
,,ORANGE BLUE - SHE'S GOT THAT LIGHT,1
,,"SPARKS - WHEN DO I GET TO SING ""MY WAY""",1
,,TWISTED SISTER - I WANNA ROCK,1
,,TWISTED SISTER - COME OUT AND PLAY,1
,,ALICE IN CHAINS - DAM THAT RIVER,1
,,HELEN SCHNEIDER WITH THE KICK - HOT SUMMER NITES,1
,,DROPKICK MURPHYS - I'M SHIPPING UP TO BOSTON,1
,,ERSTE ALLGEMEINE VERUNSICHERUNG - 3 WEISSE TAUBEN,1
,,POCO - CALL IT LOVE,1
,,CURTIS HARDING - NEED YOUR LOVE,1
,,CRAIG DAVID - RISE & FALL,1
,,RUMER - SLOW,1
,,SAILOR - THE SECRETARY,1
,,THE VAMPIRE SOUND INC - DROGE CX 9,1
,,PROVINZ - 17 FÜR IMMER,1
,,"ZANKI - VIERTEL VOR NEUN, VIERTEL VOR ZEHN",1
,,SOPHIE HUNGER - 1983,1
,,MANDO DIAO - DANCE WITH SOMEBODY,1
,,SAPHIR - THE WITCH-QUEEN OF NEW ORLEANS,1
,,CLUB NOUVEAU - LEAN ON ME,1
,,MELANIE THORNTON - LOVE HOW YOU LOVE ME,1
,,ROSÉ - APT.,1
,,MENDES - SEÑORITA,1
,,SHAWN - SEÑORITA,1
,,DERMOT KENNEDY - GIANTS,1
,,LEISURE - DOMINOES,1
,,DURAND JONES - MORNING IN AMERICA,1
,,THE INDICATIONS - MORNING IN AMERICA,1
,,SHIRLEY BASSEY - HISTORY REPEATING,1
,,PROPELLERHEADS - HISTORY REPEATING,1
,,WOLFSHEIM - ONCE IN A LIFETIME,1
,,WOLFSHEIM - THE SPARROWS AND THE NIGHTINGALES,1
,,LULU - RELIGHT MY FIRE,1
,,LAKE STREET DIVE - HOW GOOD IT FEELS,1
,,PAOLO NUTINI - LAST REQUEST,1
,,SIMONE - BACKLASH BLUES,1
,,NINA - BACKLASH BLUES,1
,,JONATHAN JEREMIAH - MOUNTAIN,1
,,MINNIE RIPERTON - REASONS,1
,,FILMORCHESTER - GEBRÜNN GEBRÜNN,1
,,DIE LASSIE SINGERS - MEIN FREUND HAT MIT MIR SCHLUSS GEMACHT,1
,,BUT ALIVE - BESTE WAFFE,1
,,DIE STERNE - UNIVERSAL TELLERWÄSCHER,1
,,NINA CHUBA - WENN DAS LIEBE IST,1
,,NINA CHUBA - 80QM,1
,,LZZY HALE - SEPARATE WAYS (WORLDS APART),1
,,TURBO B - THE POWER,1
,,WATT - NOTHING ELSE MATTERS,1
,,YO-YO MA - NOTHING ELSE MATTERS,1
,,ROBERT TRUJILLO - NOTHING ELSE MATTERS,1
,,CHAD SMITH - NOTHING ELSE MATTERS,1
,,GARBAGE - BECAUSE THE NIGHT,1
,,BILLIE JOE ARMSTRONG - KIDS IN AMERICA,1
,,GHOST - JESUS HE KNOWS ME,1
,,ALIEN ANT FARM - SMOOTH CRIMINAL,1
,,SEETHER - CARELESS WHISPER,1
,,PETER TOSH - JOHNNY B. GOODE,1
,,MYLES SMITH - NICE TO MEET YOU,1
,,WILSON PICKETT - HEY JUDE,1
,,BEN L'ONCLE SOUL - OTHERSIDE,1
,,BEN L'ONCLE SOUL - SEVEN NATION ARMY,1
,,JOY DENALANE - ALLES LEUCHTET,1
,,ROBIN MCKELLE - TO LOVE SOMEBODY,1
,,THE FLYTONES ( - TO LOVE SOMEBODY,1
,,LEE FIELDS) - TO LOVE SOMEBODY,1
,,NINA SIMONE - I SHALL BE RELEASED,1
,,NINA SIMONE - FEELING GOOD,1
,,DARYL BRAITHWAITE - ONE SUMMER,1
,,EMMELIE DE FOREST - ONLY TEARDROPS,1
,,MICHAEL JACKSON; SIEDAH GARRETT - I JUST CAN'T STOP LOVING YOU,1
,,DEL AMITRI - NOTHING EVER HAPPENS,1
,,BOYS TOWN GANG - CAN'T TAKE MY EYES OFF YOU,1
,,CHUMBAWAMBA - TUBTHUMPING,1
,,SCATMAN JOHN - SCATMAN (SKI-BA-BOP-BA-DOP-BOP),1
,,BENI HAFNER - WACKELKONTAKT,1
,,BOY - BETTE DAVIS EYES,1
,,BOY - LITTLE NUMBERS,1
,,DIE GOLDENEN ZITRONEN - FÜR IMMER PUNK,1
,,LINA MALY - DEIN IST MEIN GANZES HERZ,1
,,ROGER CICERO - KÖNIG VON DEUTSCHLAND,1
,,"ABSOLUTE BEGINNER - IRGENDWIE, IRGENDWO, IRGENDWANN",1
,,"DENNIS DUBPLATE - IRGENDWIE, IRGENDWO, IRGENDWANN",1
,,HUNDREDS - WONDERFUL LIFE,1
,,"FINN - HEUTE HIER, MORGEN DORT",1
,,RIC OCASEK - EMOTION IN MOTION,1
,,THE BAND - THE WEIGHT,1
,,REEL 2 REAL - I LIKE TO MOVE IT,1
,,THE KNACK - MY SHARONA,1
,,HAINDLING - PFEIF' DRAUF,1
,,BERQ - ROTE FLAGGEN,1
,,LENA MEYER-LANDRUT - SATELLITE,1
,,NORMAHL - TRÜMMERTANGO,1
,,77 BOMBAY STREET - UP IN THE SKY,1
,,NINA HAGEN - BORN IN XIXAX,1
,,MEUTE - YOU AND ME,1
,,PETER - YOUNG FOLKS,1
,,BJÖRN - YOUNG FOLKS,1
,,JOHN - YOUNG FOLKS,1
,,CASPER - XOXO,1
,,ZUPFGEIGENHANSEL - WALDFEST,1
,,HOLSTUONARMUSIGBIGBANDCLUB - VO MELLO BIS GE SCHOPPORNOU,1
,,"HELGE SCHNEIDER - SOMMER, SONNE, KAKTUS!",1
,,THE LIGHTNING SEEDS - THE LIFE OF RILEY,1
,,THOMPSON - KING OF THE ROAD,1
,,TEDDY - KING OF THE ROAD,1
,,WAINWRIGHT - KING OF THE ROAD,1
,,RUFUS - KING OF THE ROAD,1
,,JOHN MICHAEL MONTGOMERY - BE MY BABY TONIGHT,1
,,KEITH URBAN - LONG HOT SUMMER,1
,,KEITH URBAN - YOU GONNA FLY,1
,,PARTON - POWERFUL WOMEN,1
,,DOLLY - POWERFUL WOMEN,1
,,PITBULL - POWERFUL WOMEN,1
,,GLS-UNITED - RAPPER'S DEUTSCH,1
,,THE PLATTERS - THE GREAT PRETENDER,1
,,BOYZ II MEN - END OF THE ROAD,1
,,ELIOTT - DANCING QUEEN,1
,,PREFAB SPROUT - CARNIVAL 2000,1
,,BEASTIE BOYS - THREE MC'S AND ONE DJ,1
,,CAPTAIN - DO THAT TO ME ONE MORE TIME,1
,,TENNILLE - DO THAT TO ME ONE MORE TIME,1
,,DYNAMO 5 - THE LETTER,1
,,ERNST MOLDEN - I STEH IBAHAUBT NED MEA AUF DI,1
,,SEILER - I STEH IBAHAUBT NED MEA AUF DI,1
,,DAS FRAUENORCHESTER - I STEH IBAHAUBT NED MEA AUF DI,1
,,JÜRGEN DREWS - EIN BETT IM KORNFELD,1
,,VERIFIZIERT - PERFEKTE WELLE,1
,,DOG EAT DOG - NO FRONTS,1
,,EIFFEL 65 - BLUE (DA BA DEE),1
,,JOHN MELLENCAMP - HUMAN WHEELS,1
,,SAM HUNT - BREAKING UP WAS EASY IN THE 90'S,1
,,SAM HUNT - SINGLE FOR THE SUMMER,1
,,SAM HUNT - HOUSE PARTY,1
,,"BOBBY BARE - $100,000 IN PENNIES",1
,,ROBERT EARL KEEN - 99 YEARS FOR ONE DARK DAY,1
,,ASLEEP AT THE WHEEL - (GET YOUR KICKS ON) ROUTE 66,1
,,JOHNNY PAYCHECK - 11 MONTHS AND 29 DAYS,1
,,JON PARDI WITH THE ALL-NIGHTERS - 400 HORSEPOWER SLEIGH,1
,,K. T. OSLIN - 80'S LADIES,1
,,DANIEL FOGELBERG - MAGIC EVERY MOMENT,1
,,STEPHAN EICHER - TAXI EUROPA,1
,,MAX GAZZÈ - TAXI EUROPA,1
,,FUNNY VON DANNEN - URUGUAY,1
,,JAN DELAY - ST. PAULI,1
,,PATENT OCHSNER - BÄLPMOOS,1
,,"EXTRABREIT - FLIEGER, GRÜSS MIR DIE SONNE",1
,,KIIARA - HEAVY,1
,,DECLAN J DONOVAN - PERFECTLY IMPERFECT,1
,,BLUE; ELTON JOHN - SORRY SEEMS TO BE THE HARDEST WORD,1
,,PHIL COLLINS; PHILIP BAILEY - EASY LOVER,1
,,ARCÁNGEL - DUELE EL CORAZON,1
,,JAVADA - DUELE EL CORAZON,1
,,REAL THING - YOU TO ME ARE EVERYTHING,1
,,TOMMY JAMES; THE SHONDELLS - CRIMSON AND CLOVER,1
,,EDDIE MURPHY - PARTY ALL THE TIME,1
,,ILSEY - HEADLIGHTS,1
,,COCKNEY REBEL - MAKE ME SMILE (COME UP AND SEE ME),1
,,BLACK KAPPA - DICKES B,1
,,TINA CHARLES - I LOVE TO LOVE,1
,,NICHT GENANNT - EIN FALL FÜR ZWEI (TITELMUSIK),1
,,BLUMFELD - TAUSEND TRÄNEN TIEF,1
,,PHILIPP DITTBERNER - WOLKE 4,1
,,MARV - WOLKE 4,1
,,MAX HERRE - 1STE LIEBE (ERSTE LIEBE),1
,,BLUE LAGOON - BREAK MY STRIDE,1
,,LENA - SATELLITE,1
,,MARIANNE ROSENBERG - ER GEHÖRT ZU MIR,1
,,DIE STERNE MIT THE DÜSSELDORF DÜSTERBOYS - DU MUSST GAR NIX,1
,,CORONA - THE RHYTHM OF THE NIGHT,1
,,SHALAMAR - THE SECOND TIME AROUND,1
,,JONI MITCHELL - BIG YELLOW TAXI,1
,,JASON DERULO - SPICY MARGARITA,1
,,THE EASYBEATS - FRIDAY ON MY MIND,1
,,GABRIELA CILMI - SWEET ABOUT ME,1
,,EMILIA - BIG BIG WORLD (ALBUM-VERSION),1
,,EMILIA - BIG BIG WORLD,1
,,GROOVEMINISTER - VERDIENT,1
,,10 CC - DREADLOCK HOLIDAY,1
,,STS - FÜRSTENFELD,1
,,FRANK SINATRA - THEME FROM NEW YORK NEW YORK,1
,,JESSICA - HOW WILL I KNOW (WHO YOU ARE),1
,,FLORIAN KÜNSTLER - SO LANG NICHT MEHR GETANZT,1
,,BOSSHOSS - JOLENE,1
,,BOX TOPS - THE LETTER,1
,,PAUL YOUNG; ZUCCHERO - SENZA UNA DONNA (WITHOUT A WOMAN),1
,,3 DOORS DOWN - HERE WITHOUT YOU,1
,,THE SPINNERS - WORKING MY WAY BACK TO YOU,1
,,JIMMY NAIL - AIN'T NO DOUBT,1
,,MUNGO JERRY - IN THE SUMMERTIME,1
,,CAPTAIN HOLLYWOOD PROJECT - MORE AND MORE,1
,,ELO (ELECTRIC LIGHT ORCHESTRA) - DON'T BRING ME DOWN,1
,,MATCHBOX 20 - 3 AM,1
,,LEAH KATE - 10 THINGS I HATE ABOUT YOU,1
,,THE WHITE STRIPES - SEVEN NATION ARMY,1
,,SAMMY HAGAR - I CAN'T DRIVE 55,1
,,AUDIOSLAVE - # 1 ZERO (NUMBER 10),1
,,ENSEMBLE DER AUGSBURGER PUPPENKISTE - DAS LUMMERLANDLIED,1
,,COSA ROSA - MILLIONENMAL,1
,,LO - 079,1
,,LEDUC - 079,1
,,KASI - 25GRAD,1
,,ANTONIUS - 25GRAD,1
,,PARSON JAMES - STOLE THE SHOW,1
,,DAVID CASSIDY - ROCK ME BABY,1
,,PAM JACKSON - EVERY OTHER WOMAN (EVERY OTHER MAN),1
,,COLE SWINDELL - CHILLIN' IT,1
,,ASHLEY COOKE - THE HELL YOU ARE,1
,,JASON BLAINE - BOY MAMA,1
,,FIRST AID KIT - EMMYLOU,1
,,JASON ISBELL AND THE 400 UNIT - TUPELO,1
,,"JO DEE MESSINA - HEADS CALIFORNIA, TAILS CALIFORNIA",1
,,DELBERT - CALIFORNIA LIVIN',1
,,GLEN - CALIFORNIA LIVIN',1
,,THE SHIRES - NASHVILLE GREY SKIES,1
,,CONFEDERATE RAILROAD - QUEEN OF MEMPHIS,1
,,KIP MOORE - SWEET VIRGINIA,1
,,JOHN HIATT - MEMPHIS IN THE MEANTIME,1
,,JERMAINE - WHEN THE RAIN BEGINS TO FALL,1
,,TURTLES - HAPPY TOGETHER,1
,,GREGORY ABBOTT - SHAKE YOU DOWN,1
,,RAY CHARLES WITH RUBEN STUDDARD - IMAGINE,1
,,THE HARLEM GOSPEL SINGERS - IMAGINE,1
,,"HUCKNALL,MICK - LET ME DOWN EASY",1
,,JOHN ( - WAKE UP EVERYBODY,1
,,THE ROOTS) ( - WAKE UP EVERYBODY,1
,,COMMON - WAKE UP EVERYBODY,1
,,MELANIE FIONA) LEGEND - WAKE UP EVERYBODY,1
,,CASSIUS CLAY - STAND BY ME,1
,,VELILE - HELELE,1
,,SAFRI DUO - HELELE,1
,,JAMILA WOODS - BOOMERANG,1
,,PAUL STANLEY'S SOUL STATION - COULD IT BE I'M FALLING IN LOVE,1
,,JESSIE MURPH - DIRTY,1
,,AARON FRAZER - GIRL ON THE PHONE,1
,,VAN MORRISON - HAVE I TOLD YOU LATELY THAT I LOVE YOU?,1
,,"THE RACONTEURS - STEADY, AS SHE GOES",1
,,THE BOLLOCK BROTHERS - HARLEY DAVID (SON OF A BITCH),1
,,KHRUANGBIN - TEXAS SUN,1
,,DJ JAZZY JEFF - SUMMERTIME,1
,,THE FRESH PRINCE - SUMMERTIME,1
,,CORRS - RADIO,1
,,KEITH LESLIE MARSHALL - ONLY CRYING,1
,,DEXY'S MIDNIGHT RUNNERS - COME ON EILEEN,1
,,WOOD - PRAYER IN C,1
,,THE PRICK - PRAYER IN C,1
,,LILLY - PRAYER IN C,1
,,PORTUGAL THE MAN - FEEL IT STILL,1
,,LILLY ALLEN - NOT FAIR,1
,,HANK JR WILLIAMS - KAW-LIGA,1
,,JAMES OTTO - JUST GOT STARTED LOVIN' YOU,1
,,CARLENE CARTER - I FELL IN LOVE,1
,,JOE NICHOLS - GIMMIE THAT GIRL,1
,,LANIE GARDNER - FADED POLAROIDS,1
,,GABBY BARRETT - DANCE LIKE NO ONE'S WATCHING,1
,,DARRYL WORLEY - A GOOD DAY TO RUN,1
,,LILY ALLEN - NOT FAIR,1
,,EMELI SANDÉ - NEXT TO ME,1
,,CANDELA AZUL - JUEGALO,1
,,BAHA MAN - WHO LET THE DOGS OUT,1
,,JONAS BLUE - MAMA,1
,,WILLIAM SINGE - MAMA,1
,,RUDIMENTAL - THESE DAYS,1
,,JESS GLYNNE - THESE DAYS,1
,,MACKLEMORE - THESE DAYS,1
,,DAN CAPLEN - THESE DAYS,1
,,PAVEIER - LEEV MARIE,1
