Artist,Times Played,Artist - Song,Times Played
ED SHEERAN,1044,MILEY CYRUS - END OF THE WORLD,648
LOLA YOUNG,793,LOLA YOUNG - MESSY,527
MILEY CYRUS,767,ALEX WARREN - ORDINARY,512
DAVID GUETTA,732,ED SHEERAN - SAPPHIRE,493
ALEX WARREN,707,KAMRAD - BE MINE,492
HONEY,666,NICO SANTOS - HOME PT. 2,476
NICO SANTOS,660,SABRINA CARPENTER - MANCHILD,438
DUA LIPA,657,BENSON BOONE - SORRY I'M HERE FOR SOMEONE ELSE,421
SABRINA CARPENTER,635,DAVID GUETTA - BEAUTIFUL PEOPLE,413
FAST BOY,621,SIA - BEAUTIFUL PEOPLE,413
MYLES SMITH,604,ED SHEERAN - AZIZAM,402
CLOCKCLOCK,604,SOMBR - UNDRESSED,348
SIA,585,MAROON 5 - PRICELESS,342
KAMRAD,565,LISA - PRICELESS,342
SOMBR,559,NEIKED - GLIDE,339
BENSON BOONE,545,HONEY - TAKE MY MIND,328
CALVIN HARRIS,538,RAVYN LENAE - LOVE ME NOT,319
ROBIN SCHULZ,522,LADY GAGA - ABRACADABRA,318
BEES WIZTHEMC,513,PORTUGAL. THE MAN - GLIDE,318
COLDPLAY,511,CLOCKCLOCK - BORN AGAIN,312
LADY GAGA,511,FAST BOY - BORN AGAIN,312
APACHE 207,478,CALVIN HARRIS - BLESSINGS,294
MAROON 5,472,APACHE 207 - MORGEN,293
PURPLE DISCO MACHINE,464,HONEY - SHOW ME LOVE,280
NINA CHUBA,451,DOECHII - ANXIETY,279
AVA MAX,447,BEES WIZTHEMC - SHOW ME LOVE,275
LEONY,446,WIZTHEMC - SHOW ME LOVE,268
SHABOOZEY,425,NINA CHUBA - WENN DAS LIEBE IST,265
FELIX JAEHN,423,FELIX JAEHN - PRIDE,252
BRUNO MARS,423,JHART - PRIDE,252
TATE MCRAE,417,MYLES SMITH - NICE TO MEET YOU,251
BURNA BOY,407,GRACIE ABRAMS - THAT'S SO TRUE,243
LOST FREQUENCIES,407,MYLES SMITH - BLINK TWICE,242
WIZTHEMC,405,SHABOOZEY - BLINK TWICE,242
JUSTIN BIEBER,398,BURNA BOY - WE PRAY,238
THE WEEKND,396,TINI - WE PRAY,238
TAYLOR SWIFT,389,HURTS - WONDERFUL LIFE '25,231
RAYE,380,PURPLE DISCO MACHINE - WONDERFUL LIFE '25,231
HUGEL,380,CLEMENTINE DOUGLAS - BLESSINGS,226
TOPIC,379,HUGEL - LOOSEN UP,221
GLOCKENBACH,371,DAWTY - LOOSEN UP,221
RIHANNA,363,PRESTON HARRIS - LOOSEN UP,221
LISA,355,JUSTIN BIEBER - DAISIES,214
PORTUGAL. THE MAN,344,LOI - GET LUCKY,211
NEIKED,339,ROBIN SCHULZ - MILLION GOOD REASONS,208
MICHAEL PATRICK KELLY,338,FAST BOY - MILLION GOOD REASONS,208
CHAPPELL ROAN,326,MICHAEL PATRICK KELLY - THE ONE,202
LOI,324,BEES WIZTHEMC - TAKE MY MIND,200
RAVYN LENAE,319,TEDDY SWIMS - BAD DREAMS,199
MICHAEL SCHULTE,317,MARK RONSON - SUZANNE,195
SHAWN MENDES,307,RAYE - SUZANNE,195
GRACIE ABRAMS,299,COLDPLAY - WE PRAY,195
ÁSDÍS,296,MICHAEL SCHULTE - AFTERLIFE,193
DOECHII,293,DASHA - AUSTIN,188
TEDDY SWIMS,287,LITTLE SIMZ - WE PRAY,185
ONEREPUBLIC,285,TATE MCRAE - JUST KEEP WATCHING,177
LINKIN PARK,279,MOLIY - SHAKE IT TO THE MAX (FLY) (REMIX),172
AVICII,271,SKILLIBENG - SHAKE IT TO THE MAX (FLY) (REMIX),172
JUSTIN TIMBERLAKE,271,SKI AGGU - PALERMO,170
SOPHIE AND THE GIANTS,253,SHENSEEA  SILENT ADDY - SHAKE IT TO THE MAX (FLY) (REMIX),169
JHART,252,MYLES SMITH SHABOOZEY - BLINK TWICE,168
ALVARO SOLER,250,ÁSDÍS - PICK UP!,165
KYGO,249,CLOCKCLOCK - ADORE YA,164
HURTS,246,CHAPPELL ROAN - THE SUBWAY,163
MARK RONSON,244,DISCO LINES - NO BROKE BOYS,161
TINI,240,TINASHE - NO BROKE BOYS,161
CLEMENTINE DOUGLAS,232,BILLIE EILISH - BIRDS OF A FEATHER,159
MADONNA,230,LEWIS CAPALDI - SURVIVE,155
KATY PERRY,226,HOZIER - TOO SWEET,153
SELENA GOMEZ,223,BRUNO MARS - APT.,153
ROBBIE WILLIAMS,223,ROSÉ - APT.,153
BILLIE EILISH,222,THE WEEKND - DANCING IN THE FLAMES,152
OFENBACH,222,KENYA GRACE - STRANGERS,147
TOM GREGORY,222,ONEREPUBLIC KYGO - CHASING PARADISE,146
DAWTY,221,OFENBACH - OVERDRIVE,143
PRESTON HARRIS,221,NORMA JEAN MARTINE - OVERDRIVE,143
ZARA LARSSON,217,DUA LIPA - HOUDINI,141
LITTLE SIMZ,214,SOPHIE AND THE GIANTS - SHUT UP AND DANCE,138
SKI AGGU,210,ALEX WARREN - ETERNITY,137
LEWIS CAPALDI,208,LINKIN PARK - THE EMPTINESS MACHINE,136
LORDE,207,TOPIC - I ADORE YOU,136
KRAFTKLUB,206,HUGEL - I ADORE YOU,136
IMAGINE DRAGONS,202,ARASH - I ADORE YOU,136
POST MALONE,202,MARK AMBOR - BELONG TOGETHER,135
MILKY CHANCE,201,ARTEMAS - I LIKE THE WAY YOU KISS ME,133
BASTILLE,201,SHAWN MENDES - WHY WHY WHY,128
RUDIMENTAL,199,KHALID - ALL I KNOW,128
CHRIS DE SARANDY,198,RUDIMENTAL - ALL I KNOW,128
P!NK,197,WIZTHEMC - TAKE MY MIND,128
KENYA GRACE,196,BEES - TAKE MY MIND,128
MARK AMBOR,195,WET LEG - CPR,128
DASHA,195,SOMBR - 12 TO 12,127
ALLE FARBEN,195,LOST FREQUENCIES - HEAD DOWN,126
THE KID LAROI,194,THE LAST DINNER PARTY - THIS IS THE KILLER SPEAKING,126
ELLIE GOULDING,192,BASTILLE - HEAD DOWN,126
ROXETTE,190,BURNA BOY - CHANGE YOUR MIND,125
TWOCOLORS,188,TATE MCRAE - GREEDY,125
SEAN PAUL,186,SHABOOZEY - CHANGE YOUR MIND,125
JASON DERULO,184,DAMIANO DAVID - BORN WITH A BROKEN HEART,122
ZOE WEES,184,ZIMMER90 - MAKES ME WANNA DANCE,122
MALACHIII,184,BIFFY CLYRO - A LITTLE LOVE,121
HOZIER,181,THE KID LAROI - HOW DOES IT FEEL?,120
TINASHE,181,HARD LIFE - Y3LLOW BIKE,119
NORMA JEAN MARTINE,179,NICO SANTOS - RAY OF LIGHT,117
DISCO LINES,179,LEONY - BY YOUR SIDE (IN MY MIND),117
JAMES BLUNT,178,DAECOLM - I ADORE YOU,117
HERBERT GRÖNEMEYER,178,MALACHIII - POSITIONS,116
MOLIY,175,THE BEACHES - DID I SAY TOO MUCH,116
MICHAEL JACKSON,174,LORDE - SHAPESHIFTER,115
SKILLIBENG,173,BENEE - OFF THE RAILS,115
RITA ORA,172,CHRISTINE AND THE QUEENS - CATCHING FEELINGS,115
SAM SMITH,172,CERRONE - CATCHING FEELINGS,115
EMINEM,172,ELYANNA - WE PRAY,112
CYRIL,171,RITA ORA - I'LL BE THERE,112
SHENSEEA  SILENT ADDY,169,ROBIN SCHULZ - I'LL BE THERE,112
MYLES SMITH SHABOOZEY,168,TWOCOLORS - CYNICAL,112
CLUESO,166,ZARA LARSSON - MEMORY LANE,112
REA GARVEY,165,SAFRI DUO - CYNICAL,112
JAX JONES,165,ADAM PORT STRYV - POSITIONS,112
WET LEG,161,RIZZLE KICKS - FOLLOW EXCITEMENT!,110
QUEEN,159,GLOCKENBACH - MAGIC MOMENT,110
BRYAN ADAMS,159,CHRIS DE SARANDY - MAGIC MOMENT,110
CRO,158,URING RACHEL CHINOURIRI - FOLLOW EXCITEMENT!,110
KHALID,157,SELENA GOMEZ - SINGLE SOON,105
TINA TURNER,157,EMINEM - HOUDINI,104
ARIANA GRANDE,156,JOYA MARLEEN - DIFFICULT,101
ROYEL OTIS,155,LOLA YOUNG - D£ALER,101
ADELE,154,TIAGO PZK - I'LL BE THERE,101
ELLA HENDERSON,154,CYRIL - STUMBLIN' IN,100
TIËSTO,154,ROYEL OTIS - CAR,100
HARRY STYLES,153,GOOD NEIGHBOURS - SUBURBS,100
ROSÉ,153,KRAFTKLUB - SCHIEF IN JEDEM CHOR,99
DERMOT KENNEDY,150,PINKPANTHERESS - ILLEGAL,98
DAMIANO DAVID,149,CLUESO - MINIMUM,97
DAECOLM,149,"CHAPPELL ROAN - GOOD LUCK, BABE!",97
ELTON JOHN,148,HUNTR - GOLDEN,96
ONEREPUBLIC KYGO,146,ALEKSIAH - KEEP MY COOL,96
HAIM,145,KYGO - WHATEVER,95
BIFFY CLYRO,145,MILKY CHANCE - PASSION,95
STEFANIE HEINZMANN,143,AVA MAX - WHATEVER,95
THE BEACHES,143,TOMMY RICHMAN - MIAMI,95
MAKKO,141,SABRINA CARPENTER - ESPRESSO,94
BEYONCÉ,141,EJAE - GOLDEN,93
BENEE,139,AUDREY NUNA - GOLDEN,93
GOOD NEIGHBOURS,139,THE LATHUMS - COBBLESTONES,93
MØ,138,GEORGIA - WANNA PLAY,93
JENNIFER LOPEZ,137,JUSTIN TIMBERLAKE - SELFISH,92
ARASH,136,TAYLOR SWIFT - CRUEL SUMMER,92
BEES,136,REI AMI - GOLDEN,92
PITBULL,135,JUNG - TOM CRUISIN',92
PHIL COLLINS,133,LOLA YOUNG - ONE THING,91
THE LAST DINNER PARTY,133,ANNA OF THE NORTH - GIVE ME YOUR LOVE BACK,91
ARTEMAS,133,FOO FIGHTERS - TODAY'S SONG,90
ZIMMER90,133,TOM WALKER - HOME,90
NELLY FURTADO,131,GLOCKENBACH - HOME,90
HUNTR,131,GLOCKENBACH - LIFELINE,89
ZARTMANN,131,ELLA HENDERSON - LIFELINE,89
VIZE,131,JADE BIRD - NOBODY,89
PINK,130,POST MALONE - CHEMICAL,88
JONAS BROTHERS,130,YAZMIN LACEY - AIN'T I GOOD FOR YOU,88
AUDREY NUNA,130,DUA LIPA - TRAINING SEASON,87
A7S,129,CHRIS DE SARANDY - CYNICAL,87
HARD LIFE,129,YEARS - KING,86
EJAE,128,COLDPLAY - FEELSLIKEIMFALLINGINLOVE,85
LIL NAS X,127,ZARTMANN - TAU MICH AUF,85
REI AMI,127,CHET FAKER - FAR SIDE OF THE MOON,85
GLASS ANIMALS,127,"KRAFTKLUB - WENN ICH TOT BIN, FANG ICH WIEDER AN",84
GIANT ROOKS,125,MASTER PEACE - RED WINE,81
JOYA MARLEEN,124,AJ TRACEY - RED WINE,81
DJ SNAKE,124,LOST FREQUENCIES - THE FEELING,80
SAFRI DUO,124,NINA CHUBA - FUCKED UP,80
WHITNEY HOUSTON,123,MAKKO - FUCKED UP,80
FOO FIGHTERS,122,TOKIO HOTEL - HOW TO LOVE,79
MASTER PEACE,122,KPOP DEMON HUNTERS CAST X - GOLDEN,77
PET SHOP BOYS,120,RAYE - PRADA,76
DAFT PUNK,120,"HERBERT GRÖNEMEYER - ZEIT, DASS SICH WAS DREHT",76
ZEDD,120,BEYONCÉ - TEXAS HOLD 'EM,76
TOMMY RICHMAN,120,ELLA EYRE - SPACE,76
OLIVIA DEAN,118,CASSÖ - PRADA,76
MARSHMELLO,118,D-BLOCK EUROPE - PRADA,76
JESS GLYNNE,117,SABRINA CARPENTER - TASTE,75
RIZZLE KICKS,116,BLOSSOMS - GET HAPPY,75
PINKPANTHERESS,116,GIANT ROOKS - SOMEBODY LIKE YOU,75
MEDUZA,115,"$OHO BANI - ZEIT, DASS SICH WAS DREHT",75
BLACK EYED PEAS,115,ALVARO SOLER - TE IMAGINABA,74
CHRISTINE AND THE QUEENS,115,ROSA LINN - SNAP,74
CERRONE,115,DUA LIPA - DANCE THE NIGHT,73
MAX GIESINGER,113,DUA LIPA - ILLUSION,73
YOUNOTUS,113,ADDISON RAE - FAME IS A GUN,73
ELYANNA,112,DUA LIPA - THESE WALLS,72
ADAM PORT STRYV,112,PIERRE DE MAERE - THESE WALLS,72
PICTURE THIS,111,ROBBIE WILLIAMS - FORBIDDEN ROAD,72
OLIVIA RODRIGO,111,LINKIN PARK - LOST,70
CHER,111,TEDDY SWIMS - LOSE CONTROL,70
CHET FAKER,111,TOTAL TOMMY - BUTTERKNIFE,70
SHAKIRA,110,HARRY STYLES - AS IT WAS,69
DRAKE,110,MR. BELT - IT'S NOT RIGHT BUT IT'S OKAY,69
URING RACHEL CHINOURIRI,110,WEZOL - IT'S NOT RIGHT BUT IT'S OKAY,69
KPOP DEMON HUNTERS CAST X,110,SIGRID - JELLYFISH,69
STROMAE,109,MALACHIII - MOVE,68
JOHANNES OERDING,108,CLEMENTINE DOU - BLESSINGS,68
R3HAB,108,ELYANNA LITTLE SIMZ - WE PRAY,68
CLEAN BANDIT,108,MAX GIESINGER - WIMPERNSCHLAG,67
YEARS,108,JOHANNES OERDING - WIMPERNSCHLAG,67
ANNE-MARIE,107,TAYLOR SWIFT - ANTI-HERO,67
BACKSTREET BOYS,107,DANA - LOW TIDE,66
RAY DALTON,107,RIANA - DIS LÜCHTE,66
TAIO CRUZ,107,ANNA ROSSINELLI - HEAT,66
MARK FORSTER,104,TOM GREGORY - MAKE IT RIGHT,66
ANAÏS,104,AVA MAX - LOVIN MYSELF,66
ADDISON RAE,104,VIZE - MAKE IT RIGHT,66
GEORGIA,103,MARC ATLAS - MIDNIGHT SUN,66
BAD BUNNY,102,ANAÏS - ARSCH DER WELT,66
BON JOVI,102,NOMBE - IPANEMA,66
KUNGS,101,JOHN BUTLER - KING OF CALIFORNIA,66
TOM WALKER,101,JOLLE - ARSCH DER WELT,66
,101,DAVID GUETTA - THINK OF ME,65
TIAGO PZK,101,KEHLANI - THINK OF ME,65
THE LATHUMS,101,STEFANIE HEINZMANN - GOOD,64
BRITNEY SPEARS,99,ZOE ME - MILLION DE MOIS,64
CHARLIE PUTH,99,ZOE WEES - NEVER BE LONELY,64
SHOUSE,99,JAX JONES - NEVER BE LONELY,64
SWEDISH HOUSE MAFIA,99,ELLA RED - I LIKE YOU BEST,63
BRUCE SPRINGSTEEN,97,CLOUDY JUNE - I LIKE YOU BEST,63
USHER,97,SOFIYA NZAU - MWAKI,63
ANNA OF THE NORTH,97,ZERB - MWAKI,63
STING,96,DAECOLM HUGEL - THINK OF ME,63
DEPECHE MODE,96,BAD BUNNY - DTMF,62
ALEKSIAH,96,MATILDE - GUAI,62
NICKELBACK,95,PURPLE DISCO MACHINE - BEAT OF YOUR HEART,62
TOM ODELL,95,TOM GREGORY - WRECK,62
JAMES HYPE,94,NAOMI LAREINE - STRANGER,61
YAZMIN LACEY,94,HAIM - ALL OVER ME,61
CAMILA CABELLO,92,BRUNO MARS - DIE WITH A SMILE,61
JUNG,92,BENSON BOONE - BEAUTIFUL THINGS,61
JADE BIRD,92,LADY GAGA - DIE WITH A SMILE,61
SNOOP DOGG,91,LIL NAS X - STAR WALKIN',61
TOKIO HOTEL,91,FRYTZ - TANZEN JA OK,61
DADDY YANKEE,91,BENSON BOONE - MR ELECTRIC BLUE,60
PETER FOX,91,MARK AMBOR - WHO KNOWS,60
TWENTY ONE PILOTS,91,OLIVIA DEAN - NICE TO EACH OTHER,60
JONAS BLUE,91,SHENSEEA - HONEY BOY,60
CYNDI LAUPER,91,NILE RODGERS - HONEY BOY,60
BTS,91,STRYV ADAM PORT - MOVE,60
TOBY ROMEO,91,HALUNKE - DATE NIGHT MENÜ,59
EURYTHMICS,90,HAIM - TAKE ME BACK,59
RAG'N'BONE MAN,90,LUCA HÄNNI - LOVE IS A LIE,59
NOGA EREZ,89,MYLES SMITH - GOLD,59
THE CHAINSMOKERS,89,CONAN GRAY - VODKA CRANBERRY,59
JOLLE,89,LOI - THE WAY I WANT IT,59
NAOMI LAREINE,88,BLACKPINK - JUMP,59
HECHT,88,APACHE 207 - MANN MUSS,59
TOM GRENNAN,88,VELLA - FREEDOM,59
RED HOT CHILI PEPPERS,88,CYRIL - TEARS DRY TONIGHT,58
ROD STEWART,88,HEERA - PICKING FLOWERS,58
R.E.M,87,JAMES BLUNT - TEARS DRY TONIGHT,58
THE BLACK KEYS,87,LEONY - BY YOUR SIDE,58
CÉLINE DION,87,ST. LUNDI - MERCURY,58
BILLY JOEL,86,JAN-CHRISTIAN ZELLER - 1LIVE GO MIX,58
BLOSSOMS,85,ELYANNA COLDPLAY - WE PRAY,58
CLOUDY JUNE,85,AVICII - LET'S RIDE AWAY,57
CHRYSTAL,85,AVA MAX - FOREVER YOUNG,57
ANNA ROSSINELLI,84,ELLE KING - LET'S RIDE AWAY,57
A-HA,84,GLASS ANIMALS - HEAT WAVES,57
FLO RIDA,83,DNCE - CAKE BY THE OCEAN,57
GEORGE EZRA,83,SANNA - FUCKED UP,57
JAN-CHRISTIAN ZELLER,83,HENRY MOODIE - COMEDOWN,56
NIK KERSHAW,82,KINGS ELLIOT - THE PROMISE,56
LOUIS FUTON,82,PEGASUS - HOW MUCH CAN A HEART BREAK,56
PEGASUS,81,ARGYLE - RELEASE ME,56
KYLIE MINOGUE,81,RONJA - SORGENKIND,56
VELLA,81,THE MAGICIAN PURPLE DISCO MACHINE - ALL MY LIFE,56
01099,81,ALVARO SOLER - SOLO PARA TI,55
AJ TRACEY,81,TOPIC - SOLO PARA TI,55
MACKLEMORE,80,BENJAMIN INGROSSO PURPLE DISCO MACHINE - HONEY BOY,55
MANU CHAO,80,VANCO - MA TNSANI (YALLA HABIBI),55
ALICIA KEYS,80,AYA - MA TNSANI (YALLA HABIBI),55
MARC ATLAS,80,PICTURE THIS - A THOUSAND TIMES,54
ELLA EYRE,80,MILEY CYRUS - MORE TO LOSE,54
WOLF ALICE,79,JAXOMY - PEDRO,54
$OHO BANI,79,AGATINO ROMERO - PEDRO,54
LO UND LEDUC,78,LEONY - REMEDY,54
LIONEL RICHIE,78,SEAFRET - FIVE MORE SECONDS,54
J BALVIN,78,KT TUNSTALL - FIVE MORE SECONDS,54
SIGRID,77,SIA - GIMME LOVE,54
SOFIYA NZAU,77,LOUIS FUTON - LONG STORY SHORT,54
RIANA,76,CHERUB - LONG STORY SHORT,54
U2,76,THE MOVING STILLS - TSUNAMI,54
ACE OF BASE,76,DANA-ROSE - LIGHTHOUSE,53
CASSÖ,76,TOM GRENNAN - FULL ATTENTION,53
D-BLOCK EUROPE,76,SHABOOZEY - A BAR SONG (TIPSY),53
KINGS ELLIOT,75,TELQUIST - NIGHT SWIMMING,53
ZOE ME,75,STEFANIE HEINZMANN - POWER,52
BOB MARLEY,75,ANDRYY - CHURZSICHTIG,52
CHRISTINA AGUILERA,75,DERMOT KENNEDY - KISS ME,52
SHAGGY,75,SHOUSE - LOVE TONIGHT,52
CARLY RAE JEPSEN,75,GRACIE ABRAMS - CALL ME WHEN YOU BREAK UP,51
ROSA LINN,74,SELENA GOMEZ - CALL ME WHEN YOU BREAK UP,51
TOTAL TOMMY,74,TOPIC - OUT MY HEAD,51
ELLE KING,73,A7S - OUT MY HEAD,51
ANASTACIA,73,BENNY BLANCO - CALL ME WHEN YOU BREAK UP,51
BRAINCHILD,72,ALLI NEUMANN FT. FUFFIFUFZICH - SCHROTT,51
PIERRE DE MAERE,72,COLDPLAY - MY UNIVERSE,50
SIDO,72,SOMBR - WE NEVER DATED,50
ALPHAVILLE,72,NICK MELLOW - AFTERGLOW,50
NILE RODGERS,72,LOST FREQUENCIES - LOVE IS THE ONLY THING,50
DANA,71,DJ SNAKE - PARADISE,50
THE KILLERS,71,ALLE FARBEN - FROM DISCO TO DISCO,50
NATASHA BEDINGFIELD,71,MAJESTIC - FROM DISCO TO DISCO,50
ABBA,71,BTS - MY UNIVERSE,50
OASIS,70,ÁSDÍS - BEAT OF YOUR HEART,50
KT TUNSTALL,70,CARLY RAE JEPSEN - CALL ME MAYBE,50
AVRIL LAVIGNE,70,BIPOLAR SUNSHINE - PARADISE,50
BEBE REXHA,70,BRAINCHILD - STORY OF YOU AND I,49
MR. BELT,70,MEDUZA - BAD MEMORIES,49
WEZOL,70,REGARD - RIDE IT,49
BENNY BLANCO,70,JAMES CARTER - BAD MEMORIES,49
LUCA HÄNNI,69,RAFFAELLA CARRÀ - PEDRO,49
SIMPLY RED,69,LUIZA - SOLEIL BLEU,48
ENRIQUE IGLESIAS,69,REA GARVEY - FREE LIKE THE OCEAN,48
KEHLANI,69,FUN - WE ARE YOUNG,48
LAURELL,69,MYLES SMITH - STARGAZING,48
KIM WILDE,69,OLIVIA RODRIGO - GOOD 4 U,48
REGARD,69,NINA CAROLINE - RADIO SILENT,48
MARTERIA,69,FLORENCE ROAD - GOODNIGHT,48
ALLI NEUMANN,69,FELIX JAEHN - WALK WITH ME,47
THE MOVING STILLS,69,LO UND LEDUC - SO GUET WIE NIE,47
HEERA,68,STING - DREAMING,47
FOREIGNER,68,MARSHMELLO - DREAMING,47
BILLY IDOL,68,SHOUSE - WALK WITH ME,47
PHARRELL WILLIAMS,68,GAYLE - ABCDEFU,47
HAYLEY WILLIAMS,68,ONEREPUBLIC - BEAUTIFUL COLORS,46
CLEMENTINE DOU,68,HECHT - MON AMOUR,46
NOMBE,68,WOLF ALICE - THE SOFA,46
ELYANNA LITTLE SIMZ,68,ELLIE GOULDING - LIGHTS,46
LANA DEL REY,67,SWEDISH HOUSE MAFIA - DON'T YOU WORRY CHILD,46
ARGYLE,67,ABOR - PARALLELE LINIEN,46
ANDREAS BOURANI,67,TYNNA - PARALLELE LINIEN,46
SHENSEEA,67,SUDAN ARCHIVES - MY TYPE,46
FLEETWOOD MAC,67,RIHANNA - ONLY GIRL (IN THE WORLD),45
FALCO,67,ALFA - A ME MI PIACE,45
CLAIRO,67,MANU CHAO - A ME MI PIACE,45
HALUNKE,66,KAROL G - SI ANTES TE HUBIERA CONOCIDO,45
JOHN BUTLER,66,DAFT PUNK - GET LUCKY,45
KESHA,65,FAST BOY - WAVE,45
SAM FENDER,65,TOBY ROMEO - WHAT IT FEELS LIKE,45
MAJOR LAZER,65,YOUNOTUS - WHAT IT FEELS LIKE,45
IGGI KELLY,65,RAF - WAVE,45
ZERB,65,DJO - BASIC BEING BASIC,45
JOE COCKER,65,BLEU SOLEIL - SOLEIL BLEU,44
DJO,65,SAM SMITH - LA LA LA,44
HENRY MOODIE,64,LEONY - CRAZY LOVE,44
GEORGE MICHAEL,64,CHAPPELL ROAN - PINK PONY CLUB,44
KELLY CLARKSON,64,JOEL CORRY - HEAD & HEART,44
HALSEY,64,NAUGHTY BOY - LA LA LA,44
CHARLI XCX,64,SKEPTA - ON THE LOW,44
ELLA RED,64,TIWA SAVAGE - ON THE LOW,44
FRYTZ,64,LAUV - I LIKE ME BETTER,44
MATILDE,63,MNEK - HEAD & HEART,44
LENNY KRAVITZ,63,P!NK - DREAMING,44
JOEL CORRY,63,TOBY ROMEO - CRAZY LOVE,44
UDO LINDENBERG,63,TIËSTO - LAY LOW,44
DAECOLM HUGEL,63,24KGOLDN - MOOD,44
CAT BURNS,62,IANN DIOR - MOOD,44
GREEN DAY,62,PERSIA HOLDER - ECHO,44
CONAN GRAY,61,KAE TEMPEST - SUNSHINE ON CATFORD,44
MARTIN GARRIX,61,THE WEEKND - BLINDING LIGHTS,43
SHANIA TWAIN,61,PURPLE DISCO MACHINE - SUBSTITUTION,43
SUNRISE AVENUE,61,JUSTIN BIEBER - STAY,43
BADCHIEFF,61,KUNGS - SUBSTITUTION,43
MOGLII,61,TYLA - WATER,43
RITON,60,ALPHAVILLE - FOREVER YOUNG,43
MARIUS BEAR,60,VANCE JOY - RIPTIDE,43
SEAFRET,60,WIZKID - ONE DANCE,43
TAME IMPALA,60,THE KID LAROI - STAY,43
TOTO,60,ZARA LARSSON - CAN'T TAME HER,43
KINGS OF LEON,60,GLASS ANIMALS - VAMPIRE BAT,43
RYAN LEWIS,60,HAYLEY WILLIAMS - MIRTAZAPINE,43
ALESSI ROSE,60,DRAKE - ONE DANCE,43
STRYV ADAM PORT,60,P!NK - TRUSTFALL,43
PRINCE,59,KENYA GRACE - MR. COOL,43
ANDRYY,59,CAPITAL CITIES - SAFE AND SOUND,43
JORIS,59,CO - FIRE FIRE,43
DIE FANTASTISCHEN VIER,59,KYLA - ONE DANCE,43
AMY WINEHOUSE,59,SHIMZA - FIRE FIRE,43
TEXAS,59,AR - FIRE FIRE,43
BLACKPINK,59,KASANGO - FIRE FIRE,43
BLONDIE,59,KASI - FÜHL ICH,43
DEMI LOVATO,59,ANTONIUS - FÜHL ICH,43
EROS RAMAZZOTTI,59,MK - DIOR,43
KASI,59,CHRYSTAL - DIOR,43
ANTONIUS,59,ONEREPUBLIC - RUNAWAY,42
PAULWETZ,59,SHAWN MENDES - WHEN YOU'RE GONE,42
RONJA,59,AVICII - LEVELS,42
THE KOOKS,58,AVICII - HEY BROTHER,42
WIZKID,58,MACKLEMORE - CAN'T HOLD US,42
GENESIS,58,ZOE WEES - TRAITOR,42
MALIK HARRIS,58,CRO - SO HEISS,42
ST. LUNDI,58,MICHAEL SCHULTE - WATERFALL,42
ELYANNA COLDPLAY,58,R3HAB - WATERFALL,42
JAXOMY,57,01099 - SO HEISS,42
FUN,57,MILLENIUMKID - VIELLEICHT VIELLEICHT,42
NICK MELLOW,57,ALPHAVILLE DAVID GUETTA - FOREVER YOUNG,42
DIE ÄRZTE,57,CHRYSTAL - THE DAYS (NOTION REMIX),42
JUNGLE,57,JAZZY - SOMEDAYS,42
VANCE JOY,57,D.O.D SONNY FODERA - SOMEDAYS,42
LUIS FONSI,57,CAT BURNS - KNOW THAT YOU'RE NOT ALONE,41
DNCE,57,SUPER-HI - FOLLOWING THE SUN,41
KENNY LOGGINS,57,NEEKA - FOLLOWING THE SUN,41
BIPOLAR SUNSHINE,57,RIHANNA - DIAMONDS,41
DILLA,57,ALVARO SOLER - CON CALMA,41
SANNA,57,DADDY YANKEE - CON CALMA,41
AGATINO ROMERO,56,HARRY STYLES - WATERMELON SUGAR,41
TRAIN,56,EL MICHELS AFFAIR - ANTICIPATE,41
STARSHIP,56,SNOW - CON CALMA,41
24KGOLDN,56,BENNETT - VOIS SUR TON CHEMIN (TECHNO MIX),41
BANGLES,56,TAIO CRUZ - BREAK YOUR HEART,41
TELQUIST,56,SHARKTANK - DANGEROUS,41
MILLENIUMKID,56,CLAIRO - ANTICIPATE,41
THE MAGICIAN PURPLE DISCO MACHINE,56,BL3SS - KISSES,41
JAZZY,56,CAMRINWATSIN - KISSES,41
STRESS,55,BBYCLOSE - KISSES,41
NEMO,55,RAYE - ESCAPISM,40
JESSIE J,55,COLDPLAY - HIGHER POWER,40
MILOW,55,MEDUZA - PARADISE,40
ONE DIRECTION,55,DERMOT KENNEDY - PARADISE,40
FRED AGAIN,55,TWOCOLORS - HEAVY METAL LOVE,40
TAKE THAT,55,IMANBEK - BELLY DANCER,40
KELVIN JONES,55,BYOR - BELLY DANCER,40
BENJAMIN INGROSSO PURPLE DISCO MACHINE,55,AVA MAX - KINGS & QUEENS,40
VANCO,55,LAURELL - HABIT,40
AYA,55,SHAME - QUIET LIFE,40
TEARS FOR FEARS,54,P!NK - RUNAWAY,40
WIZ KHALIFA,54,070 SHAKE - ESCAPISM,40
AMY MACDONALD,54,ROUTE 94 - MY LOVE,40
SEEED,54,ZEDD - STAY THE NIGHT,40
DENNIS LLOYD,54,ALESSI ROSE - BITTERSWEET,40
THE BOSSHOSS,54,21 SAVAGE - CREEPIN',40
CHERUB,54,AVICII - WAITING FOR LOVE,39
BBYCLOSE,54,JUSTIN TIMBERLAKE - CAN'T STOP THE FEELING!,39
DANA-ROSE,53,MICHAEL PATRICK KELLY - REBELLION,39
PROVINZ,53,REA GARVEY - HALO,39
JANET JACKSON,52,JOE JONAS - HEART BY HEART,39
DOJA CAT,52,TWENTY ONE PILOTS - STRESSED OUT,39
DAVID BOWIE,52,JONAS BLUE - EDGE OF DESIRE,39
JOHN NEWMAN,52,JESS GLYNNE - MY LOVE,39
KIMBRA,52,SHAGGY - REBELLION,39
LYKKE LI,52,R3HAB - REBELLION,39
CALUM SCOTT,52,CLEAN BANDIT - RATHER BE,39
AEROSMITH,52,NICKY YOURE - SUNROOF,39
REAMONN,52,DAZY - SUNROOF,39
MIKE,52,RENFORSHORT - YOU’RE THE ONE,39
THE MECHANICS,52,JBS - VIELLEICHT VIELLEICHT,39
070 SHAKE,52,MALIVE - EDGE OF DESIRE,39
TOVE LO,51,TOM GREGORY - NEVER LET ME DOWN,38
VERONICA FUSARO,51,SOPHIE AND THE GIANTS - A LITTLE BIT WILD,38
WILL SMITH,51,HONEY - TAKE MY MIND*,38
MAJESTIC,51,DEPECHE MODE - ENJOY THE SILENCE,38
B.O.B,51,GOTYE - SOMEBODY THAT I USED TO KNOW,38
UB 40,51,VIZE - NEVER LET ME DOWN,38
KOOL,51,RYAN LEWIS - CAN'T HOLD US,38
THE GANG,51,BEES WIZTHEMC - TAKE MY MIND*,38
ABOR,51,MARIUS BEAR - TOXIC LOVE,37
TYNNA,51,PITBULL - TIMBER,37
21 SAVAGE,51,RIHANNA - WE FOUND LOVE,37
ALLI NEUMANN FT. FUFFIFUFZICH,51,ARIANA GRANDE - WE CAN'T BE FRIENDS (WAIT FOR YOUR LOVE),37
ANDERSON .PAAK,51,CLOCKCLOCK - LOVE U AGAIN,37
THE WOMBATS,50,KIMBRA - SOMEBODY THAT I USED TO KNOW,37
SNOW PATROL,50,THE BOSSHOSS - I'LL BE BACK,37
LAUV,50,KYGO - CHASING PARADISE,36
JAMES CARTER,50,ONEREPUBLIC - CHASING PARADISE,36
KAE TEMPEST,50,KATY PERRY - CALIFORNIA GURLS,36
SIRA,50,JUSTIN WELLINGTON - IKO IKO,36
TRACY CHAPMAN,49,DADDY YANKEE - DESPACITO,36
JAY-Z,49,REMA - CALM DOWN,36
WINCENT WEISS,49,TINA TURNER - WHAT'S LOVE GOT TO DO WITH IT,36
LENA,49,LUIS FONSI - DESPACITO,36
AYLIVA,49,ICONA POP - I LOVE IT,36
CO,49,ARNOLD SCHW - I'LL BE BACK,36
CHRIS REA,49,JAMES HYPE - WATERFALLS,36
THE BEE GEES,49,MASTER KG - JERUSALEMA,36
SHARKTANK,49,PAULA DALLA CORTE - RUSTY SKIES,35
FLORENCE + THE MACHINE,49,NINA VALOTTI - WARTE,35
MK,49,LORDE - WHAT WAS THAT,35
RAFFAELLA CARRÀ,49,NOGA EREZ - NOT MY PROBLEM,35
LUIZA,48,CHER - BELIEVE,35
KENDRICK LAMAR,48,CAMILA CABELLO - HAVANA,35
WHAM!,48,ACE OF BASE - ALL THAT SHE WANTS,35
ALFA,48,THE KOOKS - NEVER KNOW,35
TYLA,48,FLEETWOOD MAC - LITTLE LIES,35
KAROL G,48,KLINGANDE - JUBEL,35
EMPIRE OF THE SUN,48,NINA CHUBA - FUCKED UP*,35
SUGABABES,48,MAKKO - FUCKED UP*,35
RONAN KEATING,48,WALK THE MOON - SHUT UP AND DANCE,35
DISCLOSURE,48,IGGI KELLY - HEARD IT ALL,35
NINA CAROLINE,48,ALLI NEUMANN - ICH KANN GAR NICHTS,35
FLORENCE ROAD,48,GREEEN - PANAMA,35
EL MICHELS AFFAIR,47,LANA DEL REY - SUMMERTIME SADNESS,34
BELINDA CARLISLE,47,PANIC! AT THE DISCO - HIGH HOPES,34
WIR SIND HELDEN,47,LOST FREQUENCIES - BLACK FRIDAY (PRETTY LIKE THE SUN),34
GAYLE,47,TAYLOR SWIFT - IS IT OVER NOW? (TAYLOR'S VERSION) (FROM THE VAULT),34
HUEY LEWIS,47,TRINIX - VAITIMBORA,34
THE NEWS,47,POST MALONE - I HAD SOME HELP,34
SUDAN ARCHIVES,47,MORGAN WALLEN - I HAD SOME HELP,34
YOUNG FRANCO,47,SURF MESA - ILY (I LOVE YOU BABY),34
ASDIS,46,EMILEE - ILY (I LOVE YOU BABY),34
NAUGHTY BOY,46,JAYMES YOUNG - INFINITY,34
BENNETT,46,TOM ODELL - BLACK FRIDAY (PRETTY LIKE THE SUN),34
DURAN DURAN,46,MIKE POSNER - I TOOK A PILL IN IBIZA (SEEB REMIX),34
SKEPTA,46,NATASHA BEDINGFIELD - UNWRITTEN,34
CAPITAL CITIES,46,CYNDI LAUPER - GIRLS JUST WANT TO HAVE FUN,34
TY DOLLA $IGN,46,JAMES HYPE - MORE THAN FRIENDS,34
ERASURE,46,KELLI-LEIGH - MORE THAN FRIENDS,34
BL3SS,46,LISSA - SUNSHINE AFTER RAIN,34
NELLY,45,MOGLII - SUNSHINE AFTER RAIN,34
JAMES ARTHUR,45,HAYLEY WILLIAMS OF PARAMORE - STAY THE NIGHT,34
THE BLACK EYED PEAS,45,IMAGINE DRAGONS - WHATEVER IT TAKES,33
SNOW,45,AVA MAX - SWEET BUT PSYCHO,33
SANTANA,45,JESSIE J - PRICE TAG,33
NO DOUBT,45,ADELE - SET FIRE TO THE RAIN,33
TIWA SAVAGE,45,JONAS BROTHERS - NO TIME TO TALK,33
SIGALA,45,HUNTR - GOLDEN*,33
MR. BIG,45,EJAE - GOLDEN*,33
RAF,45,AUDREY NUNA - GOLDEN*,33
STEVIE WONDER,45,REI AMI - GOLDEN*,33
JBS,45,LYKKE LI - I FOLLOW RIVERS (THE MAGICIAN REMIX),33
ZÜRI WEST,44,DUCK SAUCE - BARBRA STREISAND,33
BLEU SOLEIL,44,PAUL KALKBRENNER - SKY AND SAND,33
JAMES GRUNTZ,44,MØ - HEARTBREAK,33
MABEL,44,PRINCESS NOKIA - DROP DEAD GORGEOUS,33
TWO DOOR CINEMA CLUB,44,KPOP DEMON HUNTERS CAST X - GOLDEN*,33
ALOE BLACC,44,STICKLE - WUNDERSCHÖN,33
MNEK,44,YUNG SAINT PAUL - WUNDERSCHÖN,33
BONNIE TYLER,44,DUA LIPA - BE THE ONE,32
IANN DIOR,44,THE WEEKND - SAVE YOUR TEARS,32
REVOLVERHELD,44,KATY PERRY - ROAR,32
ROUTE 94,44,ED SHEERAN - A LITTLE MORE,32
PERSIA HOLDER,44,JANELLE MONAE - WE ARE YOUNG,32
PUDELDAME,44,JASON DERULO - TAKE YOU DANCING,32
BASTIAN BAKER,43,LORDE - TEAM,32
MIKE POSNER,43,EUROPE - THE FINAL COUNTDOWN,32
SURVIVOR,43,SOPHIE ELLIS-BEXTOR - MURDER ON THE DANCEFLOOR,32
SZA,43,MABEL - DON'T CALL ME UP,32
ELLEY DUHÉ,43,JONAS BROTHERS - ONLY HUMAN,32
JOHN FARNHAM,43,JOHN FARNHAM - YOU'RE THE VOICE,32
KYLA,43,BLACK EYED PEAS - ROCK THAT BODY,32
SHIMZA,43,ALMOST MONDAY - ENJOY THE RIDE,32
AR,43,SLOE NOON - STRANGE A.M.,32
KASANGO,43,SHAWN MENDES - TREAT YOU BETTER,31
BAUSA,43,JUSTIN TIMBERLAKE - MIRRORS,31
SUPER-HI,42,ANNE-MARIE - ROCKABYE,31
NEEKA,42,LOLA YOUNG - DEALER,31
PANIC! AT THE DISCO,42,ECHOSMITH - COOL KIDS,31
ALANIS MORISSETTE,42,TWOCOLORS - LOVEFOOL,31
BANANARAMA,42,TATE MCRAE - 10:35,31
X AMBASSADORS,42,TOPIC - CONTROL OF ME,31
EUROPE,42,DAECOLM - CONTROL OF ME,31
ERIC CLAPTON,42,APACHE 207 - KOMET,31
MELANIE C,42,STROMAE - ALORS ON DANSE,31
SHAME,42,STROMAE - MA MEILLEURE ENNEMIE,31
LAURA BRANIGAN,42,STARSHIP - WE BUILT THIS CITY,31
INA WROLDSEN,42,CLEAN BANDIT - ROCKABYE,31
SASHA,42,THIRTY SECONDS TO MARS - SEASONS,31
JVKE,42,NINA CHUBA - FATA MORGANA,31
PAUL YOUNG,42,UDO LINDENBERG - KOMET,31
ALMOST MONDAY,42,TIËSTO - 10:35,31
ORLA GARTLAND,42,WILLY WILLIAM - MI GENTE,31
ALFIE TEMPLEMAN,42,POMME - MA MEILLEURE ENNEMIE,31
TYLER THE CREATOR,42,DAVID PUENTEZ - BURN,31
ALPHAVILLE DAVID GUETTA,42,PAULWETZ - TANGO,31
D.O.D SONNY FODERA,42,ADDISON RAE - DIET PEPSI,31
DIRE STRAITS,41,THE CREATOR TYLER - RING RING RING,31
JULI,41,RITON - FRIDAY (DOPAMINE RE-EDIT),30
ERIC PRYDZ,41,DUA LIPA - DON'T START NOW,30
ISAAK,41,THE WEEKND - CRY FOR ME,30
DIE HÖCHSTE EISENBAHN,41,MICHAEL PATRICK KELLY - BEAUTIFUL MADNESS,30
CAMRINWATSIN,41,CHILD - SOMETHING NEW,30
ALOK,40,PETER FOX - HAUS AM SEE,30
PAULA DALLA CORTE,40,SEAN PAUL - GOT 2 LUV U,30
LOVEBUGS,40,TEXAS - SUMMER SON,30
CHILD,40,BASTILLE - POMPEII,30
NINA VALOTTI,40,SIDO - BILDER IM KOPF,30
IMANBEK,40,CLOCKCLOCK - SOMEDAY SOON,30
BYOR,40,LOUD LUXURY - BODY,30
THE SCRIPT,40,BRANDO - BODY,30
MANDO DIAO,40,GLOCKENBACH - BETTER DAYS,30
COLBIE CAILLAT,40,NIGHTCRAWLERS - FRIDAY (DOPAMINE RE-EDIT),30
SIMPLE MINDS,40,THE CHAINSMOKERS - PARIS,30
DIE TOTEN HOSEN,40,ALAN WALKER - FADED,30
ROSE,39,LUDACRIS - BREAK YOUR HEART,30
JOE JONAS,39,ÁSDÍS - ANGEL EYES,30
FARRUKO,39,IGGI KELLY - I FOLLOW YOU,30
SURF MESA,39,DECLAN J DONOVAN - BETTER DAYS,30
MARIAH CAREY,39,J BALVIN - MI GENTE,30
NIGHTCRAWLERS,39,CÉLINE DION - A NEW DAY,30
MARTIN SOLVEIG,39,PUDELDAME - PAKET,30
THE ROLLING STONES,39,SEBASTIAN INGROSSO - A NEW DAY,30
FIFTH HARMONY,39,FELIX JAEHN - CALL IT LOVE,29
NICKY YOURE,39,SHAWN MENDES - STITCHES,29
DAZY,39,SHAWN MENDES - THERE'S NOTHING HOLDIN' ME BACK,29
ADMT,39,DAVID GUETTA - BABY DON'T HURT ME,29
SEBASTIAN SCHUB,39,ANNE-MARIE - BABY DON'T HURT ME,29
HOT CHOCOLATE,39,LEWIS CAPALDI - FORGET ME,29
RENFORSHORT,39,RAG'N'BONE MAN - HUMAN,29
MALIVE,39,KUNGS - THIS GIRL,29
THE CREATOR TYLER,39,RAY DALTON - CALL IT LOVE,29
JUSTIN WELLINGTON,38,SEAN PAUL - SHE DOESN'T MIND,29
ROOSEVELT,38,SIXPENCE NONE THE RICHER - KISS ME,29
GOTYE,38,SELENA GOMEZ - CALM DOWN,29
ATB,38,SOPHIE AND THE GIANTS - PARADISE,29
MR. MISTER,38,AVA MAX - THE MOTTO,29
MADCON,38,CALVIN HARRIS - HOW DEEP IS YOUR LOVE,29
MIKE OLDFIELD,38,YOUNG THUG - HAVANA,29
PAUL KALKBRENNER,38,ADELE - ROLLING IN THE DEEP,29
LIGHTHOUSE FAMILY,38,TOPIC - KERNKRAFT 400 (A BETTER DAY),29
CAMOUFLAGE,38,KAMRAD - FRIENDS,29
CHRIS DEBURGH,38,DISCIPLES - HOW DEEP IS YOUR LOVE,29
RICKY MARTIN,37,ROYEL OTIS - SAY SOMETHING,29
JAN SEVEN DETTWYLER,37,ZARA LARSSON - LUSH LIFE,29
ILIRA,37,MARI FROES - VAITIMBORA,29
INXS,37,A7S - KERNKRAFT 400 (A BETTER DAY),29
LIAM PAYNE,37,COOKIN' ON 3 BURNERS - THIS GIRL,29
NEK,37,WET LEG - MANGETOUT,29
MORGAN WALLEN,37,SKAAR - MISSING OUT,29
EMILEE,37,MØ - LOSE YOURSELF,29
NICKI MINAJ,37,NOMCEBO ZIKODE - JERUSALEMA,29
ALAN WALKER,37,SEBASTIAN SCHUB - BLISTERS & SUNBURN,29
EMELI SANDÉ,37,49TH - HAPPY DAYS,29
MR. PROBZ,37,MAIN - HAPPY DAYS,29
WALK THE MOON,37,SAM HARPER - WATERFALLS,29
GIRL IN RED,37,BOBBY HARVEY - WATERFALLS,29
REMA,36,KYGO - FIRESTONE,28
ICONA POP,36,ONEREPUBLIC - I DON'T WANNA WAIT,28
SPICE GIRLS,36,DAVID GUETTA - I DON'T WANNA WAIT,28
NEA,36,"SHAKIRA - WHENEVER, WHEREVER",28
LUDACRIS,36,R.E.M - LOSING MY RELIGION,28
ARNOLD SCHW,36,SAM SMITH - DIAMONDS,28
MASTER KG,36,BACKSTREET BOYS - QUIT PLAYING GAMES (WITH MY HEART),28
SPANDAU BALLET,36,MARK FORSTER - ÜBERMORGEN,28
LISSA,36,RUDIMENTAL - ALIBI,28
BLACK HONEY,35,ALEXIS JORDAN - GOT 2 LUV U,28
JASMINE THOMPSON,35,WAMDUE PROJECT - KING OF MY CASTLE,28
SOPHIE B. HAWKINS,35,CHER - IF I COULD TURN BACK TIME,28
PATENT OCHSNER,35,JESS GLYNNE - RATHER BE,28
METALLICA,35,NEK - LAURA NON C'È,28
DESTINY'S CHILD,35,IMANY - DON'T BE SO SHY,28
OWL CITY,35,TINA TURNER - THE BEST,28
OLLY MURS,35,AMY MACDONALD - THIS IS THE LIFE,28
ARCTIC MONKEYS,35,A-HA - TAKE ON ME,28
KLINGANDE,35,NATALIE IMBRUGLIA - TORN,28
MEGHAN TRAINOR,35,ALESSIA CARA - SCARS TO YOUR BEAUTIFUL,28
LEVKA,35,LAURELL - ALL IN,28
DIDO,35,FAST BOY - BAD MEMORIES,28
OMI,35,DURAN DURAN - ORDINARY WORLD,28
DONNA SUMMER,35,ELLA HENDERSON - ALIBI,28
CULTURE CLUB,35,NIK KERSHAW - THE RIDDLE,28
SEAL,35,BTS - DYNAMITE,28
SKUTH,35,YOUNOTUS - ALL IN,28
SMOKIE,35,TAIO CRUZ - DYNAMITE,28
REMI WOLF,35,YASHA - LILA WOLKEN,28
PRINCESS NOKIA,35,MISS PLATNUM - LILA WOLKEN,28
JACK HARLOW,35,TASMIN ARCHER - SLEEPING SATELLITE,28
PAULA HARTMANN,35,LMFAO - PARTY ROCK ANTHEM,28
YUNG SAINT PAUL,35,LUVCAT - LOVE & MONEY,28
GREEEN,35,TY DOLLA $IGN - LOCATION,28
BOB SINCLAR,34,WIZ KHALIFA ZERB - LOCATION,28
DEAN LEWIS,34,DAMIANO DAVID - NEXT SUMMER,27
NICKLESS,34,THE WEEKND - TAKE MY BREATH,27
MUSE,34,ROXETTE - JOYRIDE,27
ADEL TAWIL,34,MADONNA - LA ISLA BONITA,27
TRINIX,34,LEONY - THE WEEKEND,27
SOPHIE ELLIS-BEXTOR,34,SMALL JAM - IKO IKO,27
IMANY,34,BRITNEY SPEARS - TOXIC,27
JAYMES YOUNG,34,BRITNEY SPEARS - HOLD ME CLOSER,27
FINE YOUNG CANNIBALS,34,JUSTIN BIEBER - PEACHES,27
ALESSIA CARA,34,TEARS FOR FEARS - SHOUT,27
GENTLEMAN,34,ELLEY DUHE - BAD MEMORIES,27
THIRTY SECONDS TO MARS,34,CHARLIE PUTH - ATTENTION,27
DARIO G,34,OLIVIA RODRIGO - VAMPIRE,27
DIANA ROSS,34,POST MALONE - CIRCLES,27
KELLI-LEIGH,34,ALICIA KEYS - UNDERDOG,27
DR. HOOK,34,ELTON JOHN - HOLD ME CLOSER,27
49TH,34,CALVIN HARRIS - OUTSIDE,27
MAIN,34,LOI - GOLD,27
HAYLEY WILLIAMS OF PARAMORE,34,TOPIC - BREAKING ME,27
LOCO ESCRITO,33,STROMAE - PAPAOUTAI,27
BLINK-182,33,JOHN NEWMAN - LOVE ME AGAIN,27
OF MONSTERS AND MEN,33,OF MONSTERS AND MEN - LITTLE TALKS,27
DUCK SAUCE,33,MICHAEL SCHULTE - BEAUTIFUL REASON,27
MATT SIMONS,33,USHER - DJ GOT US FALLIN' IN LOVE,27
ONE REPUBLIC,33,A7S - BREAKING ME,27
NICK KAMEN,33,SOFT CELL - TAINTED LOVE,27
DECLAN J DONOVAN,33,IMRAN - THE WEEKEND,27
KATE BUSH,33,PATRICK SWAYZE - SHE'S LIKE THE WIND,27
SKAAR,33,PROVINZ - GLAUBST DU,27
KATRINA,33,"GNASH - I HATE U, I LOVE U",27
THE WAVES,33,"OLIVIA O'BRIEN - I HATE U, I LOVE U",27
COCK ROBIN,33,DIE HÖCHSTE EISENBAHN - ICH KOMM GLEICH NACH,27
THE MAGICIAN,33,ALLI NEUMANN - VOM ANDEREN STERN,27
LONDONBEAT,33,CAUTIOUS CLAY - FADE BLUE,27
SILBERMOND,33,RAYE - YOU DON'T KNOW ME,26
STICKLE,33,AVICII - WAKE ME UP,26
CROWDED HOUSE,32,AVICII - WITHOUT YOU,26
MARY J. BLIGE,32,"BRUNO MARS - YOUNG, WILD & FREE",26
JUANES,32,"SNOOP DOGG - YOUNG, WILD & FREE",26
JANELLE MONAE,32,PURPLE DISCO MACHINE - PARADISE,26
VALENTINO VIVACE,32,RITA ORA - FOR YOU,26
OZUNA,32,KESHA - DIE YOUNG,26
DABU FANTASTIC,32,THE UNDERDOG PROJECT - SUMMER JAM,26
CUTTING CREW,32,MADONNA - LIKE A PRAYER,26
BOY,32,LEONY - FADED LOVE,26
SIXPENCE NONE THE RICHER,32,IMAGINE DRAGONS - ON TOP OF THE WORLD,26
BASCHI,32,ROBIN SCHULZ - SUGAR,26
PAT BENATAR,32,LOST FREQUENCIES - BACK TO YOU,26
RICK ASTLEY,32,LOST FREQUENCIES - ARE YOU WITH ME,26
CHARLES,32,X AMBASSADORS - BACK TO YOU,26
EDDIE,32,LIAM PAYNE - FOR YOU,26
TALK TALK,32,BOB MARLEY - COULD YOU BE LOVED,26
TASMIN ARCHER,32,THE BLACK KEYS - MAN ON A MISSION,26
MICHAEL BUBLÉ,32,JAY-Z - CRAZY IN LOVE,26
SAINT JHN,32,"WIZ KHALIFA - YOUNG, WILD & FREE",26
ASAF AVIDAN,32,ELTON JOHN - I'M STILL STANDING,26
DAYGLOW,32,TATE MCRAE - YOU BROKE ME FIRST,26
METRONOMY,32,SHANIA TWAIN - THAT DON'T IMPRESS ME MUCH,26
LEONIDEN,32,APACHE 207 - WUNDER,26
SLOE NOON,32,BLONDIE - MARIA,26
NICKY JAM,31,NOAH KAHAN - STICK SEASON,26
KIDDO,31,EMPIRE OF THE SUN - WE ARE THE PEOPLE,26
ELLEY DUHE,31,SOUL ASYLUM - RUNAWAY TRAIN,26
TLC,31,KINGS OF LEON - SEX ON FIRE,26
ECHOSMITH,31,TIESTO - LAY LOW,26
MEN AT WORK,31,JAX JONES - YOU DON'T KNOW ME,26
FREYA RIDINGS,31,DON HENLEY - THE BOYS OF SUMMER,26
JUSTICE,31,WHITESNAKE - HERE I GO AGAIN,26
THE CURE,31,LENE MARLIN - SITTING DOWN HERE,26
YOUNG THUG,31,MARTERIA - LILA WOLKEN,26
JAMES MORRISON,31,MR. BIG - TO BE WITH YOU,26
THE REMBRANDTS,31,SANDRO CAVAZZA - WITHOUT YOU,26
G-EAZY,31,MARC COHN - WALKING IN MEMPHIS,26
JAMIE XX,31,TIËSTO - THE MOTTO,26
ATOMIC KITTEN,31,ERIC PRYDZ - CALL ON ME,26
BOSSE,31,AYLIVA - WUNDER,26
NENA,31,LOUIS FUTON - FEEL YOUR FLAME,26
STATUS QUO,31,THE NEIGHBOURHOOD - SWEATER WEATHER,26
WILLY WILLIAM,31,ALOK - ALL BY MYSELF,25
POMME,31,RITON - TURN ME ON,25
DAVID PUENTEZ,31,OLIVER HELDENS - TURN ME ON,25
BAC,31,PICTURE THIS - GET ON MY LOVE,25
CAT STEVENS,31,MILEY CYRUS - FLOWERS,25
BANKS,31,AVICII - ADDICTED TO YOU,25
1LIVE DJ SESSION,31,HOZIER - TAKE ME TO CHURCH,25
LADINA,30,JORIS - DAS LEBEN IST...,25
DR. ALBAN,30,JANET JACKSON - TOGETHER AGAIN,25
STEVANS,30,SNOOP DOGG - CALIFORNIA GURLS,25
AC,30,PURPLE DISCO MACHINE - ALL MY LIFE,25
DC,30,KESHA - TIMBER,25
JOURNEY,30,QUEEN - A KIND OF MAGIC,25
NOAH KAHAN,30,LEONY - HOLDING ON,25
GOSSIP,30,DERMOT KENNEDY - GIANTS,25
VAN HALEN,30,IMAGINE DRAGONS - RADIOACTIVE,25
LOUD LUXURY,30,RIHANNA - THIS IS WHAT YOU CAME FOR,25
BRANDO,30,MILKY CHANCE - STOLEN DANCE,25
TIESTO,30,MILKY CHANCE - LIVING IN A HAZE,25
TONES AND I,30,MILKY CHANCE - COLORADO,25
MUFASA,30,GEORGE EZRA - ANYONE FOR YOU,25
HYPEMAN,30,SEAN PAUL - ROCKABYE,25
SUPERTRAMP,30,TAYLOR SWIFT - I KNEW YOU WERE TROUBLE (TAYLOR'S VERSION),25
SHERYL CROW,30,BRYAN ADAMS - SUMMER OF '69,25
TIMBALAND,30,AVA MAX - MY HEAD & MY HEART,25
ANNA NAKLAB,30,ELLIE GOULDING - ALL BY MYSELF,25
RICHARD MARX,30,ELLIE GOULDING - BURN,25
AURA DIONE,30,MAJOR LAZER - LIGHT IT UP,25
SAVAGE GARDEN,30,CALVIN HARRIS - THIS IS WHAT YOU CAME FOR,25
WOMACK,30,ARIANA GRANDE - NO TEARS LEFT TO CRY,25
EARTH,30,TOPIC - YOUR LOVE (9PM),25
FIRE,30,EVERYTHING BUT THE GIRL - MISSING,25
ICH + ICH,30,WES - ALANE,25
ALISON MOYET,30,MUFASA - FRIDAY (DOPAMINE RE-EDIT),25
JENNIFER RUSH,30,HYPEMAN - FRIDAY (DOPAMINE RE-EDIT),25
MAGGIE REILLY,30,TAKE THAT - BACK FOR GOOD,25
SPARKLING,30,LAURA BRANIGAN - SELF CONTROL,25
BETTEROV,30,SIGALA - ALL BY MYSELF,25
MAU P,30,CHRIS DE - CYNICAL,25
SEBASTIAN INGROSSO,30,KENNY LOGGINS - FOOTLOOSE,25
TURNSTILE,30,NICK KAMEN - I PROMISED MYSELF,25
BABA SHRIMPS,29,KATRINA - WALKING ON SUNSHINE,25
ROOFTOP SAILORS,29,THE WAVES - WALKING ON SUNSHINE,25
SMALL JAM,29,DAVINA MICHELLE - NO ONE SAID IT WAS EASY,25
CRIMER,29,SAINT JHN - ROSES (IMANBEK REMIX),25
BENJAMIN AMARU,29,JAN-CHRISTIAN ZELLER - 1LIVE MOVING MIX,25
MAÎTRE GIMS,29,VULA - TURN ME ON,24
SIMPLE PLAN,29,DUA LIPA - PHYSICAL,24
FAITHLESS,29,ALEX WARREN - ON MY MIND,24
NOTHING BUT THIEVES,29,ALEXANDRA STAN - MR. SAXOBEAT,24
GIGI D'AGOSTINO,29,THE KILLERS - HUMAN,24
SPORTFREUNDE STILLER,29,ROSE - ON MY MIND,24
DISCIPLES,29,FARRUKO - PEPAS,24
MARI FROES,29,JENNIFER LOPEZ - WAITING FOR TONIGHT,24
TRETTMANN,29,WHAM! - WAKE ME UP BEFORE YOU GO GO,24
COOKIN' ON 3 BURNERS,29,OLIVIA DEAN - MAN I NEED,24
MOBY,29,OLIVIA RODRIGO - DRIVERS LICENSE,24
AURORA,29,MARSHMELLO - SLOW MOTION,24
SANDRO CAVAZZA,29,FAITHLESS - INSOMNIA,24
CHRIS DE,29,ARIANA GRANDE - BREAK FREE,24
EL,29,TOTO - AFRICA,24
KERI HILSON,29,JONAS BROTHERS - SLOW MOTION,24
LMFAO,29,ALLE FARBEN - SUPERGIRL,24
LUVCAT,29,ALLE FARBEN - FORGOT HOW TO LOVE,24
INÉZ,29,THE KID LAROI - WITHOUT YOU,24
DAVINA MICHELLE,29,MODJO - LADY (HEAR ME TONIGHT),24
NOMCEBO ZIKODE,29,JAX JONES - BREATHE,24
PEGGY GOU,29,HADDAWAY - WHAT IS LOVE,24
LONDON GRAMMAR,29,NIK KERSHAW - WOULDN'T IT BE GOOD,24
BIIG PIIG,29,BADCHIEFF - 9 BIS 9,24
KITSCHKRIEG,29,MARILLION - KAYLEIGH,24
HINDS,29,DRAKE - HOLD ON WE'RE GOING HOME,24
RÜFÜS DU SOL,29,DES'REE - LIFE,24
SHELTER BOY,29,FIFTH HARMONY - WORTH IT,24
CHRIS LAKE,29,ANNA NAKLAB - SUPERGIRL,24
SAM HARPER,29,JAMES HYPE - FERRARI,24
BOBBY HARVEY,29,TIËSTO - THE BUSINESS,24
COI LERAY,28,MOSS KENA - FORGOT HOW TO LOVE,24
ALEXIS JORDAN,28,INA WROLDSEN - BREATHE,24
WAMDUE PROJECT,28,AXWELL - MORE THAN YOU KNOW,24
SUZANNE VEGA,28,MALIK HARRIS - STICKS & STONES,24
MIDGE URE,28,JERMAINE JACKSON - WHEN THE RAIN BEGINS TO FALL,24
KEANE,28,MØ - FINAL SONG,24
KPOP DEMON HUNTERS CAST,28,WOMACK - TEARDROPS,24
NATALIE IMBRUGLIA,28,THE MAGICIAN - ALL MY LIFE,24
OUTKAST,28,ZEDD - BREAK FREE,24
PASSENGER,28,KID INK - WORTH IT,24
DON HENLEY,28,PHARRELL - GET LUCKY,24
WHITESNAKE,28,WINSTON SURFSHIRT - I CAN'T HIDE,24
FICTION FACTORY,28,BAUSA - 9 BIS 9,24
DES'REE,28,SIRA - 9 BIS 9,24
MARC COHN,28,ROOFTOP SAILORS - ROLLERCOASTER,23
LILLY WOOD,28,DUA LIPA - LOVE AGAIN,23
LISA STANSFIELD,28,BILLIE EILISH - BAD GUY,23
SOFT CELL,28,AUDREY HOBERT - SUE ME,23
YASHA,28,ROXETTE - IT MUST HAVE BEEN LOVE,23
MISS PLATNUM,28,COI LERAY - BABY DON'T HURT ME,23
MOSS KENA,28,KATY PERRY - I KISSED A GIRL,23
SANDRA,28,OFENBACH - HEAD SHOULDERS KNEES & TOES,23
ÁLVARO SOLER,28,OFENBACH - HURRICANE,23
ÄTNA,28,LEONY - SOMEWHERE IN BETWEEN,23
CHANNEL TRES,28,ALANNAH MYLES - BLACK VELVET,23
TRAVIS SCOTT,28,JUSTIN BIEBER - LET ME LOVE YOU,23
FISHER,28,ROBIN SCHULZ - SUN GOES DOWN,23
WIZ KHALIFA ZERB,28,RAG'N'BONE MAN - LOVERS IN A PAST LIFE,23
TRAVIS,27,TEARS FOR FEARS - EVERYBODY WANTS TO RULE THE WORLD,23
THE SOULS,27,CHARLIE PUTH - SEE YOU AGAIN,23
THE 1975,27,TOM GREGORY - RIVER,23
PAT BURGENER,27,MARTIN GARRIX - WE ARE THE PEOPLE,23
PHENOMDEN,27,BONO - WE ARE THE PEOPLE,23
THE POINTER SISTERS,27,THE EDGE - WE ARE THE PEOPLE,23
CULTURE BEAT,27,MEN AT WORK - DOWN UNDER,23
WYCLEF JEAN,27,DOJA CAT - SAY SO,23
KIM PETRAS,27,PET SHOP BOYS - ALWAYS ON MY MIND,23
SAMPHA,27,ROBBIE WILLIAMS - LOVE MY LIFE,23
JOHN LEGEND,27,THE BLACK KEYS - ON REPEAT,23
GWEN STEFANI,27,AVA MAX - MILLION DOLLAR BABY,23
IMRAN,27,MAJOR LAZER - LEAN ON,23
BLUE,27,DJ SNAKE - LET ME LOVE YOU,23
MARQUESS,27,MAROON 5 - MEMORIES,23
ZAZ,27,WIZ KHALIFA - SEE YOU AGAIN,23
PATRICK SWAYZE,27,JOURNEY - DON'T STOP BELIEVIN',23
WET WET WET,27,CALVIN HARRIS - LOVERS IN A PAST LIFE,23
ALIDA,27,FINE YOUNG CANNIBALS - SHE DRIVES ME CRAZY,23
GNASH,27,HALSEY - CLOSER,23
OLIVIA O'BRIEN,27,NO DOUBT - DON'T SPEAK,23
ORCHESTRAL MANOEUVRES IN THE DARK,27,ALEC BENJAMIN - LET ME DOWN SLOWLY,23
KID INK,27,SKI AGGU - PARTY SAHNE,23
CLIFF RICHARD,27,KINGS OF LEON - USE SOMEBODY,23
ELECTRIC LIGHT ORCHESTRA,27,EAGLE-EYE CHERRY - SAVE TONIGHT,23
PHARRELL,27,THE CHAINSMOKERS - CLOSER,23
GLORIA GAYNOR,27,ELLA HENDERSON - HURRICANE,23
BILDERBUCH,27,NIK KERSHAW - I WON'T LET THE SUN GO DOWN ON ME,23
CASPER,27,WIR SIND HELDEN - NUR EIN WORT,23
CAUTIOUS CLAY,27,GALA - FREED FROM DESIRE,23
BUNT,27,REAL LIFE - SEND ME AN ANGEL,23
THE UNDERDOG PROJECT,26,QUARTERHEAD - HEAD SHOULDERS KNEES & TOES,23
AL PRIDE,26,PIA ZADORA - WHEN THE RAIN BEGINS TO FALL,23
THE BIRTHDAY GIRLS,26,AYLIVA - HÄSSLICH,23
LINA BUTTON,26,ELLEY DUHÉ - BACK TO YOU,23
KELLY ROWLAND,26,WET WET WET - LOVE IS ALL AROUND,23
BOMBAY BICYCLE CLUB,26,MARQUE - ONE TO MAKE HER HAPPY,23
THE CRANBERRIES,26,RONIS GOLIATH - ICE 2 WATER,23
LIZZO,26,SKUTH - ZU DEN ANDEREN,23
WILL.I.AM,26,BAC - ZU DEN ANDEREN,23
JOY CROOKES,26,ASAF AVIDAN - ONE DAY (RECKONING SONG) WANKELMUT REMIX,23
SOUL ASYLUM,26,THE WEEKND METRO BOOMIN' - CREEPIN',23
MODJO,26,MARK RONSON - UPTOWN FUNK,22
BILL MEDLEY,26,DAVID GUETTA - I'M GOOD (BLUE),22
HADDAWAY,26,BRUNO MARS - JUST THE WAY YOU ARE,22
PINK FLOYD,26,BRUNO MARS - UPTOWN FUNK,22
JASON MRAZ,26,TOVE LO - HABITS (STAY HIGH) (HABITS REMIX),22
LENE MARLIN,26,HIPPIE SABOTAGE - HABITS (STAY HIGH) (HABITS REMIX),22
ALL SAINTS,26,PHARRELL WILLIAMS - HAPPY,22
ROB THOMAS,26,RIHANNA - S&M,22
MEAT LOAF,26,JENNIFER LOPEZ - LET'S GET LOUD,22
MGK,26,MACKLEMORE - THRIFT SHOP,22
THE CORRS,26,JASON DERULO - IN MY HEAD,22
ANNENMAYKANTEREIT,26,TAYLOR SWIFT - SHAKE IT OFF,22
STEVE WINWOOD,26,JUNIOR SENIOR - MOVE YOUR FEET,22
CHICAGO,26,LIL NAS X - THATS WHAT I WANT,22
CHRISTOPHER CROSS,26,DJ SNAKE - LEAN ON,22
WINSTON SURFSHIRT,26,BELINDA CARLISLE - HEAVEN IS A PLACE ON EARTH,22
POWER PLUSH,26,DANIEL CAESAR - PEACHES,22
THE NEIGHBOURHOOD,26,WHITNEY HOUSTON - HOW WILL I KNOW,22
OLIVER HELDENS,25,CLOCKCLOCK - SOMEONE ELSE,22
JOVANOTTI,25,ZARTMANN - EEHHHYYY,22
EVERYTHING BUT THE GIRL,25,TOM ODELL - ANOTHER LOVE,22
WES,25,BEBE REXHA - I'M GOOD (BLUE),22
MARLON ROUDETTE,25,CALUM SCOTT - WHISTLE,22
SONIQUE,25,USHER - SCREAM,22
GORILLAZ,25,JAX JONES - WHISTLE,22
GEORGE HARRISON,25,MARTIN SOLVEIG - HELLO,22
DESIRELESS,25,DRAGONETTE - HELLO,22
IRENE CARA,25,FAST BOY - NOTHING LASTS FOREVER,22
REAL LIFE,25,FRANCESCO YATES - SUGAR,22
SAM FELDT,25,ONE DIRECTION - WHAT MAKES YOU BEAUTIFUL,22
BONEY M,25,MR. MISTER - KYRIE,22
JOHN PARR,25,NEA - SOME SAY,22
LA ROUX,25,FICTION FACTORY - FEELS LIKE HEAVEN,22
BILLY OCEAN,25,GIVEON - PEACHES,22
THUNDER JACKSON,25,RYAN LEWIS - THRIFT SHOP,22
JAIN,25,HERBERT GRÖNEMEYER - MENSCH,22
JEREMIAS,25,BEYONCÉ - CRAZY IN LOVE,22
MAC MILLER,25,CANDLE - RESCUE ME,22
VULA,24,HALL - MANEATER,22
AUDREY HOBERT,24,VELLA - ALL MY LOVE,22
WEEZER,24,CARO EMERALD - A NIGHT LIKE THIS,22
ALEXANDRA STAN,24,MIGGY DELA ROSA - FERRARI,22
QUEENS OF THE STONE AGE,24,CÉLINE DION - THAT'S THE WAY IT IS,22
J. BALVIN,24,SOUTHSTAR - MISS YOU,22
JAMIROQUAI,24,OASIS - WONDERWALL,21
THE STROKES,24,THE WEEKND - STARBOY,21
BECKY HILL,24,MICHAEL PATRICK KELLY - THROWBACK,21
MGMT,24,ROXETTE - THE LOOK,21
LA BOUCHE,24,GABRIELLA CILMI - SWEET ABOUT ME,21
KATE YANAI,24,SNOOP DOGG - BEAUTIFUL,21
CIRCA WAVES,24,DANTE THOMAS - MISS CALIFORNIA,21
LUTRICIA MCNEAL,24,PURPLE DISCO MACHINE - IN THE DARK,21
DIJON,24,NORMA JEAN MARTINE - ANTHEM,21
DUFFY,24,SAM SMITH - STAY WITH ME,21
MARILLION,24,QUEEN - I WANT TO BREAK FREE,21
ECHT,24,LEONY - ROCK N ROLL,21
GIVEON,24,SOMBR - BACK TO FRIENDS,21
HALL,24,EMINEM - THE MONSTER,21
NO ANGELS,24,EMINEM - LOVE THE WAY YOU LIE,21
SCORPIONS,24,IMAGINE DRAGONS - BELIEVER,21
AXWELL,24,NICKY JAM - EL PERDÓN,21
JERMAINE JACKSON,24,RIHANNA - THE MONSTER,21
FRANCE GALL,24,RIHANNA - LOVE THE WAY YOU LIE,21
BEE GEES,24,RIHANNA - STAY,21
THE POLICE,24,KYLIE MINOGUE - CAN'T GET YOU OUT OF MY HEAD,21
MANFRED MANN'S EARTH BAND,24,SIMPLY RED - STARS,21
CARO EMERALD,24,TWENTY ONE PILOTS - HEATHENS,21
FRIEDBERG,24,AVRIL LAVIGNE - COMPLICATED,21
AMILLI,24,ELLIE GOULDING - OUTSIDE,21
ELIZA ROSE,24,ASDIS - PICK UP!,21
SOFI TUKKER,23,CALVIN HARRIS - SUMMER,21
MELANIE FIONA,23,SHANIA TWAIN - KA-CHING!,21
HIPPIE SABOTAGE,23,ACE OF BASE - THE SIGN,21
ALANNAH MYLES,23,CRO - TRAUM,21
NIRVANA,23,CRO - EINMAL UM DIE WELT,21
BONO,23,VAN HALEN - JUMP,21
THE EDGE,23,CYNDI LAUPER - TIME AFTER TIME,21
LOONA,23,DAFT PUNK - STARBOY,21
DANIEL CAESAR,23,GLOCKENBACH - ANTHEM,21
ADAM PORT,23,LUTRICIA MCNEAL - AIN'T THAT JUST THE WAY,21
ALEC BENJAMIN,23,SHERYL CROW - ALL I WANNA DO,21
BON IVER,23,FRED AGAIN - PLACES TO BE,21
JACK JOHNSON,23,UNCLE KRACKER - FOLLOW ME,21
JENNIFER WARNES,23,EL - BAD MEMORIES,21
EAGLE-EYE CHERRY,23,CAMOUFLAGE - LOVE IS A SHIELD,21
SWAE LEE,23,KATE BUSH - RUNNING UP THAT HILL,21
CHILDISH GAMBINO,23,MURRAY HEAD - ONE NIGHT IN BANGKOK,21
ARLO PARKS,23,MØ - LEAN ON,21
GIANNA NANNINI,23,ISAAK - HAPPY TEARS,21
FRANKIE GOES TO HOLLYWOOD,23,LONDONBEAT - I'VE BEEN THINKING ABOUT YOU,21
GALA,23,ZEDD - THE MIDDLE,21
QUARTERHEAD,23,GREY - THE MIDDLE,21
PIA ZADORA,23,MAREN MORRIS - THE MIDDLE,21
MARQUE,23,ADMT - FUCK YOU,21
RONIS GOLIATH,23,STARDUST - MUSIC SOUNDS BETTER WITH YOU,21
SADE,23,JENNIFER PAIGE - CRUSH,21
ENYA,23,DILLA - MEIN SCHÖNSTES KLEID,21
NILÜFER YANYA,23,ANDERSON .PAAK - PLACES TO BE,21
PIXEY,23,PORTUGAL.THE MAN - GLIDE,21
THE WEEKND METRO BOOMIN',23,THE WEEKND - I FEEL IT COMING,20
DISTURBED,22,COLDPLAY - PARADISE,20
CARDI B,22,NELLY FURTADO - SAY IT RIGHT,20
SOPHIE HUNGER,22,KATY PERRY - DARK HORSE,20
THE BANGLES,22,MAX GIESINGER - 80 MILLIONEN,20
PEDESTRIANS,22,SAM SMITH - PROMISES,20
JUNIOR SENIOR,22,AMAYA GLOOR - NEVER LET ME GO,20
MIDNIGHT OIL,22,ROBIN SCHULZ - ALL WE GOT,20
CMAT,22,KIDDO - ALL WE GOT,20
SOFT LOFT,22,PITBULL - GIVE ME EVERYTHING,20
RAUW ALEJANDRO,22,RIHANNA - PON DE REPLAY,20
LIQUIDO,22,NINA SKY - MOVE YA BODY,20
LEONA LEWIS,22,JABBA - MOVE YA BODY,20
DRAGONETTE,22,CRAZY TOWN - BUTTERFLY,20
FRANCESCO YATES,22,RAY DALTON - MANILA,20
AYMEN,22,ALVARO SOLER - MANILA,20
NENEH CHERRY,22,JAMES ARTHUR - IMPOSSIBLE,20
DIPLO,22,JASON DERULO - WANT TO WANT ME,20
WANDA,22,JASON DERULO - SWALLA,20
THE CONNELLS,22,TAYLOR SWIFT - SHAKE IT OFF (TAYLOR'S VERSION),20
CANDLE,22,PET SHOP BOYS - WEST END GIRLS,20
MELISSA ETHERIDGE,22,JONAS BLUE - FAST CAR,20
MICHAEL SEMBELLO,22,DAKOTA - FAST CAR,20
ULTRAVOX,22,TRAIN - DRIVE BY,20
SARAH CONNOR,22,CALVIN HARRIS - PROMISES,20
METRO BOOMIN,22,BASTILLE - THINGS WE LOST IN THE FIRE,20
GUNS'N'ROSES,22,MIDGE URE - IF I WAS,20
MIGGY DELA ROSA,22,OWL CITY - FIREFLIES,20
BARRY WHITE,22,CLOCKCLOCK - OVER,20
APSILON,22,HONEY - ICE 2 WATER,20
SOUTHSTAR,22,SIGMA - NOBODY TO LOVE,20
GABRIELLA CILMI,21,NICKI MINAJ - SWALLA,20
DANTE THOMAS,21,DAFT PUNK - ONE MORE TIME,20
AMAYA GLOOR,21,DAFT PUNK - I FEEL IT COMING,20
PRIYA RAGU,21,LUIS FONSI - ÉCHAME LA CULPA,20
PANDA LUX,21,DEMI LOVATO - ÉCHAME LA CULPA,20
MARLIN,21,LIQUIDO - NARCOTIC,20
FLORENCE AND THE MACHINE,21,NAYER - GIVE ME EVERYTHING,20
HEART,21,MR. PROBZ - WAVES (ROBIN SCHULZ REMIX),20
GOODBOYS,21,SOULSISTER - THE WAY TO YOUR HEART,20
STEREO LUCHS,21,DARIO G - SUNCHYME,20
TOM PETTY,21,CONRAD - FIRESTONE,20
BEASTIE BOYS,21,VANESSA CARLTON - A THOUSAND MILES,20
EVE,21,ALL SAINTS - PURE SHORES,20
LILY ALLEN,21,MATTHEW WILDER - BREAK MY STRIDE,20
STEFF LA CHEFFE,21,KELVIN JONES - BORN TO BREAK YOUR HEART,20
DAMIAN LYNN,21,RONAN KEATING - LIFE IS A ROLLERCOASTER,20
THE STREETS,21,ÁSDÍS - FLASHBACK,20
YAZOO,21,RICK ASTLEY - NEVER GONNA GIVE YOU UP,20
X,21,CHARLES - WOULD I LIE TO YOU?,20
SPLIFF,21,EDDIE - WOULD I LIE TO YOU?,20
ROBERT PALMER,21,REAMONN - SUPERGIRL,20
INNA,21,TAIO CRUZ - HANGOVER,20
NE-YO,21,TAYLOR DAYNE - TELL IT TO MY HEART,20
2PAC,21,MICHAEL SEMBELLO - MANIAC,20
THE TEMPER TRAP,21,WHEATUS - TEENAGE DIRTBAG,20
FOALS,21,ISAAK - ALWAYS ON THE RUN,20
KLANGKARUSSELL,21,ALESSI ROSE - SAME MOUTH,20
PETER SCHILLING,21,BANGLES - MANIC MONDAY,20
UNCLE KRACKER,21,FLORENCE + THE MACHINE - EVERYBODY SCREAM,20
OATES,21,KI - LOSING CONTROL,20
MURRAY HEAD,21,BEES WAKYIN - ICE 2 WATER,20
ERIC CARMEN,21,DISTURBED - THE SOUND OF SILENCE,19
MAXIMO PARK,21,ONEREPUBLIC - COUNTING STARS,19
GREY,21,ONEREPUBLIC - IF I LOSE MYSELF,19
MAREN MORRIS,21,RAYE - SECRETS,19
TANITA TIKARAM,21,DAVID GUETTA - FOREVER YOUNG,19
STARDUST,21,ANDREAS BOURANI - AUF UNS,19
GARY MOORE,21,BRUNO MARS - LOCKED OUT OF HEAVEN,19
SARAH MCLACHLAN,21,JORIS - HEART OVER HEAD,19
BRUCE HORNSBY,21,COLDPLAY - A SKY FULL OF STARS,19
BEABADOOBEE,21,TOM GRENNAN - LITTLE BIT OF LOVE,19
MAJAN,21,PURPLE DISCO MACHINE - DOPAMINE,19
JENNIFER PAIGE,21,JAMES BLUNT - BONFIRE HEART,19
CLOUT,21,FLO RIDA - GOOD FEELING,19
OSCAR AND THE WOLF,21,SAM SMITH - UNHOLY,19
DAÐI FREYR,21,DERMOT KENNEDY - POWER OVER ME,19
BABY OF THE BUNCH,21,IMAGINE DRAGONS - ENEMY,19
NOVAA,21,VERONICA FUSARO - NO RAIN NO TEARS,19
BLUSH ALWAYS,21,JUSTIN BIEBER - LOVE YOURSELF,19
SG LEWIS,21,PETER FOX - ZUKUNFT PINK,19
VENBEE,21,STING - FIELDS OF GOLD,19
PORTUGAL.THE MAN,21,BOB MARLEY - BUFFALO SOLDIER,19
GIL GLAZE,20,THE POINTER SISTERS - I'M SO EXCITED,19
CARROUSEL,20,SUZANNE VEGA - LUKA,19
FROM KID,20,TATE MCRAE - 1035,19
NINA SKY,20,CULTURE BEAT - MR. VAIN,19
JABBA,20,CMAT - TAKE A SEXY PICTURE OF ME,19
CRAZY TOWN,20,CAMILA CABELLO - DON'T GO YET,19
KISS,20,KWABS - WALK,19
BLIGG,20,X - GOLDEN,19
BEYONCE,20,APACHE 207 - MORGEN**,19
ROBYN,20,CRO - MELODIE,19
77 BOMBAY STREET,20,STARSHIP - NOTHING'S GONNA STOP US NOW,19
SAM HIMSELF,20,MICHAEL SCHULTE - BETTER ME,19
DAKOTA,20,R3HAB - BETTER ME,19
JANELLE MONÁE,20,"BEBE REXHA - ME, MYSELF AND I",19
DODO,20,ANASTACIA - I'M OUTTA LOVE,19
EDWYN COLLINS,20,GLOCKENBACH - DIRTY DANCING,19
FONTAINES D.C,20,MANDO DIAO - DANCE WITH SOMEBODY,19
SIGMA,20,KIM PETRAS - UNHOLY,19
NAYER,20,SIMPLE MINDS - DON'T YOU (FORGET ABOUT ME),19
3 DOORS DOWN,20,ATB - YOUR LOVE (9PM),19
ZAYN,20,A7S - YOUR LOVE (9PM),19
SOULSISTER,20,"G-EAZY - ME, MYSELF AND I",19
GRAHAM CANDY,20,GIANT ROOKS - WATERSHED,19
SUGAR,20,LEVKA - LANGSAM WARM,19
RAZORLIGHT,20,REGARD - SECRETS,19
CONRAD,20,THE CALLING - WHEREVER YOU WILL GO,19
REO SPEEDWAGON,20,FRANKIE GOES TO HOLLYWOOD - RELAX,19
VANESSA CARLTON,20,MR. BIG - WILD WORLD,19
TOM JONES,20,DAEC - I ADORE YOU,19
MATTHEW WILDER,20,RONAN KEATING - WHEN YOU SAY NOTHING AT ALL,19
TAYLOR DAYNE,20,ÁSDÍS - DIRTY DANCING,19
WHEATUS,20,TEN SHARP - YOU,19
LEANN RIMES,20,BILLY JOEL - WE DIDN'T START THE FIRE,19
MÅNESKIN,20,FALCO - ROCK ME AMADEUS,19
MUMFORD,20,FALCO - OUT OF THE DARK,19
SONS,20,TIËSTO - 1035,19
BOB SEGER,20,UB 40 - KINGSTON TOWN,19
FAITH HILL,20,OATES - MANEATER,19
BRUCKNER,20,YOUSSOU N'DOUR - 7 SECONDS,19
LUNA MORGENSTERN,20,MGK - MISS SUNSHINE,19
CHLOE SLATER,20,COCK ROBIN - THE PROMISE YOU MADE,19
KI,20,INÉZ - ZUKUNFT PINK,19
PAWSA,20,RUFUS AND CHAKA KHAN - AIN'T NOBODY,19
BEES WAKYIN,20,PEGGY GOU - (IT GOES LIKE) NANANA,19
BECK,19,POWER PLUSH - ACTING IN A WAY,19
JAMES BAY,19,TYLER THE CREATOR - SUGAR ON MY TONGUE,19
NAMIKA,19,JASSIN - BITTE SEI VORSICHTIG,19
BIRDY,19,CONFIDENCE MAN - GOSSIP,19
SOFIA KOURTESIS,19,JADE - GOSSIP,19
ALICE COOPER,19,JUICY J - DARK HORSE,19
KWABS,19,AFROJACK NE-YO - GIVE ME EVERYTHING,19
ZZ TOP,19,JASMINE THOMPSON - SUN GOES DOWN,18
NICO,19,MARK RONSON - VALERIE,18
YOLANDA BE COOL,19,JUSTIN TIMBERLAKE - THE OTHER SIDE,18
BAKERMAT,19,ANDREAS BOURANI - ASTRONAUT,18
ZUCCHERO,19,MICHAEL JACKSON - BEAT IT,18
ANNIE LENNOX,19,BRUNO MARS - GRENADE,18
LIMP BIZKIT,19,LITTLE SIMZ - ONLY,18
EIFFEL 65,19,SHAKIRA - HIPS DON'T LIE,18
THE CALLING,19,NELLY FURTADO - MANEATER,18
PAOLO NUTINI,19,FLO RIDA - RIGHT ROUND,18
DAEC,19,FLO RIDA - MY HOUSE,18
TEN SHARP,19,QUEEN - ANOTHER ONE BITES THE DUST,18
MILK,19,BACKSTREET BOYS - EVERYBODY (BACKSTREET'S BACK),18
YOUSSOU N'DOUR,19,IMAGINE DRAGONS - DEMONS,18
ROBERT MILES,19,SOLEROY - CALL IT,18
ALCAZAR,19,LADY BAZAAR - MY HEART IS BUMPING OUT,18
GLORIA ESTEFAN,19,MARLIN - WANTED TO KNOW,18
THE WAILERS,19,ROBIN SCHULZ - ALANE,18
RUFUS AND CHAKA KHAN,19,ROBIN SCHULZ - YOUNG RIGHT NOW,18
NORAH JONES,19,RUDIMENTAL - THESE DAYS,18
WIND,19,HARRY STYLES - SIGN OF THE TIMES,18
EXTREME,19,TAYLOR SWIFT - BLANK SPACE (TAYLOR'S VERSION),18
JIMMY CLIFF,19,PET SHOP BOYS - GO WEST,18
VAYA CON DIOS,19,STAIN OF LIGHT - COME ON,18
ALBERT HAMMOND,19,LIL NAS X - INDUSTRY BABY,18
LEYYA,19,DAN CAPLEN - THESE DAYS,18
FLUME,19,SOPHIE AND THE GIANTS - IN THE DARK,18
JOESEF,19,SOPHIE AND THE GIANTS - RED LIGHT,18
JASSIN,19,THE CURE - FRIDAY I'M IN LOVE,18
ROMY,19,LUCENZO - DANZA KUDURO,18
AMO,19,TAME IMPALA - END OF SUMMER,18
CONFIDENCE MAN,19,CHRISTINA AGUILERA - GENIE IN A BOTTLE,18
JADE,19,SIDO - ASTRONAUT,18
JUICY J,19,SANTANA - MARIA MARIA,18
AFROJACK NE-YO,19,EDWYN COLLINS - A GIRL LIKE YOU,18
SHUTTLE,18,TOM ODELL - BEST DAY OF MY LIFE (BUNT. VERSION),18
MANILLIO,18,MARIAH CAREY - WITHOUT YOU,18
SOLEROY,18,KAMRAD - I BELIEVE,18
LADY BAZAAR,18,YOLANDA BE COOL - WE NO SPEAK AMERICANO,18
SENS UNIK,18,SURVIVOR - EYE OF THE TIGER,18
OPEN SEASON,18,USHER - MORE,18
THE HOMESTORIES,18,SZA - THE OTHER SIDE,18
SINPLUS,18,DISCO LINES - NO BROKE BOYS*,18
ADAM LEVINE,18,TINASHE - NO BROKE BOYS*,18
STAIN OF LIGHT,18,GEORGE HARRISON - GOT MY MIND SET ON YOU,18
DAN CAPLEN,18,BELLINI - SAMBA DE JANEIRO,18
LUCENZO,18,DENNIS LLOYD - YOUNG RIGHT NOW,18
UGLY KID JOE,18,JAMELIA - SUPERSTAR,18
LAID BACK,18,KENNY LOGGINS - WELCOME TO HEARTLIGHT,18
RADIOHEAD,18, - JACKIE B,18
ELDERBROOK,18,INA WROLDSEN - HOW DEEP IS YOUR LOVE,18
JULIA MICHAELS,18,LIONEL RICHIE - DANCING ON THE CEILING,18
THE CARS,18,MALIK HARRIS - DREAMER,18
CRAIG DAVID,18,CASSANDRA STEEN - STADT,18
THE HUMAN LEAGUE,18,YEARS - SUNLIGHT,18
EDDY GRANT,18,JOHN PARR - ST. ELMO'S FIRE (MAN IN MOTION),18
ZONDERLING,18,CLOUDY JUNE - VITAMIN,18
TY DOLLA SIGN,18,ERIC CARMEN - HUNGRY EYES,18
SAMANTHA FOX,18,ADMT - COME ALONG,18
OZZY OSBOURNE,18,FAITH HILL - THIS KISS,18
EN VOGUE,18,DR. HOOK - WHEN YOU'RE IN LOVE WITH A BEAUTIFUL WOMAN,18
BELLINI,18,LYDIA KITTO - ONLY,18
JAMELIA,18,TYLER THE CREATOR - RING RING RING,18
4 NON BLONDES,18,JACK HARLOW - INDUSTRY BABY,18
MADNESS,18,TOMMY RICHMAN - MILLION DOLLAR BABY,18
FREDDIE MERCURY,18,VENBEE - NEW BODY PARTS,18
THE PRETENDERS,18,CAVETOWN - BABY SPOON,18
DJ JAZZY JEFF,18,BUNT - BEST DAY OF MY LIFE (BUNT. VERSION),18
U 2,18,DJ MUGZEE - 1LIVE GO HIP HOP MIX,18
ICH,18,JOSEPH (CH) - JACKIE B,18
RAINBIRDS,18,BRENT FAIYAZ FRIENDS - JACKIE B,18
VINZ,18,KYGO - STOLE THE SHOW,17
CASSANDRA STEEN,18,KYGO - WHAT'S LOVE GOT TO DO WITH IT,17
JOSHUA KADISON,18,DUA LIPA - LEVITATING,17
MARIT LARSEN,18,JUSTIN TIMBERLAKE - SUMMER LOVE,17
ABC,18,ALEX WARREN - ETERNITY*,17
THE PRICK AND ROBIN SCHULZ,18,NICO SANTOS - NUMBER 1,17
IZZY BIZU,18,DAVID GUETTA - CRAZY WHAT LOVE CAN DO,17
ICEHOUSE,18,CROWDED HOUSE - DON'T DREAM IT'S OVER,17
SIMON,18,BRUNO MARS - TREASURE,17
GARFUNKEL,18,BRUNO MARS - NOTHIN' ON YOU,17
MINE,18,CLUESO - DEJA VU,17
JOHNNY HATES JAZZ,18,COLDPLAY - VIVA LA VIDA,17
LYDIA KITTO,18,JANET JACKSON - WHOOPS NOW,17
LP GIOBBI,18,THE KILLERS - MR. BRIGHTSIDE,17
PORIJ,18,NELLY FURTADO - I'M LIKE A BIRD,17
RIKAS,18,KATY PERRY - CHAINED TO THE RHYTHM,17
ROSALÍA,18,MADONNA - HUNG UP,17
CASSIA,18,MARY J. BLIGE - FAMILY AFFAIR,17
CAVETOWN,18,U2 - WITH OR WITHOUT YOU,17
KEINEMUSIK (,18,LEONY - SIMPLE LIFE,17
RAMPA,18,LEONY - FRIENDSHIPS (LOST MY LOVE),17
ADAM PORT) ME,18,RIHANNA - UMBRELLA,17
IKKIMEL,18,MILKY CHANCE - SYNCHRONIZE,17
DJ MUGZEE,18,GEORGE EZRA - BLAME IT ON ME,17
JOSEPH (CH),18,KUNGS - DON'T YOU KNOW,17
BRENT FAIYAZ FRIENDS,18,CHARLIE PUTH - HOW LONG,17
PABLO NOUVELLE,17,JENNIFER LOPEZ - ON THE FLOOR,17
ALISON GOLDFRAPP,17,BECKY HILL - CRAZY WHAT LOVE CAN DO,17
LOUANE,17,TAYLOR SWIFT - BLANK SPACE,17
ALINA AMURI,17,TAYLOR SWIFT - WE ARE NEVER EVER GETTING BACK TOGETHER (TAYLOR'S VERSION),17
MIKA,17,OLIVIA DEAN - DIVE,17
JAKE BUGG,17,PET SHOP BOYS - IT'S A SIN,17
JANIECK,17,METALLICA - NOTHING ELSE MATTERS,17
LIV AVA,17,SNOW PATROL - CHASING CARS,17
MARINE,17,LIV AVA - LONELY AGAIN,17
DEFTONES,17,ZOE WEES - LIGHTNING,17
THE XX,17,MARINE - COEUR MALADROIT,17
WELSHLY ARMS,17,LOONA - BAILANDO,17
CHUMBAWAMBA,17,GEORGE MICHAEL - FAITH,17
SPOON,17,"TRAIN - HEY, SOUL SISTER",17
SPIN DOCTORS,17,ELLIE GOULDING - LOVE ME LIKE YOU DO,17
GUNS N' ROSES,17,MAROON 5 - MOVES LIKE JAGGER,17
ROSALIA,17,AMY WINEHOUSE - REHAB,17
THE BEAUTIFUL SOUTH,17,AMY WINEHOUSE - BACK TO BLACK,17
THE HOOTERS,17,"ARIANA GRANDE - THANK U, NEXT",17
NEW ORDER,17,CHUMBAWAMBA - TUBTHUMPING,17
DCUP,17,SPIN DOCTORS - TWO PRINCES,17
DJ ANTOINE,17,ADELE - HELLO,17
THE PROCLAIMERS,17,WINCENT WEISS - MUSIK SEIN,17
ROGER SANCHEZ,17,JONAS BROTHERS - WHAT A MAN GOTTA DO,17
BRANDY,17,JOEL CORRY - OUT OUT,17
BOYZONE,17,KAMRAD - I HOPE YOU END UP ALONE (WITH ME),17
ALT-J,17,KATE YANAI - BACARDI FEELING (SUMMER DREAMIN'),17
FUGEES,17,CYNDI LAUPER - TRUE COLORS,17
HOWARD JONES,17,DCUP - WE NO SPEAK AMERICANO,17
VAMPIRE WEEKEND,17,ROGER SANCHEZ - ANOTHER CHANCE,17
SKIP MARLEY,17,PAT BENATAR - LOVE IS A BATTLEFIELD,17
WANKELMUT,17,TONES AND I - UR SO F**KING COOL,17
EMMA LOUISE,17,ALOE BLACC - WAKE ME UP,17
FRESHLYGROUND,17,COLBIE CAILLAT - BUBBLY,17
SMALL,17,B.O.B - PRICE TAG,17
PEDRO CAPÓ,17,B.O.B - NOTHIN' ON YOU,17
PASCAL LETOUBLON,17,SONIQUE - SKY,17
VENGABOYS,17,SUNRISE AVENUE - HOLLYWOOD HILLS,17
BROOKE FRASER,17,PASSENGER - LET HER GO,17
IL CIVETTO,17,DUFFY - MERCY,17
ENNIO,17,ONE DIRECTION - DRAG ME DOWN,17
ENDZONE,17,SPICE GIRLS - WANNABE,17
EAGLES,17,KLANGKARUSSELL - SONNENTANZ,17
ANDRU DONALDS,17,MELANIE C - NEVER BE THE SAME AGAIN,17
FEARGAL SHARKEY,17,"DESIRELESS - VOYAGE, VOYAGE",17
LOYLE CARNER,17,NENEH CHERRY - 7 SECONDS,17
YUKNO,17,SUGAR - LET THE SUNSHINE IN,17
TORO Y MOI,17,LAURA BRANIGAN - GLORIA,17
CRO 01099,17,SKIP MARLEY - CHAINED TO THE RHYTHM,17
STEFFLON DON,17,MADNESS - OUR HOUSE,17
DELERIUM,17,OMI - CHEERLEADER (FELIX JAEHN REMIX),17
FOXES,17,DIANA ROSS - UPSIDE DOWN,17
CHANCE THE RAPPER,16,WANKELMUT - MY HEAD IS A JUNGLE,17
GOLDFRAPP,16,EMMA LOUISE - MY HEAD IS A JUNGLE,17
LUNIK,16,ATOMIC KITTEN - WHOLE AGAIN,17
TWO AND THE SUN,16,LENA - WHAT I WANT,17
SNAP,16,YOUNOTUS - SUPERGIRL,17
2RAUMWOHNUNG,16,NO ANGELS - DAYLIGHT IN YOUR EYES,17
BIG MOUNTAIN,16,MILK - LET THE SUNSHINE IN,17
ZIAN,16,BONEY M - SUNNY,17
INDIGO DE SOUZA,16,RAINBIRDS - BLUEPRINT,17
DJ BOBO,16,PASCAL LETOUBLON - FRIENDSHIPS (LOST MY LOVE),17
PATO,16,VENGABOYS - WE'RE GOING TO IBIZA,17
CORONA,16,CAMOUFLAGE - THE GREAT COMMANDMENT,17
SMASH MOUTH,16,ROBERT MILES - CHILDREN,17
BLUR,16,BROOKE FRASER - SOMETHING IN THE WATER,17
PARSON JAMES,16,ZEDD - CLARITY,17
ROYAL BLOOD,16,TANITA TIKARAM - TWIST IN MY SOBRIETY,17
THE CARDIGANS,16,TY DOLLA $IGN - SWALLA,17
ROXY MUSIC,16,EXTREME - MORE THAN WORDS,17
INNER CIRCLE,16,HUEY LEWIS - STUCK WITH YOU,17
SAWEETIE,16,THE NEWS - STUCK WITH YOU,17
VILLE VALO,16,SARAH MCLACHLAN - SILENCE (JOHN SUMMIT REMIX),17
THE BUGGLES,16,BRUCE HORNSBY - THE WAY IT IS,17
OPM,16,SPANDAU BALLET - GOLD,17
SAM TOMPKINS,16,MAJAN - 99 SORGEN,17
CLIMIE FISHER,16,ANAÏS - 99 SORGEN,17
GYM CLASS HEROES,16,ENDZONE - 99 SORGEN,17
RANI,16,FEARGAL SHARKEY - A GOOD HEART,17
CHICANE,16,DILLA - ANGST,17
HUMAN LEAGUE,16,BETTEROV - SO HIGH,17
FOOLS GARDEN,16,CRO 01099 - SO HEISS,17
SISTER SLEDGE,16,DELERIUM - SILENCE (JOHN SUMMIT REMIX),17
J.I.D,16,FOXES - CLARITY,17
SAM MARTIN,16,TURNSTILE - NEVER ENOUGH,17
BLACK,16,OASIS - DON'T LOOK BACK IN ANGER,16
DANY SYNTHÉ,16,LANA DEL REY - VIDEO GAMES,16
POWFU,16,BLACK HONEY - TO THE GRAVE,16
BELL BOOK,16,THE WEEKND - CREEPIN',16
JASON DONOVAN,16,THE WEEKND - THE HILLS,16
SUZI QUATRO,16,PRINCE - THE MOST BEAUTIFUL GIRL IN THE WORLD,16
CREEDENCE CLEARWATER REVIVAL,16,BAD BUNNY - NUEVAYOL,16
BETTE MIDLER,16,KHALID - EASTSIDE,16
G FLIP,16,EURYTHMICS - SWEET DREAMS (ARE MADE OF THIS),16
ALUNAGEORGE,16,"THE WOMBATS - SORRY I'M LATE, I DIDN'T WANT TO COME",16
PHILINE SONNY,16,MICHAEL JACKSON - BILLIE JEAN,16
DJANGO DJANGO,16,COLDPLAY - CLOCKS,16
SURFACES,16,SHAKIRA - UNDERNEATH YOUR CLOTHES,16
CATT,16,SHAKIRA - WAKA WAKA (THIS TIME FOR AFRICA),16
\ INGROSSO,16,MADONNA - AMERICAN PIE,16
JOHN SUMMIT,16,JUANES - LA CAMISA NEGRA,16
TREAM,16,BACKSTREET BOYS - I WANT IT THAT WAY,16
MORGAN SEATREE,16,SOPHIE B. HAWKINS - RIGHT BESIDE YOU,16
CAMELPHAT,16,IMAGINE DRAGONS - THUNDER,16
NICKY MINAJ,16,PHARRELL WILLIAMS - BEAUTIFUL,16
EDB,15,JUSTIN BIEBER - SORRY,16
AYA NAKAMURA,15,RAG'N'BONE MAN - SKIN,16
MICHAEL FRANTI,15,PITBULL - I KNOW YOU WANT ME (CALLE OCHO),16
SPILLER,15,LOST FREQUENCIES - REALITY,16
LUKAS GRAHAM,15,X AMBASSADORS - RENEGADES,16
TROUBAS KATER,15,PETER FOX - SCHÜTTEL DEINEN SPECK,16
THE HEARTBREAKERS,15,THE BLACK EYED PEAS - RITMO (BAD BOYS FOR LIFE),16
DON OMAR,15,STEVANS - BLUE LAGOON,16
LENNOX,15,WILL SMITH - MIAMI,16
FRANK OCEAN,15,BRYAN ADAMS - RUN TO YOU,16
FETTES BROT,15,BRYAN ADAMS - WHEN YOU'RE GONE,16
POLICE,15,FREYA RIDINGS - CASTLES,16
EILEEN ALISTER,15,PET SHOP BOYS - SUBURBIA,16
ALICE MERTON,15,TWENTY ONE PILOTS - LEVEL OF CONCERN,16
PARAMORE,15,ZOE WEES - CONTROL,16
THE PUSSYCAT DOLLS,15,MAÎTRE GIMS - LOIN,16
OLIVER SIM,15,LIL NAS X - THAT'S WHAT I WANT,16
KALEO,15,JESS GLYNNE - REAL LOVE,16
FIL BO RIVA,15,CORONA - THE RHYTHM OF THE NIGHT,16
CRYSTAL FIGHTERS,15,NICKELBACK - WHAT ARE YOU WAITING FOR,16
JUSTIN JESSO,15,LA BOUCHE - BE MY LOVER,16
DEICHKIND,15,PARSON JAMES - STOLE THE SHOW,16
ATC,15,TATE MCRAE - IT'S OK I'M OK,16
EDWARD MAYA,15,ALICE COOPER - POISON,16
VIKA JIGULINA,15,BELINDA CARLISLE - CIRCLE IN THE SAND,16
LOREEN,15,BLINK-182 - ALL THE SMALL THINGS,16
TITIYO,15,HALSEY - EASTSIDE,16
BURNA B,15,KPOP DEMON HUNTERS CAST - GOLDEN,16
NALIN,15,APACHE 207 - MIAMI,16
KANE,15,"THE REMBRANDTS - JUST THE WAY IT IS, BABY",16
KATE RYAN,15,SURVIVOR - BURNING HEART,16
KEVIN LYTTLE,15,GREEN DAY - BOULEVARD OF BROKEN DREAMS,16
MIAMI SOUND MACHINE,15,DEMI LOVATO - INSTRUCTION,16
BOBBY MCFERRIN,15,JAX JONES - INSTRUCTION,16
ALL-4-ONE,15,CHARLI XCX - OUT OUT,16
THE RANGE,15,THE CHAINSMOKERS - SOMETHING JUST LIKE THIS,16
CARLY SIMON,15,ATB - 9 PM (TILL I COME),16
FATONI,15,CLEAN BANDIT - REAL LOVE,16
AMERICA,15,LEVKA - ICH BRAUCHE DICH,16
PETER MAFFAY,15,BADCHIEFF - GUT AUS,16
NICOLE KIDMAN,15,SAWEETIE - OUT OUT,16
GAZEBO,15,MR. MISTER - BROKEN WINGS,16
OLIVIA NEWTON-JOHN,15,VILLE VALO - SUMMER WINE,16
AITCH,15,EIFFEL 65 - BLUE (DA BA DEE),16
JAMES BLAKE,15,MAKKO - GUT AUS,16
K.FLAY,15,AEROSMITH - I DON'T WANT TO MISS A THING,16
PURITY RING,15,SWEDISH HOUSE MAFIA - SAVE THE WORLD,16
CONNOR PRICE,15,DENNIS LLOYD - NEVERMIND,16
BLUMENGARTEN,15,THE BUGGLES - VIDEO KILLED THE RADIO STAR,16
DECLAN MCKENNA,15,ECHT - DU TRÄGST KEINE LIEBE IN DIR,16
DOMINIK HARTZ,15,OPM - HEAVEN IS A HALFPIPE,16
EVERYTHING EVERYTHING,15,SIGALA - EASY LOVE,16
SANTE SANSONE GOTYE,15,FRESHLYGROUND - WAKA WAKA (THIS TIME FOR AFRICA),16
ÖWNBOSS,15,SAM TOMPKINS - DIE FOR SOMEONE,16
SEVEK,15,THE CONNELLS - '74 - '75,16
SAMPAGNE,15,TALK TALK - SUCH A SHAME,16
STEVE EDWARDS,15,TALK TALK - IT'S MY LIFE,16
JAZEEK,15,UB 40 - RED RED WINE,16
PLAYBOI CARTI THE WEEKND,15,MELISSA ETHERIDGE - LIKE THE WAY I DO,16
DJ HEARTSTRING,15,J BALVIN - RITMO (BAD BOYS FOR LIFE),16
MALUGI,15,BENNY BLANCO - EASTSIDE,16
DJ MATTHIAS VÖLLM,14,J.I.D - ENEMY,16
GOTTHARD,14,METRO BOOMIN - CREEPIN',16
CHIARA CASTELLI,14,JAIN - MAKEBA,16
ANNA KÄNZIG,14,DANY SYNTHÉ - LOIN,16
FRANZ FERDINAND,14,BELL BOOK - RESCUE ME,16
JAWSH 685,14,VAYA CON DIOS - NAH NEH NAH,16
GIMS,14,BABY OF THE BUNCH - SLUTFIRE,16
ALICE PHOEBE LOU,14,ELIZA ROSE - B.O.T.A (BADDEST OF THEM ALL),16
THE DANDY WARHOLS,14,STEFFLON DON - INSTRUCTION,16
KAISER CHIEFS,14,\ INGROSSO - MORE THAN YOU KNOW,16
MARVIN GAYE,14,SIRA - GUT AUS,16
TOPLOADER,14,NICKY MINAJ - STARSHIPS,16
DAVID KUSHNER,14,ONEREPUBLIC - FIRE,15
LIL WAYNE,14,TRACY CHAPMAN - FAST CAR,15
HUS-BAND,14,PICTURE THIS - HEART OVER HEAD,15
THE AVENER,14,MELANIE FIONA - GIVE IT TO ME RIGHT,15
ADAM LAMBERT,14,ROXETTE - SLEEPING IN MY CAR,15
MASSIVE ATTACK,14,ROXETTE - SPENDING MY TIME,15
THE VERVE,14,ALEX WARREN - ORDINARY**,15
KID ROCK,14,DAVID GUETTA - WHEN LOVE TAKES OVER,15
THE VACCINES,14,MICHAEL JACKSON - SMOOTH CRIMINAL,15
PHOENIX,14,KATY PERRY - FIREWORK,15
LAGIQUE,14,PURPLE DISCO MACHINE - HYPNOTIZED,15
TAL BACHMAN,14,NORMA JEAN MARTINE - HEAD SHOULDERS KNEES & TOES,15
COOLIO,14,MAX GIESINGER - WENN SIE TANZT,15
MIKKY EKKO,14,JAMES BLUNT - STAY THE NIGHT,15
BEATSTEAKS,14,MADONNA - POPULAR,15
LAVINIA,14,U2 - I STILL HAVEN'T FOUND WHAT I'M LOOKING FOR,15
RIGHT SAID FRED,14,LENNY KRAVITZ - FLY AWAY,15
MONICA,14,PHIL COLLINS - YOU CAN'T HURRY LOVE,15
ROBIN BECK,14,SAM FENDER - TYRANTS,15
CLEAN BANDIT AND MABEL,14,BRITNEY SPEARS - SCREAM & SHOUT,15
SHEPPARD,14,SOPHIE B. HAWKINS - AS I LAY ME DOWN,15
VANESSA AMOROSI,14,LADY GAGA - HOLD MY HAND,15
MONTEZ,14,OZUNA - MAMACITA,15
FURY IN THE SLAUGHTERHOUSE,14,MICHAEL FRANTI - THE SOUND OF SUNSHINE,15
JUPITER JONES,14,PITBULL - FIREBALL,15
NO MERCY,14,RUDIMENTAL - FEEL THE LOVE,15
BERLIN,14,JENNIFER LOPEZ - AIN'T YOUR MAMA,15
GOOD CHARLOTTE,14,JENNIFER LOPEZ - IF YOU HAD MY LOVE,15
ALIZÉE,14,RAY DALTON - THE BEST IS YET TO COME,15
DELLÉ,14,MARTIN GARRIX - HERO,15
TIM BENDZKO,14,TLC - WATERFALLS,15
THE BLACKHEARTS,14,JASON DERULO - ACAPULCO,15
DOMINIC FIKE,14,SINPLUS - WHO'S TO SAY,15
SANTIGOLD,14,FREYA RIDINGS - WEEKENDS,15
KID CUDI,14,MIDNIGHT OIL - BEDS ARE BURNING,15
BOSTON,14,ROBBIE WILLIAMS - ANGELS,15
GARLAND JEFFREYS,14,ROBBIE WILLIAMS - FEEL,15
CHESNEY HAWKES,14,JUSTICE - NEVERENDER,15
"JOHN ""COUGAR"" MELLENCAMP",14,BEASTIE BOYS - (YOU GOTTA) FIGHT FOR YOUR RIGHT (TO PARTY),15
MAXI PRIEST,14,GEORGE MICHAEL - CARELESS WHISPER,15
PLAIN WHITE T'S,14,PINK - RUNAWAY,15
TRAVIE MCCOY,14,DON OMAR - DANZA KUDURO,15
THE COMMON LINNETS,14,POST MALONE - BETTER NOW,15
ROY ORBISON,14,TAME IMPALA - NEVERENDER,15
THE SILVER BULLET BAND,14,BRUCE SPRINGSTEEN - STREETS OF PHILADELPHIA,15
THE BEACH BOYS,14,CALVIN HARRIS - FEELS,15
SHEENA EASTON,14,CHRISTINA AGUILERA - MOVES LIKE JAGGER,15
TERRY JACKS,14,LAID BACK - SUNSHINE REGGAE,15
THE ALAN PARSONS PROJECT,14,JESSIE J - DOMINO,15
LEO SAYER,14,OWL CITY - GOOD TIME,15
UPSAHL,14,JAMES MORRISON - BROKEN STRINGS,15
EDWIN ROSEN,14,PORTUGAL. THE MAN - FEEL IT STILL,15
PIRI,14,WHITNEY HOUSTON - I WANNA DANCE WITH SOMEBODY (WHO LOVES ME),15
COURTNEY BARNETT,14,WYCLEF JEAN - HIPS DON'T LIE,15
AVAION,14,WILL.I.AM - SCREAM & SHOUT,15
2 CHAINZ,14,GIGI D'AGOSTINO - LA PASSION,15
REEZY,14,SPLIFF - CARBONARA,15
SKRILLEX,14,CRO - TEMPO,15
FILATOV,14,JOHN NEWMAN - FEEL THE LOVE,15
KARAS,14,NICO - AM I WRONG,15
FIREBOY DML,14,KIMBRA - SOMEBODY (2024),15
KAYTRANADA,13,ANASTACIA - PAID MY DUES,15
DACHS,13,TY DOLLA SIGN - WORK FROM HOME,15
MARC ANTHONY,13,BAKERMAT - ONE DAY (VANDAAG),15
STEPHAN EICHER,13,B.O.B - AIRPLANES,15
50 CENT,13,2PAC - CALIFORNIA LOVE,15
EYELAR,13,SEEED - AUFSTEHN,15
MATTIU,13,JOHN LEGEND - ALL OF ME,15
LAVAI,13,BADCHIEFF - TEMPO,15
MALUMA,13,HAYLEY WILLIAMS - AIRPLANES,15
JEANS FOR JESUS,13,SWEDISH HOUSE MAFIA - MOTH TO A FLAME,15
MOUSSE T,13,FIFTH HARMONY - WORK FROM HOME,15
CHERISH,13,LENA - LOOKING FOR LOVE,15
CAROLINE ALVES,13,P!NK - ALL I KNOW SO FAR,15
MATTAFIX,13,EDWARD MAYA - STEREO LOVE,15
ADRIAN SIEBER,13,VIKA JIGULINA - STEREO LOVE,15
THE KOLORS,13,MIKE OLDFIELD - MOONLIGHT SHADOW,15
THE DROPS,13,DONNA SUMMER - HOT STUFF,15
KANTEREIT,13,CULTURE CLUB - DO YOU REALLY WANT TO HURT ME,15
MARC ALMOND,13,CULTURE CLUB - KARMA CHAMELEON,15
THE STRUMBELLAS,13,SCORPIONS - WIND OF CHANGE,15
MARK MORRISON,13,LOREEN - EUPHORIA,15
RICK SPRINGFIELD,13,CARLY RAE JEPSEN - GOOD TIME,15
ORIGINAL KOFFEE,13,ZAZ - JE VEUX,15
YELLO,13,VINZ - AM I WRONG,15
HIM,13,TITIYO - COME ALONG,15
BRADLEY COOPER,13,BURNA B - WE PRAY,15
EARTHGANG,13,ERIC PRYDZ - PJANOO,15
WOODKID,13,SEAL - KISS FROM A ROSE,15
WESTLIFE,13,SAVAGE GARDEN - TO THE MOON AND BACK,15
BRONSKI BEAT,13,NALIN - BEACHBALL,15
DEAD OR ALIVE,13,KANE - BEACHBALL,15
CRYSTAL WATERS,13,KEVIN LYTTLE - TURN ME ON,15
AKON,13,JVKE - HERO,15
HOOTERS,13,KERI HILSON - I LIKE,15
ALIZEE,13,HUMAN LEAGUE - DON'T YOU WANT ME,15
JOJO,13,ALL-4-ONE - I SWEAR,15
IYAZ,13,MARIT LARSEN - IF A SONG COULD GET ME YOU,15
GLASPERLENSPIEL,13,THE MOVING STILLS - CAN'T BE LIKE THIS FOREVER,15
THE GOO GOO DOLLS,13,CHANNEL TRES - ASPEN,15
DEEP BLUE SOMETHING,13,TORO Y MOI - ASPEN,15
EMILIA,13,CONNOR PRICE - NOW WHAT?,15
GALANTIS,13,SHELTER BOY - YOUR FAVOURITE SONG,15
POLLYANNA,13,MAU P - TESLA,15
ISRAEL KAMAKAWIWO'OLE,13,CHRIS LAKE - SOMEBODY (2024),15
VISAGE,13,FISHER - SOMEBODY (2024),15
JACK,13,SANTE SANSONE GOTYE - SOMEBODY (2024),15
DEXYS MIDNIGHT RUNNERS,13,ÖWNBOSS - MOVE YOUR BODY,15
JON SECADA,13,SEVEK - MOVE YOUR BODY,15
JOAN JETT,13,SAMPAGNE - TEMPO,15
GLENN FREY,13,PLAYBOI CARTI THE WEEKND - POPULAR,15
EMILIANA TORRINI,13,BRAINCHILD - OXYGEN,14
DARYL HALL,13,DJ MATTHIAS VÖLLM - SRF 3 MINIMIX,14
DON MCLEAN,13,KYGO - STARS WILL ALIGN,14
CARL DOUGLAS,13,FELIX JAEHN - ALL FOR LOVE,14
KIM CARNES,13,FELIX JAEHN - AIN'T NOBODY (LOVES ME BETTER),14
PAUL MCCARTNEY,13,JASMINE THOMPSON - AIN'T NOBODY (LOVES ME BETTER),14
T'PAU,13,CAT BURNS - PEOPLE PLEASER,14
JUICE NEWTON,13,SHAWN MENDES - SENORITA,14
T. REX,13,BILLIE EILISH - LUNCH,14
PARCELS,13,THE WEEKND - MOTH TO A FLAME,14
WESTERNHAGEN,13,NELLY - HOT IN HERRE,14
JISKA,13,DAVID GUETTA - BEAUTIFUL PEOPLE**,14
JORJA SMITH,13,CROWDED HOUSE - WEATHER WITH YOU,14
CHVRCHES,13,JORIS - HERZ ÜBER KOPF,14
HATAAH,13,FOREIGNER - URGENT,14
MC DT,13,OFENBACH - WASTED LOVE,14
BBY,13,QUEEN - FRIENDS WILL BE FRIENDS,14
DILLOM,13,JUANES - A DIOS LE PIDO,14
JAFUNK,13,BILLY IDOL - SWEET SIXTEEN,14
AB SYNDROM,13,CHAPPELL ROAN - THE SUBWAY*,14
ELY OAKS,13,PHIL COLLINS - CAN'T STOP LOVING YOU,14
PASHANIM,13,SAM FENDER - REIN ME IN,14
DJ ANTOINE VS. TIMATI,13,BRITNEY SPEARS - BABY ONE MORE TIME,14
KALENNA,13,2RAUMWOHNUNG - 36 GRAD,14
CHUALA,13,IMAGINE DRAGONS - STARS WILL ALIGN,14
NIKLAS DEE,13,THE BIRTHDAY GIRLS - GIVE ME REASONS,14
THE NAKED,13,BANANARAMA - CRUEL SUMMER,14
FAMOUS,13,VALENTINO VIVACE - HULAHOOP,14
BABY BASH,13,EDB - BÄRN U NID BERLIN,14
1LIVE HIP HOP SESSION,13,JUSTIN BIEBER - WHAT DO YOU MEAN?,14
K-MARO,12,PITBULL - HOTEL ROOM SERVICE,14
GINNY LOON,12,RIHANNA - RUDE BOY,14
NICOLE BERNEGGER,12,LOST FREQUENCIES - WHERE ARE YOU NOW,14
PETER GABRIEL,12,SIA - CHANDELIER,14
DEATH BY CHOCOLATE,12,SIA - BEAUTIFUL PEOPLE**,14
ACRAZE,12,RED HOT CHILI PEPPERS - UNDER THE BRIDGE,14
TIM FREITAG,12,RED HOT CHILI PEPPERS - CALIFORNICATION,14
TOBIAS CARSHEY,12,JENNIFER LOPEZ - AIN'T IT FUNNY,14
DELILAHS,12,ALVARO SOLER - LA LIBERTAD,14
KALI UCHIS,12,TLC - NO SCRUBS,14
TO ATHENA,12,KELLY ROWLAND - WHEN LOVE TAKES OVER,14
ELECTRIC BLANKET,12,WILL SMITH - MEN IN BLACK,14
KELIS,12,MGMT - KIDS,14
THE STRANGLERS,12,OLIVIA DEAN - REIN ME IN,14
CELINE HALES,12,SIMPLY RED - SOMETHING GOT ME STARTED,14
CHRIS STAPLETON,12,THE DANDY WARHOLS - BOHEMIAN LIKE YOU,14
STRYV,12,ZOE WEES - GIRLS LIKE US,14
SHAKEDOWN,12,ROBBIE WILLIAMS - SOMETHING STUPID,14
DE LA SOUL,12,NOGA EREZ - AYAYAY,14
AALIYAH,12,AVRIL LAVIGNE - SK8TER BOI,14
ARETHA FRANKLIN,12,JESS GLYNNE - HOLD MY HAND,14
THE RASMUS,12,UGLY KID JOE - CATS IN THE CRADLE,14
MOUGLETA,12,POST MALONE - SUNFLOWER,14
OSKAR MED K,12,TOPLOADER - DANCING IN THE MOONLIGHT,14
CHAKA KHAN,12,NICKELBACK - HOW YOU REMIND ME,14
BLOODHOUND GANG,12,THE CRANBERRIES - ZOMBIE,14
FRITZ KALKBRENNER,12,MAROON 5 - PAYPHONE,14
MOLOKO,12,MAROON 5 - GIRLS LIKE YOU,14
ROONEY,12,ELTON JOHN - CIRCLE OF LIFE,14
SHAKESPEARS SISTER,12,DAVID KUSHNER - DAYLIGHT,14
OEHL,12,ELLE KING - EX'S & OH'S,14
ÄRZTE,12,CALVIN HARRIS - MY WAY,14
GINUWINE,12,TOTO - ROSANNA,14
MILLI VANILLI,12,HUS-BAND - CAUGHT IN THE RAIN,14
MEREDITH BROOKS,12,CAMILA CABELLO - SENORITA,14
SERGIO MENDES,12,YAZOO - DON'T GO,14
OPUS,12,ADELE - SOMEONE LIKE YOU,14
RAY PARKER JR,12,THE AVENER - FADE OUT LINES,14
EVANESCENCE,12,SANTANA - SMOOTH,14
JOAN OSBORNE,12,ADAM LAMBERT - WHATAYA WANT FROM ME,14
OCEANA,12,CRO - DU,14
FERGIE,12,THE KOOKS - SHE MOVES IN HER OWN WAY,14
JC STEWART,12,THE HOOTERS - JOHNNY B,14
LADY ANTEBELLUM,12,NATASHA BEDINGFIELD - THESE WORDS,14
BAG RAIDERS,12,KID ROCK - ALL SUMMER LONG,14
WATERSHED,12,BRANDY - THE BOY IS MINE,14
OMD,12,CALUM SCOTT - WHERE ARE YOU NOW,14
JON BON JOVI,12,MILOW - YOU DON'T KNOW,14
FAMILY OF THE YEAR,12,SWAE LEE - SUNFLOWER,14
NATHAN EVANS,12,CHARLI XCX - VON DUTCH,14
DAUGHTRY,12,DIJON - YAMAHA,14
M PEOPLE,12,MR. PROBZ - WAVES,14
LEVEL 42,12,ANNIE LENNOX - WALKING ON BROKEN GLASS,14
JOHN OATES,12,KIM WILDE - YOU KEEP ME HANGIN' ON,14
BARCLAY JAMES HARVEST,12,LIMP BIZKIT - BEHIND BLUE EYES,14
THE WEATHER GIRLS,12,MADCON - DON'T WORRY,14
THE SUPREMES,12,LAGIQUE - WASTED LOVE,14
THE KINKS,12,GENESIS - JESUS HE KNOWS ME,14
LIPPS INC,12,HOWARD JONES - WHAT IS LOVE,14
BOY MEETS GIRL,12,TAL BACHMAN - SHE'S SO HIGH,14
THE FOUR TOPS,12,4 NON BLONDES - WHAT'S UP,14
RITA COOLIDGE,12,MIKKY EKKO - STAY,14
THE BEATLES,12,JULI - GEILE ZEIT,14
KAKKMADDAFAKKA,12,LILLY WOOD - PRAYER IN C,14
YUMI ZOUMA,12,LILLY WOOD - PRAYER IN C (ROBIN SCHULZ REMIX),14
GIIRL,12,P!NK - NEVER GONNA NOT DANCE AGAIN,14
LAUREL,12,SAM FELDT - POST MALONE,14
J. BERNARDT,12,RANI - POST MALONE,14
PANTHA,12,LIGHTHOUSE FAMILY - LIFTED,14
JULIE KUHL,12,MONICA - THE BOY IS MINE,14
HALF•ALIVE,12,SASHA - IF YOU BELIEVE,14
TRÄNEN,12,"FRANCE GALL - ELLA, ELLE L'A",14
MY UGLY CLEMENTINE,12,JOSHUA KADISON - JESSIE,14
WILLOW,12,MARC ATLAS - FOOL,14
BEACH BUNNY,12,ELLEY DUHÉ - HAPPY NOW,14
INTERPLANETARY CRIMINAL,12,CLEAN BANDIT AND MABEL - TICK TOCK,14
J.U.D.G.E,12,ALCAZAR - CRYING AT THE DISCOTHEQUE,14
FILOW,12,SHEPPARD - GERONIMO,14
ODEN,12,MIKE - EVERYBODY GETS A SECOND CHANCE,14
FATZO,12,THE MECHANICS - EVERYBODY GETS A SECOND CHANCE,14
RHYTHMS DEL MUNDO FT. COLDPLAY,12,ULTRAVOX - DANCING WITH TEARS IN MY EYES,14
G EAZY,12,VANESSA AMOROSI - ABSOLUTELY EVERYBODY,14
GHOSTFACE KILLAH,11,LA ROUX - BULLETPROOF,14
PNAU,11,FOOLS GARDEN - LEMON TREE,14
TIZIANO FERRO,11,ZEDD - HAPPY NOW,14
IGGY POP,11,IL CIVETTO - ALLES WAS ICH HAB,14
SHEM THOMAS,11,DELLÉ - ALLES WAS ICH HAB,14
NEW RADICALS,11,THE BLACKHEARTS - I LOVE ROCK'N'ROLL,14
IRA MAY,11,ÁLVARO SOLER - MAGIA,14
MISSY ELLIOTT,11,PAUL YOUNG - COME BACK AND STAY,14
JACK SLAMER,11,THE PRICK AND ROBIN SCHULZ - PRAYER IN C (ROBIN SCHULZ REMIX),14
THE GARDENER AND THE TREE,11,CHESNEY HAWKES - THE ONE AND ONLY,14
PABLOPOLAR,11,TRAVIE MCCOY - BILLIONAIRE,14
MILUNE,11,JOE COCKER - UP WHERE WE BELONG,14
YOKKO,11,ROD STEWART - RHYTHM OF MY HEART,14
NATIV,11,TERRY JACKS - SEASONS IN THE SUN,14
BIBI VAPLAN,11,NICOLE KIDMAN - SOMETHING STUPID,14
LINDA ELYS,11,OSCAR AND THE WOLF - SOMEBODY WITHOUT U,14
JOAN JETT AND THE BLACKHEARTS,11,PAULWETZ - WILL NOCH NICHT HEIM,14
CREED,11,METRONOMY - PETIT BOY,14
THE FAIM,11,PORIJ - PETIT BOY,14
THOMPSON TWINS,11,PAULA HARTMANN - GRAU,14
ASIA,11,APSILON - GRAU,14
SOFFIE,11,FLORENCE + THE MACHINE - SAY MY NAME (REMIX),14
DANIEL MERRIWEATHER,11,REEZY - SABÍA QUE NO,14
NATALIA AVELON,11,BAUSA - WAS DU LIEBE NENNST,14
ALMA,11,TREAM - DRAGO AUGUSTINO,14
MICHAEL KIWANUKA,11,MORGAN SEATREE - SAY MY NAME (REMIX),14
ALICE DEEJAY,11,FILATOV - DON'T BE SO SHY,14
ALESSO,11,KARAS - DON'T BE SO SHY,14
ROCKWELL,11,DUA LIPA - ONE KISS,13
SANDRO CAVAZ,11,DUA LIPA - BREAK MY HEART,13
TIAG,11,THE WEEKND - LOVE ME HARDER,13
MARY MARY,11,JUSTIN TIMBERLAKE - ROCK YOUR BODY,13
JOSEF SALVAT,11,MICHAEL PATRICK KELLY - WONDERS,13
MARIO,11,REA GARVEY - PERFECT IN MY EYES,13
PHILIP BAILEY,11,NELLY - DILEMMA,13
BAKAR,11,WEEZER - ISLAND IN THE SUN,13
LAS KETCHUP,11,EURYTHMICS - HERE COMES THE RAIN AGAIN,13
LUMIDEE,11,ANDREAS BOURANI - NUR IN MEINEM KOPF,13
COREY HART,11,MICHAEL JACKSON - THRILLER,13
DANIEL POWTER,11,MICHAEL JACKSON - BLACK OR WHITE,13
KATZENJAMMER,11,LOLA YOUNG - D£ALER*,13
MICHEL TELÓ,11,CARDI B - GIRLS LIKE YOU,13
VANESSA PARADIS,11,KATY PERRY - LAST FRIDAY NIGHT (T.G.I.F.),13
COMMODORES,11,FOREIGNER - I WANT TO KNOW WHAT LOVE IS,13
DONNA LEWIS,11,EYELAR - DOPAMINE,13
RYAN PARIS,11,JOHANNES OERDING - KREISE,13
GABRIELLE,11,JAMES BLUNT - 1973,13
MEN WITHOUT HATS,11,LEWIS CAPALDI - SOMEONE YOU LOVED,13
GARY BARLOW,11,MADONNA - MATERIAL GIRL,13
ANIMOTION,11,U2 - BEAUTIFUL DAY,13
TOM PETTY AND THE HEARTBREAKERS,11,ED SHEERAN - BAD HABITS,13
AARON,11,ED SHEERAN - PERFECT,13
STEVE MILLER BAND,11,QUEEN - UNDER PRESSURE,13
GÜNTER NORIS UND SEINE GALA BIG BAND,11,MARK FORSTER - AU REVOIR,13
JOHN WAITE,11,MARK FORSTER - WIR SIND GROSS,13
DUSTY SPRINGFIELD,11,MARK FORSTER - SOWIESO,13
MICHAEL MCDONALD,11,ALANIS MORISSETTE - IRONIC,13
TWO OF US,11,PHIL COLLINS - YOU'LL BE IN MY HEART,13
BARBRA STREISAND,11,LAVAI - CHERRY TASTE,13
LINDA RONSTADT,11,LADY GAGA - RAIN ON ME,13
EXILE,11,LADY GAGA - SHALLOW,13
PETER CETERA,11,LADY GAGA - PAPARAZZI,13
BLOND,11,JUSTIN BIEBER - COLD WATER,13
MARSHALL-HAIN,11,THE BANGLES - MANIC MONDAY,13
THE SUNSHINE BAND,11,PITBULL - ON THE FLOOR,13
LIMAHL,11,RIHANNA - DON'T STOP THE MUSIC,13
TOM MISCH,11,JENNIFER LOPEZ - JENNY FROM THE BLOCK,13
MISO EXTRA,11,SEAN PAUL - GET BUSY,13
C'EST KARMA,11,TAYLOR SWIFT - I KNEW YOU WERE TROUBLE,13
SOHN,11,BENJAMIN AMARU - THE FOOL,13
DRANGSAL,11,CHERISH - DO IT TO IT,13
VON WEGEN LISBETH,11,SELENA GOMEZ - WOLVES,13
MALLRAT,11,ADAM LEVINE - STEREO HEARTS,13
STILL WOOZY,11,PATO - LIEBI LEONIE,13
CHLÖE,11,NOGA EREZ - VANDALIST,13
PETIT BISCUIT,11,AVA MAX - SPOT A FAKE,13
WE ARE SCIENTISTS,11,MAJOR LAZER - COLD WATER,13
THE AMAZONS,11,ENRIQUE IGLESIAS - SUBEME LA RADIO,13
JASCHA,11,KANTEREIT - THE FOOL,13
MAVI PHOENIX,11,AMY WINEHOUSE - VALERIE,13
TRILLE,11,TATE MCRAE - SHE'S ALL I WANNA BE,13
SIGGI,11,TINA TURNER - WE DON'T NEED ANOTHER HERO (THUNDERDOME),13
NAO YOSHIOKA,11,CALVIN HARRIS - ONE KISS,13
ILLUMINATI HOTTIES,11,CALVIN HARRIS - I NEED YOUR LOVE,13
SYLVAN ESSO,11,MARSHMELLO - WOLVES,13
OK KID,11,ARIANA GRANDE - RAIN ON ME,13
FRAEN,11,ARIANA GRANDE - LOVE ME HARDER,13
BBNO$,11,KELLY CLARKSON - BREAKAWAY,13
MURA MASA,11,TWO DOOR CINEMA CLUB - HAPPY CUSTOMERS,13
GRENTPEREZ,11,MARK MORRISON - RETURN OF THE MACK,13
ROYA,11,OLLY MURS - DEAR DARLIN',13
RAFFA GUIDO,11,WINCENT WEISS - WER WENN NICHT WIR,13
JOHN RYAN,11,ALPHAVILLE - BIG IN JAPAN,13
HVME,11,THE CARS - DRIVE,13
YVES LAROCK,11,NATASHA BEDINGFIELD - SOULMATE,13
JABA,11,MICHAEL SCHULTE - BROKEN SUNSHINE,13
AVENTURA,10,BEBE REXHA - HEART WANTS WHAT IT WANTS,13
FAUL,10,JACK JOHNSON - UPSIDE DOWN,13
OMC,10,PAT BENATAR - WE BELONG,13
THE FRAY,10,ANASTACIA - SICK AND TIRED,13
ELLE,10,ROYEL OTIS - MOODY,13
THE ROMANTICS,10,TONES AND I - DANCE MONKEY,13
MARYNE,10,OUTKAST - HEY YA!,13
HEIDI HAPPY,10,BRADLEY COOPER - SHALLOW,13
COURTING,10,MARLON ROUDETTE - NEW AGE,13
GAVIN JAMES,10,OZZY OSBOURNE - DREAMER,13
ANIMOR,10,SUNRISE AVENUE - FAIRYTALE GONE BAD,13
LONG TALL JEFFERSON,10,MELANIE C - FIRST DAY OF MY LIFE,13
WILLIAM WHITE,10,JASON MRAZ - I'M YOURS,13
SAMUIL LEE,10,AEROSMITH - CRYIN',13
KEVIN WOO,10,NEA - SOME SAY (FELIX JAEHN REMIX),13
DANNY CHUNG,10,DENNIS LLOYD - ALIEN,13
NECKWAV,10,DIRE STRAITS - MONEY FOR NOTHING,13
ANDREW JOON CHOI,10,RICHARD MARX - ANGELIA,13
SAJA BOYS,10,LISA STANSFIELD - ALL AROUND THE WORLD,13
PETER ANDRE,10,JOJO - LEAVE (GET OUT),13
THE ASTEROIDS GALAXY TOUR,10,BILLY JOEL - UPTOWN GIRL,13
PAULA MIA,10,BILLY JOEL - THE RIVER OF DREAMS,13
THE FARM,10,IYAZ - REPLAY,13
INCUBUS,10,GYM CLASS HEROES - STEREO HEARTS,13
MC HAMMER,10,DEEP BLUE SOMETHING - BREAKFAST AT TIFFANY'S,13
PULP,10,LIONEL RICHIE - ALL NIGHT LONG (ALL NIGHT),13
COUNTING CROWS,10,SAVAGE GARDEN - TRULY MADLY DEEPLY,13
TERENCE TRENT D'ARBY,10,ROBIN BECK - FIRST TIME,13
OUTLANDISH,10,JVKE - CLOUDS,13
M83,10,MIKE - OVER MY SHOULDER,13
PHANTOM PLANET,10,THE MECHANICS - OVER MY SHOULDER,13
TREVOR GUTHRIE,10,THE POLICE - EVERY BREATH YOU TAKE,13
FREUNDESKREIS,10,VISAGE - FADE TO GREY,13
REDNEX,10,SISTER SLEDGE - LOST IN MUSIC,13
THE PRICK,10,JACK - RISE,13
FOOL'S GARDEN,10,DEXYS MIDNIGHT RUNNERS - COME ON EILEEN,13
NUKA,10,ALIZÉE - MOI... LOLITA,13
PLAN B,10,JON SECADA - JUST ANOTHER DAY,13
RAKIM,10,JOAN JETT - I LOVE ROCK'N'ROLL,13
BANNERS,10,SADE - SMOOTH OPERATOR,13
GURU JOSH PROJECT,10,01099 - DURSTLÖSCHER,13
LOS DEL RIO,10,BANGLES - WALK LIKE AN EGYPTIAN,13
RIO REISER,10,BLACK - WONDERFUL LIFE,13
LEWIS THOMPSON,10,"JOHN ""COUGAR"" MELLENCAMP - JACK AND DIANE",13
MAE MULLER,10,STEVE WINWOOD - VALERIE,13
P!NK + WILLOW SAGE HART,10,EMILIANA TORRINI - JUNGLE DRUM,13
CHRIS ISAAK,10,STEVIE WONDER - I JUST CALLED TO SAY I LOVE YOU,13
PRINCE ITAL JOE,10,ERASURE - ALWAYS,13
ALEX WARREN WITH JELLY ROLL,10,HOT CHOCOLATE - IT STARTED WITH A KISS,13
VANGELIS,10,CÉLINE DION - A NEW DAY HAS COME,13
PRINCE AND THE REVOLUTION,10,CARL DOUGLAS - KUNG FU FIGHTING,13
JOHN MAYER,10,KIM CARNES - BETTE DAVIS EYES,13
BLINK 182,10,GLORIA GAYNOR - I AM WHAT I AM,13
ARCADE FIRE,10,MOGLII - LANTERN FIISH,13
GEORGE MCCRAE,10,DAÐI FREYR - I DON'T WANNA TALK,13
DELEGATION,10,HATAAH - LANTERN FIISH,13
THE REAL THING VS. DAREN DEEZER,10,YOUNG FRANCO - GOING ON,13
CHRIS DE BURGH,10,PIRI - GOING ON,13
THE J. GEILS BAND,10,MC DT - GOING ON,13
DAVID LEE ROTH,10,DILLOM - AYAYAY,13
URIAH HEEP,10,BBYCLOSE - BLACKBERRIES,13
JOHN LENNON,10,FISHER - BLACKBERRIES,13
THE MONKEES,10,1LIVE DJ SESSION - MOGUAI,13
KETTCAR,10,DJ ANTOINE VS. TIMATI - WELCOME TO ST. TROPEZ,13
TEXAS LIGHTNING,10,KALENNA - WELCOME TO ST. TROPEZ,13
LOUPE,10,KEINEMUSIK ( - SAY WHAT,13
THE MARÍAS,10,RAMPA - SAY WHAT,13
MAX RAD,10,ADAM PORT) ME - SAY WHAT,13
TKAY MAIDZA,10,CHUALA - SAY WHAT,13
MULAY,10,TURNSTILE - SEEIN' STARS,13
JACK GARRATT,10,THE NAKED - YOUNG BLOOD,13
WILHELMINE,10,FAMOUS - YOUNG BLOOD,13
PIP BLOM,10,BABY BASH - SUGA SUGA,13
ERROR,10,1LIVE HIP HOP SESSION - DJ MUGZEE,13
MONTAIGNE,10,KYGO - HIGHER LOVE,12
FLYANA BOSS,10,FELIX JAEHN - WEEKENDS,12
BON JOUR,10,DUA LIPA - NO LIE,12
THE LINDA LINDAS,10,PICTURE THIS - SOMEWHERE CLOSE TO HEAVEN,12
BICEP,10,PRINCE - PURPLE RAIN,12
MIKSU,10,REA GARVEY - SOMEWHERE CLOSE TO HEAVEN,12
MACLOUD,10,REA GARVEY - THE ONE,12
SAM GELLAITRY,10,ROXETTE - LISTEN TO YOUR HEART,12
MARLON HOFFSTADT,10,ROXETTE - MILK AND TOAST AND HONEY,12
JADEN BOJSEN,10,NICO SANTOS - HUMAN BEING,12
RAFFA FL,10,DAVID GUETTA - MEMORIES,12
THE FRESH PRIN,10,MICHAEL JACKSON - BAD,12
BADGER,10,COLDPLAY - SOMETHING JUST LIKE THIS,12
KEINEMUSIK (RAMPA,10,FOREIGNER - SAY YOU WILL,12
SEVDALIZA ME),10,DR. ALBAN - IT'S MY LIFE,12
LANIIA,10,JOHANNES OERDING - DIE GUTEN ZEITEN,12
'NSYNC,10,JAMES BLUNT - YOU'RE BEAUTIFUL,12
DON'T KILL THE BEAST,9,RITA ORA - YOU ONLY LOVE ME,12
ALPHABEAT,9,BILLY IDOL - REBEL YELL,12
MUMFORD AND SONS,9,BON JOVI - YOU GIVE LOVE A BAD NAME,12
KAROLYN,9,BON JOVI - LIVIN' ON A PRAYER,12
HOWLONG WOLF,9,BON JOVI - ALWAYS,12
MIGHTY DUB KATZ,9,SNAP - RHYTHM IS A DANCER,12
SHANICE,9,LOUANE - AVENIR,12
JAMILA,9,DEAN LEWIS - HOW DO I SAY GOODBYE,12
MICHAEL GRAY,9,LADY GAGA - POKER FACE,12
K'NAAN,9,AYA NAKAMURA - DJADJA,12
MY NAME IS GEORGE,9,ROBIN SCHULZ - IN YOUR EYES,12
REMO FORRER,9,ROBIN SCHULZ - SHOW ME LOVE,12
BALTIMORA,9,RIHANNA - LOVE ON THE BRAIN,12
GUSTTAVO LIMA,9,LOST FREQUENCIES - LOVE TO GO,12
CRASH TEST DUMMIES,9,RED HOT CHILI PEPPERS - DANI CALIFORNIA,12
MR. PRESIDENT,9,RED HOT CHILI PEPPERS - CAN'T STOP,12
NATE RUESS,9,SEAN PAUL - NO LIE,12
FUSE ODG,9,HARRY STYLES - ADORE YOU,12
JP COOPER,9,JASON DERULO - TALK DIRTY,12
AMANDA MARSHALL,9,TAYLOR SWIFT - BAD BLOOD (TAYLOR'S VERSION),12
KOOLKID,9,ACRAZE - DO IT TO IT,12
THE BIANCA STORY,9,ADEL TAWIL - STADT,12
JEREMY LOOPS,9,DAVID BOWIE - LET'S DANCE,12
LUKE COMBS,9,JUNGLE - KEEP ME SATISFIED,12
PEARL JAM,9,THE KOLORS - ITALODISCO,12
JAN DELAY,9,JONAS BLUE - WEEKENDS,12
DR. DRE,9,SOPHIE AND THE GIANTS - HYPNOTIZED,12
THE TING TINGS,9,AVA MAX - SALT,12
ELVIS PRESLEY,9,ELLIE GOULDING - I NEED YOUR LOVE,12
MAGIC!,9,ENRIQUE IGLESIAS - EL PERDÓN,12
ROBERTA FLACK,9,JAY-Z - EMPIRE STATE OF MIND,12
CIAN DUCROT,9,ALICIA KEYS - EMPIRE STATE OF MIND,12
JJ,9,ALICIA KEYS - GIRL ON FIRE,12
PLACEBO,9,MAROON 5 - LOVE IS LIKE,12
ENRIQUE IGLESI,9,MAROON 5 - THIS LOVE,12
KIIARA,9,MAROON 5 - ANIMALS,12
WHIGFIELD,9,TO ATHENA - WEIRD KID,12
GAMPER,9,ASDIS - BEAT OF YOUR HEART,12
DADONI,9,THE SCRIPT - HALL OF FAME,12
COMMUNARDS,9,THE SCRIPT - SUPERHEROES,12
STYX,9,BRUCE SPRINGSTEEN - HUNGRY HEART,12
HANSON,9,AMY MACDONALD - MR ROCK & ROLL,12
FLORENCE,9,TOTO - HOLD THE LINE,12
THE MACHINE,9,LIL WAYNE - LOVE IS LIKE,12
AXWELL ^ INGROSSO,9,KELLY CLARKSON - MY LIFE WOULD SUCK WITHOUT YOU,12
PANJABI MC,9,CAMILA CABELLO - LIAR,12
SARA BAREILLES,9,OLLY MURS - HEART SKIPS A BEAT,12
MARKY MARK,9,ADELE - OH MY GOD,12
LAHOS,9,WHITNEY HOUSTON - HIGHER LOVE,12
SINÉAD O'CONNOR,9,WHITNEY HOUSTON - STEP BY STEP,12
JIMMY SOMERVILLE,9,WHITNEY HOUSTON - ONE MOMENT IN TIME,12
FEIST,9,WINCENT WEISS - DIE GUTEN ZEITEN,12
RENEÉ RAPP,9,ALICE MERTON - NO ROOTS,12
SANTOS,9,A-HA - HUNTING HIGH AND LOW,12
BOB MARLEY VS. FUNKSTAR DE LUXE,9,ORIGINAL KOFFEE - SLOW BURNER,12
BILL WITHERS,9,JOY CROOKES - I KNOW YOU'D KILL,12
DOLLY PARTON,9,INNA - SUN IS UP,12
GORDON LIGHTFOOT,9,LYKKE LI - I FOLLOW RIVERS,12
DOUBLE,9,ANASTACIA - LEFT OUTSIDE ALONE,12
THELMA HOUSTON,9,CIRCA WAVES - LET'S LEAVE TOGETHER,12
SLADE,9,HIM - JOIN ME,12
JANIECK DEVY,9,ZONDERLING - LOVE TO GO,12
HEINZ RUDOLF KUNZE,9,LEONA LEWIS - BLEEDING LOVE,12
AL STEWART,9,SUGABABES - OVERLOAD,12
JOHN DENVER,9,ALOE BLACC - I NEED A DOLLAR,12
MAMAS,9,MARTIN SOLVEIG - INTOXICATED,12
THE THREE DEGREES,9,EARTHGANG - LOSE CONTROL,12
OTIS REDDING,9,GORILLAZ - FEEL GOOD INC.,12
JOHN PAUL YOUNG,9,MEGHAN TRAINOR - ALL ABOUT THAT BASS,12
MICHAEL BOLTON,9,AYMEN - CAPRI SUN,12
SECRET SERVICE,9,OSKAR MED K - MAKE ME FEEL,12
KC,9,OLIVER SIM - WAITED ALL NIGHT,12
DAVE,9,SWEDISH HOUSE MAFIA - WAIT SO LONG,12
JORDAN RAKEI,9,KALEO - WAY DOWN WE GO,12
OBONGJAYAR,9,JAMIE XX - WAITED ALL NIGHT,12
POM POM SQUAD,9,MARTERIA - OMG!,12
NNEKA,9,OMI - HULA HOOP,12
GRETEL,9,VIZE - THE ONE,12
IDER,9,THE PRETENDERS - DON'T GET ME WRONG,12
WALE,9,KELVIN JONES - CALL YOU HOME,12
ROSE GRAY,9,ÁSDÍS - TOUCH ME,12
MODERAT,9,BONNIE TYLER - TOTAL ECLIPSE OF THE HEART,12
JARREAU VANDAL,9,BONNIE TYLER - HOLDING OUT FOR A HERO,12
MALLRAT AND KITO,9,DJ JAZZY JEFF - SUMMERTIME,12
JAWNY,9,GINUWINE - PONY,12
BUSH.IDA,9,RIGHT SAID FRED - DON'T TALK JUST KISS,12
CIGARETTES AFTER SEX,9,REAMONN - TONIGHT,12
BALTHAZAR,9,BLUE - U MAKE ME WANNA,12
ALUNA,9,MEREDITH BROOKS - BITCH,12
COSBY,9,SERGIO MENDES - MAS QUE NADA,12
YUNA,9,24KGOLDN - TICK TOCK,12
CUPIDON,9,EMILIA - BIG BIG WORLD,12
MILAA,9,OPUS - LIVE IS LIFE,12
J.REY SOUL,9,RAY PARKER JR - GHOSTBUSTERS,12
CHIKA,9,KRAFTKLUB - SONGS FÜR LIAM,12
TYGA,9,MALIK HARRIS - ROCKSTARS,12
SERANI,9,SASHA - LUCKY DAY,12
CLAUDIA LEITTE,9,JOAN OSBORNE - ONE OF US,12
OXLADE,9,MØ - COLD WATER,12
CAMILLA CABELLO,9,JUPITER JONES - STILL,12
AARON SMITH,9,OCEANA - ENDLESS SUMMER,12
LUVLI,9,JC STEWART - I NEED YOU TO HATE ME,12
ARMAND VAN HELDEN,9,MAXIMO PARK - BOOKS FROM BOXES,12
KETTAMA,9,BLACK EYED PEAS - MAMACITA,12
JELLY ROLL MARSHMELLO,9,BLACK EYED PEAS - MAS QUE NADA,12
OMAH LAY,9,BLACK EYED PEAS - MEET ME HALFWAY,12
STEVE LACY,8,BLACK EYED PEAS - I GOTTA FEELING,12
ETHEL CAIN,8,WATERSHED - INDIGO GIRL,12
KABRIO,8,BANGLES - IF SHE KNEW WHAT SHE WANTS,12
BILLY OTTO,8,ALIDA - IN YOUR EYES,12
DAN AUERBACH,8,MANFRED MANN'S EARTH BAND - FOR YOU,12
JULIE MELETTA,8,FAMILY OF THE YEAR - HERO,12
BLACK M,8,NATHAN EVANS - WELLERMAN,12
TALKING HEADS,8,BOSTON - AMANDA,12
ANDREA BIGNASCA,8,GARLAND JEFFREYS - MATADOR,12
LENNON STELLA,8,ERASURE - A LITTLE RESPECT,12
GREIS,8,ERASURE - SOMETIMES,12
AL-BERTO AND THE FRIED BIKINIS,8,THE WEATHER GIRLS - IT'S RAINING MEN,12
OK COOL,8,JOE COCKER - UNCHAIN MY HEART,12
BRYAN FERRY,8,DR. HOOK - SEXY EYES,12
ELI GRAF,8,JUICE NEWTON - QUEEN OF HEARTS,12
THE BELOVED,8,BOY MEETS GIRL - WAITING FOR A STAR TO FALL,12
HOT CHIP,8,ALBERT HAMMOND - IT NEVER RAINS IN SOUTHERN CALIFORNIA,12
STEREOPHONICS,8,REMI WOLF - CINDERELLA,12
LOU BEGA,8,GOOD NEIGHBOURS - RIPPLE,12
THE CLASH,8,DAYGLOW - COCOON,12
THE LUMINEERS,8,ALFIE TEMPLEMAN - HELLO LONELY,12
DESCEMER BUENO,8,YOUNG FRANCO - LOSE CONTROL,12
DNA,8,JAFUNK - LOSE CONTROL,12
ANGELE,8,HALF•ALIVE - AUTOMATIC,12
LEILA,8,ROMY - WAITED ALL NIGHT,12
NATE DOGG,8,INTERPLANETARY CRIMINAL - SLOW BURNER,12
IRON MAIDEN,8,PAWSA - TOO COOL TO BE CARELESS,12
ILSEY,8,AMO - CAPRI SUN,12
BRADLEY SIMPSON,8,J.U.D.G.E - SHOW ME LOVE,12
FATBOY SLIM,8,JAZEEK - AKON,12
KEINEMUSIK,8,IKKIMEL - JIGGY,12
BLOODPOP,8,FILOW - JIGGY,12
AEROTIQUE,8,ODEN - LAUREN,12
AMERICAN AUTHORS,8,FATZO - LAUREN,12
GUS DAPPERTON,8,RHYTHMS DEL MUNDO FT. COLDPLAY - CLOCKS (THE CUBAN-VERSION),12
VIVO,8,G EAZY - ROCK N ROLL,12
MONET192,8,RICKY MARTIN - LIVIN' LA VIDA LOCA,11
FRIENDLY FIRES,8,SABRINA CARPENTER - TEARS,11
MERCEE,8,ONEREPUBLIC - WEST COAST,11
STARSAILOR,8,DUA LIPA - HALLUCINATE,11
BIG SEAN,8,TRACY CHAPMAN - BABY CAN I HOLD YOU,11
THE ROOTS,8,RAYE - BORN AGAIN,11
NEON TREES,8,RAYE - ESCAPISM.,11
LP,8,MILEY CYRUS - MIDNIGHT SKY,11
PULL N WAY,8,MILEY CYRUS - END OF THE WORLD**,11
BUSTA RHYMES,8,BOB SINCLAR - LOVE GENERATION,11
THE WHITE STRIPES,8,ROXETTE - FADING LIKE A FLOWER ( EVERYTIME YOU LEAVE ),11
BLU CANTRELL,8,BECK - BOOM BOOM BACK,11
THE HIVES,8,DAVID GUETTA - ON MY LOVE,11
KATE NASH,8,ANNE-MARIE - FRIENDS,11
YES,8,EURYTHMICS - THORN IN MY SIDE,11
THE B-52'S,8,BRUNO MARS - APT,11
REEL 2 REAL,8,BRUNO MARS - MARRY YOU,11
ETERNAL,8,COLDPLAY - ADVENTURE OF A LIFETIME,11
A FLOCK OF SEAGULLS,8,KATY PERRY - HOT'N'COLD,11
LOTTE,8,R.E.M - MAN ON THE MOON,11
PHATS,8,R.E.M - IMITATION OF LIFE,11
JENNIFER WAR,8,RITA ORA - YOUR SONG,11
N,8,MADONNA - FROZEN,11
N'SYNC,8,MADONNA - WHO'S THAT GIRL,11
INGROSSO,8,SAM SMITH - MONEY ON MY MIND,11
LIFEHOUSE,8,QUEEN - RADIO GA GA,11
FRANS,8,ROSE - APT,11
HOOBASTANK,8,EMINEM - WITHOUT ME,11
HIGHT,8,MARK FORSTER - CHÖRE,11
KONTRA K,8,MARK FORSTER - 194 LÄNDER,11
EAST 17,8,ALANIS MORISSETTE - GUARDIAN,11
TONI BRAXTON,8,PHIL COLLINS - EASY LOVER,11
SYDNEY YOUNGBLOOD,8,DEAN LEWIS - LEARN TO LOVE,11
IMAGINATION,8,LADY GAGA - ALEJANDRO,11
BAP,8,LADY GAGA - BAD ROMANCE,11
LEA,8,PHARRELL WILLIAMS - GET LUCKY,11
THE ALL-AMERICAN REJECTS,8,HEART - ALONE,11
ELVIS PRESLEY VS. JXL,8,ROBIN SCHULZ - IN YOUR ARMS (FOR AN ANGEL),11
THE PRODUCT G,8,KIDDO - ALRIGHT,11
B,8,RAG'N'BONE MAN - GIANT,11
LISSIE,8,DIE ÄRZTE - JUNGE,11
WEEKND,8,NAMIKA - JE NE PARLE PAS FRANÇAIS,11
OMC (OTARA MILLIONAIRES CLUB),8,SIA - CHEAP THRILLS,11
EDDIE MONEY,8,TOM GREGORY - RATHER BE YOU,11
"ISRAEL ""IZ"" KAMAKAWIWO'OLE",8,RAY DALTON - DON'T WORRY,11
SHAPESHIFTERS,8,CUTTING CREW - I JUST DIED IN YOUR ARMS,11
SORAYA,8,HARRY STYLES - LATE NIGHT TALKING,11
CANDI STATON,8,JASON DERULO - BREATHING,11
FRENSHIP,8,NEMO - CASANOVA,11
EMILY WARREN,8,BRYAN ADAMS - (EVERYTHING I DO) I DO IT FOR YOU,11
LABRINTH,8,KYLIE MINOGUE - HIGHER,11
ASHANTI,8,DOJA CAT - BORN AGAIN,11
SEFO,8,PET SHOP BOYS - SE A VIDA É (THAT'S THE WAY LIFE IS),11
DEMET AKALIN,8,ZOE WEES - LEARN TO LOVE,11
PIPPI LANGSTRUMPF,8,JUNGLE - LET'S GO BACK,11
GRACE JONES,8,SAM HIMSELF - BACKSTREETS,11
JAMES BROWN,8,CHER - STRONG ENOUGH,11
FLASH,8,AVA MAX - MAYBE YOU'RE THE PROBLEM,11
THE PAN,8,ELTON JOHN - NIKITA,11
ENIGMA,8,ASDIS - ANGEL EYES,11
ALAN PARSONS PROJECT,8,CALVIN HARRIS - GIANT,11
MARIUS MÜLLER-WESTERNHAGEN,8,MARSHMELLO - FRIENDS,11
BOY GEORGE,8,THE STRUMBELLAS - SPIRITS,11
NAZARETH,8,JANELLE MONÁE - WE ARE YOUNG,11
JENNIFER BROWN,8,LOI - LEFT IN YOUR LOVE,11
AMY GRANT,8,SHAGGY - ANGEL,11
REINHARD MEY,8,ACE OF BASE - LIFE IS A FLOWER,11
CAROLE KING,8,CLOCKCLOCK - SORRY,11
GILBERT O'SULLIVAN,8,ALLE FARBEN - ALRIGHT,11
CHRIS NORMAN,8,ALLE FARBEN - LET IT RAIN DOWN,11
CLOUSEAU,8,ELDERBROOK - COLA,11
THE DOOBIE BROTHERS,8,SPORTFREUNDE STILLER - EIN KOMPLIMENT,11
THE MAMAS AND THE PAPAS,8,JOY CROOKES - SOMEBODY TO YOU,11
JON,8,THE VERVE - BITTER SWEET SYMPHONY,11
THE THE PAPAS,8,AALIYAH - MORE THAN A WOMAN,11
RUPERT HOLMES,8,CALUM SCOTT - RISE,11
NICK STRAKER BAND,8,MILOW - AYO TECHNOLOGY,11
MOTI SPECIAL,8,DEMI LOVATO - SOLO,11
THE MOODY BLUES,8,EDDY GRANT - GIMME HOPE JO'ANNA,11
THE COMMUNARDS,8,BOYZONE - PICTURE OF YOU,11
JA RULE,8,ZARA LARSSON - ON MY LOVE,11
NEUFUNDLAND,8,GLASS ANIMALS - CREATURES IN HEAVEN,11
DIGITALISM,8,SUGABABES - PUSH THE BUTTON,11
DOLORES FOREVER,8,THE RASMUS - IN THE SHADOWS,11
GENESIS OWUSU,8,LISA - BORN AGAIN,11
EMPRESS OF,8,CLEAN BANDIT - SOLO,11
BEACH HOUSE,8,MATT SIMONS - CATCH & RELEASE,11
SPILL TAB,8,MATT SIMONS - OPEN UP,11
DRÉ SIX,8,SUNRISE AVENUE - LIFESAVER,11
D4VD,8,GIANT ROOKS - MIND CONTROL,11
NAO,8,SEEED - DICKES B,11
MIA,8,CHAKA KHAN - AIN'T NOBODY,11
IBEYI,8,ASIA - HEAT OF THE MOMENT,11
BILBAO,8,BTS - BUTTER,11
RY X,8,KIM WILDE - YOU CAME,11
BLOWSOM,8,KIM WILDE - CAMBODIA,11
DARWIN DEEZ,8,NATALIA AVELON - SUMMER WINE,11
BLOC PARTY,8,BLOODHOUND GANG - THE BAD TOUCH,11
KATE KLEIN,8,FRITZ KALKBRENNER - SKY AND SAND,11
YSEULT,8,MOBY - LIFT ME UP,11
WILL JOSEPH COOK,8,GENESIS - I CAN'T DANCE,11
LITTLE DRAGON,8,COOLIO - GANGSTA'S PARADISE,11
J. COLE,8,MARTERIA - KIDS (2 FINGER AN DEN KOPF),11
BEIRUT,8,ROONEY - WHEN DID YOUR HEART GO MISSING?,11
DAS PARADIES,8,PAOLO NUTINI - LAST REQUEST,11
PVRIS,8,DIDO - WHITE FLAG,11
FUFFIFUFZICH,8,SHAKESPEARS SISTER - HELLO (TURN YOUR RADIO ON),11
RIN,8,DEAD OR ALIVE - YOU SPIN ME ROUND (LIKE A RECORD),11
MALOU,8,ALICE DEEJAY - BETTER OFF ALONE,11
TOMAN,8,KENNY LOGGINS - DANGER ZONE,11
CEREN,8,RICHARD MARX - RIGHT HERE WAITING,11
KID CUDI VS. CROOKERS,8,ROCKWELL - SOMEBODY'S WATCHING ME,11
JUNIOR JACK,8,DONNA SUMMER - SHE WORKS HARD FOR THE MONEY,11
DJ HELL,8,SANDRO CAVAZ - ALL FOR LOVE,11
BUNT. MYLES LLOYD,8,TIAG - I'LL BE THERE,11
ZION DESCEMER BUENO,8,TAIO CRUZ - HIGHER,11
KIMBERLY ANNE,8,MARY MARY - SHACKLES,11
ARGY,8,KOOL - CELEBRATION,11
MACKLEMORE JESS GLYNNE,8,THE GANG - CELEBRATION,11
LARI LUKE,8,"NENA - IRGENDWIE, IRGENDWO, IRGENDWANN",11
ALEX CLARE,8,STATUS QUO - IN THE ARMY NOW,11
W,8,JOSEF SALVAT - DIAMONDS,11
CKAY,8,MARIO - LET ME LOVE YOU,11
ELGRANDE TOTO,8,PHILIP BAILEY - EASY LOVER,11
ROSSI,8,GALANTIS - RUNAWAY (U & I),11
LEONY MEDUZA,8,POLLYANNA - LET IT RAIN DOWN,11
RAF FAST BOY,8,MIKE - ANOTHER CUP OF COFFEE,11
JOHN BÜRGIN,7,THE MECHANICS - ANOTHER CUP OF COFFEE,11
CASS MCCOMBS,7,070 SHAKE - ESCAPISM.,11
SALOME DE BAHIA,7,"BERLIN - TAKE MY BREATH AWAY (LOVE THEME FROM ""TOP GUN"")",11
MYA,7,SANDRA - I'LL NEVER BE MARIA MAGDALENA,11
MO BLANC,7,DANIEL POWTER - BAD DAY,11
ANN LEE,7,MICHAEL BUBLÉ - IT'S A BEAUTIFUL DAY,11
MARC SWAY,7,LADY ANTEBELLUM - NEED YOU NOW,11
HEJ FRANCIS!,7,MICHEL TELÓ - AI SE EU TE PEGO,11
PASCAL GAMBONI,7,BAG RAIDERS - WAY BACK HOME,11
HOT'N'JUICY,7,DONNA LEWIS - I LOVE YOU ALWAYS FOREVER,11
THE NEW EVES,7,SARAH CONNOR - WIE SCHÖN DU BIST,11
IDLES,7,RYAN PARIS - DOLCE VITA,11
THE FRATELLIS,7,PROVINZ - SOMMER MACHT MELANCHOLISCH,11
BÜNE HUBER,7,EARTH - WEEKEND,11
HERMANOS GUTIERREZ,7,FIRE - WEEKEND,11
ZION,7,KID CUDI - MEMORIES,11
FOLK BITCH TRIO,7,ANIMOTION - I ENGINEER,11
WARREN G,7,GARY MOORE - STILL GOT THE BLUES (FOR YOU),11
CAROLINE POLACHEK,7,ANNENMAYKANTEREIT - 3 TAGE AM MEER,11
MAC DEMARCO,7,THE RANGE - THE WAY IT IS,11
MAREA,7,THE BEE GEES - YOU WIN AGAIN,11
DANITSA,7,GÜNTER NORIS UND SEINE GALA BIG BAND - ROMANTIC STUTTGART,11
PAU MUELLER,7,CHRISTOPHER CROSS - ALL RIGHT,11
ORSO,7,JOHN WAITE - MISSING YOU,11
LORD HURON,7,TWO OF US - BLUE NIGHT SHADOW,11
ASWAD,7,T'PAU - CHINA IN YOUR HAND,11
GEORGE FITZGERALD,7,LIPPS INC - FUNKYTOWN,11
HARRY NILSSON,7,JENNIFER RUSH - DESTINY,11
THE LA'S,7,BARBRA STREISAND - WOMAN IN LOVE,11
ERNIA,7,GAZEBO - I LIKE CHOPIN,11
FAVEZ,7,CLOUT - SUBSTITUTE,11
PATRICK BISHOP,7,MARSHALL-HAIN - DANCING IN THE CITY,11
PABLO INFERNAL,7,CLAIRO - SEXY TO SOMEONE,11
PRETENDERS,7,ÄTNA - LUCKY DANCER,11
SOFIA REYES,7,DAYGLOW - EVERY LITTLE THING I SAY I DO,11
EARL SWEATSHIRT,7,GIRL IN RED - NEW LOVE,11
REX ORANGE COUNTY,7,DJO - LINK,11
EVERLAST,7,ORLA GARTLAND - LITTLE CHAOS,11
PRONTO,7,FRIEDBERG - HELLO,11
MICHEL TELO,7,ALFIE TEMPLEMAN - SUBMARINE,11
SALEM ILESE,7,BIIG PIIG - DECIMAL,11
SOFILOUD,7,FLUME - NEVER BE LIKE YOU,11
BOB MARLEY AND THE WAILERS,7,ANDERSON .PAAK - FAVORITE,11
SILK SONIC,7,LEONIDEN - KEEP FUCKING UP,11
CAMEO,7,HINDS - BOOM BOOM BACK,11
ALTA,7,JACK HARLOW - LOVIN ON ME,11
ROBERT FALCON,7,CHLÖE - FAVORITE,11
MICHELLE BRANCH,7,CHLOE SLATER - FIG TREE,11
BILLY RAY CYRUS,7,PIXEY - MILLION DOLLAR BABY,11
LEON BRIDGES,7,JOESEF - STEPHANIE'S PLACE,11
CARIBOU,7,2 CHAINZ - TALK DIRTY,11
T.I,7,TRAVIS SCOTT - GOOSEBUMPS (REMIX),11
WALKING ON CARS,7,RAFFA GUIDO - FAMAX,11
CAESARS,7,JOHN RYAN - FIREBALL,11
SPRINTS,7,HVME - GOOSEBUMPS (REMIX),11
DEEPEND,7,YVES LAROCK - RISE UP,11
AGNES,7,JABA - RISE UP,11
FELIX JAEHN FEA,7,CAMELPHAT - COLA,11
SASH!,7,NAOMI LAREINE - FORBIDDEN FRUIT,10
BLUE LAGOON,7,KYGO - IT AIN'T ME,10
MANFRED MANN'S EARTHBAND,7,TRACY CHAPMAN - TALKIN' BOUT THE REVOLUTION,10
NO,7,BILLIE EILISH - GUESS,10
MÜNCHENER FREIHEIT,7,JUSTIN TIMBERLAKE - SENORITA,10
KHALED,7,JUSTIN TIMBERLAKE - SAY SOMETHING,10
CHRIS BROWN,7,ROXETTE - FADING LIKE A FLOWER,10
DUKE DUMONT,7,ROXETTE - DANGEROUS,10
KLAUS LAGE,7,DAVID GUETTA - LOVERS ON THE SUN,10
PAULA ABDUL,7,FAUL - CHANGES,10
CHRISTINA STÜRMER,7,THE WOMBATS - CAN'T SAY NO,10
PHILIPP DITTBERNER,7,LINKIN PARK - WHAT I'VE DONE,10
MARV,7,LINKIN PARK - BURN IT DOWN,10
WAD AD VS. PNAU,7,MICHAEL JACKSON - THEY DON'T CARE ABOUT US,10
THE LAST GOODNIGHT,7,BRUNO MARS - COUNT ON ME,10
THE KLF,7,BRUNO MARS - BILLIONAIRE,10
D.O.E,7,NELLY FURTADO - FORCA,10
POISON,7,NELLY FURTADO - ALL GOOD THINGS (COME TO AN END),10
LENKA,7,KATY PERRY - WHEN I'M GONE,10
JAM,7,FOREIGNER - WAITING FOR A GIRL LIKE YOU,10
THE DISCO BOYS,7,KESHA - RIGHT ROUND,10
MICK JAGGER,7,MADONNA - MUSIC,10
HÉROES DEL SILENCIO,7,MADONNA - HOLIDAY,10
EMILY ROBERTS,7,MADONNA - THE POWER OF GOOD-BYE,10
DEF LEPPARD,7,MADONNA - LIKE A VIRGIN,10
AIR,7,JAMES BAY - HOLD BACK THE RIVER,10
SAM SPARRO,7,U2 - ONE,10
SCISSOR SISTERS,7,BACKSTREET BOYS - WE'VE GOT IT GOIN' ON,10
DELTA GOODREM,7,BACKSTREET BOYS - LARGER THAN LIFE,10
AXWELL Λ INGROSSO,7,MEDUZA - PIECE OF YOUR HEART,10
BURAK YETER,7,SOMBR - I WISH I KNEW HOW TO QUIT YOU,10
DANELLE SANDOVAL,7,OMC - HOW BIZARRE,10
CELESTE,7,BON JOVI - IT'S MY LIFE,10
JULIAN PERRETTA,7,PHIL COLLINS - DANCE INTO THE LIGHT,10
PAUL SIMON,7,LADY GAGA - THE EDGE OF GLORY,10
CAPTAIN HOLLYWOOD PROJECT,7,ILIRA - FADING,10
A FINE FRENZY,7,NIRVANA - COME AS YOU ARE,10
EDIE BRICKELL,7,NICKY JAM - X,10
BILLY TALENT,7,J. BALVIN - LOCO CONTIGO,10
ROSENSTOLZ,7,ROBIN SCHULZ - ONE MORE TIME,10
POINTER SISTERS,7,INXS - NEED YOU TONIGHT,10
ROLLING STONES,7,GEORGE EZRA - GREEN GREEN GRASS,10
BARRY MANILOW,7,GEORGE EZRA - BUDAPEST,10
CHYP-NOTIC,7,SIA - DUSK TILL DAWN,10
THE HOLLIES,7,THE STROKES - LAST NITE,10
DIONNE WARWICK,7,ALVARO SOLER - MAGIA,10
JOACHIM WITT,7,GOODBOYS - PIECE OF YOUR HEART,10
GLADYS KNIGHT,7,PETER FOX - ALLES NEU,10
HOLLY JOHNSON,7,THE 1975 - CHOCOLATE,10
GERRY RAFFERTY,7,MACKLEMORE - THESE DAYS,10
BOB DYLAN,7,JAWSH 685 - SAVAGE LOVE,10
HUBERT KAH,7,JASON DERULO - SAVAGE LOVE,10
DEBARGE,7,JASON DERULO - LOVE NOT WAR (THE TAMPA BEAT),10
SHOCKING BLUE,7,JASON DERULO - THE OTHER SIDE,10
THE ANIMALS,7,BOY - LITTLE NUMBERS,10
BEATLES,7,MASTER PEACE - SAVE ME,10
JOHNNY LOGAN,7,BRYAN ADAMS - HEAVEN,10
COLESKE,7,BRYAN ADAMS - ALL FOR LOVE,10
DAVID DUNDAS,7,SELENA GOMEZ - IT AIN'T ME,10
KRAFTWERK,7,OLIVIA RODRIGO - DRIVER’S LICENSE,10
FAIRGROUND ATTRACTION,7,THE ROMANTICS - TALKING IN YOUR SLEEP,10
MICHAEL LEARNS TO ROCK (MLTR),7,ADEL TAWIL - LIEDER,10
SANTA ESMERALDA STARRING LEROY GOMEZ,7,DAVID BOWIE - UNDER PRESSURE,10
SCOTT MCKENZIE,7,"NOGA EREZ - SAD GENERATION, HAPPY PICTURES",10
DENDEMANN,7,TOM PETTY - LEARNING TO FLY,10
SHURA,7,MATTAFIX - BIG CITY LIFE,10
GRIMES,7,EUROPE - CARRIE,10
AU,7,AVRIL LAVIGNE - I'M WITH YOU,10
RA,7,JESS GLYNNE - THESE DAYS,10
INTERPOL,7,PINK - TRY,10
MATT CORBY,7,TRAIN - DROPS OF JUPITER (TELL ME),10
BLVTH,7,SMASH MOUTH - ALL STAR,10
JULIA STONE,7,MANU CHAO - BONGO BONG,10
THUNDERCAT,7,DJ SNAKE - LOCO CONTIGO,10
LOUIS THE CHILD,7,TEXAS - I DON'T WANT A LOVER,10
DEINE COUSINE,7,TATE MCRAE - SPORTS CAR,10
THE NOTWIST,7,EVE - LET ME BLOW YA MIND,10
TASH SULTANA,7,TINA TURNER - WE DON'T NEED ANOTHER HERO,10
OUSE,7,TINA TURNER - TWO PEOPLE,10
ELIZA DOOLITTLE,7,TINA TURNER - TYPICAL MALE,10
PAULA CAROLINA,7,MARSHMELLO - BE KIND,10
CSS,7,DESTINY'S CHILD - SURVIVOR,10
MOLA,7,KELLY CLARKSON - BECAUSE OF YOU,10
ST. VINCENT,7,PORTUGAL. THE MAN - BITTERSWEET,10
WUNDERHORSE,7,WHITNEY HOUSTON - I WANNA DANCE WITH SOMEBODY,10
MAECKES,7,KEANE - SOMEWHERE ONLY WE KNOW,10
YUNGBLUD,7,HALSEY - BE KIND,10
SOLOMUN,7,TOPIC - IN YOUR ARMS (FOR AN ANGEL),10
THE KILLS,7,CHRIS STAPLETON - SAY SOMETHING,10
BEN HOWARD,7,ADAM PORT - SEE YOU AGAIN,10
OH WONDER,7,TEDDY SWIMS - GUILTY,10
GIGI PEREZ,7,TOM ODELL - ANOTHER LOVE (ZWETTE REMIX),10
SYML,7,ALLE FARBEN - FADING,10
YELLOWSTRAPS,7,ALLE FARBEN - FLOWERS,10
KYTES,7,ALLE FARBEN - LOVE HURT REPEAT,10
JUPITER FLYNN,7,BLONDIE - HEART OF GLASS,10
EZRA COLLECTIVE,7,PETER ANDRE - MYSTERIOUS GIRL,10
KÖLSCH,7,GOSSIP - MOVE IN THE RIGHT DIRECTION,10
DON TOLIVER,7,DEPECHE MODE - JUST CAN'T GET ENOUGH,10
HAYLA,7,"SPORTFREUNDE STILLER - APPLAUS, APPLAUS",10
ZAH1DE,7,PAULA MIA - OCEAN,10
BOBBY HARVEY SAM HARPER,7,THE REMBRANDTS - I'LL BE THERE FOR YOU,10
ELLA STERN,7,EMPIRE OF THE SUN - WALKING ON A DREAM,10
ANDERSON .PAAK DISCLOSURE,7,THE FARM - ALL TOGETHER NOW,10
KLP,7,SKI AGGU - MIETFREI,10
ANOTR,7,NICKI MINAJ - SHE CAME TO GIVE IT TO YOU,10
SILICONE SOUL,7,BILL MEDLEY - (I'VE HAD) THE TIME OF MY LIFE,10
APOLLO ONLINE,7,JENNIFER WARNES - (I'VE HAD) THE TIME OF MY LIFE,10
LAUFEY,7,USHER - YEAH,10
IIO,7,USHER - SHE CAME TO GIVE IT TO YOU,10
SHIRIN DAVID,7,JAX JONES - OUT OUT,10
LUKE DEAN,7,ZARA LARSSON - SYMPHONY,10
LOCKY MAX DEAN,7,LEONA LEWIS - RUN,10
OSWALD,7,COLBIE CAILLAT - I DO,10
DAYA,7,CHARLI XCX - GUESS,10
KILIMANJARO JAZZY,7,OUTKAST - MS. JACKSON,10
SWIM,7,SIMPLE MINDS - DON'T YOU,10
ANYMA,7,SAMPHA - MAKE IT UP,10
BLACKBEAR,7,CHILDISH GAMBINO - FEELS LIKE SUMMER,10
WU-TANG CLAN,6,CLEAN BANDIT - SYMPHONY,10
LISA ORIBASI,6,EMELI SANDÉ - NEXT TO ME,10
ROOTWORDS,6,GENTLEMAN - SUPERIOR,10
MONOTALES,6,ZAYN - DUSK TILL DAWN,10
WEDNESDAY,6,ONE DIRECTION - STORY OF MY LIFE,10
TYLER BALLGAME,6,SEEED - DING,10
ADRIANO CELENTANO,6,SEEED - AUGENBLING,10
J. REY SOUL,6,JOHN LEGEND - LOVE ME NOW,10
LO,6,WIR SIND HELDEN - DENKMAL,10
LEDUC,6,MADCON - GLOW,10
FRANK TURNER,6,FRED AGAIN - DELILAH (PULL ME OUT OF THIS),10
RIVAL KINGS,6,OUTLANDISH - AICHA,10
ME.MAN.MACHINE,6,EN VOGUE - DON'T LET GO (LOVE),10
THE SCRUCIALISTS,6,GENESIS - INVISIBLE TOUCH,10
DRU HILL,6,GRAHAM CANDY - FLOWERS,10
SIRENS OF LESBOS,6,EROS RAMAZZOTTI - COSE DELLA VITA,10
THE BETHS,6,EROS RAMAZZOTTI - PIÙ BELLA COSA,10
DAPHNI,6,AEROSMITH - CRAZY,10
MATTIU DEFUNS,6,BRONSKI BEAT - SMALLTOWN BOY,10
SIVILIAN,6,RAZORLIGHT - WIRE TO WIRE,10
ORPHELINE,6,PETER SCHILLING - MAJOR TOM (VÖLLIG LOSGELÖST),10
MALUMMI,6,GIANNA NANNINI - BELLO E IMPOSSIBILE,10
CHARLY JUNA,6,PHANTOM PLANET - CALIFORNIA,10
O.M.D,6,WANDA - BOLOGNA,10
SCOUTING FOR GIRLS,6,DIDO - THANK YOU,10
DENNIS KISS,6,JULI - DIESES LEBEN,10
KOJEY RADICAL,6,ATC - AROUND THE WORLD,10
MARINA AND THE DIAMONDS,6,VIZE - STARS,10
MANIC STREET PREACHERS,6,ALESSO - WHEN I'M GONE,10
THE OFFSPRING,6,ROB THOMAS - LITTLE WONDERS,10
ALAS THE SUN,6,KELVIN JONES - DON'T LET ME GO,10
NIEVE ELLA,6,THE PRICK - PRAYER IN C,10
SILENT ADDY,6,BONNIE TYLER - LOST IN FRANCE,10
BLACK SABBATH,6,P!NK - IRRELEVANT,10
FLOYYMENOR,6,YOUNOTUS - CANYONS,10
CRIS MJ,6,LAVINIA - CANYONS,10
WE INVENTED PARIS,6,MIKE OLDFIELD - TO FRANCE,10
BRESH,6,FOOL'S GARDEN - LEMON TREE,10
FABRI FIBRA,6,FALCO - DER KOMMISSAR,10
FUTURE ISLANDS,6,MARQUESS - VAYAMOS COMPAÑEROS,10
BEN BÖHMER,6,LIGHTHOUSE FAMILY - HIGH,10
LUCY DACUS,6,KOOL - CHERISH,10
AEIOU,6,THE GANG - CHERISH,10
LAURYN HILL,6,NUKA - LOVE NOT WAR (THE TAMPA BEAT),10
SKYSCRAPER STEREO,6,CARLY RAE JEPSEN - I REALLY LIKE YOU,10
CAROLINA LIAR,6,"LIONEL RICHIE - SAY YOU, SAY ME",10
LILY COSTA,6,PLAN B - SHE SAID,10
BIG THIEF,6,RAKIM - WONDERS,10
MADS LANGER,6,SEAL - CRAZY,10
PANIC SHACK,6,KATE RYAN - DÉSENCHANTÉE,10
THE WALLFLOWERS,6,BANNERS - SOMEONE TO YOU,10
ENDOR,6,REVOLVERHELD - LASS UNS GEHEN,10
MUSTAFA,6,REVOLVERHELD - ICH LASS FÜR DICH DAS LICHT AN,10
PHOEBE BRIDGERS,6,J BALVIN - IN DA GETTO,10
TAYNA,6,MONTEZ - AUF & AB,10
TEGAN AND SARA,6,LEANN RIMES - CAN'T FIGHT THE MOONLIGHT (THEME),10
WILLIAM SINGE,6,NO MERCY - WHERE DO YOU GO,10
BOMFUNK MC'S,6,MÅNESKIN - BEGGIN',10
JOY DENALANE,6,GURU JOSH PROJECT - INFINITY 2008,10
EDITORS,6,"BOBBY MCFERRIN - DON'T WORRY, BE HAPPY",10
MARSHALL JEFFERSON,6,LUMIDEE - NEVER LEAVE YOU (UH-OOOH),10
WEATHER GIRLS,6,COREY HART - SUNGLASSES AT NIGHT,10
UNDERDOG PROJECT,6,GOOD CHARLOTTE - I JUST WANNA LIVE,10
EYE,6,LEWIS THOMPSON - LOVE HURT REPEAT,10
INI KAMOZE,6,MAE MULLER - LOVE HURT REPEAT,10
BELL,6,P!NK + WILLOW SAGE HART - COVER ME IN SUNSHINE,10
BOOK,6,MUMFORD - I WILL WAIT,10
GO WEST,6,SONS - I WILL WAIT,10
C,6,NORAH JONES - SUNRISE,10
2 PAC,6,BANGLES - ETERNAL FLAME,10
PATRICE,6,ALEX WARREN WITH JELLY ROLL - BLOODLINE,10
WHAM,6,SEBASTIAN SCHUB - SING LIKE MADONNA,10
YOUNG THU,6,JOHN MAYER - YOUR BODY IS A WONDERLAND,10
VERVE,6,EARTH - SEPTEMBER,10
SOPHIE,6,WIND - SEPTEMBER,10
LEVENT GEIGER,6,FIRE - SEPTEMBER,10
ELLIE GOUL,6,ICH + ICH - VOM SELBEN STERN,10
CULCHA CANDELA,6,CHRIS REA - JULIA,10
ADEL TAW,6,MEN WITHOUT HATS - THE SAFETY DANCE,10
ARMY OF LOVERS,6,ICEHOUSE - HEY' LITTLE GIRL,10
DESCEME,6,DISCLOSURE - NO CAP,10
SUMMER WALKER,6,GEORGE MCCRAE - ROCK YOUR BABY,10
ALEX AIONO,6,CHICAGO - HARD TO SAY I'M SORRY,10
CHRISSIE HYNDE,6,CHICAGO - YOU'RE THE INSPIRATION,10
AMY WINEHOUS,6,ALISON MOYET - INVISIBLE,10
N SYNC,6,HOT CHOCOLATE - SO YOU WIN AGAIN,10
ELTON JOH,6,SMOKIE - LAY BACK IN THE ARMS OF SOMEONE,10
A7S ATB,6,THE REAL THING VS. DAREN DEEZER - YOU TO ME ARE EVERYTHING,10
MIGUEL,6,AMERICA - A HORSE WITH NO NAME,10
SCATMAN JOHN,6,ROD STEWART - DOWNTOWN TRAIN,10
IDEAL,6,EXILE - KISS YOU ALL OVER,10
SPIDER MURPHY GANG,6,THE FOUR TOPS - LOCO IN ACAPULCO,10
MODERN TALKING,6,CLOUT - SAVE ME,10
IN-GRID,6,MAGGIE REILLY - EVERYTIME WE TOUCH,10
NEW MODEL ARMY,6,MAGGIE REILLY - TO FRANCE,10
RAY JR PARKER,6,CASPER - SO PERFEKT,10
LOUIS III,6,MISO EXTRA - POP,10
PORTISHEAD,6,YUMI ZOUMA - BLISTER,10
ROX,6,GOOD NEIGHBOURS - KEEP IT UP,10
CHRISTINA MILIAN,6,ÄTNA - HIATUS,10
LAURA PAUSINI,6,ORLA GARTLAND - THE HIT,10
KE$HA,6,LP GIOBBI - BITTERSWEET,10
MOTHEO MOLEKO,6,THE AMAZONS - NIGHT AFTER NIGHT,10
THE TIJUANA WONDERBRASS,6,BANKS - MAKE IT UP,10
PAPA ROACH,6,MONTAIGNE - EVERYBODY ELSE,10
DEVA MAHAL,6,"FLYANA BOSS - SAD GENERATION, HAPPY PICTURES",10
THE HOUSEMARTINS,6,BON JOUR - LEGO,10
NEW BOHEMIANS,6,ROYA - CRUISE,10
NATALIE COLE,6,MARLON HOFFSTADT - LOSING CONTROL,10
MINK DEVILLE,6,JADEN BOJSEN - LET'S GO,10
GLASS TIGER,6,SIRA - MIETFREI,10
JOHN FOGERTY,6,RAFFA FL - RITMO,10
RANDY CRAWFORD,6,SKRILLEX - IN DA GETTO,10
MENTAL AS ANYTHING,6,THE FRESH PRIN - SUMMERTIME,10
PATRICK HERNÁNDEZ,6,BADGER - THESE WORDS,10
YVONNE ELLIMAN,6,KEINEMUSIK (RAMPA - SEE YOU AGAIN,10
DEEP PURPLE,6,SEVDALIZA ME) - SEE YOU AGAIN,10
LOBO,6,LANIIA - STARS,10
BAND,6,LADINA - SCARS ON YOUR HEART,9
10CC,6,K-MARO - FEMME LIKE YOU,9
ALAN JACKSON,6,OASIS - LITTLE BY LITTLE,9
PHIL CARMEN,6,ONEREPUBLIC - RUN,9
THE BYRDS,6,ONEREPUBLIC - APOLOGIZE,9
TRAVELING WILBURYS,6,MARK RONSON - NOTHING BREAKS LIKE A HEART,9
ART GARFUNKEL,6,MILEY CYRUS - NOTHING BREAKS LIKE A HEART,9
VANESSA WILLIAMS,6,REA GARVEY - WILD LOVE,9
JOHNNY WAKELIN,6,DAVID GUETTA - LET'S LOVE,9
THE NEW POWER GENERATION,6,ANNE-MARIE - 2002,9
GLORIA M. ESTEFAN,6,ANNE-MARIE - LUV?,9
THE ADVENTURES,6,ANDREAS BOURANI - AUF ANDEREN WEGEN,9
CHROMEO,6,LINKIN PARK - HEAVY,9
SLØTFACE,6,LINKIN PARK - IN THE END,9
SFR,6,MICHAEL JACKSON - MAN IN THE MIRROR,9
SOFT LAUNCH,6,MICHAEL JACKSON - THE WAY YOU MAKE ME FEEL,9
LOW ISLAND,6,BRUNO MARS - THE LAZY SONG,9
MOGLI,6,CLUESO - FLUGMODUS,9
YETUNDEY,6,THE KILLERS - READ MY MIND,9
DRAMAS,6,ALPHABEAT - FASCINATION,9
LLUCID,6,NELLY FURTADO - BROKEN STRINGS,9
SHOUT OUT LOUDS,6,NELLY FURTADO - PROMISCUOUS,9
HONNE,6,KATY PERRY - WOMAN'S WORLD,9
DOPE LEMON,6,FOREIGNER - THAT WAS YESTERDAY,9
REGINA SPEKTOR,6,DR. ALBAN - SING HALLELUJAH!,9
BLONDSHELL,6,OFENBACH - BE MINE,9
CLAUD,6,R.E.M - SHINY HAPPY PEOPLE,9
EUT,6,JAMES BLUNT - THE TRUTH,9
GREENTEA PENG,6,JAMES BLUNT - POSTCARDS,9
FUTUREBAE,6,LEWIS CAPALDI - BEFORE YOU GO,9
ARZ,6,FLO RIDA - WHISTLE,9
COACH PARTY,6,SAM SMITH - LATCH,9
MINDCHATTER,6,LENNY KRAVITZ - THE CHAMBER,9
LNA,6,QUEEN - I WANT IT ALL,9
SYMBA,6,TRAVIS - SING,9
FAZERDAZE,6,TOVE LO - HABITS,9
OSKA,6,BACKSTREET BOYS - AS LONG AS YOU LOVE ME,9
YARD ACT,6,TOKIO HOTEL - DURCH DEN MONSUN,9
FOSTER THE PEOPLE,6,FUN - SOME NIGHTS,9
TSHA,6,BON JOVI - KEEP THE FAITH,9
IMOGEN HEAP,6,BON JOVI - BECAUSE WE CAN,9
LIBIANCA,6,PHIL COLLINS - ANOTHER DAY IN PARADISE,9
WILLOW PARLO,6,SAM FENDER - LITTLE BIT CLOSER,9
BARRY CAN'T SWIM,6,BANANARAMA - VENUS,9
ABEL BALDER,6,BANANARAMA - ROBERT DE NIRO'S WAITING,9
JESS GLYNNE ALOK,6,OZUNA - BAILA BAILA BAILA,9
WESTCOL,6,NIRVANA - SMELLS LIKE TEEN SPIRIT,9
OVY ON THE DRUMS BEÉLE,6,PITBULL - WE ARE ONE (OLE OLA),9
FUTURE,6,SIA - LET'S LOVE,9
NOCASHFROMPARENTS,6,SIA - TOGETHER,9
EIN ROSENKAVALIER,6,CHARLIE PUTH - MARVIN GAYE,9
PARRA FOR CUVA,6,FOO FIGHTERS - BEST OF YOU,9
LF SYSTEM,6,JENNIFER LOPEZ - WE ARE ONE (OLE OLA),9
NIC FANCIULLI,6,RAY DALTON - CAN'T HOLD US,9
ROBERT COURTOIS,6,ALVARO SOLER - LA CINTURA,9
PHARRELL KATY PERRY,6,DADDY YANKEE - GASOLINA,9
FRAGMA,6,CUTTING CREW - DIED IN YOUR ARMS,9
DZEKO,6,KELLY ROWLAND - DILEMMA,9
PREME,6,SPILLER - GROOVEJET,9
PEACE CONTROL,6,"BIG MOUNTAIN - BABY, I LOVE YOUR WAY",9
LINUS57,6,NEW RADICALS - YOU GET WHAT YOU GIVE,9
PROSPA,6,SHANICE - I LOVE YOUR SMILE,9
NASRI,6,WILL SMITH - GETTIN' JIGGY WIT IT,9
STEVE AOKI,6,MASTER PEACE - HOME,9
ALEX GAUDINO,6,MICHAEL GRAY - THE WEEKEND,9
CHRYSTAL WATERS,6,K'NAAN - WAVIN' FLAG,9
GUNS N´ ROSES,6,METALLICA - ENTER SANDMAN,9
AXWELL INGROSSO,6,SNOW PATROL - RUN,9
JOEY BADA$$,5,MAÎTRE GIMS - EST-CE QUE TU M'AIMES?,9
DAENS,5,BOB MARLEY - IS THIS LOVE,9
GENTE DE ZONA,5,PHENOMDEN - MIT MIR USE,9
OFENBACH VS. NICK WATERHOUSE,5,LORDE - ROYALS,9
KODALINE,5,THE BLACK KEYS - A LITTLE TOO HIGH,9
EELS,5,BALTIMORA - TARZAN BOY,9
ARMA JACKSON,5,AC - THUNDERSTRUCK,9
HERMANOS GUTIÉRREZ,5,DC - THUNDERSTRUCK,9
IRAMA,5,AVA MAX - SO AM I,9
TOMMY CASH,5,PINK - JUST GIVE ME A REASON,9
FRANK POPP ENSEMBLE,5,PINK - TRUSTFALL,9
JARED LEMBO,5,NICKELBACK - AFTER THE RAIN,9
SHEILA SHE LOVES YOU,5,NICKELBACK - PHOTOGRAPH,9
LUCA LITTLE,5,ELLIE GOULDING - CLOSE TO ME,9
SILVANA ESTRADA,5,DIE FANTASTISCHEN VIER - TROY,9
R. CITY,5,DJ SNAKE - YOU KNOW YOU LIKE IT,9
KROKUS,5,ENRIQUE IGLESIAS - SÚBEME LA RADIO,9
GJON'S TEARS,5,WELSHLY ARMS - LEGENDARY,9
CHRIS WILLIS,5,BRUCE SPRINGSTEEN - DANCING IN THE DARK,9
FUNK STAR DELUXE,5,BRUCE SPRINGSTEEN - RADIO NOWHERE,9
ALVIN ZEALOT,5,TINA TURNER - PRIVATE DANCER,9
VENDREDI SUR MER,5,LILY ALLEN - NOT FAIR,9
KHRUANGBIN,5,NATE RUESS - JUST GIVE ME A REASON,9
MARCO MENGONI,5,CHRISTINA AGUILERA - BEAUTIFUL,9
MARIANA FROES,5,ARIANA GRANDE - 7 RINGS,9
GRAUZONE,5,LIZZO - ABOUT DAMN TIME,9
ARRESTED DEVELOPMENT,5,MABEL - MAD LOVE,9
ANDREYA TRIANA,5,EILEEN ALISTER - DRAMA BABY,9
ANNIE TAYLOR,5,TWO DOOR CINEMA CLUB - WHAT YOU KNOW,9
HNO,5,CAMILA CABELLO - SEÑORITA,9
DADA ANTE PORTAS,5,GUNS N' ROSES - SWEET CHILD O' MINE,9
NEIL DIAMOND,5,JAMES MORRISON - YOU GIVE ME SOMETHING,9
HEDGEHOG,5,ADELE - CHASING PAVEMENTS,9
TA'SHAN,5,SIDO - TAUSEND TATTOOS,9
ADMIRAL JAMES T,5,LOI - AM I ENOUGH,9
TATUM RUSH,5,SHAGGY - IT WASN'T ME,9
MADI DIAZ,5,FINE YOUNG CANNIBALS - GOOD THING,9
GARBAGE,5,ADAM PORT - MOVE,9
SOOLKING,5,STRYV - MOVE,9
SUGAR RAY,5,WILL.I.AM - HALL OF FAME,9
FABER,5,APACHE 207 - WOLKEN,9
DOTAN,5,ALLE FARBEN - BAD IDEAS,9
BUBBLER RANX,5,BLONDIE - CALL ME,9
DYNORO,5,ALPHAVILLE - BIG IN JAPAN [80ER-VERSION SWR1],9
GIORGIO MORODER,5,JULIA MICHAELS - ISSUES,9
CORY HANSON,5,DEPECHE MODE - EVERYTHING COUNTS,9
REMADY,5,DEPECHE MODE - PEOPLE ARE PEOPLE,9
MANU-L,5,DEPECHE MODE - PRECIOUS,9
MISTAJAM,5,MIKE POSNER - I TOOK A PILL IN IBIZA,9
TINIE TEMPAH,5,INNA - HOT,9
BRENDON URIE,5,FONTAINES D.C - STARBURSTER,9
NNAVY,5,SURVIVOR - EYE OF THE TIGER (THEME),9
BENJAMIN INGROSSO,5,BILL MEDLEY - THE TIME OF MY LIFE,9
DAVEY6000,5,GREEN DAY - WAKE ME UP WHEN SEPTEMBER ENDS,9
MARPHIL,5,MILOW - HOWLING AT THE MOON,9
ELIAS BERTINI,5,DEMI LOVATO - FAST,9
DE LA GHETTO,5,SUGABABES - ROUND ROUND,9
ME AND MARIE,5,MANDO DIAO - DOWN IN THE PAST,9
ANNALISA,5,ELLA HENDERSON - CRAZY WHAT LOVE CAN DO,9
RISE AGAINST,5,G-EAZY - ROCK N ROLL,9
THE BOOMTOWN RATS,5,THE PUSSYCAT DOLLS - DON'T CHA,9
MIGHTY OAKS,5,THE TEMPER TRAP - SWEET DISPOSITION,9
LASKAAR,5,MEGHAN TRAINOR - MARVIN GAYE,9
CHAD KROEGER,5,KIM WILDE - WATER ON GLASS,9
BOOTSY COLLINS,5,JULI - PERFEKTE WELLE,9
SKOR,5,TREVOR GUTHRIE - DREAMER,9
ARTICOLO 31,5,CRYSTAL WATERS - GYPSY WOMAN,9
JOE JACKSON,5,ROB THOMAS - LONELY NO MORE,9
US3,5,HERBERT GRÖNEMEYER - BOCHUM,9
THOMAS D,5,HERBERT GRÖNEMEYER - MÄNNER,9
DEL AMITRI,5,HERBERT GRÖNEMEYER - WAS SOLL DAS,9
KING PRINCESS,5,SMALL - IKO IKO,9
FAITH NO MORE,5,PEDRO CAPÓ - CALMA,9
STAKKA BO,5,BEYONCÉ - IF I WERE A BOY,9
NORMANI,5,BOSSE - SCHÖNSTE ZEIT,9
NOTI WÜMIE,5,BOSSE - SCHÖNSTEZEIT,9
ROBERT FRANCIS,5,CLIMIE FISHER - LOVE CHANGES (EVERYTHING),9
JOHNNY CASH,5,DOECHII - DENIAL IS A RIVER,9
J. GEILS BAND,5,ENRIQUE IGLESI - EL PERDÓN,9
ART OF NOISE,5,FALCO - EGOIST,9
FALL OUT BOY,5,ONE REPUBLIC - SECRETS,9
JET,5,GLASPERLENSPIEL - GEILES LEBEN,9
SOUNDGARDEN,5,KIIARA - HEAVY,9
LIL' JON,5,WHIGFIELD - SATURDAY NIGHT,9
JOHN,5,LIONEL RICHIE - MY DESTINY,9
MU,5,CHICANE - OFFSHORE,9
PAOLA,5,COMMUNARDS - DON'T LEAVE ME THIS WAY,9
CHIARA,5,ISRAEL KAMAKAWIWO'OLE - SOMEWHERE OVER THE RAINBOW / WHAT A WONDERFUL WORLD,9
THE FRESH,5,COCK ROBIN - WHEN YOUR HEART IS WEAK,9
BEACH BOYS,5,THE MAGICIAN - SUNLIGHT,9
NATALIA AVELO,5,AXWELL ^ INGROSSO - DREAMER,9
MR MISTER,5,THE CORRS - WHAT CAN I DO,9
JUSTIN TIMBERLAK,5,PANJABI MC - MUNDIAN TO BACH KE,9
MICHAEL MIND,5,SKUTH - SOPHIE,9
BAHA MEN,5,BLACK EYED PEAS - WHERE IS THE LOVE,9
DANIEL CAE,5,LONDONBEAT - YOU BRING ON THE SUN,9
DISCOBOYS,5,SARA BAREILLES - LOVE SONG,9
NICO SANT,5,TIM BENDZKO - NUR NOCH KURZ DIE WELT RETTEN,9
MISS,5,PAUL YOUNG - LOVE OF THE COMMON PEOPLE,9
TRIGGERFINGER,5,LAHOS - FLOWERS,9
CUT 'N' MOVE,5,JAIN - COME,9
FRIDA GOLD,5,GLENN FREY - THE HEAT IS ON,9
DAVE STEWART,5,SINÉAD O'CONNOR - NOTHING COMPARES 2 U,9
SNAP!,5,PLAIN WHITE T'S - HEY THERE DELILAH,9
ALL-AMERICAN REJECTS,5,LEVEL 42 - LESSONS IN LOVE,9
TOTEN HOSEN,5,LONDON GRAMMAR - HOUSE,9
JASMINE THO,5,STEVIE WONDER - PART-TIME LOVER,9
SHANNON,5,STEVIE WONDER - ISN'T SHE LOVELY,9
MARTIN JENSEN,5,SPANDAU BALLET - THROUGH THE BARRICADES,9
SALT'N PEPA,5,DISCLOSURE - LATCH,9
PUR,5,"DISCLOSURE - SHE’S GONE, DANCE ON",9
CLAUDE,5,BOB MARLEY VS. FUNKSTAR DE LUXE - SUN IS SHINING,9
JORDIN SPARKS,5,AARON - SCHÖNSTEZEIT,9
DIRTY HEADS,5,CÉLINE DION - I'M ALIVE,9
THE RED HOT CHILI PEPPERS,5,JASON DONOVAN - ESPECIALLY FOR YOU,9
GYPSY,5,ROY ORBISON - YOU GOT IT,9
THE CAT,5,JIMMY CLIFF - I CAN SEE CLEARLY NOW,9
JP SAXE,5,ELECTRIC LIGHT ORCHESTRA - CALLING AMERICA,9
CULTURED PEARLS,5,DOUBLE - THE CAPTAIN OF HER HEART,9
JOHN MELLENCAMP,5,THELMA HOUSTON - DON'T LEAVE ME THIS WAY,9
STEVE PERRY,5,ANDRU DONALDS - ALL OUT OF LOVE,9
THE SOURCE,5,JANIECK DEVY - REALITY,9
SOUL II SOUL,5,JOHNNY HATES JAZZ - SHATTERED DREAMS,9
MARIA GADÚ,5,"BARRY WHITE - YOU'RE THE FIRST, THE LAST, MY EVERYTHING",9
CHRISTINA PERRI,5,BARRY WHITE - LET THE MUSIC PLAY,9
INDEEP,5,RITA COOLIDGE - YOUR LOVE HAS LIFTED ME(HIGHER AND HIGHER),9
TIME SQUARE,5,GLORIA GAYNOR - NEVER CAN SAY GOODBYE,9
XAVIER RUDD,5,JOHN PAUL YOUNG - LOVE IS IN THE AIR,9
DAS BO,5,LIMAHL - NEVER ENDING STORY,9
PAUL VAN DYK,5,THE ALAN PARSONS PROJECT - DON'T ANSWER ME,9
FUGEES (TRANZLATOR CREW),5,LEO SAYER - WHEN I NEED YOU,9
SHOLA AMA,5,SECRET SERVICE - TEN O'CLOCK POSTMAN,9
BACHMAN-TURNER OVERDRIVE,5,REMI WOLF - PITIFUL,9
GLORIA ESTEFAN AND MIAMI SOUND MACHINE,5,AITCH - LUV?,9
DANIELLE BRISEBOIS,5,DIE HÖCHSTE EISENBAHN - BÜROTAGE,9
LAITH AL-DEEN,5,SPARKLING - NOBODY,9
DANNY WILSON,5,ALUNAGEORGE - YOU KNOW YOU LIKE IT,9
GEORGE,5,GOOD NEIGHBOURS - HOME,9
MIKE OLDFIELD; MAGGIE REILLY,5,DJO - END OF BEGINNING,9
LED ZEPPELIN,5,BIIG PIIG - FAVOURITE GIRL,9
THE SWEET,5,WALE - HOME,9
ROSE LAURENS,5,BLUSH ALWAYS - JUST KEEP SWIMMING,9
TOMTE,5,CHLOE SLATER - SUCKER,9
KARAT,5,MODERAT - BAD KINGDOM,9
FLYING PICKETS,5,NAO YOSHIOKA - MY LOVE,9
MOTÖRHEAD,5,JARREAU VANDAL - MY LOVE,9
SUTHERLAND BROTHERS,5,RÜFÜS DU SOL - YOU WERE RIGHT,9
J. J. CALE,5,MALLRAT AND KITO - HOCUS POCUS,9
GLENN MEDEIROS,5,ILLUMINATI HOTTIES - THE L,9
RUBETTES,5,JULIE KUHL - PURPLE EYELIDS,9
MARK KNOPFLER,5,WILLOW - RUN!,9
BORIS GARDINER,5,SAM GELLAITRY - ASSUMPTIONS,9
SAM COOKE,5,CUPIDON - FEEL IT,9
JESUS LOVES YOU,5,MILAA - FEEL IT,9
CAKE,5,J.REY SOUL - MAMACITA,9
HUBERT VON GOISERN,5,CHIKA - PLACES TO BE,9
MADSEN,5,ELY OAKS - RUNNING AROUND,9
WINGS,5,TYGA - LOCO CONTIGO,9
RINGO STARR,5,SERANI - NO GAMES,9
WILLIE NELSON,5,CLAUDIA LEITTE - WE ARE ONE (OLE OLA),9
UDO JÜRGENS,5,OXLADE - KU LO SA,9
KATIE MELUA,5,CAMILLA CABELLO - KU LO SA,9
GENE PITNEY,5,AARON SMITH - DANCIN (KRONO REMIX),9
BROOKS,5,LUVLI - DANCIN (KRONO REMIX),9
DUNN,5,ARMAND VAN HELDEN - I WANT YOUR SOUL,9
THE TURTLES,5,JELLY ROLL MARSHMELLO - HOLY WATER,9
WILL TO POWER,5,RICKY MARTIN - NOBODY WANTS TO BE LONELY,8
BUGGLES,5,SABRINA CARPENTER - YOU NEED ME NOW?,8
OMD (ORCHESTRAL MANOEUVRES IN THE DARK),5,GIL GLAZE - GOLD,8
ERUPTION,5,HAIM - RELATIONSHIPS,8
MAXINE NIGHTINGALE,5,ONEREPUBLIC - I AIN'T WORRIED,8
CHIC,5,FELIX JAEHN - DO IT BETTER,8
FREE,5,FELIX JAEHN - ONE MORE TIME (FEAT. ALIDA),8
LYNYRD SKYNYRD,5,DUA LIPA - WE’RE GOOD,8
F. R. DAVID,5,JOVANOTTI - ESTATE,8
TONY CAREY,5,SHAWN MENDES - SEÑORITA,8
SANTA ESMERALDA,5,"BOB SINCLAR - WORLD, HOLD ON",8
THE ALL STAR BLUES BAND,5,CYRIL - WORLD GONE WILD,8
NEIL YOUNG,5,MELANIE FIONA - MONDAY MORNING,8
DENIECE WILLIAMS,5,MICHAEL PATRICK KELLY - BLURRY EYES,8
ELEMENT OF CRIME,5,MICHAEL PATRICK KELLY - ID,8
QUINCY JONES,5,LUNIK - STATIC,8
BERQ,5,DAVID GUETTA - TITANIUM,8
RUFUS,5,PNAU - ALL THE TIME,8
PORTUGAL THE MAN,5,WEEZER - FEELS LIKE SUMMER,8
WARHAUS,5,EURYTHMICS - WHEN TOMORROW COMES,8
GIRL ULTRA,5,EURYTHMICS - THERE MUST BE AN ANGEL (PLAYING WITH MY HEART),8
MIIKE SNOW,5,HECHT - KAWASAKI,8
CAGE THE ELEPHANT,5,ANDREAS BOURANI - HEY,8
SBTRKT,5,MICHAEL JACKSON - WHO IS IT,8
EKKSTACY,5,LOLA YOUNG - FLICKER OF LIGHT,8
SABA,5,HURTS - STAY,8
ANGUS,5,NELLY FURTADO - POWERLESS (SAY WHAT YOU WANT),8
GOLF,5,KATY PERRY - HOT N COLD,8
LAUREN MAYBERRY,5,TWO AND THE SUN - STAY WITH ME,8
STORMZY,5,"MAX GIESINGER - AUF DAS, WAS DA NOCH KOMMT",8
THE CHEMICAL BROTHERS,5,JOHANNES OERDING - AN GUTEN TAGEN,8
AMINÉ,5,R.E.M - LEAVING NEW YORK,8
VARLEY,5,MADONNA - VOGUE,8
JACK PEÑATE,5,QUEEN - YOU DON'T FOOL ME,8
THE KNOCKS,5,BILLY IDOL - FLESH FOR FANTASY,8
THE LAST SHADOW PUPPETS,5,KT TUNSTALL - BLACK HORSE & THE CHERRY TREE,8
EVAN KLAR,5,KT TUNSTALL - SUDDENLY I SEE,8
PABST,5,PHIL COLLINS - TWO HEARTS,8
RAY LOZANO,5,SAM FENDER - PEOPLE WATCHING,8
KLEE,5,IMAGINE DRAGONS - BAD LIAR,8
FKA TWIGS,5,AL PRIDE - SOMETHING,8
LADYHAWKE,5,AL PRIDE - HEAR THE CHILDREN SING,8
PAROV STELAR,5,CHILD - STORIES,8
BULLY,5,FROM KID - NORTH LIGHT,8
JOZZY,5,LADY GAGA - BORN THIS WAY,8
JAMIE T,5,ILIRA - FLOATING WITH THE SHARKS,8
RHYE,5,ALINA AMURI - I MADE UP MY MIND,8
MS MR,5,JAMES GRUNTZ - THING OR TWO,8
BONOBO,5,JUSTIN BIEBER - FRIENDS,8
JOY BOGAT,5,ROBIN SCHULZ - WORLD GONE WILD,8
LIE NING,5,ROBIN SCHULZ - ONE MORE TIME (FEAT. ALIDA),8
PASSION PIT,5,RIHANNA - DISTURBIA,8
FREEKIND,5,RIHANNA - TE AMO,8
PELL,5,MILKY CHANCE - COCOON,8
JESHI,5,GEORGE EZRA - SHOTGUN,8
IAN O'BRIEN-DOCKER,5,SIA - TITANIUM,8
BEN PEARCE,5,SIA - UNSTOPPABLE,8
BABY TATE,5,FARRUKO - CALMA (REMIX),8
M.I.A,5,KISS - I WAS MADE FOR LOVING YOU,8
VACATIONS,5,KISS - I WAS MADE FOR LOVIN' YOU,8
ANDREW APPLEPIE,5,CHARLIE PUTH - ONE CALL AWAY,8
ODEAL,5,TOM GREGORY - SMALL STEPS,8
LEVIN LIAM,5,RAY DALTON - DO IT AGAIN,8
SUPERORGANISM,5,CUTTING CREW - I'VE BEEN IN LOVE BEFORE,8
KAYTRAMINÉ,5,SEAN PAUL - SUMMER PARADISE,8
KOSHEEN,5,SEAN PAUL - WE BE BURNIN',8
SNØW,5,SEAN PAUL - TEMPERATURE,8
DEE HOLT,5,ROBYN - LIFE,8
SCHMERZIS,5,MIGHTY DUB KATZ - MAGIC CARPET RIDE,8
JOY ANONYMOUS,5,WHAM! - CLUB TROPICANA,8
THE HOOSIERS,5,THE HOMESTORIES - BETTER THAN THIS,8
CONNIE CONSTANCE,5,ELLE - CRAZY,8
LEVEN KALI,5,MUSE - UNDISCLOSED DESIRES,8
MAESIC,5,KYLIE MINOGUE - ESPECIALLY FOR YOU,8
SALOMÉ DAS,5,SIMPLY RED - IF YOU DON'T KNOW ME BY NOW,8
GNARLS BARKLEY,5,KAISER CHIEFS - RUBY,8
NATE TRAVELLER,5,ZOE WEES - DO IT BETTER,8
DANNY OCEAN,5,ELI GRAF - SCHACHMATT,8
JUBEL,5,THE BELOVED - SWEET HARMONY,8
NEIMY,5,LORDE - WHAT WAS THAT?,8
JHAY CORTEZ BAD BUNNY,5,MARVIN GAYE - SEXUAL HEALING,8
EL GUINCHO,5,THE HEARTBREAKERS - LEARNING TO FLY,8
ALAN DIXON,5,AVRIL LAVIGNE - MY HAPPY ENDING,8
ARABIC PIANO,5,AC - YOU SHOOK ME ALL NIGHT LONG,8
LEVI,5,DC - YOU SHOOK ME ALL NIGHT LONG,8
BRUTALISMUS 3000,5,THE LUMINEERS - HO HEY,8
ION MILES,5,PINK - WALK ME HOME,8
BHZ,5,POST MALONE - ROCKSTAR,8
LOJAY,5,NICKELBACK - IF TODAY WAS YOUR LAST DAY,8
SARZ,5,ELLIE GOULDING - STILL FALLING FOR YOU,8
BLACK COFFEE,5,SIMPLE PLAN - SUMMER PARADISE,8
ME,5,MANU CHAO - ME GUSTAS TU / LA PRIMAVERA,8
GRAVAGERZ,5,DIE FANTASTISCHEN VIER - DIE DA,8
THE ADVENTURES OF STEVIE V,5,LENNOX - SÚBEME LA RADIO,8
RHYS FROM THE STICKS,5,DNA - TOM'S DINER,8
LIL WAYNE MAROON 5,5,ELTON JOHN - I GUESS THAT'S WHY THEY CALL IT THE BLUES,8
ZSÁ ZSÁ,5,BLUR - SONG 2,8
DISCO BOYS,5,FRANK OCEAN - LOST,8
ANNA REY,4,CRASH TEST DUMMIES - MMM MMM MMM MMM,8
JAMILA WOODS,4,MR. PRESIDENT - COCO JAMBOO,8
NAVENI,4,WELSHLY ARMS - SANCTUARY,8
CHURCHHILL,4,BRUCE SPRINGSTEEN - BORN IN THE U.S.A.,8
TAINY,4,TINA TURNER - I DON'T WANNA LOSE YOU,8
RAFFAELLA CARRA,4,MIDGE URE - BREATHE,8
THIS PICTURE,4,ADELE - EASY ON ME,8
BELL BARONETS,4,CELINE HALES - THE WAY IT GOES,8
PRAS MICHEL,4,CLOCKCLOCK - BROOKLYN,8
OL' DIRTY BASTARD,4,A-HA - FOOT OF THE MOUNTAIN,8
MARIE JAY,4,HUGEL - FOREVER,8
JEFF TWEEDY,4,KEINEMUSIK - MOVE,8
SPIRITUAL CRAMP,4,APACHE 207 - EIN LIED FÜR DICH,8
NOEL GALLAGHER'S HIGH FLYING BIRDS,4,APACHE 207 - BREAKING YOUR HEART,8
PEDRO CAPO,4,ALLE FARBEN - AS FAR AS FEELINGS GO,8
NADA SURF,4,BLONDIE - THE TIDE IS HIGH,8
FAMARA,4,BLOODPOP - FRIENDS,8
MJ LENDERMAN,4,RAUW ALEJANDRO - BESO,8
DEBBY FRIDAY,4,KOOLKID - GOLD,8
LCD SOUNDSYSTEM,4,ARCTIC MONKEYS - FLUORESCENT ADOLESCENT,8
JOHN MILES,4,CRO - EASY,8
BENJI,4,AMERICAN AUTHORS - BEST DAY OF MY LIFE,8
FEDE,4,DEPECHE MODE - PERSONAL JESUS,8
MORCHEEBA,4,ROBERT PALMER - JOHNNY AND MARY,8
NOAH PARKS,4,CRAIG DAVID - WALKING AWAY,8
FIRST AID KIT,4,VIVO - REGARDEZ-MOI,8
MARY MIDDLEFIELD,4,CYNDI LAUPER - SHE BOP,8
THE ANIMEN,4,MICHAEL SCHULTE - BACK TO THE START,8
GUAYNAA,4,BON IVER - EVERYTHING IS PEACEFUL LOVE,8
LOS ANGELES AZULES,4,NILE RODGERS - JUST A DANCE,8
NAEEM,4,THE CARDIGANS - LOVEFOOL,8
SPANK ROCK,4,YELLO - THE RACE,8
JAY SOM,4,GREEN DAY - BASKET CASE,8
CHARLOTTE DAY WILSON,4,ANASTACIA - ONE DAY IN YOUR LIFE,8
PHENOM MELODY,4,DAFT PUNK - AROUND THE WORLD,8
SAYF,4,GLOCKENBACH - BROOKLYN,8
RKOMI,4,ERIC CLAPTON - LAYLA,8
MORY KANTÉ,4,SUGABABES - ABOUT YOU NOW,8
KAOMA,4,MANDO DIAO - BLACK SATURDAY,8
LUCA DIRISIO,4,TRETTMANN - ATLANTIS,8
PAUL RUSSELL,4,NE-YO - SO SICK,8
BROTHERTUNES,4,SUPERTRAMP - BREAKFAST IN AMERICA,8
MAKE PLAIN,4,CHARLI XCX - I THINK ABOUT IT ALL THE TIME,8
TOBIAS JENSEN,4,CHARLI XCX - APPLE,8
JESPER JENSET,4,STARSAILOR - FOUR TO THE FLOOR,8
ANAND WILDER,4,EMELI SANDÉ - SHINE,8
SWEAR I LOVE YOU,4,BIG SEAN - FEELS,8
COLLECTIVE SOUL,4,ZUCCHERO - SENZA UNA DONNA ( WITHOUT A WOMAN ),8
IVO,4,SAMANTHA FOX - TOUCH ME (I WANT YOUR BODY),8
COOKIE THE HERBALIST,4,SONIQUE - IT FEELS SO GOOD,8
BUBI EIFACH,4,3 DOORS DOWN - HERE WITHOUT YOU,8
PILAR VEGA,4,COUNTING CROWS - MR. JONES,8
BLOOD ORANGE,4,GWEN STEFANI - HOLLABACK GIRL,8
BRIGHT EYES,4,MADCON - BEGGIN,8
JEHNNY BETH,4,TAKE THAT - THE FLOOD,8
SWAY CLARKE II,4,KATE NASH - FOUNDATIONS,8
THE RAVENERS,4,DESIRELESS - VOYAGE VOYAGE,8
ALEJANDRO REYES,4,JASON MRAZ - HAVE IT ALL,8
LEVIN,4,MAKKO - NACHTS WACH,8
W SOUND,4,GENESIS - LAND OF CONFUSION,8
BEELE,4,YES - OWNER OF A LONELY HEART,8
OVY ON THE DRUMS,4,THE B-52'S - LOVE SHACK,8
SOLEIL BLEU,4,REEL 2 REAL - I LIKE TO MOVE IT,8
R2,4,RAZORLIGHT - AMERICA,8
SNOOK,4,DIPLO - FOREVER,8
CARLOS LEAL,4,PETER SCHILLING - MAJOR TOM,8
FAR CASPIAN,4,JAMIE XX - LIFE,8
PEACHY,4,AURORA - TO BE ALRIGHT,8
DJ TATANA,4,M83 - MIDNIGHT CITY,8
LEXX,4,JUSTIN JESSO - AS FAR AS FEELINGS GO,8
BARON.E,4,A FLOCK OF SEAGULLS - I RAN,8
MITSKI,4,FREUNDESKREIS - MIT DIR,8
PATTI SMITH,4,TOM JONES - SEXBOMB,8
SKUNK ANANSIE,4,TIMBALAND - APOLOGIZE,8
RIGHEIRA,4,TIMBALAND - THE WAY I ARE,8
PETER BJORN AND JOHN,4,"LOTTE - AUF DAS, WAS DA NOCH KOMMT",8
TRUMMER,4,PHATS - TURN AROUND,8
THE GASLIGHT ANTHEM,4,SMALL - TURN AROUND,8
BARENAKED LADIES,4,PEDRO CAPÓ - CALMA (REMIX),8
ALOIS,4,THE BOSSHOSS - JOLENE,8
KT GORIQUE,4,AURA DIONE - FRIENDS,8
BATBAIT,4,AURA DIONE - SONG FOR SOPHIE,8
HUCK FINN,4,BEYONCÉ - HALO,8
YES I'M VERY TIRED NOW,4,CHARLES - WOULD I LIE TO YOU,8
SEAN KINGSTON,4,EDDIE - WOULD I LIE TO YOU,8
BENNY BENASSI,4,LISA STANSFIELD - THE REAL THING,8
FRENCH MONTANA,4,JENNIFER WAR - THE TIME OF MY LIFE,8
REPUBLICA,4,EL - CRAZY WHAT LOVE CAN DO,8
KADEBOSTANY,4,MEAT LOAF - I'D DO ANYTHING FOR LOVE (BUT I WON'T DO THAT),8
SENSU,4,IRENE CARA - FLASHDANCE (WHAT A FEELING),8
TARRUS RILEY,4, - SUPER MARIO BROS MAIN THEME,8
DJ JAZZY JEFF AND THE FRESH PRINCE,4,ONE REPUBLIC - COUNTING STARS,8
MOSS KENA AND THE KNOCKS,4,ONE REPUBLIC - LOVE RUNS OUT,8
ASENDORF,4,U 2 - I STILL HAVEN'T FOUND WHAT I'M LOOKING FOR,8
MEGAN THEE STALLION,4,MILLI VANILLI - GIRL YOU KNOW IT'S TRUE,8
THE TWO ROMANS,4,N - HEAD SHOULDERS KNEES & TOES,8
OFF KEY JUNIOR,4,SAM FELDT - SHOW ME LOVE,8
LOVESPEAKE,4,BLUE - ALL RISE,8
TACCHI,4,ICH - SO SOLL ES BLEIBEN,8
CHAEL,4,KOOL - FRESH,8
BREITBILD,4,THE GANG - FRESH,8
TWO AND YUNA,4,GAMPER - BITTERSWEET SYMPHONY,8
ZAHO DE SAGAZAN,4,DADONI - BITTERSWEET SYMPHONY,8
THE KING'S SON,4,INGROSSO - MORE THAN YOU KNOW,8
NYLA,4,LIFEHOUSE - HALFWAY GONE,8
EL PROFESOR,4,FRANS - IF I WERE SORRY,8
BAILEY ZIMMERMAN,4,HOOBASTANK - THE REASON,8
THE YOUNG GODS,4,KATRINA - LOVE SHINE A LIGHT,8
DEZABEL,4,THE WAVES - LOVE SHINE A LIGHT,8
ULTRA NATÉ,4,STYX - BOAT ON THE RIVER,8
ALABAMA SHAKES,4,TONI BRAXTON - UN-BREAK MY HEART,8
BLÜMCHEN,4,IMAGINATION - JUST AN ILLUSION,8
SUNNAN,4,LOS DEL RIO - MACARENA,8
BLACK SEA DAHU,4,INÉZ - CHIGGY CHIGGY,8
HONEY DIJON,4,THE ALL-AMERICAN REJECTS - GIVES YOU HELL,8
WANG CHUNG,4,THE CORRS - BREATHLESS,8
NIALL HORAN,4,KATZENJAMMER - I WILL DANCE (WHEN I WALK AWAY),8
TACABRO,4,BLACK EYED PEAS - SHUT UP,8
RILO KILEY,4,ELVIS PRESLEY VS. JXL - A LITTLE LESS CONVERSATION,8
MANESKIN,4,THE PRODUCT G - MARIA MARIA,8
BEBE WINANS,4,B - MARIA MARIA,8
LUNIZ,4,SAM MARTIN - WORLD GONE WILD,8
GEORGE BENSON,4,LISSIE - WHEN I'M ALONE,8
COLDPLA,4,NORAH JONES - DON'T KNOW WHY,8
BOB MARLEY VS FUNKSTAR DELUXE,4,THUNDER JACKSON - STEADY FREDDY,8
STANFOUR,4,THUNDER JACKSON - THE FEVER & THE DREAM,8
BLACK EYED,4,THUNDER JACKSON - SPOONFED DESIRE,8
MAGIC,4,OMC (OTARA MILLIONAIRES CLUB) - HOW BIZARRE,8
PRINCE ITAL. JOE,4,ALIDA - ONE MORE TIME (FEAT. ALIDA),8
REA GA,4,EDDIE MONEY - TAKE ME HOME TONIGHT (BE MY BABY),8
AVA,4,21 SAVAGE - ROCKSTAR,8
MC MIKER G,4,PAUL YOUNG - SENZA UNA DONNA ( WITHOUT A WOMAN ),8
DJ,4,SOFIYA NZAU - WACUKA,8
CEE LO GREEN,4,MANFRED MANN'S EARTH BAND - BLINDED BY THE LIGHT,8
CASCADA,4,VANGELIS - I'LL FIND MY WAY HOME,8
ELIF,4,SHAPESHIFTERS - LOLA'S THEME,8
T.A.T.U,4,HUEY LEWIS - THE POWER OF LOVE,8
OTHER ONES,4,THE NEWS - THE POWER OF LOVE,8
FRANCESCO Y,4,FRENSHIP - CAPSIZE,8
TIFFANY ARIS,4,EMILY WARREN - CAPSIZE,8
PUSSYCAT DOLLS,4,MAXI PRIEST - CLOSE TO YOU,8
PRINCESS,4,ORCHESTRAL MANOEUVRES IN THE DARK - MAID OF ORLEANS,8
THE PASADENAS,4,"PIPPI LANGSTRUMPF - HEI, PIPPI LANGSTRUMPF",8
DON JOHNSON,4,ENYA - ONLY TIME,8
HELEN SCHNEIDER,4,ENYA - ORINOCO FLOW (SAIL AWAY),8
DAVID HASSELHOFF,4,THE COMMON LINNETS - JOLENE,8
AL CORLEY,4,SANTOS - GESTERN,8
ROBIN THICKE,4,THE BEE GEES - NIGHT FEVER,8
RUN-D.M.C,4,THE BEE GEES - ALONE,8
GURU JOSH,4,SPANDAU BALLET - TRUE,8
STACIE ORRICO,4,DISCLOSURE - YOU & ME (RIVO REMIX),8
MIKE PERRY,4,ERASURE - OH L'AMOUR,8
SHY MARTIN,4,CLIFF RICHARD - DREAMIN',8
DIANA KING,4,ALISON MOYET - WEAK IN THE PRESENCE OF BEAUTY,8
PETER,4,CHRIS DEBURGH - MISSING YOU,8
BJÖRN,4,BOY GEORGE - EVERYTHING I OWN,8
SALT 'N' PEPA,4,JOE COCKER - SUMMER IN THE CITY,8
CRIS CAB,4,DELEGATION - HEARTACHE NO. 9,8
TOM COCHRANE,4,SMOKIE - LIVING NEXT DOOR TO ALICE,8
BEN L'ONCLE SOUL,4,JENNIFER BROWN - TUESDAY AFTERNOON,8
COKO,4,ANDRU DONALDS - MISHALE (MICHELLE),8
LESLIE CLIO,4,THE J. GEILS BAND - CENTERFOLD,8
DONAVON FRANKENREITER,4,ROD STEWART - SOME GUYS HAVE ALL THE LUCK,8
NEWTON FAULKNER,4,ROD STEWART - THE MOTOWN SONG,8
CHRISTOPHE MAÉ,4,CAT STEVENS - FATHER AND SON,8
A GREAT BIG WORLD,4,AL STEWART - YEAR OF THE CAT,8
VANILLA ICE,4,THE THREE DEGREES - WHEN WILL I SEE YOU AGAIN,8
SÉRGIO MENDES,4,CLOUSEAU - CLOSE ENCOUNTERS,8
BLUE OCTOBER,4,PETER CETERA - GLORY OF LOVE (THEME),8
OLETA ADAMS,4,JON - I'LL FIND MY WAY HOME,8
DAVID BISBAL,4,THE SUNSHINE BAND - GIVE IT UP,8
SALT 'N' PEPA WITH EN VOGUE,4,NICK STRAKER BAND - A WALK IN THE PARK,8
JONATHAN JEREMIAH,4,"MOTI SPECIAL - COLD DAYS, HOT NIGHTS",8
STEVIE NICKS,4,THE COMMUNARDS - DON'T LEAVE ME THIS WAY,8
COMMON LINNETS,4,HARD LIFE - OTHELLO,8
RUEL,4,PHILINE SONNY - IN DENIAL,8
AQUA,4,CLAIRO - THANK YOU,8
ROCK MAFIA,4,THE LATHUMS - STELLAR CAST,8
CHARLIE WINSTON,4,GIRL IN RED - YOU NEED ME NOW?,8
MARTA JANDOVÁ,4,THE MARÍAS - RUN YOUR MOUTH,8
JESSICA,4,ORLA GARTLAND - LATE TO THE PARTY,8
ELI,4,FRIEDBERG - SO DOPE,8
THE WATERBOYS,4,POM POM SQUAD - STREET FIGHTER,8
HEAVEN 17,4,ALFIE TEMPLEMAN - JUST A DANCE,8
BAD RELIGION,4,LEYYA - PUMPED UP HIGH,8
THE SISTERS OF MERCY,4,ANDERSON .PAAK - NO CAP,8
MONCRIEFF,4,HINDS - SUPERSTAR,8
MELANIE THORNTON,4,ROSE GRAY - FREE,8
JESSE MCCARTNEY,4,PETIT BISCUIT - SUNSET LOVER,8
ELLA BOH,4,PURITY RING - MANY LIVES,8
MAX MUTZKE,4,BANKS - MOVE,8
BEAGLE MUSIC LTD,4,BLUSH ALWAYS - FOND OF HER,8
LENA MEYER-LANDRUT,4,AB SYNDROM - BLINDFLUG,8
TORI AMOS,4,TRILLE - BLINDFLUG,8
ALABAMA,4,SIGGI - MONTAG,8
BLAKE SHELTON,4,PAULA HARTMANN - ATLANTIS,8
KENNY CHESNEY,4,BUSH.IDA - KLAGE,8
DIANA ROSS; SUPREMES,4,DECLAN MCKENNA - LATE TO THE PARTY,8
RICHARD SANDERSON,4,CATT - JUNGLE OF ABUNDANCE,8
GARTH BROOKS,4,KATE KLEIN - STUCK,8
BLUES BROTHERS,4,YSEULT - MOVE,8
MARIANNE FAITHFULL,4,AVAION - WACUKA,8
VILLE VALO; NATALIA AVELON,4,THE LINDA LINDAS - ONCE UPON A TIME,8
THE STEVE MILLER BAND,4,YUNA - FOREVER,8
EDOARDO BENNATO,4,MIKSU - NACHTS WACH,8
BUSH,4,MACLOUD - NACHTS WACH,8
FANCY,4,MALOU - FOREVER,8
INKER,4,TOMAN - VERANO EN NY,8
HAMILTON,4,PASHANIM - SHABAB(E)S IM VIP,8
KLAUS WEILAND,4,CEREN - SHABAB(E)S IM VIP,8
TOCOTRONIC,4,JAZZY - HIGH ON ME,8
ALVIN STARDUST,4,KID CUDI VS. CROOKERS - DAY 'N' NIGHT,8
EMMYLOU HARRIS,4,JUNIOR JACK - STUPIDISCO,8
ZAC BROWN BAND,4,"STEVE EDWARDS - WORLD, HOLD ON",8
DICK BRAVE,4,DJ HELL - COPA,8
THE PIPS,4,BUNT. MYLES LLOYD - CRAZY,8
THE BOX TOPS,4,ZION DESCEMER BUENO - SÚBEME LA RADIO,8
PASO DOBLE,4,KIMBERLY ANNE - SHOW ME LOVE,8
DAVE EDMUNDS,4,MACKLEMORE JESS GLYNNE - THESE DAYS,8
EIGHTH WONDER,4,MALUGI - CHIGGY CHIGGY,8
JOHN LEE HOOKER,4,ALEX CLARE - TOO CLOSE,8
PETTY,4,W - THANK YOU (NOT SO BAD),8
TOM AND THE HEARTBREAKERS,4,CKAY - LOVE NWANTITI (NORTH AFRICAN REMIX),8
HIGH SOUTH,4,ELGRANDE TOTO - LOVE NWANTITI (NORTH AFRICAN REMIX),8
BERTIE HIGGINS,4,ROSSI - HIGH ON ME,8
TIGHT FIT,4,LEONY MEDUZA - FIRE,8
STEAM,4,RAF FAST BOY - WAVE,8
GARETH GATES,4,JOYA MARLEEN - FIRE,7
LOLA MARSH,4,BABA SHRIMPS - I DON'T WANNA HIDE,7
WAX,4,SABRINA CARPENTER - PLEASE PLEASE PLEASE,7
JAN HAMMER,4,HAIM - DOWN TO BE WRONG,7
TIM MCGRAW,4,KYGO - HOT STUFF,7
TOBY KEITH,4,FELIX JAEHN - BANG BANG,7
JOHNNY NASH,4,FELIX JAEHN - HOT2TOUCH,7
BEN E. KING,4,DUA LIPA - SCARED TO BE LONELY,7
KEVIN COSTNER,4,BOB SINCLAR - OUTRO LUGAR,7
MODERN WEST,4,"BOB SINCLAR - WORLD, HOLD ON (FISHER REWORK)",7
CHINA CRISIS,4,SALOME DE BAHIA - OUTRO LUGAR,7
JETHRO TULL,4,AVICII - SOS,7
DIERKS BENTLEY,4,STRESS - LIBERE,7
MATHOU,4,MICHAEL PATRICK KELLY - ROUNDABOUTS,7
THE LOVIN' SPOONFUL,4,ROXETTE - JUNE AFTERNOON,7
EVELYN THOMAS,4,ROXETTE - THE CENTRE OF THE HEART (IS A SUBURB TO THE BRAIN),7
SNIFF'N' THE TEARS,4,AVENTURA - OBSESION,7
MAX WERNER,4,BAD BUNNY - I LIKE IT,7
4 THE CAUSE,4,NICO SANTOS - WOULD I LIE TO YOU,7
H-BLOCKX,4,NICO SANTOS - ROOFTOP,7
BLUES BROTHERS BAND,4,DAVID GUETTA - FLAMES,7
THE KELLY FAMILY,4,DAVID GUETTA - WOULD I LIE TO YOU,7
CLOVES,4,THE WOMBATS - MOVING TO NEW YORK,7
KLAUS LAGE BAND,4,LINKIN PARK - CASTLE OF GLASS,7
AL GREEN,4,MICHAEL JACKSON - YOU ARE NOT ALONE,7
THEES UHLMANN,4,LOLA YOUNG - BIG BROWN EYES,7
MCGUINNESS FLINT,4,LOLA YOUNG - MESSY**,7
MAX,4,CARDI B - I LIKE IT,7
HUNDREDS,4,CLUESO - ZUSAMMEN,7
ADEKUNLE GOLD,4,HURTS - WONDERFUL LIFE,7
JAMES HERSEY,4,BURNA BOY - JERUSALEMA,7
THE BUOYS,4,TOM GRENNAN - SOMEWHERE ONLY WE GO,7
ANTI DA MENACE,4,PURPLE DISCO MACHINE - FIREWORKS,7
SLOWTHAI,4,DR. ALBAN - SING HALLELUJAH,7
SILLY BOY BLUE,4,OFENBACH - FEELINGS DON'T LIE,7
DAN CROLL,4,MADONNA - INTO THE GROOVE,7
GARDEN CITY MOVEMENT,4,MADONNA - PAPA DON'T PREACH,7
SPORTS,4,MADONNA - TRUE BLUE,7
MAGGIE ROGERS,4,JAMES BAY - LET IT GO,7
RE6CE,4,MARY J. BLIGE - ONE,7
RAT BOY,4,ED SHEERAN - SHAPE OF YOU,7
WALLOWS,4,ED SHEERAN - CASTLE ON THE HILL,7
WOODES,4,ED SHEERAN - EYES CLOSED,7
TEMPLES,4,LENNY KRAVITZ - STILLNESS OF HEART,7
MILLIE TURNER,4,LENNY KRAVITZ - IT AIN'T OVER 'TIL IT'S OVER,7
TIGERMILCH,4,QUEEN - THE SHOW MUST GO ON,7
RÖYKSOPP,4,QUEEN - HEAVEN FOR EVERYONE,7
BECKY SIKASA,4,LEONY - BANG BANG,7
ANT ANTIC,4,LEONY - FIRE,7
PAULA,4,BILLY IDOL - WHITE WEDDING,7
ERIKA DE CASIER,4,DAN AUERBACH - SHINE ON ME,7
LUCIUS,4,MEDUZA - LOSE CONTROL,7
ZOOT WOMAN,4,MEDUZA - FIRE,7
JAPANESE BREAKFAST,4,MARK FORSTER - ZEITMASCHINE,7
BOBBY GILLESPIE,4,PHIL COLLINS - DON'T LOSE MY NUMBER,7
DELPHIC,4,PHIL COLLINS - AGAINST ALL ODDS,7
HAZLETT,4,PHIL COLLINS - IN THE AIR TONIGHT,7
BLU DETIGER,4,CHIARA CASTELLI - WATER TO ME,7
KAWALA,4,BANANARAMA - LOVE IN THE FIRST DEGREE,7
CHRISTOPHER ANNEN,4,LINA BUTTON - LITTLE TIN GOD,7
JOSEPH,4,LADY GAGA - JUST DANCE,7
TORA,4,JAMES GRUNTZ - YOU,7
KAVINSKY,4,KENDRICK LAMAR - NOT LIKE US,7
MAULI,4,JUSTIN BIEBER - DESPACITO,7
KLLO,4,ANN LEE - 2 TIMES,7
SAMPA THE GREAT,4,ROBIN SCHULZ - HEADLIGHTS,7
GOLDLINK,4,ROBIN SCHULZ - SUN WILL SHINE,7
IN THE VALLEY BELOW,4,JAMIROQUAI - VIRTUAL INSANITY,7
NOAH SLEE,4,DIE ÄRZTE - SCHREI NACH LIEBE,7
LIANNE LA HAVAS,4,GEORGE EZRA - PARADISE,7
PIPPA,4,SIA - FLAMES,7
MAYBERG,4,SIA - NEVER GIVE UP,7
ALEX LAHEY,4,RED HOT CHILI PEPPERS - SNOW (HEY OH),7
CRUCCHI GANG,4,RED HOT CHILI PEPPERS - DARK NECESSITIES,7
ERICK THE ARCHITECT,4,CHARLIE PUTH - LIGHT SWITCH,7
LUNA,4,JENNIFER LOPEZ - LOVE DON'T COST A THING,7
COIN,4,TALKING HEADS - ROAD TO NOWHERE,7
ARKELLS,4,TOM GREGORY - FINGERTIPS,7
NIA ARCHIVES,4,RAY DALTON - IN MY BONES,7
ACTION BRONSON,4,ALVARO SOLER - REGALO,7
WHITNEY,4,BECKY HILL - LOSE CONTROL,7
PIP MILLETT,4,GOODBOYS - LOSE CONTROL,7
SHYGIRL,4,PETER FOX - TOSCANA FANBOYS,7
IDA KUDO,4,MARTIN GARRIX - SCARED TO BE LONELY,7
KINGS OF CONVENIENCE,4,JAMES ARTHUR - SAY YOU WON'T LET GO,7
MAYA JANE COLES,4,SEAN PAUL - BREATHE,7
FLORRIE,4,SEAN PAUL - OTHER SIDE OF LOVE,7
SELF ESTEEM,4,BEYONCE - TEXAS HOLD 'EM,7
SUMMERS SONS,4,BIG MOUNTAIN - BABY I LOVE YOUR WAY,7
NAND,4,WILL SMITH - WILD WILD WEST,7
ELOISE,4,MOUSSE T - HORNY '98,7
BOYGENIUS,4,HOT'N'JUICY - HORNY '98,7
COLD WAR KIDS,4,NEMO - UNEXPLAINABLE,7
KING PARI,4,MGMT - TIME TO PRETEND,7
MY CHEMICAL ROMANCE,4,BRYAN ADAMS - SUMMER OF 69,7
UCHE YARA,4,SELENA GOMEZ - BACK TO YOU,7
KATHA PAUER,4,SIMPLY RED - FAIRGROUND,7
KURTIS WELLS,4,BRYAN FERRY - DON'T STOP THE DANCE,7
T-PAIN,4,JANIECK - REALITY,7
RITTER LEAN,4,DAVID BOWIE - THIS IS NOT AMERICA,7
JULIA CHURCH,4,ROBBIE WILLIAMS - ROCK DJ,7
GZUZ,4,ROBBIE WILLIAMS - SHE'S THE ONE,7
CENTRAL CEE,4,MY NAME IS GEORGE - THE BEGINNING,7
GORDO,4,HEIDI HAPPY - THE BEGINNING,7
ERIK BANDT,4,JUSTICE - D.A.N.C.E.,7
ALEX WANN,4,CHER - THE SHOOP SHOOP SONG,7
RÜFÜS,4,"CHER - GYPSIES, TRAMPS AND THIEVES",7
HANNAH LAING,4,PINK - COVER ME IN SUNSHINE,7
RORO,4,TRAIN - ANGEL IN BLUE JEANS,7
THE BLESSED MADONNA,4,ELLIE GOULDING - HYPNOTIZED,7
LUCIANO,4,SIMPLE PLAN - YOUR LOVE IS A LIE,7
CLOUDS KETTAMA,4,MANU CHAO - BONGO BONG - JE NE T'AIME PLUS,7
SALIF KEITA,4,THE CRANBERRIES - DREAMS,7
BENJA MOBLACK,4,DJ SNAKE - MIDDLE,7
CESÁRIA EVORA,4,DESCEMER BUENO - SUBEME LA RADIO,7
FRANC FALA,4,ZION - SUBEME LA RADIO,7
PAUL SIRRELL,4,LENNOX - SUBEME LA RADIO,7
DJ TENNIS,4,ALICIA KEYS - NO ONE,7
JOSEPH ASHWORTH,4,SUZANNE VEGA - TOM'S DINER,7
ALEXIS ROBERTS,4,MAROON 5 - BEAUTIFUL MISTAKES,7
VEGEDREAM,4,ANIMOR - BIG SHOT,7
LUNE,4,AMY WINEHOUSE - YOU KNOW I'M NO GOOD,7
MOONLGHT,4,TEXAS - BLACK EYED BOY,7
LAWRENT ROBIN SCHULZ,4,EVE - WHO'S THAT GIRL,7
DIMITRI VEGAS,4,TINA TURNER - GOLDENEYE,7
LIKE MIKE,4,LILY ALLEN - SMILE,7
RENÉ MILLER,4,CALVIN HARRIS - BLAME,7
DJ GIGOLA,4,CHRISTINA AGUILERA - COME ON OVER BABY (ALL I WANT IS YOU),7
FRED AGAIN.. SKRILLEX,4,CHRISTINA AGUILERA - NOBODY WANTS TO BE LONELY,7
FLOWDAN,4,BASTILLE - OF THE NIGHT,7
LIL TECCA,4,ILSEY - HEADLIGHTS,7
THE-DREAM,4,ELECTRIC BLANKET - YOUR SONG,7
ENS: CHET BAKER QUARTET,4,MAREA - GIRLFRIEND,7
BURNS,4,KELLY CLARKSON - HEARTBEAT SONG,7
DAVID GUETTA KUNGS,4,DASHA - LIKE IT LIKE THAT,7
BECKY G,4,ADELE - WATER UNDER THE BRIDGE,7
SENEX,4,ZZ TOP - GIMME ALL YOU LOVIN',7
CEDRIC GERVAIS,4,LOI - NEWS,7
POOL KIDS,3,THE STRANGLERS - ALWAYS THE SUN,7
SAINT-ÉTIENNE,3,BLINK-182 - I MISS YOU,7
DARIUSH,3,WINCENT WEISS - FEUERWERK,7
KLEOPATRA WEIN,3,KEANE - THIS IS THE LAST TIME,7
EMF,3,KEANE - EVERYBODY'S CHANGING,7
WAD AD,3,HALSEY - YOU SHOULD BE SAD,7
ZID,3,WYCLEF JEAN - AVENUES,7
KING CHARLES,3,SOFT LOFT - IS IT ME,7
TARKAN,3,A-HA - TOUCHY!,7
WE ARE AVA,3,ORSO - MOVE,7
TIEKS,3,ALLE FARBEN - CALL MY NAME,7
DAN HARKNA,3,ALPHAVILLE - SOUNDS LIKE A MELODY,7
ANNA ERHARD,3,STROMAE - FORMIDABLE,7
ELIJAH SALOMON,3,GIGI D'AGOSTINO - L'AMOUR TOUJOURS,7
ACHILLE LAURO,3,CRO - EASY (GUIDO CRAVEIRO REGGAE REMIX),7
GYPSY AND THE CAT,3,NO DOUBT - HEY BABY,7
CRIS WICKY,3,THE LA'S - THERE SHE GOES,7
CALI Y EL DANDEE,3,GOSSIP - LOVE LONG DISTANCE,7
LIRICAS ANALAS,3,BENEE - SUPALONELY,7
MAGIC AND NAKED,3,GUS DAPPERTON - SUPALONELY,7
KARAVANN,3,KATE YANAI - SUMMER DREAMIN',7
PANDA BEAR,3,EMPIRE OF THE SUN - ALIVE,7
ENNY,3,THE PROCLAIMERS - I'M GONNA BE (500 MILES),7
SINA,3,BILL MEDLEY - I'VE HAD THE TIME OF MY LIFE,7
MIN KING,3,JENNIFER WARNES - I'VE HAD THE TIME OF MY LIFE,7
PETER TOSH,3,GREEN DAY - 21 GUNS,7
PAOLA E CHIARA,3,THE HUMAN LEAGUE - TELL ME WHEN,7
CELLA,3,MC HAMMER - U CAN'T TOUCH THIS,7
NOEMI BEZA,3,ALOE BLACC - SOS,7
BLIGG'N'LEXX,3,COLBIE CAILLAT - BRIGHTER THAN THE SUN,7
MILITARIE GUN,3,MICHEL TELO - AI SE EU TE PEGO,7
MINI TREES,3,THE CHAINSMOKERS - DON'T LIE,7
ILAJAN,3,THE CHAINSMOKERS - DON'T LET ME DOWN,7
LÖWENZAHNHONIG,3,KIM PETRAS - DON'T LIE,7
CLEO SOL,3,ALAN WALKER - ALONE,7
ROGÊ,3,MARLON ROUDETTE - WHEN THE BEAT DROPS OUT,7
DOUBLE PACT,3,SALEM ILESE - FEELINGS DON'T LIE,7
LENA-LISA,3,SOFILOUD - CALL MY NAME,7
ROACHFORD,3,SUNRISE AVENUE - HEARTBREAK CENTURY,7
MO,3,PULP - DISCO 2000,7
ADRY,3,GENTLEMAN - INTOXICATION,7
JS3,3,THE TING TINGS - THAT'S NOT MY NAME,7
MUNA,3,DUFFY - WARWICK AVENUE,7
COSSMO,3,SPICE GIRLS - VIVA FOREVER,7
GENEMO,3,MEGHAN TRAINOR - MADE YOU LOOK,7
THE RUMOURS,3,CAMEO - WORD UP,7
FLOCK OF DIMES,3,ALTA - LOVE HAS GONE,7
ROCHELLE JORDAN,3,ROBERT FALCON - LOVE HAS GONE,7
IKAN HYU,3,ABBA - DANCING QUEEN,7
THE HEAD AND THE HEART,3,GWEN STEFANI - THE SWEET ESCAPE,7
FUNKSTAR DELUXE,3,DIE TOTEN HOSEN - TAGE WIE DIESE,7
CHARLIE ROE AND THE WASHING MACHINES,3,BUSTA RHYMES - DON'T CHA,7
LUCA!,3,BLU CANTRELL - BREATHE,7
MOONRAISERS,3,THE BEACHES - LESBIAN OF THE YEAR,7
LUCA APRILE,3,TERENCE TRENT D'ARBY - SIGN YOUR NAME,7
ROCKY WOOD,3,THE ROLLING STONES - START ME UP,7
INHALER,3,MELANIE C - WHEN YOU'RE GONE,7
THE DURUTTI COLUMN,3,NINA CHUBA - WILDBERRY LILLET,7
NIGHTBUS,3,NINA CHUBA - MANGOS MIT CHILI,7
M.O.P,3,GRAHAM CANDY - WAITING FOR THE SUMMER,7
MAHMOOD,3,EROS RAMAZZOTTI - SE BASTASSE UNA CANZONE,7
NECKLESS,3,EROS RAMAZZOTTI - UN' EMOZIONE PER SEMPRE,7
DENHAM SMITH,3,DRAKE - IN MY FEELINGS,7
STAHLBERGER,3,DIRE STRAITS - SULTANS OF SWING,7
URSINA,3,DARIO G - CARNIVAL DE PARIS,7
SABRINA,3,FREDDIE MERCURY - LIVING ON MY OWN,7
KEB' MO',3,WALKING ON CARS - SPEEDING CARS,7
LAURA BILGERI,3,REO SPEEDWAGON - CAN'T FIGHT THIS FEELING,7
SKYLER,3,ETERNAL - I WANNA BE THE ONLY ONE,7
LUCIO CORSI,3,JJ - STILL (I GOT SUMMER ON MY MIND) (FORTELLA REMIX),7
HOOSIERS,3,TOM JONES - KISS,7
THE CHARLATANS,3,CAESARS - JERK IT OUT,7
FUSION SQUARE GARDEN,3,ROB THOMAS - SMOOTH,7
HETHER,3,HERBERT GRÖNEMEYER - MUSIK NUR WENN SIE LAUT IST,7
KALLES KAVIAR,3,HERBERT GRÖNEMEYER - FLUGZEUGE IM BAUCH,7
HANRETI,3,DEEPEND - WAITING FOR THE SUMMER,7
NULL,3,THE BOSSHOSS - DON'T GIMME THAT,7
VOID,3,ÄRZTE - WESTERLAND,7
DAVE GAHAN,3,BONNIE TYLER - IT'S A HEARTACHE,7
JENS LEKMAN,3,AURA DIONE - I WILL LOVE YOU MONDAY,7
VANITY FAIRY,3,P!NK - WHAT ABOUT US,7
EMILÍANA TORRINI,3,AGNES - RELEASE ME,7
RANDY NEWMAN,3,BEYONCÉ - IRREPLACEABLE,7
LILA IKÉ,3,FELIX JAEHN FEA - ONE MORE TIME,7
SIMEON,3,ALIZEE - MOI... LOLITA,7
NAS,3,MEAT LOAF - I'D DO ANYTHING FOR LOVE,7
COLIBRI,3,IRENE CARA - WHAT A FEELING,7
GIUSY FERRERI,3,BILLY JOEL - THE LONGEST TIME,7
R.CITY,3,BLUE LAGOON - BREAK MY STRIDE,7
BORI,3,MANFRED MANN'S EARTHBAND - FOR YOU,7
TANANAI,3,THE GOO GOO DOLLS - IRIS,7
SMOKE CITY,3,NO - JERUSALEMA,7
ADEN FOYER,3,NICK KAMEN - EACH TIME YOU BREAK MY HEART,7
MOTHERS PRIDE,3,EVANESCENCE - BRING ME TO LIFE,7
MINUS 8,3,KHALED - AICHA,7
REDONE,3,SASHA - WE CAN LEAVE THE WORLD,7
RETO BURRELL,3,BEE GEES - SECRET LOVE,7
WOLFMOTHER,3,JOHN PARR - ST. ELMO'S FIRE,7
EVERYTHING IS RECORDED,3,HIGHT - HOT2TOUCH,7
JAH WOBBLE,3,CHICANE - SALTWATER,7
TYLER,3,KERI HILSON - THE WAY I ARE,7
THE CREATOR,3,KERI HILSON - PRETTY GIRL ROCK,7
ERA ISTREFI,3,J BALVIN - I LIKE IT,7
S'EXPRESS,3,MØ - SWEET,7
LEN SANDER,3,BILLY OCEAN - CARIBBEAN QUEEN (NO MORE LOVE ON THE RUN),7
ROCCO HUNT,3,PAULA ABDUL - STRAIGHT UP,7
FEDEZ,3,HANSON - MMMBOP,7
WILLOW SAGE HART,3,RIO REISER - KÖNIG VON DEUTSCHLAND,7
WHEN THEY WAKE,3,GLORIA ESTEFAN - GET ON YOUR FEET,7
ADRIAN WEYERMANN,3,MICHAEL BUBLÉ - HAVEN'T MET YOU YET,7
CORNERSHOP,3,FLORENCE - SHAKE IT OUT,7
BARRIO COLETTE,3,THE MACHINE - SHAKE IT OUT,7
WHITE TOWN,3,CHRISTINA STÜRMER - NIE GENUG,7
MARO,3,THE WAILERS - COULD YOU BE LOVED,7
MR. MIKE,3,THE WAILERS - BUFFALO SOLDIER,7
THE GUESS WHO,3,PHILIPP DITTBERNER - WOLKE 4,7
KASABIAN,3,MARV - WOLKE 4,7
AUSTRA,3,WAD AD VS. PNAU - CHANGES,7
UB40,3,SILBERMOND - HIMMEL AUF,7
CASH CASH,3,THE LAST GOODNIGHT - PICTURES OF YOU,7
TAWNEE,3,MUMFORD - LITTLE LION MAN,7
PINK BUTTER,3,SONS - LITTLE LION MAN,7
LILY CLAIRE,3,D.O.E - THE WAY I ARE,7
RED SPIDER LILLIES,3,LENKA - EVERYTHING AT ONCE,7
ABSOLUTE BEGINNER,3,THE DISCO BOYS - FOR YOU,7
THE NATIONAL,3,HÉROES DEL SILENCIO - ENTRE DOS TIERRAS,7
MICHAEL VON DER HEIDE,3,EMILY ROBERTS - BITTERSWEET SYMPHONY,7
EVE GALLAGHER,3,CHRIS REA - I CAN HEAR YOUR HEARTBEAT,7
AMBER MARK,3,IZZY BIZU - WHITE TIGER,7
CROSBY,3,DELTA GOODREM - LOST WITHOUT YOU,7
STILLS,3,AXWELL Λ INGROSSO - MORE THAN YOU KNOW,7
NASH,3,BURAK YETER - TUESDAY,7
HOLLY HUMBERSTONE,3,DANELLE SANDOVAL - TUESDAY,7
SAM RYDER,3,CELESTE - STOP THIS FLAME,7
JAMIE N COMMONS,3,JULIAN PERRETTA - MIRACLE,7
JOHN WILLIAMS,3,CAPTAIN HOLLYWOOD PROJECT - MORE AND MORE,7
STARLEY,3,LONDON GRAMMAR - STRONG,7
STEALERS WHEEL,3,STEVIE WONDER - YOU ARE THE SUNSHINE OF MY LIFE,7
LUUK,3,FLASH - MIDNIGHT MAN,7
CECE PENISTON,3,THE PAN - MIDNIGHT MAN,7
CAMILO,3,A FINE FRENZY - ALMOST LOVER,7
RAYKUBA,3,BIPOLAR SUNSHINE - MIDDLE,7
ACDC,3,ENIGMA - RETURN TO INNOCENCE,7
OLIVA,3,STEVE MILLER BAND - ABRACADABRA,7
APOLLO FOUR FORTY,3,CHRISTOPHER CROSS - RIDE LIKE THE WIND,7
JAMIE FOXX,3,BARCLAY JAMES HARVEST - LIFE IS FOR LIVING,7
ALEX MAX BAND,3,CLIFF RICHARD - SOME PEOPLE,7
TIBERIO,3,CARLY SIMON - YOU'RE SO VAIN,7
NICK CAVE,3,JOE COCKER - FIRST WE TAKE MANHATTAN,7
THE BAD SEEDS,3,JIMMY CLIFF - REGGAE NIGHT,7
ELEVATOR BOYS,3,CHYP-NOTIC - I CAN'T GET ENOUGH,7
ANITTA,3,DUSTY SPRINGFIELD - SON OF A PREACHER MAN,7
ROMAN LOB,3,NAZARETH - LOVE HURTS,7
ALL 4 ONE,3,JENNIFER RUSH - I COME UNDONE,7
CEDRIC GERV,3,SIMON - MRS. ROBINSON,7
BORMIN',3,GARFUNKEL - MRS. ROBINSON,7
JOYCE SIMS,3,DIONNE WARWICK - HEARTBREAKER,7
BLACK KAPPA,3,JOACHIM WITT - GOLDENER REITER,7
JEFF BUCKLEY,3,T. REX - HOT LOVE,7
PURPLE,3,GERRY RAFFERTY - BAKER STREET,7
NELLY FUR,3,DEBARGE - RHYTHM OF THE NIGHT,7
JOHN NEWMA,3,SHOCKING BLUE - VENUS,7
LOS LOBOS,3,CHRIS NORMAN - STUMBLIN' IN,7
WISIN,3,OLIVIA NEWTON-JOHN - XANADU,7
JOSE DE RICO,3,MAGGIE REILLY - MOONLIGHT SHADOW,7
GERI HALLIWELL,3,JOHN LENNON - IMAGINE,7
VILLAGE PEOPLE,3,BETTE MIDLER - BEAST OF BURDEN,7
ODYSSEY,3,BILDERBUCH - MASCHIN,7
CAPTAIN JACK,3,RUPERT HOLMES - ESCAPE (THE PINA COLADA SONG),7
MARIA MENA,3,COLESKE - TAKE ME WHERE THE SUN IS SHINING,7
HONEY WA,3,DAVID DUNDAS - JEANS ON,7
SHEILA,3,ALBERT HAMMOND - THE FREE ELECTRIC BAND,7
CAPTAIN SENSIBLE,3,MICHAEL LEARNS TO ROCK (MLTR) - WILD WOMEN,7
SHEILA E,3,SANTA ESMERALDA STARRING LEROY GOMEZ - DON'T LET ME BE MISUNDERSTOOD - ESMERALDA SUITE,7
KIM,3,KC - GIVE IT UP,7
THE MEDICS,3,JA RULE - ALWAYS ON TIME,7
C MUSIC FACTORY,3,DILLA - AUTOPILOT,7
RICCHI E POVERI,3,REMI WOLF - TORO,7
THE EMERALD EXPRESS,3,PAULWETZ - NUR FÜR EINE NACHT,7
RICHARD ASHCROFT,3,GIRL IN RED - DOING IT AGAIN BABY,7
STEREO MC'S,3,BETTEROV - 17. JULI 1989,7
SCOOTER,3,BIIG PIIG - SWEET,7
URING VICTORIA BERGSMAN,3,LEONIDEN - NEVER NEVER,7
MANÁ,3,PUDELDAME - YOYO,7
LUKE CHRISTOPHER,3,GRETEL - FAR OUT,7
STILTSKIN,3,AMILLI - RAINCOATS,7
ARETHA FRANKLIN WITH GEORGE MICHAEL,3,RÜFÜS DU SOL - SUNDREAM,7
LEAGUE OF LEGENDS,3,DEINE COUSINE - KÖNIGIN VON DEUTSCHLAND,7
EZIO,3,THE NOTWIST - KONG,7
BLANCO BROWN,3,ERROR - DAS GLÜCK GEHÖRT VERSAGERN,7
BRYAN MCFADDEN,3,SHELTER BOY - RAINCOATS,7
JAMIE N. COMMONS,3,WUNDERHORSE - THE ROPE,7
N-SYNC,3,GIGI PEREZ - SAILOR SONG,7
JILL SCOTT,3,BEACH BUNNY - CLUELESS,7
MUNGO JERRY,3,BOBBY HARVEY SAM HARPER - WATERFALLS,7
KC AND THE SUNSHINE BAND,3,"STEVE EDWARDS - WORLD, HOLD ON (FISHER REWORK)",7
MACY GRAY,3,ELLA STERN - KAISERIN VON WIEN,7
TQ,3,ANDERSON .PAAK DISCLOSURE - NO CAP,7
LA VISION,3,KETTAMA - IF U WANT MY HEART,7
RABO,3,DJ HEARTSTRING - IF U WANT MY HEART,7
STYLES,3,DJ HEARTSTRING - AIR,7
JADAKISS,3,KLP - IF U WANT MY HEART,7
BANANAFISHBONES,3,SILICONE SOUL - RIGHT ON!,7
ORF VIENNA RADIO SYMPHONY ORCHESTRA,3,LAUFEY - LOVER GIRL,7
MYLÈNE FARMER,3,IIO - RAPTURE,7
DOUBLE YOU,3,SHIRIN DAVID - BAUCH BEINE PO,7
JAMIE CULLUM,3,LUKE DEAN - CAN'T DECIDE,7
FAT JOE,3,LOCKY MAX DEAN - CAN'T DECIDE,7
BRETT DENNEN,3,OSWALD - WIE ES WAR,7
NIGHTMARES ON WAX,3,DAYA - DON'T LET ME DOWN,7
QUAVO,3,KILIMANJARO JAZZY - NO BAD VIBES,7
RAUM27,3,SWIM - AIR,7
GINO VANNELLI,3,ANYMA - HYPNOTIZED,7
GOOD MEN GONE BAD,3,BLACKBEAR - HOT GIRL BUMMER,7
ALLE FARBEN FT. GRAHAM CANDY,3,RICKY MARTIN - PRIVATE EMOTION,6
THE PHENIX HORNS ESQ,3,NAOMI LAREINE - LIFETIME,6
OLLIE GABRIEL,3,GIL GLAZE - LIFETIME,6
FIVE,3,OASIS - WHATEVER,6
AJR,3,OASIS - LIVE FOREVER,6
SELIG,3,ALISON GOLDFRAPP - CINNAMON LIGHT,6
E. M. F,3,GOLDFRAPP - ROCKET,6
THE SMASHING PUMPKINS,3,FELIX JAEHN - WAKE UP (WITH YOU MINE),6
SABRINA SETLUR,3,DUA LIPA - COLD HEART,6
JELLY ROLL,3,DUA LIPA - COLD HEART (PNAU REMIX),6
NEW KIDS ON THE BLOCK,3,MILEY CYRUS - WRECKING BALL,6
DOLLS UNITED,3,50 CENT - IN DA CLUB,6
S CLUB 7,3,JUSTIN TIMBERLAKE - SEXYBACK,6
NELSON,3,ROXETTE - HOW DO YOU DO!,6
CRAIG MORGAN,3,NELLY - RIDE WIT ME,6
LYLE LOVETT,3,LUNIK - LITTLE BIT,6
RASCAL FLATTS,3,NICO SANTOS - IN YOUR ARMS (FOR AN ANGEL),6
DIXIE CHICKS,3,DAVID GUETTA - FLOATING THROUGH SPACE,6
BLACK PUMAS,3,EURYTHMICS - THERE MUST BE AN ANGEL,6
AZTEC CAMERA,3,HECHT - CHARLOTTA,6
HAMMOND,3,MICHAEL JACKSON - EARTH SONG,6
WEST,3,MICHAEL JACKSON - I JUST CAN'T STOP LOVING YOU,6
STEPHAN REMMLER,3,MICHAEL JACKSON - HEAL THE WORLD,6
THE REAL THING,3,BRUNO MARS - 24K MAGIC,6
PAUL CARRACK,3,LO UND LEDUC - 079,6
FRANKLIN,3,IGGY POP - THE PASSENGER,6
ARETHA,3,CLUESO - CHICAGO (1LIVE SAN HEJMO 2025),6
MICHAEL,3,CLUESO - GEWINNER (1LIVE SAN HEJMO 2025),6
F.R. DAVID,3,COLDPLAY - YELLOW,6
THE VANDELLAS,3,COLDPLAY - HYMN FOR THE WEEKEND,6
PROCOL HARUM,3,COLDPLAY - TALK,6
THE FLOWERPOT MEN,3,BURNA BOY - GINGER,6
PROPAGANDA,3,THE KILLERS - SOMEBODY TOLD ME,6
GEORGE STRAIT,3,NELLY FURTADO - POWERLESS,6
BIG,3,NELLY FURTADO - FORÇA,6
RICH,3,KATY PERRY - THE ONE THAT GOT AWAY,6
THE BACKBEATS,3,SNOOP DOGG - SWEAT (DAVID GUETTA REMIX),6
KAJAGOOGOO,3,R.E.M - THE ONE I LOVE,6
THE OVERTONES,3,JAMES BLUNT - HIGH,6
ISAAC HAYES,3,JAMES BLUNT - OK,6
RUFUS; CHAKA KHAN,3,MADONNA - 4 MINUTES,6
CURTIS STIGERS,3,MADONNA - CHERISH,6
DIETER THOMAS KUHN,3,ED SHEERAN - GALWAY GIRL,6
FRANKIE MILLER,3,SAM SMITH - TO BE FREE,6
TACO,3,TRAVIS - WHY DOES IT ALWAYS RAIN ON ME,6
TRIO RIO,3,BILLY IDOL - WHITE WEDDING (PART 1),6
THE BAND PERRY,3,DERMOT KENNEDY - OUTNUMBERED,6
VINCE,3,BON JOVI - BED OF ROSES,6
THE WALKER BROTHERS,3,ALANIS MORISSETTE - THANK U,6
WILSON PHILLIPS,3,ALANIS MORISSETTE - THANK U (THANK YOU),6
BRUCE HORNSBY AND THE RANGE,3,SAM FENDER - WILL WE TALK?,6
TONI CHILDS,3,IMAGINE DRAGONS - IT'S TIME,6
THE TESKEY BROTHERS,3,MATTIU - MIDADA,6
EM BEIHOLD,3,DEAN LEWIS - BE ALRIGHT,6
JUDAS PRIEST,3,VALENTINO VIVACE - ORSO BIANCO,6
SHAKATAK,3,OPEN SEASON - TONIGHT,6
CITY,3,LADY GAGA - EDGE OF GLORY,6
PH. D,3,CRIMER - BROTHERLOVE,6
JULIAN LENNON,3,FLORENCE AND THE MACHINE - EVERYBODY SCREAM,6
THE NEW YORK CHAMBER CONSORT,3,KENDRICK LAMAR - LUTHER,6
TOMMY JAMES,3,PHARRELL WILLIAMS - FREEDOM,6
THE SHONDELLS,3,QUEENS OF THE STONE AGE - LITTLE SISTER,6
FIVE STAR,3,TYLER BALLGAME - GOT A NEW CAR,6
MIRANDA LAMBERT,3,THE BANGLES - ETERNAL FLAME,6
MIDLAND,3,FRANZ FERDINAND - TAKE ME OUT,6
TOM PETTY; HEARTBREAKERS,3,ROBIN SCHULZ - OK,6
LIVING IN A BOX,3,RAG'N'BONE MAN - NIGHTS LIKE THESE,6
THE OTHER ONES,3,RIHANNA - UNFAITHFUL,6
TWO STEPS FROM HELL,3,DABU FANTASTIC - ANGELINA,6
DAN HARTMAN,3,INXS - MYSTIFY,6
AZE,3,RUDIMENTAL - NIGHTS LIKE THESE,6
KINKS,3,DIE ÄRZTE - M&F,6
THOM PACE,3,DIE ÄRZTE - WESTERLAND,6
C. C. CATCH,3,LOST FREQUENCIES - CRAZY,6
SOULTANS,3,SIA - FLOATING THROUGH SPACE,6
C.C. CATCH,3,SIA - THE GREATEST,6
FRL. MENKE,3,MIKA - GRACE KELLY,6
ROBIN GIBB,3,MIKA - HAPPY ENDING,6
GABRIELS,3,RED HOT CHILI PEPPERS - BY THE WAY,6
DARYL,3,BIRDY - KEEPING YOUR HEAD UP,6
WIZO,3,BLIGG - MUSIGG I DÄ SCHWIIZ,6
BYRDS,3,ADRIANO CELENTANO - TOSCANA FANBOYS,6
JUSTIN WELLINGTON; SMALL JAM,3,MARTIN GARRIX - SMILE,6
ROBERT PLANT,3,SEAN PAUL - CHEAP THRILLS,6
DAVID MACWILLIAMS,3,SEAN PAUL - BAILANDO,6
MO-DO,3,SEAN PAUL - I'M STILL IN LOVE WITH YOU,6
TOTO CUTUGNO,3,SEAN PAUL - LIKE GLUE,6
DANA DAWSON,3,J. REY SOUL - MAMACITA,6
DANGER DAN,3,LUKAS GRAHAM - LOVE SOMEONE,6
RAY CHARLES,3,MEN AT WORK - WHO CAN IT BE NOW?,6
THE COMMITMENTS,3,TAYLOR SWIFT - BAD BLOOD,6
MAYWOOD,3,TAYLOR SWIFT - I DON'T WANNA LIVE FOREVER (FIFTY SHADES DARKER),6
THE SCORPIONS,3,ME.MAN.MACHINE - SALLY SAD,6
THE EAGLES,3,STEREO LUCHS - LOVE RELOAD,6
THE JIMI HENDRIX EXPERIENCE,3,DRU HILL - WILD WILD WEST,6
DESMOND DEKKER,3,THE HOMESTORIES - ELEMENTS,6
DOMENICO MODUGNO,3,MOUSSE T - SEXBOMB,6
TRIO,3,NEMO - EUROSTAR,6
38 SPECIAL,3,MASTER PEACE - MUSIC SOUNDS BETTER WITH ME,6
EDDIE FLOYD,3,BRYAN ADAMS - THE ONLY THING THAT LOOKS GOOD ON ME IS YOU,6
SALLY OLDFIELD,3,BRYAN ADAMS - CLOUD NUMBER NINE,6
REMBRANDTS,3,KYLIE MINOGUE - I SHOULD BE SO LUCKY,6
BILLY PAUL,3,KYLIE MINOGUE - THE LOCO-MOTION,6
ANTJE SCHOMAKER,3,DJ BOBO - THERE IS A PARTY,6
ASHFORD,3,JANIECK - LITTLE HOLLYWOOD,6
SIMPSON,3,TWENTY ONE PILOTS - RIDE,6
STEFAN RAAB,3,MIDNIGHT OIL - BLUE SKY MINE,6
GUANO APES,3,SNOW PATROL - SHUT YOUR EYES,6
LEISURE,3,SNOW PATROL - CALLED OUT IN THE DARK,6
SWING OUT SISTER,3,SNOW PATROL - JUST SAY YES,6
THE MEDICINE SHOW,3,DAVID BOWIE - CHINA GIRL,6
SAM HUNT,3,ROBBIE WILLIAMS - SUPREME,6
THE RACONTEURS,3,ROBBIE WILLIAMS - ETERNITY,6
STUTS,3,JUNGLE - ALL OF THE TIME,6
BAD SOUNDS,3,KALI UCHIS - TELEPATÍA,6
GROUPLOVE,3,CHER - SAVE UP ALL YOUR TEARS,6
FUCK ART LET'S DANCE!,3,GEORGE MICHAEL - FREEDOM '90,6
KLAXONS,3,GEORGE MICHAEL - DON'T LET THE SUN GO DOWN,6
BIG O,3,BIFFY CLYRO - MANY OF HORROR,6
BEATAMIN C,3,BIFFY CLYRO - HUNTING SEASON,6
ROSIE LOWE,3,JONAS BLUE - MAMA,6
DANA AND ALDEN,3,JONAS BLUE - RISE,6
CINYA KHAN,3,NEK - LAURA NON C'E,6
I BLAME COCO,3,THE CLASH - LONDON CALLING,6
SAD ALEX,3,AVA MAX - DON'T CLICK PLAY,6
WURMS,3,AVA MAX - EVERYTIME I CRY,6
CHARLIE WILSON,3,PINK - JUST LIKE A PILL,6
RICH BRIAN,3,POST MALONE - JACKIE CHAN,6
TELE,3,NICKELBACK - I'D COME FOR YOU,6
GOTH BABE,3,NICKELBACK - WHEN WE STAND TOGETHER,6
THE DRUMS,3,NICKELBACK - LULLABY,6
THE PREATURES,3,ELLIE GOULDING - ON MY MIND,6
ZACHARY KNOWLES,3,LA BOUCHE - SWEET DREAMS,6
MYKKET MORTON,3,SIMPLE PLAN - WHEN I'M GONE,6
YRRRE,3,MANU CHAO - ME GUSTAS TU,6
LAVENTURE,3,DIE FANTASTISCHEN VIER - ZUSAMMEN,6
EASY EASY,3,ENRIQUE IGLESIAS - BAILANDO,6
ZOUJ,3,ALICIA KEYS - FALLIN',6
PERFUME GENIUS,3,ELTON JOHN - COLD HEART,6
ALDOUS HARDING,3,ELTON JOHN - COLD HEART (PNAU REMIX),6
DEXTER,3,ELTON JOHN - SORRY SEEMS TO BE THE HARDEST WORD,6
NIA SMITH,3,ELTON JOHN - SAD SONGS (SAY SO MUCH),6
AU REVOIR SIMONE,3,ROOSEVELT - IN THE DARK,6
SLEEPY BROWN,3,DENNIS KISS - SILHOUETTE,6
SOCCER MOMMY,3,LEILA - LOVE THE GAME,6
FRANCESCO WILKING,3,TEXAS - INNER SMILE,6
SIR WAS,3,MARC ALMOND - SOMETHING'S GOTTEN HOLD OF MY HEART,6
BAT FOR LASHES,3,IMANY - DON'T BE SO SHY (FILATOV & KARAS REMIX),6
KITSCHKRIEG WITH STEFFLON DON,3,WARREN G - REGULATE,6
POPPY AJUDHA,3,CALVIN HARRIS - WE FOUND LOVE,6
MOODS,3,MARSHMELLO - HAPPIER,6
TWO ANOTHER,3,BASTILLE - HAPPIER,6
POOL,3,DESTINY'S CHILD - SAY MY NAME,6
GURR,3,DESTINY'S CHILD - INDEPENDENT WOMEN PART I,6
GOAT GIRL,3,KELLY CLARKSON - SINCE U BEEN GONE,6
KARIN ANN,3,KELLY CLARKSON - MR. KNOW IT ALL,6
EMOTIONAL ORANGES,3,RIZZLE KICKS - HEART SKIPS A BEAT,6
MXXWLL,3,THE STREETS - FIT BUT YOU KNOW IT,6
LEILAH,3,ADELE - WHEN WE WERE YOUNG,6
INGRID MICHAELSON,3,WHITNEY HOUSTON - I WILL ALWAYS LOVE YOU,6
FIEH,3,WHITNEY HOUSTON - SAVING ALL MY LOVE FOR YOU,6
UNKNOWN MORTAL ORCHESTRA,3,JONAS BROTHERS - LOVED YOU BETTER,6
HALF ALIVE,3,JONAS BROTHERS - SUCKER,6
THE KNIFE,3,JONAS BROTHERS - MIRROR TO THE SKY,6
WARPAINT,3,SANTANA - THE GAME OF LOVE,6
STRONGBOI,3,BRADLEY SIMPSON - FAVOURITE BAND,6
OKLOU,3,NIEVE ELLA - FAVOURITE BAND,6
NOSOYO,3,A-HA - THE SUN ALWAYS SHINES ON TV,6
TOKTOK,3,HUGEL - PATADAS DE AHOGADO / LATIN MAFIA (REWORK),6
BUCCI,3,FLOYYMENOR - GATA ONLY,6
HOCKEY,3,CRIS MJ - GATA ONLY,6
TEMS,3,LORD HURON - THE NIGHT WE MET,6
KLANGSTOF,3,ZARTMANN - WIR HABEN'S ÜBERLEBT,6
JESPER MUNK,3,ZARTMANN - WUNDERSCHÖN,6
BRUNO MAJOR,3,ZARTMANN - EEHHYYY (1LIVE SAN HEJMO FESTIVAL 2025),6
VÖK,3,ALLE FARBEN - LITTLE HOLLYWOOD,6
AZEALIA BANKS,3,THE BEAUTIFUL SOUTH - ROTTERDAM (OR ANYWHERE),6
BAYONNE,3,RICK SPRINGFIELD - JESSIE'S GIRL,6
BEACH WEATHER,3,RAUW ALEJANDRO - TODO DE TI,6
LÅPSLEY,3,ELDERBROOK - GLAD I FOUND YOU,6
THE VIRGINS,3,GEORGE FITZGERALD - GLAD I FOUND YOU,6
S1MBA,3,HARRY NILSSON - WITHOUT YOU,6
GRASSY SPARK,3,VANCE JOY - RIPTIDE (FLIC FLAC REMIX),6
CON THE ARTIST,3,CRO - HI KIDS,6
SOLANGE KNOWLES,3,NO DOUBT - IT'S MY LIFE,6
THE SUBWAYS,3,WIZKID - GINGER,6
HARD-FI,3,GOSSIP - HEAVY CROSS,6
NOISETTES,3,GOSSIP - HEAVY CROSS (RICHTIG: POP GOES THE WORLD),6
NEMZZZ,3,ERNIA - PARAFULMINI,6
SULTANS COURT,3,BRESH - PARAFULMINI,6
JULIAN CASABLANCAS,3,FABRI FIBRA - PARAFULMINI,6
GET WELL SOON,3,CRAIG DAVID - 7 DAYS,6
CHAI,3,NEW ORDER - TRUE FAITH,6
TRAVIS BARKER,3,JOAN JETT AND THE BLACKHEARTS - I LOVE ROCK & ROLL,6
SOME SPROUTS,3,JEREMY LOOPS - DOWN SOUTH,6
WHOISWELANSKI,3,FLEETWOOD MAC - EVERYWHERE,6
FINKENAUER,3,STARSHIP - SARA,6
L.A. SALAMI,3,GREEN DAY - OH LOVE,6
CATFISH AND THE BOTTLEMEN,3,INCUBUS - DRIVE,6
SAY LOU LOU,3,THE HUMAN LEAGUE - DON'T YOU WANT ME,6
DILLON,3,EDDY GRANT - I DON'T WANNA DANCE,6
TENTENDO,3,AEIOU - DRIFTING AWAY,6
NIHILS,3,SZA - LUTHER,6
ANDERSON. PAAK,3,ERIC CLAPTON - PROMISES,6
MXMTOON,3,ZARA LARSSON - CRUSH,6
PINKPIRATE,3,ZONDERLING - CRAZY,6
ARY,3,ALOE BLACC - LOVING YOU IS KILLING ME,6
YAEL NAIM,3,TRETTMANN - LOVE RELOAD,6
BLANKS,3,SKYSCRAPER STEREO - LOVE RELOAD,6
OK GO,3,PRONTO - LOVE RELOAD,6
MIA MORGAN,3,NE-YO - CLOSER,6
THE REGRETTES,3,DURAN DURAN - WILD BOYS,6
JAMES VINCENT MCMORROW,3,SIMPLE MINDS - ALIVE AND KICKING,6
ILL PEACH,3,CAROLINA LIAR - SMILE,6
YUNG BAE,3,LILY COSTA - NOT LIKE YOU,6
PASTEL,3,EMELI SANDÉ - BENEATH YOUR BEAUTIFUL,6
NIC HANSON,3,THOMPSON TWINS - DOCTOR! DOCTOR!,6
METRIC,3,3 DOORS DOWN - KRYPTONITE,6
THE PLANETOIDS,3,3 DOORS DOWN - IT'S NOT MY TIME,6
LINUS,3,MATT SIMONS - WE CAN DO BETTER,6
C2C,3,SUNRISE AVENUE - I DON'T DANCE,6
MAPEI,3,PASSENGER - ANYWHERE,6
SOAK,3,THE PUSSYCAT DOLLS - BUTTONS,6
POM,3,ZAYN - I DON'T WANNA LIVE FOREVER (FIFTY SHADES DARKER),6
JUSTICE VS. SIMIAN,3,MADS LANGER - YOU'RE NOT ALONE,6
AUDIO BULLYS,3,NIK KERSHAW - I WON'T LET THE SUN GO DOWN,6
DJS FROM MARS DAVID GUETTA,3,AYMEN - YERINDE DUR REMIX,6
CARDI B SELENA GOMEZ,3,ABBA - SUPER TROUPER,6
NOTORIOUS B.I.G,3,ABBA - LAY ALL YOUR LOVE ON ME,6
OCTAVIAN LUCA-DANTE SPADAFORA,3,LP - LOST ON YOU,6
SALVI SAK NOEL,3,PINK FLOYD - ANOTHER BRICK IN THE WALL,6
CONWAY THE MACHINE,3,FUGEES - FU-GEE-LA,6
BENNY THE BUTCHER,3,DANIEL MERRIWEATHER - CHANGE,6
WESTSIDE GUNN,3,KIM WILDE - IF I CAN'T HAVE YOU,6
FOREST SWORDS,3,DIE TOTEN HOSEN - BONNIE & CLYDE,6
ALESSO VS. ONE REPUBLIC,3,THE WALLFLOWERS - ONE HEADLIGHT,6
OLD JIM,3,MICHELLE BRANCH - THE GAME OF LOVE,6
ENNY-MAE,3,HAYLEY WILLIAMS - STAY THE NIGHT,6
DOM DOLLA,3,ENDOR - PUMP IT UP,6
JAMES MAC,3,ROBERTA FLACK - KILLING ME SOFTLY WITH HIS SONG,6
VALL,3,FICTION FACTORY - (FEELS LIKE) HEAVEN,6
ROSALIE,3,DRAKE - GOD'S PLAN,6
SIDEPIECE,3,DIRE STRAITS - SO FAR AWAY,6
CHRIS LAKE SAMMY VIRJI,3,CRYSTAL FIGHTERS - YOU & I,6
PARAÇEK,3,WILLIAM SINGE - MAMA,6
UNFAZED,3,DARIO G - CARNAVAL DE PARIS,6
KLAAS,3,OMI - CHEERLEADER,6
BODYBANGERS,3,BOMFUNK MC'S - FREESTYLER,6
NICO SANTOS TOPIC,3,SPRINTS - DESCARTES,6
ALEX G,3,AKON - THE SWEET ESCAPE,6
VELI,3,HERBERT GRÖNEMEYER - HALT MICH,6
VELI (,3,KELVIN JONES - LOVE TO GO,6
NIKAN),3,WEATHER GIRLS - IT'S RAINING MEN,6
DIFFRENT,3,ANNA NAKLAB - WICKED GAMES,6
WOLTERS,3,UNDERDOG PROJECT - SUMMER JAM,6
DARUDE,3,YOUNOTUS - SAMBA,6
BRAATEN,3,EYE - DOPAMINE,6
ROBIN TINHOLT,3,RICK ASTLEY - TOGETHER FOREVER,6
JAZZE PHA,3,THE CONNELLS - '74-'75,6
LATTO CIARA,3,INI KAMOZE - HERE COMES THE HOTSTEPPER,6
SONNY FODERA,3,BELL - RESCUE ME,6
WAYNE SNOW,3,BOOK - RESCUE ME,6
3DDY ANOTR,3,CLIMIE FISHER - LOVE CHANGES,6
FKJ,3,ALIZEE - MOI...LOLITA,6
PLAYBOI CARTI,3,IRENE CARA - FAME,6
YOUNG M.A CLOONEE,3,MIKE OLDFIELD - SHADOW ON THE WALL,6
INNTRAW,3,GO WEST - THE KING OF WISHFUL THINKING,6
RORO SAMMY VIRJI,3,REAMONN - STAR,6
MARLON HOFFSTADT AKA DJ DADDY TRANCE,3, - LOVE TO GO,6
TOBIAHS,3, - CAN'T HOLD US,6
MATY NOYES,3,BILLY JOEL - MY LIFE,6
MAX GRIMM,3,BILLY JOEL - ALLENTOWN,6
FRANCIS MERCIER,3,TIËSTO - JACKIE CHAN,6
MAGIC SYSTEM,3,UB 40 - I GOT YOU BABE,6
INTERPLANETARY CRIMINAL SAMMY VIRJI,3,YOUNG THU - HAVANA,6
CHLOÉ CAILLET,3,VERVE - BITTER SWEET SYMPHONY,6
LUKE ALESSI,3,KOOL - JOANNA,6
JOCELYN BROWN,3,THE GANG - JOANNA,6
BAILEY ZIMMERMANN,3,MELISSA ETHERIDGE - BRING ME SOME WATER,6
PINKPANTHERESS AMAARAE,3,ZAZ - ON IRA,6
THE BUCKETHEADS,3,NENA - 99 LUFTBALLONS (NEUNUNDNEUNZIG LUFTBALLONS),6
AYRA STARR,3,ELLIE GOUL - OUTSIDE,6
NATTI NATASHA,3,ADEL TAW - STADT,6
RAHH,3,ARMY OF LOVERS - CRUCIFIED,6
MONOLINK,3,SASHA - I FEEL LONELY,6
SNORITZ,3,DESCEME - SUBEME LA RADIO,6
KAUTA,3,FRANCE GALL - BABACAR,6
MARYMARY,3,CO - BABY DON'T HURT ME,6
INDIGO GIRLS,3,ALEX AIONO - HOT2TOUCH,6
OPERATION ZERO,2,JVKE - GOLDEN HOUR,6
CASSANDRA JENKINS,2,CHRISSIE HYNDE - I GOT YOU BABE,6
MALUMMÍ,2,MØ - KEEP MØVING,6
ONYX KAYN,2,WOMACK - CELEBRATE THE WORLD,6
SEULFA,2,AMY WINEHOUS - VALERIE,6
MICHA SPORTELLI,2,N SYNC - I WANT YOU BACK,6
TEED,2,ELTON JOH - DON'T LET THE SUN GO DOWN,6
SILVER GORE,2,A7S ATB - YOUR LOVE (9PM),6
HAND HABITS,2,MIAMI SOUND MACHINE - DR. BEAT,6
CUSP,2,MIAMI SOUND MACHINE - CONGA,6
TALKTALK,2,LEANN RIMES - CAN'T FIGHT THE MOONLIGHT,6
COLBY O'DONIS,2,"BILLY OCEAN - WHEN THE GOING GETS TOUGH, THE TOUGH GET GOING",6
EMELI SANDE,2,"MODERN TALKING - YOU'RE MY HEART, YOU'RE MY SOUL",6
MONIE LOVE,2,IN-GRID - TU ES FOUTU,6
TRANSVISION VAMP,2,BLACK EYED PEAS - LET'S GET IT STARTED,6
JIMMY EAT WORLD,2,VANESSA PARADIS - BE MY BABY,6
JAMIE LIDELL,2,RAY JR PARKER - GHOSTBUSTERS,6
YEARS AND YEARS,2,LOUIS III - SAMBA,6
JAEL,2,SILBERMOND - DAS BESTE,6
SUMA COVJEK,2,SILBERMOND - SYMPHONIE (FORTE),6
MÜSLÜM,2,COMMODORES - NIGHTSHIFT,6
LABRADOR CITY,2,DOMINIC FIKE - 3 NIGHTS,6
LULU JAMES,2,01099 - VERSCHWENDETE ZEIT (1LIVE SAN HEJMO 2025),6
KILL COCO,2,CHRISTINA MILIAN - WHEN YOU LOOK AT ME,6
ONE LUCKY SPERM,2,CHRIS ISAAK - WICKED GAME,6
THE BEAUTY OF GEMINA,2,SARAH CONNOR - FROM SARAH WITH LOVE,6
SAINT WKND,2,KE$HA - TIMBER,6
SYDNEY SPRAGUE,2,POISON - EVERY ROSE HAS ITS THORN,6
FCUKERS,2,JON BON JOVI - IT'S MY LIFE,6
SORRY,2,MOTHEO MOLEKO - DOWN SOUTH,6
MOMMA,2,ABC - THE NIGHT YOU MURDERED LOVE,6
FLORENCE ADOONI,2,PRINCE AND THE REVOLUTION - KISS,6
SORT OF SAD,2,BAC - ROSAROTER TEE,6
TAKE THIS,2,SAM SPARRO - BLACK & GOLD,6
ALLIANCE ETHNIK,2,FIRE - LET'S GROOVE,6
SOUP DRAGONS,2,ICH + ICH - STARK,6
JUNIOR REID,2,CHRIS REA - LET'S DANCE,6
STEREO MCS,2,THE TIJUANA WONDERBRASS - DON'T GIMME THAT,6
PHATS AND SMALL,2,CANDI STATON - YOU GOT THE LOVE,6
BLAY,2,ASAF AVIDAN - ONE DAY (RECKONING SONG),6
HOLLIE COOK,2,LABRINTH - BENEATH YOUR BEAUTIFUL,6
JAMES LAST UND ORCHESTER,2,BOB SEGER - SHAKEDOWN,6
SKYLAR GREY,2,DEVA MAHAL - SNAKES,6
NOAH VERAGUTH,2,MAXI PRIEST - WILD WORLD,6
LINDSEY BUCKINGHAM,2,STEVE WINWOOD - HIGHER LOVE,6
KINGFISHR,2,ORCHESTRAL MANOEUVRES IN THE DARK - WALKING ON THE MILKY WAY,6
MIDLAKE,2,M PEOPLE - MOVING ON UP,6
DAVID BYRNE,2,SEFO - YERINDE DUR REMIX,6
HURRAY FOR THE RIFF RAFF,2,DEMET AKALIN - YERINDE DUR REMIX,6
SLOW CRUSH,2,TOM PETTY AND THE HEARTBREAKERS - INTO THE GREAT WIDE OPEN,6
NOMUEL,2,RENEÉ RAPP - SHY,6
THE LIGHTNING SEEDS,2,THE COMMON LINNETS - CALM AFTER THE STORM,6
MONACO,2,ICEHOUSE - HEY LITTLE GIRL,6
FOUNTAINS OF WAYNE,2,ENNIO - 2 TEILE,6
LAUREN SPENCER-SMITH,2,EDIE BRICKELL - WHAT I AM,6
WORLD PARTY,2,NEW BOHEMIANS - WHAT I AM,6
BRANDAO,2,DON MCLEAN - AMERICAN PIE - PART ONE,6
HUNGER,2,CHRIS DEBURGH - THE LADY IN RED,6
TABOO,2,HOT CHOCOLATE - EVERY 1'S A WINNER,6
NATALIA LAFOURCADE,2,MINK DEVILLE - EACH WORD'S A BEAT OF MY HEART,6
ZOÉ BASHA,2,BARRY MANILOW - MANDY,6
ELIJAH,2,SUZI QUATRO - IF YOU CAN'T GIVE ME LOVE,6
WURZEL 5,2,SUZI QUATRO - STUMBLIN' IN,6
TOMPAUL,2,THE BEACH BOYS - SURFIN' U.S.A.,6
POLAR,2,JENNIFER RUSH - AVE MARIA (SURVIVORS OF A DIFFERENT KIND),6
RED SHOES,2,CAROLE KING - HARD ROCK CAFE,6
ODD BEHOLDER,2,FATONI - MENSCHEN,6
SUEDE,2,CAT STEVENS - LADY D'ARBANVILLE,6
SOULWAX,2,SHEENA EASTON - FOR YOUR EYES ONLY,6
LOU REED,2,SHEENA EASTON - 9 TO 5 (MORNING TRAIN),6
MAX HERRE,2,LINDA RONSTADT - IT'S SO EASY,6
EDDIE VEDDER,2,MENTAL AS ANYTHING - LIVE IT UP,6
HEATHER NOVA,2,JOHN DENVER - TAKE ME HOME COUNTRY ROADS,6
THE LIBERTINES,2,PATRICK HERNÁNDEZ - BORN TO BE ALIVE,6
ELLAS,2,YVONNE ELLIMAN - IF I CAN'T HAVE YOU,6
SAD,2,OLIVIA NEWTON-JOHN - PHYSICAL,6
VILLAGERS,2,BETTE MIDLER - THE ROSE,6
SAINTSENECA,2,LOBO - I'D LOVE YOU TO WANT ME,6
GOO GOO DOLLS,2,BLOND - SO HOT,6
VOLBEAT,2,"TEXAS LIGHTNING - NO, NO, NEVER",6
ARROW BENJAMIN,2,ART GARFUNKEL - BRIGHT EYES,6
AARON ROWE,2,VANESSA WILLIAMS - SAVE THE BEST FOR LAST,6
NATHANIEL RATELIFF AND THE NIGHT SWEATS,2,GLORIA M. ESTEFAN - CONGA,6
ADRIAN TACCHI,2,THE ADVENTURES - SEND MY HEART,6
SUNDARA KARMA,2,OBONGJAYAR - JUST COOL,6
GAMEBOIS,2,CLAIRO - ADD UP MY LOVE,6
MARTIN VAN LECTRO,2,EDWIN ROSEN - SCHAU DIR ZU,6
TAMARA OLORGA,2,GOOD NEIGHBOURS - BLOOM,6
MIMI WEBB,2,YAZMIN LACEY - GOD GAVE ME FEET FOR DANCING,6
AMAARAE,2,YUKNO - LIEB DICH,6
GAB FERREIRA,2,ORLA GARTLAND - BACKSEAT DRIVER,6
MIGUEL BALLUMBROSIO,2,MILLENIUMKID - VIELLEICHT VIELLEICHT (HOLY PRIEST & ELMEFTI REMIX),6
ZACH BRYAN,2,JEREMIAS - EIN MENSCH,6
BABYBIRD,2,KITSCHKRIEG - BABY,6
PLEASE MADAME,2,ANDERSON .PAAK - DANG!,6
JONAH,2,"HINDS - HI, HOW ARE YOU",6
MIKE AND THE MECHANICS,2,YOUNG FRANCO - MUSIC SOUNDS BETTER WITH ME,6
PATRICK STUMP,2,MAC MILLER - DANG!,6
MC SOLAAR,2,JOLLE - ZU NICE,6
BRANDI CARLILE,2,YETUNDEY - VIEL ZU VIELE FEHLER,6
AUDRA MAE,2,SURFACES - SUNDAY BEST,6
BONAPARTE,2,PAULA HARTMANN - ULUDAG UND SORGEN,6
COLD BATH,2,WILHELMINE - VERGLEICHE,6
SAM WILLS,2,BBNO$ - LIL' FREAK,6
HERMANN,2,TRÄNEN - KOMM UND KÜSS MICH,6
SUPERCHUNK,2,MOLA - MENSCHEN,6
NINA PERSSON,2,ARZ - BABY,6
TAKAGI E KETRA,2,SYMBA - ULUDAG UND SORGEN,6
TECHNOTRONIC,2,LIBIANCA - PEOPLE,6
ICE SPICE,2,EZRA COLLECTIVE - GOD GAVE ME FEET FOR DANCING,6
PINGUINI TATTICI NUCLEARI,2,KÖLSCH - GREY,6
ALEX HEPBURN,2,JBS - VIELLEICHT VIELLEICHT (HOLY PRIEST & ELMEFTI REMIX),6
OAK STREET,2,CHRIS LAKE - EASE MY MIND,6
KYLAN ROAD,2,ABEL BALDER - EASE MY MIND,6
PABLO ILL,2,MK - 17,6
YURI,2,JESS GLYNNE ALOK - LOVE HAS GONE,6
MURPHY,2,AMO - YERINDE DUR REMIX,6
BABASTREET,2,WESTCOL - LA PLENA (W SOUND 05),6
CAMILA KOLLER,2,OVY ON THE DRUMS BEÉLE - LA PLENA (W SOUND 05),6
MERCHANDISE,2,IKKIMEL - BLING BLING,6
THE CRIBS,2,NOCASHFROMPARENTS - BLING BLING,6
SYLVIE KREUSCH,2,PARRA FOR CUVA - WICKED GAMES,6
DANIELLE PONDER,2,LF SYSTEM - AFRAID TO FEEL,6
DJ PREMIER,2,NIC FANCIULLI - SET ME FREE,6
ROC MARCIANO,2,ROBERT COURTOIS - SET ME FREE,6
TRINIDAD CARDONA,2,PHARRELL KATY PERRY - FEELS,6
VANIA SOUSA,2,FRAGMA - TOCA'S MIRACLE,6
GLORIA AMELIA,2,DZEKO - JACKIE CHAN,6
DARDAN,2,PREME - JACKIE CHAN,6
SALT-N-PEPA,2,FIREBOY DML - PERU (PEACE CONTROL REMIX),6
ASAF AVIDAN AND THE MOJOS,2,PEACE CONTROL - PERU (PEACE CONTROL REMIX),6
JOSEY SCOTT,2,NASRI - WAKE UP (WITH YOU MINE),6
DAVID GUETTA FT. JAMIE,2,STEVE AOKI - BLOODTYPE,6
WOMACK AND WOMACK,2,ALEX GAUDINO - DESTINATION CALABRIA,6
BASEMENT SAINTS,2,CHRYSTAL WATERS - DESTINATION CALABRIA,6
CURDIN NICOLAY,2,AXWELL INGROSSO - MORE THAN YOU KNOW,6
MIMIKS,2,JOYA MARLEEN - NIGHTMARE,5
NINA,2,HENRY MOODIE - SUNDAY MORNING,5
A TRIBE CALLED QUEST,2,ZÜRI WEST - FISCHE VERSÄNKE,5
PINA PALAU,2,ZÜRI WEST - LUE ZERSCH WOHÄR DASS DR WIND WÄÄIT,5
THE WAR ON DRUGS,2,ZÜRI WEST - SOFA,5
NEKO CASE,2,PABLO NOUVELLE - SUNSHINE IN STEREO,5
BEN HARPER,2,ALOK - SUMMER'S BACK,5
HUEY LEWIS AND THE NEWS,2,STEVE LACY - BAD HABIT,5
JOAN,2,ETHEL CAIN - FUCK ME EYES,5
ELVETT,2,CHANCE THE RAPPER - ALL NIGHT,5
LIME,2,BLACK HONEY - DEAD,5
BLACKBOOK,2,GOLDFRAPP - OOH LA LA,5
DJ KHALED,2,DAENS - DELUSION,5
ELISA,2,LISA ORIBASI - DELUSION,5
LA MANO 1.9,2,RITON - FRIDAY,5
MACHINE GUN KELLY,2,ONEREPUBLIC - RESCUE ME,5
KAREN LANO,2,ONEREPUBLIC - SUNSHINE,5
FREDDY FAADA,2,ONEREPUBLIC - ALL THE RIGHT MOVES,5
JXL,2,GENTE DE ZONA - LA GOZADERA,5
SHED SEVEN,2,MARC ANTHONY - LA GOZADERA,5
JULDEM,2,FELIX JAEHN - CLOSE YOUR EYES,5
BILLIE BIRD,2,CAT BURNS - ALL THIS LOVE,5
ELLU,2,STEFANIE HEINZMANN - DIGGIN' IN THE DIRT,5
MEMOZA,2,SHAWN MENDES - IF I CAN'T HAVE YOU,5
JOHNOSSI,2,SHAWN MENDES - WONDER,5
PISO 21,2,BILLIE EILISH - THEREFORE I AM,5
JULIA MESTRE,2,SOFI TUKKER - BEST FRIEND,5
ALUNE WADE,2,THE WEEKND - OPEN HEARTS,5
YOA,2,50 CENT - CANDY SHOP,5
KAUFMANN,2,JUSTIN TIMBERLAKE - GIVE IT TO ME,5
TRUE,2,CYRIL - THERE SHE GOES,5
WHITE DUPPY,2,PRINCE - WHEN DOVES CRY,5
BELINDA MYRA,2,PRINCE - 1999,5
JULIAN BROWN,2,STRESS - TOUS LES MEMES,5
SPIDERGAWD,2,MICHAEL PATRICK KELLY - BEST BAD FRIEND,5
YANNICK,2,REA GARVEY - OH MY LOVE,5
M.C. MIKER G,2,REA GARVEY - ALL GOOD THINGS (COME TO AN END),5
DEEJAY SVEN,2,OFENBACH VS. NICK WATERHOUSE - KATCHI,5
ABU,2,BAD BUNNY - MIA,5
BEA1991,2,BECK - LOSER,5
GEESE,2,DAVID GUETTA - CLUB CAN'T HANDLE ME,5
DIVORCE,2,ANNE-MARIE - ALARM,5
OFFSET,2,"ANNE-MARIE - FUCK, I'M LONELY",5
ATHLETE,2,ANNE-MARIE - CIAO ADIOS,5
ASH,2,COI LERAY - PLAYERS,5
ASHLEE SIMPSON,2,EURYTHMICS - SWEET DREAMS,5
COMA COSE,2,EURYTHMICS - LOVE IS A STRANGER,5
FRANTIC,2,ARGYLE - LOSING MY MIND,5
DEATH CAB FOR CUTIE,2,THE WOMBATS - TOKYO,5
SALT'N'PEPA,2,MICHAEL JACKSON - WILL YOU BE THERE,5
MYSTERY JETS,2,MICHAEL JACKSON - YOU ROCK MY WORLD,5
NUIT INCOLORE,2,TIZIANO FERRO - PERDONO,5
BLUE WEDNESDAY,2,CLUESO - GEWINNER,5
BLVMENKIND,2,BURNA BOY - LAST LAST,5
TOM WAVY,2,SHAKIRA - WAKA WAKA,5
ALI GATIE,2,NELLY FURTADO - GIVE IT TO ME,5
CHRIS CORNELL,2,LUCA HÄNNI - SHE GOT ME,5
THE SHAPESHIFTERS,2,KATY PERRY - TEENAGE DREAM,5
HOOTIE AND THE BLOWFISH,2,FOREIGNER - I DON'T WANT TO LIVE WITHOUT YOU,5
MK.GEE,2,PURPLE DISCO MACHINE - HONEY BOY,5
SCREAM,2,TWO AND THE SUN - RUNAWAY,5
ERIC ZAYNE,2,JOHANNES OERDING - ALLES OKAY,5
JIMMI THE DEALER,2,R.E.M - EVERYBODY HURTS,5
THE SHINS,2,JAMES BLUNT - HEART TO HEART,5
ERIC LUMIERE,2,JAMES BLUNT - WISEMEN (WISE MEN),5
THE RAMBLING WHEELS,2,FLO RIDA - CLUB CAN'T HANDLE ME,5
JORDANA,2,ED SHEERAN - THE A TEAM,5
STELLA,2,ED SHEERAN - PHOTOGRAPH,5
BAZE,2,ED SHEERAN - LOVE YOURSELF,5
DON WEST,2,SAM SMITH - DANCING WITH A STRANGER,5
BAND OF HORSES,2,LENNY KRAVITZ - I'LL BE WAITING,5
JOY DIVISION,2,LENNY KRAVITZ - ARE YOU GONNA GO MY WAY,5
SHAED,2,QUEEN - CRAZY LITTLE THING CALLED LOVE,5
OZONE,2,TOVE LO - COOL GIRL,5
BLACK TROPICS,2,BILLY IDOL - CATCH MY FALL,5
MARK KELLY,2,DERMOT KENNEDY - MIKE - DESERT ISLAND DUVET,5
THE MOCK TURTLES,2,BASTIAN BAKER - DANCING WITHOUT YOU,5
CLARA LUCIANI,2,BON JOVI - HAVE A NICE DAY,5
MAVERICK SABRE,2,"SEAFRET - SEE, I'M SORRY",5
TEN TONNES,2,CHAPPELL ROAN - HOT TO GO!,5
LIVING COLOUR,2,BRITNEY SPEARS - OOPS!... I DID IT AGAIN,5
GUERILLA TOSS,2,LOVEBUGS - A LOVE LIKE TIDES,5
OG FLORIN,2,LOVEBUGS - COFFEE AND CIGARETTES,5
MATTO RULES,2,VERONICA FUSARO - BEACH,5
MÄLT,2,NICKLESS - WAITING,5
FASTBALL,2,NICKLESS - LOOKING FOR YOUR LOVE,5
ROBIN S,2,PRIYA RAGU - ONE WAY TICKET,5
MUSICAL YOUTH,2,PANDA LUX - OBEN,5
CACHITA,2,PANDA LUX - NIEMAND,5
ALEX PRICE,2,LINA BUTTON - CHASING,5
CYPRESS HILL,2,SENS UNIK - C'EST LA VIE,5
SDP,2,GINNY LOON - RAY,5
BUDDY,2,OPEN SEASON - YOU LOOK GOOD,5
RIKU RAJAMAA,2,ILIRA - EASY,5
A BOOGIE WIT,2,ALINA AMURI - WHERE TO GO NOW,5
MATERIA,2,KAROLYN - TOUS LES MEMES,5
KYGO WITH AVICII,2,THE SOULS - NIGHTINGALE,5
SANDRO CAVA,2,MALUMA - HAWÁI,5
CALI Y EL D,2,ANNA KÄNZIG - MILLION WAYS,5
KANYE WEST,2,WOLF ALICE - BREAD BUTTER TEA SUGAR,5
OFF,2,KENDRICK LAMAR - HUMBLE.,5
DEAF HAVANA,2,KENDRICK LAMAR - THE GREATEST,5
2,2,KENDRICK LAMAR - DON'T WANNA KNOW,5
HYPATON,2,PHARRELL WILLIAMS - 4EVA,5
BONNIE,2,QUEENS OF THE STONE AGE - MAKE IT WIT CHU,5
RAFF,2,HEART - THESE DREAMS,5
V,2,J. BALVIN - X,5
LUNCHMONEY LEWIS,2,ROBIN SCHULZ - PRAYER IN C,5
TAG TEAM,2,JAMIROQUAI - COSMIC GIRL,5
CHRISTINA AGUILE,2,RAG'N'BONE MAN - ALL YOU EVER WANTED,5
FRENCH AFFAIR,2,THE FRAY - HOW TO SAVE A LIFE,5
ERIKA SIROL,2,DABU FANTASTIC - ALINE,5
REIK R3HAB,2,IRAMA - MEDITERRANEA,5
HERMES HOUSE BAND,2,MILKY CHANCE - DOWN BY THE RIVER,5
SIA AND DAVID GUETTA,2,DIE ÄRZTE - GEHN WIE EIN ÄGYPTER,5
MORAT,2,FARRUKO - CALMA,5
WANTED,2,KUNGS - NEVER GOING HOME,5
GESTÖRT ABER GEIL,2,CHARLIE PUTH - SUMMER FEELINGS,5
BÜRGER LARS DIETRICH,2,THE STROKES - REPTILIA,5
MARY J. B,2,TOM GREGORY - FORGET SOMEBODY,5
NICK WATERHOUSE,2,BIRDY - PEOPLE HELP THE PEOPLE,5
TING TINGS,2,BIRDY - WINGS,5
PSY,2,DADDY YANKEE - DURA,5
KENNY DOPE,2,BLIGG - MANHATTAN,5
DEBBIE HARRY,2,MARTIN GARRIX - IN THE NAME OF LOVE,5
FOX THE FOX,2,JAMES ARTHUR - BLINDSIDE,5
ADAM ANT,2,SEAN PAUL - DANGEROUS LOVE,5
CELINE DION,2,TOMMY CASH - ESPRESSO MACCHIATO,5
OFFSPRING,2,THE BLACK EYED PEAS - SHUT UP,5
SUGARHILL GANG,2,LUKAS GRAHAM - 7 YEARS,5
PAUL HARDCASTLE,2,PETER GABRIEL - SLEDGEHAMMER,5
STARS ON 45,2,"JASON DERULO - 1, 2, 3",5
REDMA,2,JASON DERULO - IT GIRL,5
LUNAX,2,FRANK POPP ENSEMBLE - HIP TEENS DON'T WEAR BLUE JEANS,5
MYNE,2,TAYLOR SWIFT - ME!,5
ALIEN ANT FARM,2,TAYLOR SWIFT - WILLOW,5
ONE-T,2,BOY - WAITRESS,5
COOL-T,2,IRA MAY - RAM PAM PAM,5
BANDITS,2,LENNON STELLA - SUMMER FEELINGS,5
BLACKSTREET,2,ZIAN - WAITING,5
LIVE,2,SILVANA ESTRADA - DIME,5
AMY SHARK,2,SOFIA KOURTESIS - SISTERS,5
OLIVE,2,SOFIA KOURTESIS - UNIDOS,5
ORANGE BLUE,2,DAPHNI - UNIDOS,5
JAMIE LAWSON,2,MUSE - UPRISING,5
ROB DOUGAN,2,MUSE - SUPERMASSIVE BLACK HOLE,5
TONE LOC,2,BRYAN ADAMS - CAN'T STOP THIS THING WE STARTED,5
FRANCES,2,BRYAN ADAMS - A LITTLE MORE UNDERSTANDING,5
O-ZONE,2,THE FRATELLIS - CHELSEA DAGGER,5
MAJID JORDAN,2,MISSY ELLIOTT - CARWASH,5
JEANNE BONJOUR,2,TWOCOLORS - HEAD ABOVE WATER,5
DEL THA FUNKEE HOMOSAPIEN,2,SIMPLY RED - SUNRISE,5
GROOVEMINISTER,2,SIMPLY RED - HOLDING BACK THE YEARS,5
JEWEL,2,DOJA CAT - JEALOUS TYPE,5
PLAVKA,2,DOJA CAT - LOSE MY MIND,5
MEMBERS OF MAYDAY,2,DJ BOBO - EVERYBODY,5
MANCHESTER ORCHESTRA,2,R. CITY - LOCKED AWAY,5
KUNGS VS. COOKIN' ON 3 BURNERS,2,ADAM LEVINE - LOCKED AWAY,5
ERIKA SIROLA,2,STING - ENGLISHMAN IN NEW YORK,5
MIGGY DE LA ROSA,2,TWENTY ONE PILOTS - DRUM SHOW,5
RED BOX,2,METALLICA - WHISKEY IN THE JAR,5
CONCHITA WURST,2,BOB MARLEY - SUN IS SHINING,5
SOHA,2,FUNK STAR DELUXE - SUN IS SHINING,5
ANOUK,2,BASCHI - ALLS UM DICH,5
SIX WAS NINE,2,ROBBIE WILLIAMS - MILLENNIUM,5
KING,2,ROBBIE WILLIAMS - HUMAN,5
CORINNE BAILEY RAE,2,ROBBIE WILLIAMS - LET ME ENTERTAIN YOU,5
LIL' KIM,2,ROBBIE WILLIAMS - SOMETHING BEAUTIFUL,5
ANDERSON EAST,2,ROBBIE WILLIAMS - BODIES,5
SHAWN MULLINS,2,ROBBIE WILLIAMS - CANDY,5
LAST DINNER PARTY,2,VENDREDI SUR MER - MALABAR PRINCESS,5
THE DARKNESS,2,THE BLACK KEYS - GOLD ON THE CEILING,5
LINKIN PARK AND KIIARA,2,CHER - THE SHOOP SHOOP SONG ( IT'S IN HIS KISS ),5
HARLŒ,2,LIL NAS X - MONTERO (CALL ME BY YOUR NAME),5
MARIO WINANS,2,GEORGE MICHAEL - AS,5
P. DIDDY,2,AVRIL LAVIGNE - SK8TER BOI (SKATER BOY),5
THE RAH BAND,2,AC - BACK IN BLACK,5
AYSANABEE,2,DC - BACK IN BLACK,5
RUSTED ROOT,2,JESS GLYNNE - SUMMER'S BACK,5
TITO,2,LOU BEGA - MAMBO NO. 5,5
TARANTULA,2,THE CURE - BOYS DON'T CRY,5
KILLERS,2,MARIANA FROES - VAITIMBORA,5
OFRA HAZA,2,AVA MAX - KINGS AND QUEENS,5
DOLCE VITA,2,AVA MAX - TORN,5
L.S.D,2,PINK - SO WHAT,5
SIA AND DIPLO,2,PINK - GET THE PARTY STARTED,5
FRAY,2,GRAUZONE - EISBÄR,5
K STEWART,2,POST MALONE - ONLY WANNA BE WITH YOU,5
NAUGHTY BY NATURE,2,GAVIN JAMES - HEARTS ON FIRE,5
DREAM WARRIORS,2,NICKELBACK - ROCKSTAR,5
JIMMY NAIL,2,SIMPLE PLAN - JET LAG,5
MOUSSE T. VS. HOT'N'JUICY,2,DIE FANTASTISCHEN VIER - LASS DIE SONNE REIN,5
FREAKPOWER,2,DIE FANTASTISCHEN VIER - SIE IST WEG,5
MATCHBOX 20,2,DIE FANTASTISCHEN VIER - TAG AM MEER,5
NIGHT RANGER,2,MAROON 5 - DON'T WANNA KNOW,5
SEBASTIÁN YATRA,2,WIZ KHALIFA - PAYPHONE,5
HORSE,2,ANDREYA TRIANA - SUNSHINE IN STEREO,5
JEANETTE,2,ANNIE TAYLOR - WHERE THE GRASS IS GREENER,5
BRAD PAISLEY,2,HNO - I DON'T CARE,5
THE HANDSOME FAMILY,2,ROOSEVELT - UNDER THE SUN,5
LORETTA LYNN,2,ROOSEVELT - FEVER,5
JACKSON,2,MILUNE - BLONDE,5
ALAN,2,KOJEY RADICAL - CONVERSATION,5
STRAIT,2,THE SCRIPT - WE CRY,5
HONGKONG SYNDIKAT,2,THE SCRIPT - BREAKEVEN,5
VANESSA CARLTON; COUNTING CROWS,2,NATE DOGG - REGULATE,5
MIKE BATT,2,BRUCE SPRINGSTEEN - TOUGHER THAN THE REST,5
PARMALEE,2,BRUCE SPRINGSTEEN - BORN TO RUN,5
RHETT AKINS,2,BRUCE SPRINGSTEEN - THE RIVER,5
"STAFFORD,TIM",2,LILY ALLEN - THE FEAR,5
JUTZ,2,STEFF LA CHEFFE - HA KE AHNIG,5
THOMM,2,CULTURE BEAT - INSIDE OUT,5
BOSSON,2,CHRISTINA AGUILERA - CARWASH,5
JANIS JOPLIN,2,BASTILLE - BATHSHEBA & HIM,5
JAMES TAYLOR,2,POLICE - EVERY BREATH YOU TAKE,5
CURE,2,NEIL DIAMOND - SWEET CAROLINE,5
CLAUDIA MORI,2,AMY MACDONALD - OH MY LOVE,5
SARAGOSSA BAND,2,AMY MACDONALD - IS THIS WHAT YOU'VE BEEN WAITING FOR?,5
TAMMY WYNETTE,2,TOTO - I'LL BE OVER YOU,5
RAGE AGAINST THE MACHINE,2,JANELLE MONÁE - LIPSTICK LOVER,5
SKID ROW,2,FUSE ODG - DANGEROUS LOVE,5
BETH HART BAND,2,SPOON - KALEIDOSCOPE SKIES,5
TAMMI TERRELL,2,SOOLKING - SUAVEMENTE,5
THE BAHAMA SOUL CLUB,2,KELLY CLARKSON - WHAT DOESN'T KILL YOU (STRONGER),5
KING CURTIS,2,TWO DOOR CINEMA CLUB - UNDERCOVER MARTYN,5
EMMA BUNTON,2,JESSIE J - NOBODY'S PERFECT,5
DEN HARROW,2,SURF MESA - ILY,5
LARA FABIAN,2,SHABOOZEY - A BAR SONG,5
STRAY CATS,2,THE STREETS - MIKE - DESERT ISLAND DUVET,5
THE GREG KIHN BAND,2,THE STREETS - TROUBLED WATERS,5
COLIN STOUGH,2,YAZOO - ONLY YOU,5
TYLER HUBBARD,2,WHITNEY HOUSTON - IT'S NOT RIGHT BUT IT'S OKAY,5
THE DEAD SOUTH,2,ZZ TOP - GIMME ALL YOUR LOVIN',5
MORGAN WADE,2,KELIS - MILKSHAKE 20 (ALEX WANN REMIX),5
JEM,2,TOPIC - AWAY,5
TILL BRÖNNER,2,FATBOY SLIM - PRAISE YOU,5
BOB SEGER; SILVER BULLET BAND,2,ROSALIA - CON ALTURA,5
THE BLACK CROWES,2,BEES - SHOW ME LOVE,5
DANZIG,2,KPOP DEMON HUNTERS CAST - YOUR IDOL,5
ROSE TATTOO,2,KPOP DEMON HUNTERS CAST - SODA POP,5
Y'AKOTO,2,BLACK SABBATH - PARANOID,5
TIMMY THOMAS,2,SAMUIL LEE - YOUR IDOL,5
BETH HART,2,SAMUIL LEE - SODA POP,5
CATCH,2,KEVIN WOO - YOUR IDOL,5
KENNY ROGERS,2,KEVIN WOO - SODA POP,5
HUGO HELMIG,2,DANNY CHUNG - YOUR IDOL,5
MEL C,2,DANNY CHUNG - SODA POP,5
HUMPE,2,NECKWAV - YOUR IDOL,5
RALPH MCTELL,2,NECKWAV - SODA POP,5
THIN LIZZY,2,ANDREW JOON CHOI - YOUR IDOL,5
STEELY DAN,2,ANDREW JOON CHOI - SODA POP,5
INC. LIPPS,2,SAJA BOYS - YOUR IDOL,5
THE NIGHT GAME,2,SAJA BOYS - SODA POP,5
THE MUSCLE SHOALS RHYTHM SECTION,2,MARIAH CAREY - DREAMLOVER,5
DAN FOGELBERG,2,KAMRAD - SO GOOD,5
LEONARD COHEN,2,STROMAE - QUE CE SOIT CLAIR,5
ADAM TUCKER,2,BUBBLER RANX - MYSTERIOUS GIRL,5
BIG FUN,2,ASWAD - DON'T TURN AROUND,5
RAY JR. PARKER,2,SPLIFF - DÉJÀ VU,5
HELLOWEEN,2,GIORGIO MORODER - I WANNA ROCK,5
MARTI WEBB,2,SHAKEDOWN - I WANNA ROCK,5
LITTLE RIVER BAND,2,JULIA MICHAELS - IF THE WORLD WAS ENDING,5
MARLA GLEN,2,NO DOUBT - IT' S MY LIFE,5
PATRICIA KAAS,2,TINIE TEMPAH - MAMACITA,5
AMANDA SHIRES,2,WIZKID - MAMACITA,5
THOMAS RHETT,2,BRENDON URIE - ME!,5
EASTON CORBIN,2,THE KID LAROI - LOST,5
KENNY G,2,THE ASTEROIDS GALAXY TOUR - THE GOLDEN AGE,5
SHEILA B. DEVOTION,2,LINDA ELYS - MAGGIE,5
JAMES MORRISON; NELLY FURTADO,2,JOAN JETT AND THE BLACKHEARTS - I LOVE ROCK'N'ROLL,5
CHRIS NORMAN; SUZI QUATRO,2,NATASHA BEDINGFIELD - JET LAG,5
THE RONETTES,2,FUTURE ISLANDS - SEASONS,5
SMOKEY ROBINSON,2,FLEETWOOD MAC - OH DIANE,5
OWEN PAUL,2,FLEETWOOD MAC - GO YOUR OWN WAY,5
NESTOR,2,FLEETWOOD MAC - DON'T STOP,5
SEX PISTOLS,2,CYNDI LAUPER - I DROVE ALL NIGHT,5
HANOI ROCKS,2,SKI AGGU - ANDERS,5
RONALD ISLEY,2,MICHAEL SCHULTE - YOU LET ME WALK ALONE,5
UNHEILIG,2,BEBE REXHA - IN THE NAME OF LOVE,5
UNGARISCHE NATIONALPHILHARMONIE BUDAPEST,2,TOM WALKER - LEAVE A LIGHT ON,5
OTTAWAN,2,BENJAMIN INGROSSO - HONEY BOY,5
TINA ARENA,2,THE PROCLAIMERS - I'M GONNA BE,5
LEE RYAN,2,PRETENDERS - DON'T GET ME WRONG,5
THE DOORS,2,ARETHA FRANKLIN - RESPECT,5
B. DEVOTION,2,THE HUMAN LEAGUE - HUMAN,5
MIKE OLDFIELD; ROGER CHAPMAN,2,SZA - BMF,5
K.C,2,"SOFIA REYES - 1, 2, 3",5
CHEAP TRICK,2,"DE LA GHETTO - 1, 2, 3",5
MERCURY REV,2,BOYZONE - NO MATTER WHAT,5
STEPPENWOLF,2,ERIC CLAPTON - TEARS IN HEAVEN,5
RODGAU MONOTONES,2,ERIC CLAPTON - WONDERFUL TONIGHT,5
SANDY MARTON,2,GLASS ANIMALS - YOUTH,5
LITTLE,2,NIGHTCRAWLERS - FRIDAY,5
VINCE GILL,2,MUFASA - FRIDAY,5
LAINEY WILSON,2,HYPEMAN - FRIDAY,5
SUNNY SWEENEY,2,SUGABABES - HOLE IN THE HEAD,5
DILLON JAMES,2,EVERLAST - WHAT IT'S LIKE,5
BROTHERS OSBORNE,2,SUPERTRAMP - IT'S RAINING AGAIN,5
CASSADEE POPE,2,SWAE LEE - CLOSE TO ME,5
URING SUZANNE VEGA; DNA,2,DURAN DURAN - THE WILD BOYS,5
DOOBIE BROTHERS,2,THE VACCINES - POST BREAK-UP SEX,5
CAUGHT IN THE ACT,2,THE FAIM - SUMMER IS A CURSE,5
WILLY DEVILLE,2,ROXY MUSIC - JEALOUS GUY,5
RANDY TRAVIS,2,THE BOOMTOWN RATS - I DON'T LIKE MONDAYS,5
NIEMANN,2,WOODKID - I LOVE YOU,5
DENNIS COFFEY,2,INNER CIRCLE - GAMES PEOPLE PLAY,5
THE DETROIT GUITAR BAND,2,ELLA HENDERSON - GHOST,5
FIVE FINGER DEATH PUNCH,2,SAMANTHA FOX - TOUCH ME,5
USA FOR AFRICA,2,SAMANTHA FOX - I ONLY WANNA BE WITH YOU,5
STOPPOK,2,CHAD KROEGER - HERO,5
FABIAN BUCH,2,2PAC - CHANGES,5
QUARTERFLASH,2,SILK SONIC - LEAVE THE DOOR OPEN,5
BILL MEDLEY; JENNIFER WARNES,2,SUNRISE AVENUE - WELCOME TO MY LIFE,5
DALE WATSON,2,WESTLIFE - UPTOWN GIRL,5
HIS LONE STARS,2,WESTLIFE - MANDY,5
JADE EAGLESON,2,JOE JACKSON - STEPPIN' OUT,5
FLORIDA GEORGIA LINE,2,US3 - CANTALOOP,5
TEBEY,2,NEON TREES - ANIMAL,5
GEORGE IV HAMILTON,2,THOMAS D - RÜCKENWIND,5
VIERKANTTRETLAGER,2,SEEED - AUFSTEHN!,5
U96,2,MEGHAN TRAINOR - LIPS ARE MOVIN',5
ROSANNE CASH,2,"ABBA - KNOWING ME, KNOWING YOU",5
PETER FRAMPTON,2,ABBA - GIMME GIMME GIMME (A MAN AFTER MIDNIGHT),5
JOE BONAMASSA,2,ALT-J - LEFT HAND FREE,5
YASI HOFER,2,FOALS - MY NUMBER,5
ULLA MEINECKE,2,PINK FLOYD - WISH YOU WERE HERE,5
THE BATES,2,FUGEES - KILLING ME SOFTLY,5
MRS. GREENBIRD,2,DANIEL MERRIWEATHER - IMPOSSIBLE,5
ALICE,2,MAGIC! - RUDE,5
PEABO BRYSON,2,GWEN STEFANI - COOL,5
HERWIG MITTEREGGER,2,KIM WILDE - KIDS IN AMERICA,5
DAS LUMPENPACK,2,KIM WILDE - VIEW FROM A BRIDGE,5
SPACE,2,DIE TOTEN HOSEN - ALTES FIEBER,5
THE EMOTIONS,2,DIE TOTEN HOSEN - UNTER DEN WOLKEN,5
BOOMTOWN RATS,2,FRED AGAIN - MIKE - DESERT ISLAND DUVET,5
DONOTS,2,FRED AGAIN - TEN,5
RESTLESS,2,TAKE THAT - PATIENCE,5
THE TWINS,2,THE ROLLING STONES - PAINT IT BLACK,5
GOOMBAY DANCE BAND,2,MELANIE C - I TURN TO YOU,5
PETER CORNELIUS,2,EN VOGUE - MY LOVIN' (YOU 'RE NEVER GONNA GET IT),5
BAKER,2,MOLOKO - TIME IS NOW,5
THE BACKBEAT DISCIPLES,2,NINA CHUBA - FLIEGEN,5
ARTHUR,2,NINA CHUBA - UNSICHER,5
P.O.D,2,GENESIS - TELL ME WHY,5
BLIND CHANNEL,2,NENEH CHERRY - MANCHILD,5
FROM ASHES TO NEW,2,EROS RAMAZZOTTI - COSE DELLA VITA - CAN'T STOP THINKING OF YOU,5
GRETA VAN FLEET,2,VAMPIRE WEEKEND - A-PUNK,5
EVA CASSIDY,2,ALMA - CHASING HIGHS,5
ANTHRAX,2,TAYNA - SI AI (MARSHMELLO & UKAY REMIX),5
LOU GRAMM,2,DIPLO - CLOSE TO ME,5
NASHFIELD,2,STAKKA BO - HERE WE GO,5
ALISON KRAUSS,2,NORMANI - DANCING WITH A STRANGER,5
GARY ALLAN,2,"DRAKE - HOLD ON, WE’RE GOING HOME",5
TRACY LAWRENCE,2,DRAKE - MASSIVE,5
PURPLE SCHULZ,2,DRAKE - MIA,5
CHICO CÉSAR,2,ECHT - JUNIMOND,5
WIZKID F. BLUE IVY CARTER,2,MARTERIA - MARTERIA GIRL,5
DIE PRINZEN,2,CRYSTAL FIGHTERS - PLAGE,5
DUSTIN LYNCH,2,ROBERT FRANCIS - JUNEBUG,5
MARTHA REEVES,2,"LAUV - FUCK, I'M LONELY",5
JAZZANOVA,2,FREDDIE MERCURY - THE GREAT PRETENDER,5
ELTON JOHN; KIKI DEE,2,DIDO - HERE WITH ME,5
THE MERCURY RIOTS,2,J. GEILS BAND - CENTERFOLD,5
OTTO,2,VIZE - CLOSE YOUR EYES,5
ROMANELLI,2,SAFRI DUO - HEAD ABOVE WATER,5
ASHLEY MONROE; TRAIN,2,CIAN DUCROT - HEAVEN,5
THE HUES CORPORATION,2,ART OF NOISE - KISS,5
RAM JAM,2,PINKPANTHERESS - CLOSE TO YOU,5
NEW SOUND SINGERS,2,TIMBALAND - GIVE IT TO ME,5
PH.D,2,SOUNDGARDEN - BLACK HOLE SUN,5
INCOGNITO,2,LIL' JON - YEAH,5
BARBARA DICKSON,2,LUDACRIS - YEAH,5
CHANNEL 5,2,MARSHALL JEFFERSON - LIFE IS SIMPLE,5
DAVID MCWILLIAMS,2,HERBERT GRÖNEMEYER - LIED 1 - STÜCK VOM HIMMEL,5
THE FLAMES,2,HERBERT GRÖNEMEYER - MAMBO,5
RAINBOW,2,ATOMIC KITTEN - ETERNAL FLAME,5
HELLO,2,BEYONCÉ - HYMN FOR THE WEEKEND,5
SHANE YELLOWBIRD,2,MU - FRIDAY (DOPAMINE RE-EDIT),5
MARSHALL,2,PAOLA - VAMOS A BAILAR,5
HAIN,2,CHIARA - VAMOS A BAILAR,5
RACEY,2,DJ JAZZY JEFF - THE FRESH PRINCE OF BEL AIR,5
JOAN ARMATRADING,2,THE FRESH - THE FRESH PRINCE OF BEL AIR,5
KEVIN JOHNSON,2,BOSSE - DER LETZTE TANZ,5
JESSE RITCH,2,SASH! - ECUADOR,5
CÉLINE DION WITH THE BEE GEES,2,HOOTERS - JOHNNY B.,5
THE WHO,2,MEAT LOAF - ROCK AND ROLL DREAMS COME THROUGH,5
THE INCREDIBLE BONGO BAND,2,NATALIA AVELO - SUMMER WINE,5
"BOBBY ""BLUE"" BLAND",2, - THE RAPTURE PT.III,5
SAM,2, - MÜLLTONNEN ROLLEN,5
AIR SUPPLY,2,MR MISTER - BROKEN WINGS,5
ZUCCHERO; RANDY CRAWFORD,2,BILLY JOEL - LENINGRAD,5
SUGARLAND,2,U 2 - WHERE THE STREETS HAVE NO NAME.,5
SARA EVANS,2,PAUL KALKBRENNER - QUE CE SOIT CLAIR,5
JOSH TURNER,2,BLUE - SORRY SEEMS TO BE THE HARDEST WORD,5
CARRIE UNDERWOOD,2,NO ANGELS - LIKE ICE IN THE SUNSHINE,5
BRELAND,2,LIGHTHOUSE FAMILY - OCEAN DRIVE,5
DIAMOND RIO,2,LIGHTHOUSE FAMILY - FREE,5
WAYLON JENNINGS,2,2 PAC - CHANGES,5
HEINZ RUDOLF KUNZE MIT PE WERNER,2,JUSTIN TIMBERLAK - 4 MINUTES,5
THE FLYING PICKETS,2,MICHAEL MIND - BLINDED BY THE LIGHT,5
LITTLE BIG TOWN,2,KOOL - GET DOWN ON IT,5
GIPSY KINGS,2,KOOL - LADIES' NIGHT,5
VICKY SAMPSON,2,THE GANG - GET DOWN ON IT,5
THE MYSTERIOUS ART,2,THE GANG - LADIES' NIGHT,5
TIFFANY,2,BAHA MEN - WHO LET THE DOGS OUT,5
DOCTOR,2,DANIEL CAE - PEACHES,5
WADE HAYES,2,LIONEL RICHIE - ALL NIGHT LONG,5
KENNY PRICE,2,LIONEL RICHIE - HELLO,5
THE HONEYDRIPPERS,2,LIONEL RICHIE - JUST FOR YOU,5
RAINHARD FENDRICH,2,DISCOBOYS - FOR YOU,5
JIVE BUNNY,2,N'SYNC - TEARING UP MY HEART,5
THE MASTERMIXERS,2,NICO SANT - IN YOUR ARMS (FOR AN ANGEL),5
CURIOSITY,2,KRAFTKLUB - ICH WILL NICHT NACH BERLIN,5
MECANO,2,LEVENT GEIGER - 2 DUMB KIDS,5
THREE DOG NIGHT,2,EVANESCENCE - MY IMMORTAL,5
MATHEA,2,STATUS QUO - YOU'RE IN THE ARMY NOW,5
ETTA JAMES,2,STATUS QUO - WHAT YOU'RE PROPOSING,5
SHINEDOWN,2,SEAL - AMAZING,5
ALEXANDER O'NEAL,2,MISS - CLOSE YOUR EYES,5
THE SMITHS,2,TRIGGERFINGER - I FOLLOW RIVERS,5
TWISTED SISTER,2,CUT 'N' MOVE - GIVE IT UP,5
JOHN TRAVOLTA,2,KATE RYAN - DESENCHANTEE,5
DR. RING-DING,2,FRIDA GOLD - DIESES GEFÜHL,5
IKE,2,CHRIS BROWN - YEAH 3X,5
WOLFSHEIM,2,ALCAZAR - CRYING AT THE DISCOTEQUE,5
DENNIS EDWARDS,2,REVOLVERHELD - DAS KANN UNS KEINER NEHMEN,5
SIEDAH GARRETT,2,REVOLVERHELD - MIT DIR CHILLN,5
NINA SIMONE,2,REVOLVERHELD - HALT DICH AN MIR FEST,5
ISLEY BROTHERS,2,MIKE - WORD OF MOUTH,5
HAMBURGER ARROGANZ,2,THE MECHANICS - WORD OF MOUTH,5
LOVE AFFAIR,2,ULTRAVOX - HYMN,5
LANA DEL REY VS. CEDRIC GERVAIS,2,J BALVIN - CON ALTURA,5
HELGE SCHNEIDER,2,J BALVIN - X,5
SANTA ESMERALDA; LEROY GOMEZ,2,ALL-AMERICAN REJECTS - GIVES YOU HELL,5
KEITH URBAN,2,JASMINE THO - SUN GOES DOWN,5
ROSS,2,MÅNESKIN - SUPERMODEL,5
DIANA,2,BOBBY MCFERRIN - DON'T WORRY BE HAPPY,5
KANSAS,2,FERGIE - BIG GIRLS DON'T CRY,5
FEHLFARBEN,2,FERGIE - BIG GIRLS DON'T CRY (PERSONAL),5
PROCLAIMERS,2,SYDNEY YOUNGBLOOD - IF ONLY I COULD,5
SCHWEIZER,2,SHANNON - LET THE MUSIC PLAY,5
GREG KIHN BAND,2,COCK ROBIN - JUST AROUND THE CORNER,5
FRANK SINATRA,2,MARTIN JENSEN - SOLO DANCE,5
SAM BROWN,2,ABOR - BALLER,5
THE FRESH PRINCE,2,TYNNA - BALLER,5
SHAY LIA,2,BLACK EYED PEAS - JUST CAN'T GET ENOUGH,5
TUNGZ,2,BLACK EYED PEAS - DON'T LIE,5
CHRISTIN NICHOLS,2,VANESSA PARADIS - JOE LE TAXI,5
MATT,2,TIM BENDZKO - HOCH,5
JUSE JU,2,SILBERMOND - LEICHTES GEPÄCK,5
BOB JUNIOR,2,SADE - YOUR LOVE IS KING,5
KITA ALEXANDER,2,SAM MARTIN - LOVERS ON THE SUN,5
LYRICAL LEMONADE,2,01099 - ANDERS,5
IUMA,2,CLAUDE - LADADA (MES DERNIERS MOTS),5
DYLYN,2,SAINT JHN - ROSES,5
THE NAKED AND FAMOUS,2,PRINCE ITAL JOE - UNITED,5
JULES AHOI,2,PRINCE ITAL JOE - HAPPY PEOPLE,5
CHAIRLIFT,2,MARKY MARK - UNITED,5
RDGLDGRN,2,JORDIN SPARKS - NO AIR,5
BLAUDZUN,2,SANTIGOLD - DISPERATE YOUTH,5
GOSSLING,2,SANTIGOLD - DISPARATE YOUTH,5
SAMM HENSHAW,2,METRO BOOMIN - MILE HIGH,5
CARY,2,DIRTY HEADS - VACATION,5
GABRIEL GIFFORD,2,JAM - KALEIDOSCOPE SKIES,5
HARVEY CAUSON,2,SOFIYA NZAU - AWAY,5
JAMIE WOON,2,THE RED HOT CHILI PEPPERS - ROAD TRIPPIN',5
TOKYO TEA ROOM,2,ABC - THE LOOK OF LOVE (PART 1),5
RAVEN ARTSON,2,GUNS'N'ROSES - KNOCKIN' ON HEAVEN'S DOOR,5
MAC WETHA,2,SORAYA - STAY AWHILE,5
DVR,2,GYPSY - JONA VARK,5
LOVEJOY,2,THE CAT - JONA VARK,5
SELAH SUE,2,PEGGY GOU - NANANA,5
RAE MORRIS,2,PEGGY GOU - STARRY NIGHT,5
SERIOUS KLEIN,2,JP SAXE - IF THE WORLD WAS ENDING,5
ROSSVANBOSS,2,EARTH - LET'S GROOVE,5
AMBER-SIMONE,2,WIND - LET'S GROOVE,5
RXSEBOY,2,SCISSOR SISTERS - I DON'T FEEL LIKE DANCIN,5
PISH,2,ICH + ICH - UNIVERSUM,5
BECCA HATCH,2,CHRIS REA - ON THE BEACH,5
TAYO SOUND,2,CHRIS REA - LOOKING FOR THE SUMMER,5
SHAUN RYDER,2,STEVE PERRY - OH SHERRIE,5
TWO YEAR VACATION,2,THE SOURCE - YOU GOT THE LOVE,5
BRYE,2,HUEY LEWIS - POWER OF LOVE,5
GRIZZLY BEAR,2,HUEY LEWIS - DOING IT ALL FOR MY BABY,5
CLAIRE,2,THE NEWS - POWER OF LOVE,5
DIE NERVEN,2,THE NEWS - DOING IT ALL FOR MY BABY,5
163MARGS,2,GARY BARLOW - LET ME GO,5
GREEDO,2,MARIA GADÚ - SHIMBALAIÊ,5
MOA,2,BOB SEGER - AGAINST THE WIND,5
COSHA,2,ASHANTI - BABY,5
KOKO,2,INDEEP - LAST NIGHT A DJ SAVED MY LIFE,5
RAURY,2,TIME SQUARE - FOLLOW THE SUN,5
TEDDY FAILURE,2,XAVIER RUDD - FOLLOW THE SUN,5
SAN CISCO,2,GARY MOORE - OUT IN THE FIELDS,5
MAKOLA,2,"PLAIN WHITE T'S - 1, 2, 3, 4",5
LION BABE,2,"DAS BO - TÜRLICH, TÜRLICH (SICHER DICKER)",5
POWFU FT. CODY LAWLESS,2,DARYL HALL - OUT OF TOUCH,5
MILKSHAKES IN THE VALLEY,2,JOHN OATES - MANEATER,5
JAYDA G,2,PAUL VAN DYK - IN YOUR ARMS (FOR AN ANGEL),5
SCHORL3,2,THE HOUSEMARTINS - CARAVAN OF LOVE,5
AZIYA,2,LONDON GRAMMAR - FEELINGS GONE,5
KING KRULE,2,SHOLA AMA - YOU MIGHT NEED SOMEBODY,5
K-OS,2,THE BEE GEES - JULIET,5
AYO,2,DISCLOSURE - YOU & ME - FLUME REMIX,5
BRYCE DESSNER,2,BACHMAN-TURNER OVERDRIVE - YOU AIN'T SEEN NOTHIN' YET,5
JOHNNY KULO,2,DANIELLE BRISEBOIS - GIMME LITTLE SIGN,5
FRANC MOODY,2,LAITH AL-DEEN - BILDER VON DIR,5
ILGEN-NUR,2,DANNY WILSON - MARY'S PRAYER,5
AYELLE,2,CLIFF RICHARD - REMEMBER ME,5
PUDDLE OF MUDD,2,CHRIS DEBURGH - HIGH ON EMOTION,5
MATILDA MANN,2,CHRIS DEBURGH - DON'T PAY THE FERRYMAN,5
BOYWITHUKE,2,CARLY SIMON - COMING AROUND AGAIN,5
ALBIN LEE MELDAU,2,CÉLINE DION - ONE HEART,5
WARGIRL,2,GORDON LIGHTFOOT - SUNDOWN,5
SWITCHOTR,2,SMOKIE - DON'T PLAY YOUR ROCK'N'ROLL TO ME,5
BROODS,2,ROSE LAURENS - AFRICA (VOODOO MASTER),5
MAZIE,2,PAUL MCCARTNEY - MULL OF KINTYRE,5
LET'S EAT GRANDMA,2,MICHAEL MCDONALD - ALL RIGHT,5
SUNFLOWER BEAN,2,THE BEACH BOYS - KOKOMO,5
THE HUNNA,2,SLADE - MY OH MY,5
MOYKA,2,SIMON - THE SOUND OF SILENCE,5
EUGÉNIE,2,GARFUNKEL - THE SOUND OF SILENCE,5
DENZEL CURRY,2,JOHNNY HATES JAZZ - TURN BACK THE CLOCK,5
BANJI,2,FLYING PICKETS - ONLY YOU,5
MELVV,2,ROD STEWART - WHAT AM I GONNA DO (I'M SO IN LOVE WITH YOU),5
VYKA,2,ROD STEWART - TOM TRAUBERT'S BLUES (WALTZING MATILDA),5
TRISTAN BRUSCH,2,CAT STEVENS - PEACE TRAIN,5
ARXX,2,CAT STEVENS - MORNING HAS BROKEN,5
DONATA,2,LINDA RONSTADT - THAT'LL BE THE DAY,5
LOKØY,2,SUTHERLAND BROTHERS - ARMS OF MARY,5
SAFARIO,2,PARCELS - LEAVEYOURLOVE,5
KAT FRANKIE,2,BOB DYLAN - BLOWIN' IN THE WIND,5
SUPERSHY,2,DAVID LEE ROTH - CALIFORNIA GIRLS,5
BILLIE MARTEN,2,GLENN MEDEIROS - NOTHING'S GONNA CHANGE MY LOVE FOR YOU,5
JHENÉ AIKO,2,MAMAS - CALIFORNIA DREAMIN',5
DREAM WIFE,2,RUBETTES - SUGAR BABY LOVE,5
ELIS NOA,2,URIAH HEEP - FREE ME,5
ELECTRIC YOUTH,2,JOHNNY LOGAN - HOLD ME NOW,5
UKIYO,2,BORIS GARDINER - I WANT TO WAKE UP WITH YOU,5
ŪLA,2,JESUS LOVES YOU - BOW DOWN MISTER,5
LAZY JAY,2,THE MAMAS AND THE PAPAS - MONDAY MONDAY,5
LAURA LEE,2,THE MONKEES - DAYDREAM BELIEVER,5
THE JETTES,2,THE MONKEES - I'M A BELIEVER,5
JOHN GLACIER,2,THE THE PAPAS - CALIFORNIA DREAMIN',5
CARAVAN PALACE,2,WINGS - MULL OF KINTYRE,5
I LOVE MAKONNEN,2,KATIE MELUA - NINE MILLION BICYCLES,5
MARIA BASEL,2,GENE PITNEY - SOMETHING'S GOTTEN HOLD OF MY HEART,5
BLACKWAVE,2,THE TURTLES - HAPPY TOGETHER,5
VIRGINIA JETZT!,2,BUGGLES - VIDEO KILLED THE RADIO STAR,5
SUNSICK,2,MICHAEL BOLTON - WHEN A MAN LOVES A WOMAN,5
JOSÉ GONZALEZ,2,MAXINE NIGHTINGALE - RIGHT BACK WHERE WE STARTED FROM,5
TROPICS,2,FREE - ALL RIGHT NOW,5
ERICSON,2,LYNYRD SKYNYRD - SWEET HOME ALABAMA,5
FRISKA VILJOR,2,F. R. DAVID - WORDS,5
LIME CORDIALE,2,NEIL YOUNG - HEART OF GOLD,5
DEKKER,2,DENIECE WILLIAMS - LET'S HEAR IT FOR THE BOY,5
TAI VERDES,2,BERQ - ROTE FLAGGEN,5
SCHMYT,2,AITCH - BABY,5
MADANII,2,SPARKLING - I FEEL SO HIGH,5
AGAJON,2,GIRL ULTRA - TOMÁS,5
HUND,2,CHROMEO - TOMÁS,5
KOBRAKASINO,2,EMPRESS OF - TOMÁS,5
LISL,2,ÄTNA - TUK TUK,5
HONEYMOAN,2,DJANGO DJANGO - NO TIME,5
KYNSY,2,CHET FAKER - THE TROUBLE WITH US,5
CAMP CLAUDE,2,CHET FAKER - TALK IS CHEAP,5
FELUKAH,2,JAMES BLAKE - MILE HIGH,5
BLOOM TWINS,2,JACK PEÑATE - NO TIME,5
INJI,2,ROSALÍA - TUYA,5
CAROLINE POLACHEK BLOOD ORANGE,2,ROSALÍA - BESO,5
DANIE TARIQ AL-SABIR,2,SG LEWIS - FEELINGS GONE,5
UFFIE,2,ELIZA ROSE - B.O.T.A. (BADDEST OF THEM ALL),5
MOLLY MOORE,2,ELIZA DOOLITTLE - YOU & ME - FLUME REMIX,5
THE RAVEONETTES,2,PAROV STELAR - ALL NIGHT,5
U3000,2,JOZZY - TEN,5
BAZZI,2,SOLOMUN - TUK TUK,5
HOLOW,2,ALUNA - KILLING ME,5
MAX GREEN,2,BEN PEARCE - WHAT I MIGHT DO,5
ODESZA,2,ROMY - ALWAYS FOREVER,5
BENNY SINGS,2,TSHA - KILLING ME,5
BLEACHERS,2,KAYTRAMINÉ - 4EVA,5
ANNALISA FERNANDEZ,2,SCHMERZIS - PERLOU,5
DAMON ALBARN,2,BICEP - APRICOTS,5
THE BIG MOON,2,BL3SS - AFTERS,5
DEVIN MORRISON,2,TRAVIS SCOTT - MILE HIGH,5
THE SNUTS,2,DON TOLIVER - LOSE MY MIND,5
LILLY AMONG CLOUDS,2,JOHN SUMMIT - SHIVER,5
HALF MOON RUN,2,JOHN SUMMIT - LA DANZA,5
BEA AND HER BUSINESS,2,HAYLA - SHIVER,5
BRANKO AND JAY PRINCE,2,MAESIC - LIFE IS SIMPLE,5
SALOMEA,2,SALOMÉ DAS - LIFE IS SIMPLE,5
TIAVO,2,BUNT - CLOUDS,5
FYE,2,ZAH1DE - MONA LISA MOTION (EINMAL UM DIE WELT),5
FENNEK,2,GNARLS BARKLEY - CRAZY,5
H.E.R,2,PASHANIM - AIRWAVES,5
PERRIN,2,NATE TRAVELLER - CLOUDS,5
ANIMAL HOUSE,2,PAWSA - DIRTY CASH (MONEY TALKS),5
JEAN CASTEL,2,DANNY OCEAN - ME REHÚSO,5
THE MAGIC GANG,2,JUBEL - DANCING IN THE MOONLIGHT,5
MOONCHILD SANELLY,2,NEIMY - DANCING IN THE MOONLIGHT,5
EAU ROUGE,2,KEINEMUSIK ( - THANDAZA,5
SIAMESE ELEPHANTS,2,RAMPA - THANDAZA,5
WHITE LIES,2,ADAM PORT) ME - THANDAZA,5
WE WILL KALEID,2,JHAY CORTEZ BAD BUNNY - DAKITI,5
HELGEN,2,EL GUINCHO - CON ALTURA,5
FELLY,2,ALAN DIXON - THANDAZA,5
KHARY,2,ARABIC PIANO - THANDAZA,5
SUKI WATERHOUSE,2,LEVI - JUMP,5
AGNES OBEL,2,BRUTALISMUS 3000 - DIE LIEBE KOMMT NICHT AUS BERLIN,5
JOE GODDARD,2,ION MILES - POWERADE,5
SAINTÉ,2,BHZ - POWERADE,5
CHLOE QISHA,2,LOJAY - MONALISA,5
6LACK,2,SARZ - MONALISA,5
PAOLO CONTE,2,FIREBOY DML - BODY,5
PALE WAVES,2,BLACK COFFEE - THE RAPTURE PT.III,5
PACO,2,ME - THE RAPTURE PT.III,5
POLAR NOIR,2,OMAH LAY - SOSO,5
KLEERUP,2,GRAVAGERZ - AFTERS,5
SUPERFOOD,2,THE ADVENTURES OF STEVIE V - DIRTY CASH (MONEY TALKS),5
CHARLOTTE OC,2,LIL WAYNE MAROON 5 - LOVE IS LIKE,5
ALLIE X,2,ZSÁ ZSÁ - BAD BUNNIES,5
PUP,2,DISCO BOYS - FOR YOU,5
ELBOW,2,SHUTTLE - SWEPT UP,4
LUKE SITAL-SINGH,2,BABA SHRIMPS - PICK UP THE PHONE,4
AMI WARNING,2,LADINA - HIGH HOPES,4
JENNY WILSON,2,LADINA - MILESTONE,4
MUROKI,2,LADINA - FRIENDS,4
RITT MOMNEY,2,ALOK - BODY TALK,4
NOONZY,2,CLEMENTINE DOUGLAS - BODY TALK,4
LYN LAPID,2,GIL GLAZE - NOT LIKE THIS,4
LIGHTS ARKELLS,2,ANNA REY - UNITY,4
DONKEY KID,2,"LANA DEL REY - HENRY, COME ON",4
SHECK WES,2,KAYTRANADA - SPACE INVADER,4
YANNIS CAMELPHAT,2,WU-TANG CLAN - SAY WHAT YOU WANT,4
CREEDS,2,ROOFTOP SAILORS - SHIVERS,4
FINCH,2,DACHS - ES REIMT SICH UF,4
GUNNA JUSTIN BIEBER,2,KABRIO - MIRACLE,4
BURNA BOY FT. MICK JAGGER,2,BILLY OTTO - MIRACLE,4
TCHAMI,2,ONEREPUBLIC - CONNECTION,4
KALEEM TAYLOR,2,ONEREPUBLIC - STOP AND STARE,4
AHADADREAM,2,MARC ANTHONY - YOU SANG TO ME,4
INFINITY INK,2,TRACY CHAPMAN - TALKIN' BOUT A REVOLUTION,4
NIMINO,2,JOVANOTTI - THE SOUND OF SUNSHINE,4
STEPHEN SANCHEZ,2,STEFANIE HEINZMANN - CARRY THE WORLD,4
STORMZY (,2,SHAWN MENDES - SUMMER OF LOVE,4
BURNA BOY),2,TAINY - SUMMER OF LOVE,4
BABY KEEM,2,SOFI TUKKER - SUMMER IN NEW YORK,4
KEVIN DE VRIES,2,SOFI TUKKER - IF LOVE IS A SKILL,4
BOYS NOIZE,2,SOFI TUKKER - DRINKEE,4
JACOB LUSK,2,MANILLIO - SUNNY SIDE UP,4
MIGOS,2,JUSTIN TIMBERLAKE - SOULMATE,4
GRINGO,2,PRINCE - MONEY DON'T MATTER 2 NIGHT,4
UFO361 TRETTMANN,2,PRINCE - KISS,4
ELVIS CRESPO,2,STRESS - GIVE IT TO ME RIGHT,4
TECH IT DEEP,2,STRESS - SI LOIN,4
JUJU,2,STRESS - AVENUE,4
HENNING MAY,2,STRESS - LOVE YOU WHEN I'M HIGH,4
K.I.Z,2,STRESS - RELAXTRA,4
EMI X,2,REA GARVEY - TALK TO YOUR BODY,4
TAINY J. BALVIN,2,REA GARVEY - IS IT LOVE,4
TIM BERG,2,REA GARVEY - LET'S BE LOVERS TONIGHT,4
T. I,2,ROXETTE - THE BIG L.,4
SIX-TWO,2,KHALID - NUMB,4
NATE DOGG HITTMAN,2,NELLY - OVER AND OVER,4
KURUPT,2,NELLY - JUST A DREAM,4
JAY ROCK,2,EURYTHMICS - I SAVED THE WORLD TODAY,4
MÊN AN TOL,2,RAFFAELLA CARRA - PEDRO,4
INFINITY SONG,2,THE WOMBATS - LET'S DANCE TO JOY DIVISION,4
LAWRENT,2,LINKIN PARK - UP FROM THE BOTTOM,4
ŁASZEWO,2,LINKIN PARK - BREAKING THE HABIT,4
A$AP ROCKY ALOK,2,BRUNO MARS - TALKING TO THE MOON,4
BTS BENNY BLANCO,2,PANIC! AT THE DISCO - I WRITE SINS NOT TRAGEDIES,4
LANA DEL REY (,2,THIS PICTURE - HEART OVER HEAD,4
THE WEEKND),2,COLDPLAY - IN MY PLACE,4
DOMIZIANA,2,COLDPLAY - SPEED OF SOUND,4
TC TWOCOLORS,2,SHAKIRA - RABIOSA,4
SAFRI DUO TC,2,SHAKIRA - LA TORTURA,4
ANNA SOFIA,2,SHAKIRA - DON'T BOTHER,4
IDA CORR,2,SHAKIRA - DON'T YOU WORRY,4
FEDDE LE GRAND,2,SHAKIRA - CAN'T REMEMBER TO FORGET YOU,4
JEM COOKE,2,TOM GRENNAN - DON'T BREAK THE HEART,4
ABI FLYNN,2,NELLY FURTADO - MANOS AL AIRE,4
IVAN GOUGH,2,KATY PERRY - LAST FRIDAY NIGHT,4
DAVID GUETTA VS. BENNY BENASSI,2,KATY PERRY - UNCONDITIONALLY,4
MONROSE,2,KATY PERRY - PART OF ME,4
ANNENMAYKANTEREIT CRO,2,SNOOP DOGG - DROP IT LIKE IT'S HOT,4
XAVI,2,"GOTTHARD - ONE LIFE, ONE SOUL",4
MANUEL TURIZO,2,GOTTHARD - JANIE'S NOT ALONE,4
DR.MOTTE,2,PURPLE DISCO MACHINE - DISHED (MALE STRIPPER),4
WESTBAM,2,JAMES BLUNT - LOVE UNDER PRESSURE,4
TINA TURNER KYGO,2,JAMES BLUNT - I'LL BE YOUR MAN,4
"LISA ""LEFT EYE"" LOPES",2,RITA ORA - LET YOU LOVE ME,4
LIL'KIM,2,FLO RIDA - LOW,4
MICHAEL ANDREWS,2,KESHA - TIK TOK,4
GARY JULES,2,RIANA - LOSLOH,4
SINEAD O'CONNOR,2,ED SHEERAN - I DON'T CARE,4
MC SAR,2,ED SHEERAN - SHIVERS,4
THE REAL MCCOY,2,ED SHEERAN - CELESTIAL,4
CUT'N'MOVE,2,ED SHEERAN - LEGO HOUSE,4
THE FUGEES,2,ED SHEERAN - I SEE FIRE,4
GEORGIA HARMER,1,SAM SMITH - I'M NOT THE ONLY ONE,4
RACING MOUNT PLEASANT,1,LENNY KRAVITZ - AGAIN,4
YUNEKI,1,CARROUSEL - PLUS DE COULEURS,4
TREE HOUSE MILANO,1,QUEEN - WHO WANTS TO LIVE FOREVER,4
THE GREAT STOYAN DUO,1,QUEEN - BOHEMIAN RHAPSODY,4
SHELTER 12,1,TRAVIS - DRIFTWOOD,4
MAGNOLIA PINK,1,TOVE LO - HABITS (STAY HIGH),4
ALVA LEAVES,1,TOVE LO - 2 DIE 4,4
ANOTHER ME,1,BILLY IDOL - EYES WITHOUT A FACE,4
ESKOBAR,1,BILLY IDOL - HOT IN THE CITY,4
SHINEHEAD,1,ROSE - CIAO BELLA,4
ANA WHITEROSE,1,ANNA ROSSINELLI - LET IT GO,4
STREETS OF ROYA,1,BASTIAN BAKER - CAN'T BE LOVED,4
GRAN NOIR,1,BASTIAN BAKER - EVERYTHING WE DO,4
PATRICK HARBOR,1,BASTIAN BAKER - FIVE FINGERS,4
GOODBYE FAIRBANKS,1,PRAS MICHEL - GHETTO SUPASTAR,4
DR. MO,1,OL' DIRTY BASTARD - GHETTO SUPASTAR,4
FOXWARREN,1,MYA - GHETTO SUPASTAR,4
CLIPSE,1,EMINEM - LOSE YOURSELF,4
WIRE,1,BON JOVI - NO APOLOGIES,4
GOOD FLYING BIRDS,1,BON JOVI - WANTED DEAD OR ALIVE,4
WISHY,1,PHIL COLLINS - SUSSUDIO,4
WILCO,1,PHIL COLLINS - I WISH IT WOULD RAIN DOWN,4
KAREN BLACK,1,PHIL COLLINS - TRUE COLORS,4
BELLE,1,PHIL COLLINS - A GROOVY KIND OF LOVE,4
SEBASTIAN,1,PHIL COLLINS - AGAINST ALL ODDS (TAKE A LOOK AT ME NOW),4
BRAND NEW HEAVIES,1,MYLES SMITH - MYLES SMITH - WHAT ARE YOU PLANS FOR 2025 ? (GENERIC IV),4
CARL BARAT,1,BRITNEY SPEARS - LUCKY,4
BOYS LIKE GIRLS,1,SOPHIE B. HAWKINS - DAMN I WISH I WAS YOUR LOVER,4
DARIO AND SPINFIRE,1,LOVEBUGS - MUSIC MAKES MY WORLD GO ROUND,4
SADBOI,1,LOVEBUGS - ANGEL HEART,4
KABUSA ORIENTAL CHOIR,1,LOVEBUGS - FLAVOUR OF THE DAY,4
CAMILLA SPARKSSS,1,LOVEBUGS - BITTER MOON,4
SKULLCRUSHER,1,IMAGINE DRAGONS - NATURAL,4
LOW GIRL,1,CHIARA CASTELLI - LOOK SO GOOD,4
GOLDEN APPLES,1,VERONICA FUSARO - WEEKEND,4
ANIMAL COLLECTIVE,1,THE BIRTHDAY GIRLS - TIGER GIRL,4
KY-MANI MARLEY,1,DEAN LEWIS - LOVED YOU BETTER,4
SEX WEEK,1,PATENT OCHSNER - TRYBGUET,4
HAZEL BRUGGER,1,PATENT OCHSNER - FÜR IMMER UF DI,4
SANDRA STUDER,1,PATENT OCHSNER - MAMA BE,4
PETRA MEDE,1,PATENT OCHSNER - SUNNY SIDE UP,4
ELIE ZOE,1,NICKLESS - ALREADY GONE,4
CONCRETE BLONDE,1,NICKLESS - ROSEMARY,4
PLASTIC BERTRAND,1,NICKLESS - DON'T STOP THE CAR,4
SUBZONIC,1,LINA BUTTON - HARD TO UNDERSTAND,4
SKIP,1,VALENTINO VIVACE - METEORITI,4
LAFA,1,SOPHIE HUNGER - TRICKS,4
MARTIN SCHENKEL,1,SOPHIE HUNGER - LIKE LIKE LIKE,4
KONTRA.CANT,1,FROM KID - COME IN,4
AY WING,1,SENS UNIK - ORIGINAL,4
CHUUWEE,1,MARIE JAY - FOMO,4
SHUKO,1,OPEN SEASON - KEEP MY FIRE BURNING,4
RUMPELSTILZ,1,KAROLYN - AVENUE,4
TAXI,1,GRACIE ABRAMS - THAT’S SO TRUE,4
A BOOGIE WIT DA HOODIE,1,CRIMER - EYES OFF ME,4
INDIA.ARIE,1,CRIMER - LOVE KILLS,4
CHARLOTTE GAINSBOURG,1,OZUNA - CARAMELO,4
OAKLAND,1,WOLF ALICE - BROS,4
STACY N.K.R,1,FLORENCE AND THE MACHINE - SWEET NOTHING,4
SHINTARO SAKAMOTO,1,HEART - ALL I WANNA DO IS MAKE LOVE TO YOU,4
DRUGDEALER,1,SPIRITUAL CRAMP - YOUNG OFFENDERS,4
KATE BOLLINGER,1,NICOLE BERNEGGER - ALCHEMY,4
WYE OAK,1,JUSTIN BIEBER - I DON'T CARE,4
STILL BLANK,1,J. BALVIN - GINZA,4
SAY SHE SHE,1,ROBIN SCHULZ - SPEECHLESS,4
CAST,1,JAMIROQUAI - CANNED HEAT,4
P.P. ARNOLD,1,PITBULL - RABIOSA,4
ARTHUR RUSSELL,1,PITBULL - I KNOW YOU WANT ME,4
LIAM GALLAGHER,1,RIHANNA - REHAB,4
ONE NIGHT ONLY,1,RIHANNA - CAN'T REMEMBER TO FORGET YOU,4
DIRTY VEGAS,1,THE FRAY - YOU FOUND ME,4
TAKE ME HOME,1,INXS - BEAUTIFUL GIRL,4
TARIQ AL-SABIR,1,DIE ÄRZTE - ZU SPÄT,4
BASEMENT JAXX,1,LOST FREQUENCIES - SWEET DISPOSITION,4
LIGHTSPEED CHAMPION,1,NAMIKA - JE NE PARLE PAS FRANCAIS,4
NATASCHA POLKE,1,NAMIKA - LIEBLINGSMENSCH,4
ELIAS RØNNENFELT,1,BLACK M - JE NE PARLE PAS FRANCAIS,4
ICEAGE,1,BLACK M - SUR MA ROUTE,4
FIME,1,PEDRO CAPO - CALMA,4
GHOST TRAIN ORCHESTRA,1,"MIKA - RELAX, TAKE IT EASY",4
BELLE AND SEBASTIAN,1,FOO FIGHTERS - TIMES LIKE THESE,4
FANCLUBWALLET,1,FOO FIGHTERS - MY HERO,4
MY BLOODY VALENTINE,1,THE STROKES - ALL THE TIME,4
ESMERALDA GALDA,1,RAY DALTON - GOOD TIMES HARD TIMES,4
ZECK,1,RAY DALTON - ALL WE GOT,4
ALEJANDRO SANZ,1,ALVARO SOLER - EL MISMO SOL,4
MIA AEGERTER,1,BLIGG - RELAXTRA,4
LUUT UND TÜÜTLI,1,GOODBOYS - NUMB,4
FEMI LUNA,1,CUTTING CREW - (I JUST) DIED IN YOUR ARMS,4
TAY OSKEE,1,JAMES ARTHUR - NAKED,4
ODDBOX,1,SEAN PAUL - LAY YOU DOWN EASY,4
SIOUXSIE AND THE BANSHEES,1,BEYONCE - CRAZY IN LOVE,4
NICKY JAM AND ENRIQUE IGLESIAS,1,THE BLACK EYED PEAS - I GOTTA FEELING,4
TAJ MAHAL,1,THE BLACK EYED PEAS - DON'T YOU WORRY,4
WENDY MOTEN,1,SPILLER - GROOVE JET (IF THIS AIN'T LOVE),4
DEE DEE BRIDGEWATER,1,LUKAS GRAHAM - DRUNK IN THE MORNING,4
TAGUA TAGUA,1,PEDESTRIANS - MATERIAL,4
NONONO,1,JAWSH 685 - SAVAGE LOVE (LAXED - SIREN BEAT),4
ADINA HOWARD,1,JASON DERULO - SAVAGE LOVE (LAXED - SIREN BEAT),4
FRANK POWERS,1,JARED LEMBO - COUNTING DAYS,4
SCHWELLHEIM,1,TAYLOR SWIFT - WE ARE NEVER EVER GETTING BACK TOGETHER,4
THE ANTLERS,1,TAYLOR SWIFT - FORTNIGHT,4
THE JESUS AND MARY CHAIN,1,TAYLOR SWIFT - LOOK WHAT YOU MADE ME DO,4
BAXTER DURY,1,WHAM! - THE EDGE OF HEAVEN,4
BLUEBOY,1,WHAM! - LAST CHRISTMAS,4
LIL KIM,1,TROUBAS KATER - BENYO,4
NATION OF LANGUAGE,1,77 BOMBAY STREET - LOW ON AIR,4
POLIÇA,1,77 BOMBAY STREET - ONCE & ONLY,4
FLOORBROTHERS,1,77 BOMBAY STREET - UP IN THE SKY,4
FORMER CHAMP,1,WILL SMITH - GETTIN' JIGGY WITH IT,4
THE VELVET UNDERGROUND,1,THE HOMESTORIES - LOUD & CLEAR,4
ZISKA STAUBLI,1,GIMS - NINAO,4
WIDOWSPEAK,1,NEMO - DU,4
LUCE,1,NEMO - THE CODE,4
ORBITAL,1,NEMO - BLOCKBUSTER,4
SAINT ETIENNE,1,CAROLINE ALVES - STICKS AND STONES,4
EMMA STEINBAKKEN,1,THE BETHS - STRAIGHT LINE WAS A LIE,4
INSPIRAL CARPETS,1,ALICE PHOEBE LOU - PRETENDER,4
JUAN LUIS GUERRA,1,INDIGO DE SOUZA - BE LIKE THE WATER,4
STRAY KIDS,1,MASTER PEACE - THIS TIME,4
THE FEELING,1,MUSE - STARLIGHT,4
BUMBLEBEES,1,BRYAN ADAMS - CLOUD NUMBER 9,4
DANIEL FABREGA,1,BRYAN ADAMS - EVERYTHING I DO,4
TEETHE,1,BRYAN ADAMS - STRAIGHT FROM THE HEART,4
GORDI,1,MISSY ELLIOTT - GET UR FREAK ON,4
ADA LEA,1,KYLIE MINOGUE - SOMEONE FOR ME,4
WESTSIDE COWBOY,1,JOHN MILES - MUSIC,4
MASSIVEDRUM,1,BENJI - DOVE E QUANDO,4
END,1,FEDE - DOVE E QUANDO,4
99 SOULS,1,JAKE BUGG - TWO FINGERS,4
BRANDON FLOWERS,1,KROKUS - BEDSIDE RADIO,4
DEEE-LITE,1,LIAM PAYNE - POLAROID,4
CORAL,1,ADEL TAWIL - TU M'APPELLES,4
RODRIGO AMARANTE,1,ADEL TAWIL - IST DA JEMAND,4
LANDRO,1,JANIECK - NARCOTIC,4
SEKTION KUCHIKÄSCHTLI,1,GJON'S TEARS - TOUT L'UNIVERS,4
WINTER,1,STING - AN ENGLISHMAN IN NEW YORK,4
MASTODON,1,CHRIS WILLIS - WOULD I LIE TO YOU,4
KING HÜSKY,1,DAVID BOWIE - HEROES,4
NOURISHED BY TIME,1,LOCO ESCRITO - MI CULPA,4
TEYANA TAYLOR,1,LOCO ESCRITO - AMAME,4
TOPS,1,ZOE WEES - LONELY,4
JAMES YORKSTON,1,ZOE WEES - DON'T GIVE UP,4
DEAN JOHNSON,1,MAÎTRE GIMS - EST-CE QUE TU M'AIMES ?,4
SPLENDID,1,PAT BURGENER - LIVING FOR THE DAY,4
JIREEN,1,BASCHI - KENNSCH MI NO ODER LIEBSCH MI SCHO..?!,4
LEONARD MAVI,1,BASCHI - GIB MER Ä CHANCE,4
VERSEAU BELLEPIERRE,1,BASCHI - FÜRS VOLK,4
SUPERWEAK,1,ROBBIE WILLIAMS - THE ROAD TO MANDALAY,4
JURASSIC 5,1,ORPHELINE - SHY BOY,4
FLORENCIA YUNIS,1,GUAYNAA - CUMBIA A LA GENTE,4
THE GO-BETWEENS,1,LOS ANGELES AZULES - CUMBIA A LA GENTE,4
METRO STATION,1,DELILAHS - IDEAL,4
PUDDLE OF MUD,1,JUNGLE - KEEP MOVING,4
AFROJACK,1,JUNGLE - BACK ON 74,4
THE NOTORIOUS B.I.G,1,JUNGLE - CANDLE FLAME,4
PHILIPP ALBRECHT,1,JUNGLE - I'VE BEEN IN LOVE,4
BRANDHÄRD,1,DEFTONES - INFINITE SOURCE,4
JAKUB ONDRA,1,NAEEM - BANKROLL PEELERS,4
WESTERMAN,1,SPANK ROCK - BANKROLL PEELERS,4
ALGERNON CADWALLADER,1,BOMBAY BICYCLE CLUB - ALWAYS LIKE THIS,4
JOYCE MANOR,1,THE BLACK KEYS - ALL MY LIFE,4
GANG STARR,1,THE BLACK KEYS - TIGHTEN UP,4
BLACK THOUGHT,1,PHENOM MELODY - BADI BADI,4
SON LITTLE,1,CHER - LOVE AND UNDERSTANDING,4
JID FT. CLIPSE,1,CHER - THE SHOOP SHOOP SONG (IT'S IN HIS KISS),4
JID FT. CIARA,1,GEORGE MICHAEL - DON'T LET THE SUN GO DOWN ON ME,4
CLIPSE FT. JOHN LEGEND,1,AVRIL LAVIGNE - SK8ER BOI,4
VOICES OF FIRE,1,AVRIL LAVIGNE - NOBODY'S HOME,4
CLIPSE FT. KENDRICK LAMAR,1,MARCO MENGONI - STO BENE AL MARE,4
SMINO,1,SAYF - STO BENE AL MARE,4
ENA VERA,1,RKOMI - STO BENE AL MARE,4
YET TO FIND,1,JONAS BLUE - POLAROID,4
BJÖRK,1,JONAS BLUE - PERFECT STRANGERS,4
PALOMA FAITH,1,MORY KANTÉ - YEKE YEKE,4
JACK SAVORETTI,1,JESS GLYNNE - MY LOVE (2024),4
MICHAEL FRANTI AND SPEARHEAD,1,AVA MAX - WHO'S LAUGHING NOW,4
KNÄCK,1,AVA MAX - MY HEAD AND MY HEART,4
SEXION D'ASSAUT,1,PINK - IRRELEVANT,4
SHAKRA,1,PINK - NEVER GONNA NOT DANCE AGAIN,4
CHIEN BLEU,1,PINK - RAISE YOUR GLASS,4
A TOUCH OF CLASS,1,PINK - WHAT ABOUT US,4
DUCKS LTD,1,PINK - BRIDGE OF LIGHT,4
YVES TUMOR,1,SCOUTING FOR GIRLS - SUMMERTIME IN THE CITY,4
LARAAJI,1,POST MALONE - FORTNIGHT,4
CUT COPY,1,GUSTTAVO LIMA - BALADA,4
MATCHBOX TWENTY,1,NICKELBACK - FAR AWAY,4
SKEE-LO,1,ELLIE GOULDING - FREE,4
CHELAN,1,KAOMA - LAMBADA,4
SARA DIAMOND,1,SMASH MOUTH - WALKIN' ON THE SUN,4
FUN LOVIN' CRIMINALS,1,DIE FANTASTISCHEN VIER - ORIGINAL,4
BRYSON TILLER,1,DIE FANTASTISCHEN VIER - DER PICKNICKER,4
SUM 41,1,ALICIA KEYS - EMPIRE STATE OF MIND (PART II) / BROKEN DOWN,4
MELDAY,1,LUCA DIRISIO - CALMA E SANGUE FREDDO,4
MYKEL COSTA,1,MAROON 5 - SHE WILL BE LOVED,4
POIRIER,1,PAUL RUSSELL - LIL BOO THANG,4
RAMON CHICHARRON,1,PABLOPOLAR - A THOUSAND YEARS,4
GLOW,1,BROTHERTUNES - SINCERELY YOURS,4
MOES ANTHILL,1,THE DROPS - TILL I SEE THE SUN AGAIN,4
LE ROI ANGUS,1,ELTON JOHN - I DON'T WANNA GO ON WITH YOU LIKE THAT,4
SINA LARK,1,ELTON JOHN - HEALING HANDS,4
RODRY-GO!,1,ELTON JOHN - DON'T LET THE SUN GO DOWN ON ME,4
TRAUFFER,1,MAKE PLAIN - THE RUN,4
PAULA ENGELS,1,ROOSEVELT - AUTOMATIC,4
LEA KAMPMANN,1,DADA ANTE PORTAS - SHE CRIES FOR SOMEONE ELSE,4
NASAYA,1,JESPER JENSET - NOT LIKE THIS,4
IMPERIEUX,1,TAME IMPALA - LOST IN YESTERDAY,4
DELETEROLF,1,TAME IMPALA - LET IT HAPPEN,4
GIANNI BRINI,1,FETTES BROT - JEIN,4
ANDREAS JOHNSON,1,SNOW - INFORMER,4
KATE PIERSON,1,THE SCRIPT - THE MAN WHO CAN'T BE MOVED,4
LILLY WOOD AND THE PRICK,1,TEXAS - SAY WHAT YOU WANT,4
ELLA ON THE RUN,1,SWEAR I LOVE YOU - UNDER THE PINES,4
RAMZ,1,MARC ALMOND - THE DAYS OF PEARLY SPENCER (5),4
MELTING STEINE,1,MARINA AND THE DIAMONDS - PRIMADONNA,4
RUNO PLUM,1,BRUCE SPRINGSTEEN - HUMAN TOUCH,4
FOUSHEÉ,1,COLLECTIVE SOUL - SHINE,4
JID,1,CALVIN HARRIS - FREE,4
JOEY BADASS,1,CALVIN HARRIS - SWEET NOTHING,4
RAEKWON,1,CHRISTINA AGUILERA - SAY SOMETHING,4
METHOD MAN,1,MARSHMELLO - NUMB,4
GZA,1,FAITHLESS - GOD IS A DJ,4
REEK DA VILLIAN,1,ARIANA GRANDE - GOOD AS HELL,4
PILLS,1,LIZZO - GOOD AS HELL,4
RZA,1,BELINDA CARLISLE - I GET WEAK,4
TEFLON,1,POLICE - MESSAGE IN A BOTTLE,4
REMY MARTIN,1,JP COOPER - PERFECT STRANGERS,4
SAYBIA,1,SPOON - GUESS I'M FALLIN IN LOVE,4
HOUSE OF PAIN,1,SPOON - DO YOU,4
TAWARA,1,ROYAL BLOOD - TROUBLE'S COMING,4
SAVAGES,1,KELLY CLARKSON - STRONGER (WHAT DOESN'T KILL YOU),4
PLAQUEBOYMAX,1,SHANIA TWAIN - MAN I FEEL LIKE A WOMAN,4
GUEDRA GUEDRA,1,OLLY MURS - WRAPPED UP,4
GYAKIE,1,TYLA - PUSH 2 START,4
EVA TOLKIN,1,SUGAR RAY - EVERY MORNING,4
IAN ISIAH,1,ADELE - SKYFALL,4
YO LA TENGO,1,ADELE - SEND MY LOVE (TO YOUR NEW LOVER),4
ANIKK,1,WHITNEY HOUSTON - MY LOVE IS YOUR LOVE,4
SUPERGRASS,1,WHITNEY HOUSTON - DIDN'T WE ALMOST HAVE IT ALL,4
LISA LEFT EYE LOPEZ,1,ZZ TOP - VIVA LAS VEGAS,4
MUGEEZ,1,KELIS - TRICK ME,4
RHODES,1,SIDO - AU REVOIR,4
ALIOCHA SCHNEIDER,1,SIDO - MIT DIR (1LIVE SAN HEJMO 2025),4
ORSONS,1,THE STRANGLERS - GOLDEN BROWN,4
BEARD SCIENCE,1,SHAGGY - OH CAROLINA,4
"10,000 MANIACS",1,SHAGGY - BOOMBASTIC,4
GARY PINE,1,SWAY CLARKE II - LOVE YOU WHEN I'M HIGH,4
HAINAN,1,ACE OF BASE - BEAUTIFUL LIFE,4
SPAGNA,1,THE RAVENERS - BOY YOU WANNA,4
KLAIN KAROO,1,ALEJANDRO REYES - BYE BYE,4
LIVING HOUR,1,TOPIC - ALBI,4
TYGAPAW,1,SOFT LOFT - ROSE COLORED,4
TITANIC,1,ALAS THE SUN - ABSENCE OF TIME,4
MERZBOW,1,PAU MUELLER - TURISTA,4
FORSISSIES,1,RADIOHEAD - CREEP,4
NALA SINEPHRO,1,A-HA - STAY ON THESE ROADS,4
REA,1,A-HA - SUMMER MOVED ON,4
BEAKS,1,HUGEL - STAY HIGH (DIPLO VERSION),4
JIM WHITE,1,ADAM PORT - POSITIONS,4
CHRIS IMLER,1,W SOUND - LA PLENA,4
GRRL,1,BEELE - LA PLENA,4
MADE OF OAK,1,OVY ON THE DRUMS - LA PLENA,4
KASSIE KRUT,1,SOLEIL BLEU - SOLEIL BLEU,4
AMYL AND THE SNIFFERS,1,TEDDY SWIMS - THE DOOR,4
FUGAZI,1,R2 - RUINART,4
COILGUNS,1,TOM ODELL - DON'T LET ME GO,4
KAJ,1,MARIAH CAREY - SUGAR SWEET,4
SAINT MOTEL,1,MARIAH CAREY - HERO,4
NACIM,1,SHENSEEA - SUGAR SWEET,4
JEAN MICHEL JARRE,1,KEHLANI - SUGAR SWEET,4
DAVID GUETTA REMIX,1,APACHE 207 - ROLLER,4
THE CORDS,1,APACHE 207 - JUMPA'S BTN EXTENDED,4
FALLE NIOKE,1,ALLE FARBEN - ONLY THING WE KNOW,4
FOXYGEN,1,ALLE FARBEN - LABYRINTH,4
LEITH ROSS,1,THE BEAUTIFUL SOUTH - PERFECT 10,4
ECHO,1,KAMRAD - FEEL ALIVE,4
THE BUNNYMEN,1,AMANDA MARSHALL - LET IT RAIN,4
ANNIE,1,RICK SPRINGFIELD - CELEBRATE YOUTH,4
CRISTINA HART,1,BIBI VAPLAN - VAPLAN,4
VERNISAGE,1,DYNORO - IN MY MIND,4
Z THE FRESHMAN,1,GIGI D'AGOSTINO - IN MY MIND,4
KOOL SAVAS,1,CARLOS LEAL - VAPLAN,4
DAN TYMINSKI,1,SHAKEDOWN - FUNKY & YOU KNOW IT,4
JEFF,1,ARCTIC MONKEYS - DO I WANNA KNOW,4
PETER DOHERTY,1,VANCE JOY - MISSING PIECE,4
MEN I TRUST,1,VANCE JOY - SATURDAY SUN,4
PJ HARVEY,1,THE KOOKS - NAIVE,4
PREWN,1,NOAH KAHAN - HURT SOMEBODY,4
ELIAS RONNENFELT,1,JULIA MICHAELS - HURT SOMEBODY,4
EZRA KOENIG,1,NO DOUBT - JUST A GIRL,4
RADIOKIJADA,1,REMADY - HOLIDAYS,4
40 THEVZ,1,MANU-L - HOLIDAYS,4
DANNY WILDE,1,JOHN NEWMAN - BLAME,4
SHIFTY,1,THE CARS - YOU MIGHT THINK,4
BROGEAL,1,WIZKID - NO STRESS,4
SCREAMING FEMALES,1,MASSIVE ATTACK - UNFINISHED SYMPATHY,4
THE DISTILLERS,1,MASSIVE ATTACK - TEARDROP,4
TARANJA WU,1,BENEE - SAD BOIII,4
YUSSEF DAYES,1,PEACHY - TU M'APPELLES,4
BADBADNOTGOOD,1,SPORTFREUNDE STILLER - DAS GESCHENK,4
SAMUEL T. HERRING,1,PARAMORE - MISERY BUSINESS,4
DANGER MOUSE,1,DJ TATANA - WORDS,4
MORMOR,1,LEXX - RELAXTRA,4
BIG SPECIAL,1,NNAVY - COME AND GET IT,4
LAS PALABRAS,1,THE REMBRANDTS - JUST THE WAY IT IS BABY,4
REYNA TROPICAL,1,NEW ORDER - TRUE FAITH '94,4
OVERMONO,1,VAN HALEN - WHY CAN'T THIS BE LOVE,4
UV-TV,1,NATASHA BEDINGFIELD - POCKETFUL OF SUNSHINE,4
XTC,1,CYNDI LAUPER - ALL THROUGH THE NIGHT,4
IBIBIO SOUND MACHINE,1,RIGHEIRA - VAMOS A LA PLAYA,4
ISELIN SOLHEIM,1,ALESSIA CARA - STAY,4
LOS DEL RÍO,1,PETER BJORN AND JOHN - YOUNG FOLKS,4
ORISHAS,1,R3HAB - ELECTRICITY,4
LL COOL J,1,DJ ANTOINE - WELCOME TO ST. TROPEZ,4
TROYE SIVAN,1,THE PROCLAIMERS - (I'M GONNA BE) 500 MILES,4
AYU,1,"THE CARDIGANS - I NEED SOME FINE WINE AND YOU, YOU NEED TO BE NICER",4
TOO MAD,1,FRIENDLY FIRES - SILHOUETTES,4
THE SMILE,1,JACK JOHNSON - IF I HAD EYES,4
WATER FROM YOUR EYES,1,GREEN DAY - GOOD RIDDANCE (TIME OF YOUR LIFE),4
BAR ITALIA,1,USHER - U (YOU) REMIND ME,4
SECRET WORLD,1,INCUBUS - LOVE HURTS,4
KATRINA AND THE WAVES,1,MERCEE - A MI MANERA,4
DELINQUENT HABITS,1,SZA - KILL BILL,4
OSCAR FARRELL,1,SZA - SATURN,4
YAYA BEY,1,GLOCKENBACH - DANCING IN THE DIRT,4
AUTOMATIC,1,PEARL JAM - JUST BREATHE,4
LOU BARLOW,1,PEARL JAM - ALIVE,4
ELIO RICCA,1,ZARA LARSSON - AIN'T MY FAULT,4
SAMANTHA J,1,NIGHTCRAWLERS - PUSH THE FEELING ON,4
THE GHOSTS,1,LAURYN HILL - DOO WOP (THAT THING),4
ARMIN VAN BUUREN,1,JAN DELAY - KLAR,4
LEN,1,TRETTMANN - HAUS AUS ZINK,4
HYPHEN HYPHEN,1,BENNY BENASSI - SATISFACTION,4
ZANUSSI DJ,1,SUPERTRAMP - GIVE A LITTLE BIT,4
ONE-T AND COOL-T,1,SUPERTRAMP - THE LOGICAL SONG,4
BELL BOOK AND CANDLE,1,FRENCH MONTANA - UNFORGETTABLE,4
FILTER,1,SWAE LEE - UNFORGETTABLE,4
LADY BLACKBIRD,1,MARTIN SOLVEIG - ALL STARS,4
C AND C MUSIC FACTORY,1,CHARLI XCX - BOOM CLAP,4
NATEL,1,FAST BOY - ELECTRICITY,4
DAMSO,1,CREED - ONE LAST BREATH,4
YLL LIMANI,1,REPUBLICA - READY TO GO,4
EAZ,1,THE FAIM - HUMANS,4
WYATT FLORES,1,TARRUS RILEY - LIV UP,4
BAHAMAS,1,DJ JAZZY JEFF AND THE FRESH PRINCE - SUMMERTIME,4
HERBIE HANCOCK,1,DIJON - THE DRESS,4
MAD HONEY,1,CHILDISH GAMBINO - REDBONE,4
C. TANGANA,1,ROXY MUSIC - MORE THAN THIS,4
MSOKE,1,BAKERMAT - LION,4
SLOW PULP,1,MOSS KENA AND THE KNOCKS - FIREWORKS,4
JOYER,1,EMELI SANDÉ - READ ALL ABOUT IT,4
FROST CHILDREN,1,EMELI SANDÉ - READ ALL ABOUT IT (PT. III),4
CLIPPING,1,MIGHTY OAKS - BROTHER,4
COUNTERFEIT MADISON,1,INNER CIRCLE - BAD BOYS,4
KID KOALA,1,INNER CIRCLE - SWEAT,4
ANNAHSTASIA,1,OFF KEY JUNIOR - TASTE LIKE SUMMERTIME,4
MARUJA,1,LOVESPEAKE - TASTE LIKE SUMMERTIME,4
UZI FREYJA,1,THOMPSON TWINS - HOLD ME NOW,4
STEAM DOWN,1,CHAEL - DANCE TO MY HEARTBEAT,4
MELODIESINFONIE,1,MOUGLETA - DANCE TO MY HEARTBEAT,4
BUDS,1,MOUGLETA - DANCING IN THE DIRT,4
ANTONY SZMIEREK,1,MOUGLETA - ALBI,4
STILLER HAS,1,BREITBILD - GIMMER AS MIC,4
ARTFUL DODGER,1,GENTLEMAN - ID,4
FUNKY GREEN DOGS,1,BOOTSY COLLINS - FUNKY & YOU KNOW IT,4
MARIE DAVIDSON,1,TWO AND YUNA - NEWLAND,4
FREDDIE GIBBS,1,SKOR - DE SUMMER ISCH EUS,4
THE ALCHEMIST,1,THE KING'S SON - I'M NOT RICH,4
ANDERSON.PAAK,1,ONE DIRECTION - NIGHT CHANGES,4
CATE LE BON,1,SPICE GIRLS - SAY YOU'LL BE THERE,4
CLEO REED,1,BADCHIEFF - KIND,4
ELIE ZOÉ,1,ABBA - THE WINNER TAKES IT ALL,4
GOLOMB,1,ABBA - S.O.S.,4
DIRTY SOUND MAGNET,1,SHERYL CROW - SOAK UP THE SUN,4
RYAN DAVIS AND THE ROADHOUSE BAND,1,FOALS - MOUNTAIN AT MY GATES,4
SILVER JEWS,1,WIR SIND HELDEN - AURÉLIE,4
JAN DELAY A. K. A. EISSFELDT,1,PINK FLOYD - ANOTHER BRICK IN THE WALL (PART 2),4
ADAM CLAYTON,1,PINK FLOYD - HIGH HOPES (2011 - REMASTER),4
LARRY MULLEN,1,PINK FLOYD - ANOTHER BRICK IN THE WALL (PART 1),4
CALANDABOI,1,FUGEES - READY OR NOT,4
BIBA,1,MAGIC! - LAY YOU DOWN EASY,4
JULIAN PFÖRTNER,1,GWEN STEFANI - LET ME BLOW YA MIND,4
LYAM,1,DIE TOTEN HOSEN - HIER KOMMT ALEX,4
KERI HILSON AND D.O.E,1,PANIC SHACK - GIRL BAND STARTER PACK,4
LLOYD COLE,1,ULTRA NATÉ - FREE,4
COOLIO AND L.V,1,MUSTAFA - OLD LIFE,4
OLYMPIC ANTIGUA,1,THE BEACHES - LAST GIRLS AT THE PARTY,4
TRAKTORKESTAR,1,THE BEACHES - TAKES ONE TO KNOW ONE,4
SIMON JAEGGI,1,THE BEACHES - JOCELYN,4
OTIS JUNIOR,1,TAKE THAT - HOW DEEP IS YOUR LOVE,4
DJANE NORDLICHT,1,MOLOKO - SING IT BACK,4
SOLARDO,1,MOBY - PORCELAIN,4
CHRIS MALINCHAK,1,PHOEBE BRIDGERS - THE NIGHT WE MET,4
WAS (NOT WAS),1,GENESIS - NO SON OF MINE,4
WANZ,1,BLACK SEA DAHU - IN CASE I FALL FOR YOU,4
IRINA MOSSI,1,EROS RAMAZZOTTI - PIU BELLA COSA,4
THIRTY-THR33,1,UDO LINDENBERG - EIN HERZ KANN MAN NICHT REPARIEREN,4
DJ JAZZY JEFF AND THE FRESH PR,1,UDO LINDENBERG - MITTENDRIN,4
J,1,VAMPIRE WEEKEND - THIS LIFE,4
RAMMSTEIN,1,ALMA - ALL STARS,4
THE WEEK,1,DENNIS LLOYD - NEVER GO BACK,4
MR OIZO,1,DIPLO - STAY HIGH (DIPLO VERSION),4
L,1,GIANNA NANNINI - UN' ESTATE ITALIANA,4
DR ALBAN,1,JAMIE XX - BADDY ON THE FLOOR,4
THE MAG,1,HONEY DIJON - BADDY ON THE FLOOR,4
LMC VS U2,1,CARIBOU - SUN,4
WU TANG CLAN,1,T.I - BLURRED LINES,4
ROZALLA,1,DIRE STRAITS - WALK OF LIFE,4
ROBERTO BATES,1,FIL BO RIVA - I'M FINE,4
VIOLA,1,MARTERIA - ENDBOSS,4
TEN CC,1,DES'REE - YOU GOTTA BE,4
CHLOE A,1,WANG CHUNG - DANCE HALL DAYS,4
DJ SNAK,1,4 NON BLONDES - WHAT'S UP?,4
CIARA,1,BEATSTEAKS - GENTLEMAN OF THE YEAR,4
DRENCHILL,1,FREDDIE MERCURY - I WAS BORN TO LOVE YOU,4
INDIIANA,1,PAOLO NUTINI - NEW SHOES,4
NATALIA KILLS,1,WANDA - COLUMBO,4
FA,1,DIDO - THANK YOU (NOT SO BAD),4
CHRISTINA AGUIL,1,ATC - AROUND THE WORLD (LA LA LA LA),4
KELLY ROWLA,1,REO SPEEDWAGON - IN YOUR LETTER,4
BEAT SYSTEM,1,REO SPEEDWAGON - KEEP ON LOVING YOU,4
REAL MCCOY,1,DIANA ROSS - CHAIN REACTION,4
LUNIZ',1,SAFRI DUO - PLAYED-A-LIVE (PLAYED ALIVE),4
CEASARS,1,THE PRETENDERS - BACK ON THE CHAIN GANG,4
TOM JONES AND MOUSSE T,1,BEBE WINANS - I WANNA BE THE ONLY ONE,4
KOBY F,1,LUNIZ - I GOT 5 ON IT,4
FRENCH MONT,1,ALL SAINTS - BLACK COFFEE,4
LUXUSLÄRM,1,CRYSTAL WATERS - GYPSY WOMAN (SHE'S HOMELESS),4
JESS GLYNN,1,JET - ARE YOU GONNA BE MY GIRL,4
DAT NIGGA DAZ,1,HERBERT GRÖNEMEYER - WAS SOLL DAS?,4
GEIER STURZFLUG,1,HERBERT GRÖNEMEYER - DER WEG,4
JEREMY DAYS,1,HERBERT GRÖNEMEYER - ALKOHOL,4
B DEVOTION,1,JOHN - YOUNG FOLKS,4
DÖF,1,KELVIN JONES - ONLY THING WE KNOW,4
TRANS X,1,CHRIS DE - HEAD ABOVE WATER,4
COLDCUT,1,RONAN KEATING - FATHER AND SON,4
FAT BOYS,1,LENA - SATELLITE,4
CHUBBY CHECKER,1,LENA - WILD AND FREE,4
INNER CITY,1,ÄRZTE - JUNGE,4
SISTERS OF MERCY,1,AURA DIONE - I WILL LOVE YOU MONDAY (365),4
ERSTE ALLGEMEINE VERUNSICHERUN,1,P!NK - RAISE YOUR GLASS,4
MARKUS,1,P!NK - WHO KNEW,4
CLASH,1,YOUNOTUS - NARCOTIC,4
MEL,1,LAVINIA - BORDERLINE,4
BROS,1,BEACH BOYS - KOKOMO,4
MR PRESIDENT,1,HOOTERS - ALL YOU ZOMBIES,4
EMILY RO,1,HOOTERS - 500 MILES (AWAY FROM HOME),4
F,1,MIKE OLDFIELD - ARRIVAL,4
DIE ATZEN,1,DONNA SUMMER - ON THE RADIO,4
HYPNOSIS,1,REAMONN - THROUGH THE EYES OF A CHILD,4
HAROLD FALTERMEYER,1, - SAMPLE SERVICE / FLO RIDA / SCHUHE QUIETSCHEN 01,4
KLF,1, - EG25  SFX  ANTWORT FALSCH MÖP!,4
TONE-LOC,1,FALCO - VIENNA CALLING,4
DR,1,TIËSTO - THANK YOU (NOT SO BAD),4
RUN D.M.C. VS. JASON NEVINS,1,U 2 - WITH OR WITHOUT YOU,4
"ROBIN THICKE,",1,UB 40 - (I CAN'T HELP) FALLING IN LOVE,4
KIESZA,1,KENYA GRACE - IT'S NOT FAIR,4
BLACK BOX,1,COLDPLA - SOMETHING JUST LIKE THIS,4
R.I.O,1,MILLI VANILLI - GIRL I'M GONNA MISS YOU,4
PHAR,1,BOB MARLEY VS FUNKSTAR DELUXE - SUN IS SHINING,4
THE CATARACS,1,THE GOO GOO DOLLS - HERE IS GONE,4
KRIS,1,MARQUESS - EL TEMPERAMENTO,4
2245 UHR,1,TAIO CRUZ - THERE SHE GOES,4
05.08.2025,1,SCORPIONS - STILL LOVING YOU,4
ROE BYRNE,1,BLACK EYED - MAS QUE NADA,4
NENÉ VASQUEZ,1,BONEY M - DADDY COOL,4
BRYN C,1,ICH - STARK,4
SCRIPT,1,ICH - PFLASTER,4
JONAS; JACK,1,MAGIC - RUDE,4
LA VISION; AGOSTINO,1,LIONEL RICHIE - BALLERINA GIRL,4
GIGI D',1,NENA - 99 LUFTBALLONS,4
'N SYNC,1,TASMIN ARCHER - SOMEBODY'S DAUGHTER,4
M.A. (MAGIC AFFAIR),1,MALIK HARRIS - LAWIYA,4
THE BEAT SHAKERS,1,STATUS QUO - ROCKIN' ALL OVER THE WORLD,4
LOV1,1,SEAL - LOVE'S DIVINE,4
ADDYS D'MERCEDES,1,REA GA - BEST BAD FRIEND,4
BABYLON ZOO,1,AVA - FOREVER YOUNG,4
BABY K,1,MC MIKER G - HOLIDAY RAP,4
THE PRICK; SCHULZ,1,DJ - HOLIDAY RAP,4
ROBIN,1,KATE BUSH - WUTHERING HEIGHTS (NEW VOCAL),4
SONAM WANGCHEN,1,FRANCE GALL - ELLA ELLE L'A,4
CHOGO,1,SKAAR - FOLLOW YOUR HEART,4
GIBONNI,1,BEE GEES - YOU WIN AGAIN,4
OLIVER DRAGOJEVIC,1,ELLEY DUHÉ - LOST MY MIND (WAKE UP),4
COLOR ME BADD,1,YEARS - AMERICAN BOY,4
CHARMING HORSES,1,BAKAR - HELL N BACK,4
LUVRE,1,BAKAR - I'M DONE,4
BOOMDABASH,1,SUMMER WALKER - HELL N BACK,4
ALESSANDRA AMOROSO,1,DAVE STEWART - LILY WAS HERE,4
ZION Y  LENNOX,1,SNAP! - RHYTHM IS A DANCER,4
FARIN URLAUB RACING TEAM,1,MGK - CLICHÉ,4
GRETA,1,J BALVIN - AZUL,4
STRVY,1,DUKE DUMONT - I GOT U,4
CARMEN CONSOLI,1,KONTRA K - BACCARAT,4
SHIVAREE,1,T.A.T.U - ALL THE THINGS SHE SAID,4
DIODATO,1,ISRAEL KAMAKAWIWO'OLE - OVER THE RAINBOW,4
BRYAN ADAMS AND TINA TURNER,1,OTHER ONES - ANOTHER HOLIDAY,4
SPEARHEAD,1,FRANCESCO Y - SUGAR,4
ICH UND ICH,1,LAS KETCHUP - ASEREJÉ,4
"JOEL ""JOJO"" HAILEY",1,EAST 17 - IT'S ALRIGHT,4
SOURCE,1,THE POLICE - EVERY LITTLE THING SHE DOES IS MAGIC,4
JIMMY MARTIN,1,TIFFANY ARIS - BREATHE,4
SLIPKNOT,1,LEANN RIMES - HOW DO I LIVE,4
BEN,1,SCATMAN JOHN - SCATMAN (SKI-BA-BOP-BA-DOP-BOP),4
GIM,1,LA ROUX - QUICKSAND,4
EAMON,1,ROUTE 94 - MY LOVE (2024),4
ROSE VILLAIN,1,PRINCESS - SAY I'M YOUR NUMBER ONE,4
GUÈ,1,BILLY OCEAN - LOVERBOY,4
CREME 21,1,LEA - LEISER,4
THE BLUE BOY,1,AL CORLEY - SQUARE ROOMS,4
CHERYL COLE,1,ROBIN THICKE - BLURRED LINES,4
URING MANÁ,1,GLORIA ESTEFAN - TURN THE BEAT AROUND,4
PAULA COLE,1,GLORIA ESTEFAN - HERE WE ARE,4
JAY WHEELER,1,MICHAEL BUBLÉ - I BELIEVE IN YOU,4
FIVE FOR FIGHTING,1,GURU JOSH - INFINITY,4
SEMISONIC,1,DAVINA MICHELLE - NO ONE SAID IT WAS EASY (LYRIX-VERSION),4
PM DAWN,1,STACIE ORRICO - STUCK,4
PERRIE,1,ZEDD - STAY,4
DAVID GUETTA UND HYPATON UND BONNIE TYLER,1,DIANA KING - SHY GUY,4
ALL TIME LOW,1,SILBERMOND - IRGENDWAS BLEIBT,4
REI AM,1,SILBERMOND - DURCH DIE NACHT,4
URING THE CHILDREN OF THE REVOLUTION,1,PETER - YOUNG FOLKS,4
ORIETTA BERTI,1,BJÖRN - YOUNG FOLKS,4
RIAN,1,SALT 'N' PEPA - LET'S TALK ABOUT SEX,4
CRANBERRIES,1,CRIS CAB - LIAR LIAR,4
ARIJIT SINGH,1,ROX - I DON'T BELIEVE,4
TURNTABLEROCKER,1,TOM COCHRANE - LIFE IS A HIGHWAY,4
AITANA,1,THE KLF - LAST TRAIN TO TRANCENTRAL,4
STU LARSEN,1,CHRIS ISAAK - BLUE HOTEL,4
ELETTRA LAMBORGHINI,1,MARKY MARK - HAPPY PEOPLE,4
BEATS INTERNATIONAL,1,ÁLVARO SOLER - SOFIA,4
JAMIE SCOTT,1,COKO - MEN IN BLACK,4
ROMY DYA,1,LESLIE CLIO - I COULDN'T CARE LESS,4
ESTHER GRAF,1,"DONAVON FRANKENREITER - LIFE, LOVE AND LAUGHTER",4
QUERBEAT,1,ALIDA - OUT OF THIS TOWN,4
PATRICK NUO,1,NEWTON FAULKNER - DREAM CATCH ME,4
STÜRMER,1,JON BON JOVI - RUNAWAY,4
CHRISTINA,1,PROVINZ - DRAUSSEN IST KRIEG,4
MELANIE B,1,PROVINZ - LIEBE ZU DRITT,4
ALEXANDER,1,PROVINZ - WALZER,4
GREGORY FISHER,1,PAUL YOUNG - WHEREVER I LAY MY HAT (THAT'S MY HOME),4
ABSOLUTELY,1,A GREAT BIG WORLD - SAY SOMETHING,4
DREAM ACADEMY,1,VANILLA ICE - ICE ICE BABY,4
MATTHEW JOHNSON,1,SÉRGIO MENDES - MAS QUE NADA,4
SNOH AALEGRA,1,BLUE OCTOBER - JUMP ROPE,4
URING VINCE STAPLES,1,ABC - THE LOOK OF LOVE,4
SUGAR VS. VAYA CON DIOS,1,DEF LEPPARD - LET'S GET ROCKED,4
BLANCO,1,THE PRICK AND ROBIN SCHULZ - PRAYER IN C,4
SFERA EBBASTA,1,AIR - ALL I NEED,4
ERMAL META,1,GABRIELLE - DREAMS,4
FABRIZIO MORO,1,GABRIELLE - RISE,4
DIE GRÖSSTEN HITS,1,CULTURED PEARLS - SUGAR SUGAR HONEY,4
IHRE GESCHICHTE,1,DAVID BISBAL - SILENCIO,4
FRANCESCO GABBANI,1,SALT 'N' PEPA WITH EN VOGUE - WHATTA MAN,4
GRUP TEKKAN,1,ICH + ICH - PFLASTER,4
YANNICK NOAH,1,DAUGHTRY - FEELS LIKE TONIGHT,4
ANGÉLIQUE KIDJO,1,IZZY BIZU - FLOWER POWER,4
ESPEN LIND,1,IZZY BIZU - ALL NIGHT LONG,4
MONTELL JORDAN,1,BLINK 182 - I MISS YOU,4
HELENE FISCHER,1,PAPA ROACH - LAST RESORT,4
OTTO WAALKES,1,STEVIE NICKS - EDGE OF SEVENTEEN,4
KEIMZEIT,1,SOUL II SOUL - BACK TO LIFE (HOWEVER DO YOU WANT ME),4
VITAA,1,AQUA - BARBIE GIRL,4
SLIMANE,1,ROCK MAFIA - FRIENDS,4
NEGRITA,1,BOB SEGER - STILL THE SAME,4
THIRD EYE BLIND,1,PAUL SIMON - GRACELAND,4
SHABBA RANKS,1,STEVE WINWOOD - BACK IN THE HIGH LIFE AGAIN,4
PETER BJÖRN AND JOHN,1,CHARLIE WINSTON - LIKE A HOBO,4
THE REVOLUTION,1,ORCHESTRAL MANOEUVRES IN THE DARK - PANDORA'S BOX,4
TEMPLE OF THE DOG,1,M PEOPLE - DON'T LOOK ANY FURTHER,4
RAFFAELLA CARRÁ,1,MARTA JANDOVÁ - HALT DICH AN MIR FEST,4
OLLY,1,JIMMY SOMERVILLE - YOU MAKE ME FEEL (MIGHTY REAL),4
LAZZA,1,JIMMY SOMERVILLE - TO LOVE SOMEBODY,4
KATSEYE,1,JESSICA - HOW WILL I KNOW (WHO YOU ARE),4
BLESSID UNION OF SOULS,1,ELI - CHANGE YOUR MIND,4
CARDIGANS,1,THE WATERBOYS - GLASTONBURY SONG,4
PAT METHENY GROUP,1,ENYA - ANYWHERE IS,4
SEBASTIAN HÄMER,1,GRACE JONES - SLAVE TO THE RHYTHM,4
ILAN KIDRON,1,JAMES BROWN - LIVING IN AMERICA,4
HITIMPULSE,1,MONCRIEFF - WARM,4
URING RAYVON,1,ENNIO - UNIVERSUMSGEDANKEN,4
DÉBUT DE SOIRÉE,1,JESSE MCCARTNEY - BEAUTIFUL SOUL,4
GAVIN DEGRAW,1,THE BEE GEES - STAYIN' ALIVE,4
YVONNE CATTERFELD,1,THE BEE GEES - HOW DEEP IS YOUR LOVE,4
ANNETT LOUISAN,1,ELLA BOH - UR GF,4
LEILA K,1,POWFU - COFFEE FOR YOUR HEAD,4
LIL' JON AND LUDACRIS,1,BEABADOOBEE - CALIFORNIA,4
SUBLIME,1,BEABADOOBEE - COFFEE FOR YOUR HEAD,4
BILLY CURRINGTON,1,LENA MEYER-LANDRUT - SATELLITE,4
LAUREN ALAINA,1,MAJAN - LIEBE ZU DRITT,4
LAURIE LEBLANC,1,ANAÏS - STEPHEN KING,4
MAVERICKS,1,GLORIA ESTEFAN AND MIAMI SOUND MACHINE - 1-2-3,4
BUFFETT,1,CHICAGO - IF YOU LEAVE ME NOW,4
JIMMY,1,DON MCLEAN - VINCENT,4
REBA MCENTIRE,1,STEVE MILLER BAND - THE JOKER,4
DWIGHT DAVID YOAKAM,1,BARCLAY JAMES HARVEST - HYMN,4
CROW,1,ALAN PARSONS PROJECT - EYE IN THE SKY,4
SHERYL,1,ALAN PARSONS PROJECT - DON'T ANSWER ME,4
ISBELL,1,CLIFF RICHARD - THE ONLY WAY OUT,4
JASON,1,ALISON MOYET - ALL CRIED OUT,4
HAYSEED DIXIE,1,CHRIS DEBURGH - SHIP TO SHORE,4
JOSIAH SISKA,1,EAGLES - TAKE IT EASY,4
SAM WILLIAMS,1,RICHARD SANDERSON - REALITY,4
LONESTAR,1,HOT CHOCOLATE - YOU SEXY THING,4
CADILLAC THREE,1,THE SUPREMES - YOU CAN'T HURRY LOVE,4
BACHMAN TURNER OVERDRIVE,1,JOE COCKER - THE SIMPLE THINGS,4
CHARLES BRADLEY,1,NATALIE COLE - MISS YOU LIKE CRAZY,4
THE CHIMES,1,CÉLINE DION - THINK TWICE,4
MADELEINE PEYROUX,1,MARIANNE FAITHFULL - THE BALLAD OF LUCY JORDAN,4
FOUR TOPS,1,GORDON LIGHTFOOT - IF YOU COULD READ MY MIND,4
ADAX DÖRSAM,1,GLASS TIGER - DON'T FORGET ME (WHEN I'M GONE),4
DAMN YANKEES,1,ELECTRIC LIGHT ORCHESTRA - SO SERIOUS,4
THE PRODIGY,1,VILLE VALO; NATALIA AVELON - SUMMER WINE,4
PENNY MCLEAN,1,CHRIS DE BURGH - THE LADY IN RED,4
KAYROB.COM,1,CHRIS DE BURGH - SAILING AWAY,4
PETER SCHILLLING,1,THE SILVER BULLET BAND - STILL THE SAME,4
DIE DOOFEN,1,EDOARDO BENNATO - UN' ESTATE ITALIANA,4
ANGIE STONE,1,PAUL MCCARTNEY - HOPE OF DELIVERANCE,4
BRING ME THE HORIZON,1,THE KINKS - SUNNY AFTERNOON,4
DORO,1,THE HOLLIES - THE AIR THAT I BREATHE,4
TYPE O NEGATIVE,1,AMY GRANT - BABY BABY,4
APHRODITE'S CHILD,1,KLAUS WEILAND - DAS LOCH IN DER BANANE,4
STONE SOUR,1,MINE - DANKE GUT,4
GOLDFINGER,1,ALVIN STARDUST - I FEEL LIKE BUDDY HOLLY,4
SILVERCHAIR,1,GILBERT O'SULLIVAN - GET DOWN,4
FRANK STALLONE,1,JOHNNY HATES JAZZ - I DON'T WANT TO BE A HERO,4
MARTHA,1,ROD STEWART - LOVE TOUCH,4
GROVER JR WASHINGTON,1,ROD STEWART - BABY JANE,4
HERBIE MANN,1,ROD STEWART - YOUNG TURKS,4
SLY,1,HEINZ RUDOLF KUNZE - DEIN IST MEIN GANZES HERZ,4
THE FAMILY STONE,1,HOLLY JOHNSON - AMERICANOS,4
ELLA FITZGERALD,1,J. J. CALE - COCAINE,4
RUBY AMANFU,1,CREEDENCE CLEARWATER REVIVAL - WHO'LL STOP THE RAIN?,4
INVINCIBLE,1,HUBERT KAH - STERNENHIMMEL,4
MATIA BAZAR,1,THE BOX TOPS - THE LETTER,4
BARTEK,1,PASO DOBLE - COMPUTERLIEBE,4
ECKE PRENZ,1,GAZEBO - LUNATIC,4
"EDGAR WASSER,",1,"MAMAS - MONDAY, MONDAY",4
LIEDFETT,1,DAVE EDMUNDS - I HEAR YOU KNOCKING,4
ANDREAS VOLLENWEIDER,1,THE ANIMALS - THE HOUSE OF THE RISING SUN,4
FRIENDS,1,EIGHTH WONDER - I'M NOT SCARED,4
ROGER CHAPMAN,1,URIAH HEEP - LADY IN BLACK,4
LEROY VANDYKE,1,PETTY - LEARNING TO FLY,4
JASON BENOIT,1,TOM AND THE HEARTBREAKERS - LEARNING TO FLY,4
MARK CHESNUTT,1,BERTIE HIGGINS - KEY LARGO,4
CHAYCE BECKHAM,1,GLORIA GAYNOR - I WILL SURVIVE,4
THE BOXMASTERS,1,STEAM - NA NA HEY HEY KISS HIM GOODBYE,4
BILLY BOB THORNTON,1,GARETH GATES - ANYONE OF US (STUPID MISTAKE),4
DAN + SHAY,1,THE DOOBIE BROTHERS - LISTEN TO THE MUSIC,4
KELLIE PICKLER,1,SAM COOKE - WONDERFUL WORLD,4
SHELBY LYNNE,1,OTIS REDDING - (SITTIN' ON) THE DOCK OF THE BAY,4
UMBERTO TOZZI,1,CAKE - I WILL SURVIVE,4
BAD COMPANY,1,BILDERBUCH - WILLKOMMEN IM DSCHUNGEL,4
SMASHING PUMPKINS,1,10CC - I'M NOT IN LOVE,4
QUIVER,1,"WILL TO POWER - BABY, I LOVE YOUR WAY/FREEBIRD MEDLEY",4
"ORAN ""JUICE"" JONES",1,BEN E. KING - STAND BY ME,4
REBECCA FERGUSON,1,LEO SAYER - MORE THAN I CAN SAY,4
B. B. KING,1,PHIL CARMEN - ON MY WAY IN L.A.,4
ARLO GUTHRIE,1,CHINA CRISIS - WISHFUL THINKING,4
MOTHER'S FINEST,1,TEXAS LIGHTNING - NO NO NEVER,4
EROS RAMAZZOTTI; TINA TURNER,1,SCOTT MCKENZIE - SAN FRANCISCO (BE SURE TO WEAR SOME FLOWERS IN YOUR HAIR),4
LOST FREQUENCIES; JANIECK DEVY,1,TRAVELING WILBURYS - HANDLE WITH CARE,4
WHAM!; GEORGE MICHAEL,1,THE MOODY BLUES - I KNOW YOU'RE OUT THERE SOMEWHERE,4
AUTOGRAPH,1,THE LOVIN' SPOONFUL - DAYDREAM,4
PAPAS,1,JOHNNY WAKELIN - IN ZAIRE,4
THE CHRISTIANS,1,DENDEMANN - ENDLICH NICHTSCHWIMMER,4
JACOB COLLIER,1,EVELYN THOMAS - HIGH ENERGY,4
EDISON LIGHTHOUSE,1,SNIFF'N' THE TEARS - DRIVER'S SEAT,4
STRANGLERS,1,TONY CAREY - ROOM WITH A VIEW,4
CITY BOY,1,MAX WERNER - RAIN IN MAY,4
SWEET,1,4 THE CAUSE - STAND BY ME,4
JERMAINE JACKSON; PIA ZADORA,1,BLUES BROTHERS BAND - EVERYBODY NEEDS SOMEBODY TO LOVE,4
ANA MOURA,1,THE ALL STAR BLUES BAND - EVERYBODY NEEDS SOMEBODY TO LOVE,4
OIMARA,1,QUINCY JONES - AI NO CORRIDA,4
VAN MCCOY,1,DAVE - SPRINTER,4
THE SOUL CITY SYMPHONY,1,TOM MISCH - RED MOON,4
GOLDEN EARRING,1,MCGUINNESS FLINT - WHEN I'M DEAD AND GONE,4
DARYLE SINGLETARY,1,CASPER - VERLIEBT IN DER STADT DIE ES NICHT GIBT,4
KIEFER SUTHERLAND,1,RUFUS - AIN'T NOBODY,4
NATHAN CARTER,1,49TH - SELF SABOTAGE,4
TANYA TUCKER,1,MAIN - SELF SABOTAGE,4
HENLEY,1,TOTAL TOMMY - PLUS ONE,4
DON,1,SHARKTANK - H-A-P-P-Y,4
GILL,1,C'EST KARMA - STREET SIGNS,4
HOLE,1,DIE HÖCHSTE EISENBAHN - DIESES LEBEN,4
RIGHT SAID FRED (R.S.F.),1,SOHN - OBLIVION,4
FLORIAN-SAMUEL SPÄTH,1,ALLI NEUMANN - NAVIGATOR,4
THE POWER OF SEVEN,1,"ALUNAGEORGE - YOUR DRUMS, YOUR LOVE",4
THE MIRACLES,1,DOLORES FOREVER - WHY ARE YOU NOT SCARED YET?,4
MON ROVÎA,1,SLØTFACE - FIGHT BACK TIME,4
DE'WAYNE,1,THE BUOYS - FIGHT BACK TIME,4
"""WEIRD AL"" YANKOVIC",1,DAYGLOW - MINDLESS CREATURES,4
LOOKING GLASS,1,ALFIE TEMPLEMAN - BECKHAM,4
THE SWAYS,1,JEREMIAS - SAG MIR WAS ICH NICHT WEISS,4
BUDDY GUY,1,JEREMIAS - LIEBE ZU DRITT,4
THE BLIND BOYS OF ALABAMA,1,CHANNEL TRES - I'VE BEEN IN LOVE,4
MOLA UND RESI REINER,1,LP GIOBBI - IF LOVE IS A SKILL,4
FEINE SAHNE FISCHFILET,1,LP GIOBBI - ALL IN A DREAM,4
DRAFI DEUTSCHER,1,KITSCHKRIEG - REALLY RICH,4
CASSANDRA STEEN; ADEL TAWIL,1,ANTI DA MENACE - REALLY RICH,4
NITS,1,SFR - REALLY RICH,4
STEPHANIE MILLS,1,J. BERNARDT - TAXI,4
BOURGEOIS TAGG,1,DJANGO DJANGO - COMPLETE ME,4
FARM,1,SILLY BOY BLUE - NOT A FRIEND,4
THE CRUSADERS WITH RANDY CRAWFORD,1,MAC MILLER - GOOD NEWS,4
MINOGUE,1,STILL WOOZY - SHOTPUT,4
KYLIE,1,STILL WOOZY - RUN IT BACK,4
BELLAMY BROTHERS,1,CHET FAKER - NO DIGGITY,4
JOHNNY CLEGG,1,D4VD - WORTHLESS,4
SAVUKA,1,JOLLE - PARISIENNE,4
"LEE ""DJ CHECCO"" MARROW",1,JOLLE - 50 STUFEN GRAU,4
BLÄCK FÖÖSS,1,BBY - HOTLINE,4
THE HILLBILLY MOON EXPLOSION,1,BBY - BREATHE,4
JOSHUA HEDLEY,1,WE ARE SCIENTISTS - SETTLED ACCOUNTS,4
THE WAR AND TREATY,1,SPORTS - THE LOOK,4
LOUIS THOMASS,1,JASCHA - HIER,4
PRISCILLA BLOCK,1,SURFACES - LIVE IT UP,4
SIIRI,1,PIXEY - OXYGEN,4
ANITA HEGERLAND,1,COURTNEY BARNETT - NOBODY REALLY CARES IF YOU DON'T GO TO THE PARTY,4
FLYNNVILLE TRAIN,1,COURTNEY BARNETT - DEAD FOX,4
CHASE RICE,1,PAULA HARTMANN - SCHWARZE SUVS,4
RICKY SKAGGS,1,RÜFÜS DU SOL - MUSIC IS BETTER,4
CHRIS JANSON,1,PIP BLOM - TIGER,4
SLASH,1,BLUMENGARTEN - TRÄUM VON DIR,4
JAMEY JOHNSON,1,ROSALÍA - LLYLM,4
RONNIE DUNN,1,JAWNY - RUNNING,4
SARAH JAROSZ,1,WALLOWS - WISH ME LUCK,4
TONY ESPOSITO,1,BLOC PARTY - HELICOPTER,4
ANNETTE HUMPE; INGA HUMPE,1,DOPE LEMON - ELECTRIC GREEN LAMBO,4
SOPHIE ELLIS BEXTOR,1,TEMPLES - GAMMA RAYS,4
GOLDIE HAWN,1,FRAEN - EVERYTHING BUT,4
SARAH BRIGHTMAN,1,SG LEWIS - INFATUATION,4
JIMMIE ALLEN,1,"CASSIA - EVERYONE, OUTSIDE",4
PATTY LOVELESS,1,ANT ANTIC - TIDES,4
ERIC CHURCH,1,FKA TWIGS - PERFECT STRANGER,4
MARTY STUART AND HIS FABULOUS SUPERLATIVES,1,TRÄNEN - ICH BIN NICHT BERÜHMT,4
RILEY GREEN,1,LADYHAWKE - MY DELIRIUM,4
ELLA LANGLEY,1,WILL JOSEPH COOK - FEARLESS IS THE FLAME,4
HAYES CARLL,1,CSS - HITS ME LIKE A ROCK,4
SWAMP DOGG,1,BOBBY GILLESPIE - HITS ME LIKE A ROCK,4
COELY,1,DELPHIC - DOUBT,4
STEVE FORBERT,1,MURA MASA - DRUGS,4
HARPO,1,HAZLETT - THE FIRST TRAIN HOME,4
THE CARTERS,1,JOSEPH - NERVOUS SYSTEM,4
MARLENA SHAW,1,AVAION - NUMB,4
MARIO BIONDI AND THE HIGH FIVE QUINTET,1,KAVINSKY - NIGHTCALL,4
CHI-LITES,1,MAULI - DANKE GUT,4
BEVERLEY CRAVEN,1,YUNGBLUD - LOWLIFE,4
LITTLE NELL,1,LIANNE LA HAVAS - IS YOUR LOVE BIG ENOUGH?,4
CHRISTIAN BRUHN,1,THE KILLS - FUTURE STARTS SLOW,4
DRITTE WAHL,1,PIPPA - VERSTAND,4
VICKY LEANDROS,1,ERICK THE ARCHITECT - CANDLE FLAME,4
GARCIA,1,LUNA - HAUS AUS ZINK,4
RACHEL O'DONNELL,1,$OHO BANI - DRAUSSEN IST KRIEG,4
O'BRYANT,1,FUFFIFUFZICH - NAVIGATOR,4
DEAN BRODY,1,FLORRIE - SWIMMING POOL,4
ALAN DOYLE,1,SELF ESTEEM - COMPLETE ME,4
ARTHUR BAKER,1,SUMMERS SONS - WHAT IT IS,4
CULK,1,BOYGENIUS - NOT STRONG ENOUGH,4
GIGI MOTO,1,BICEP - GLUE,4
SACHA OBERNHOLZER,1,KING PARI - BETTER THE DEVIL,4
CAPITAL BRA,1,RIN - MONICA BELLUCCI,4
CINDY,1,LEVEN KALI - HOW YOU FEEL,4
BERT,1,MAU P - GIMME THAT BOUNCE,4
SEÑOR COCONUT Y SU CONJUNTO,1,BUNT - LOST MY MIND (WAKE UP),4
CRUCCHI GANG MIT FRANCESCO WILKING,1,CHRIS LAKE - TURN OFF THE LIGHTS,4
MR. ED JUMPS THE GUN,1,T-PAIN - LOW,4
REBA,1,ELY OAKS - BORDERLINE,4
DAVID KNOPFLER,1,JULIA CHURCH - STAY HIGH (DIPLO VERSION),4
LUKE BRYAN,1,NIKLAS DEE - AROUND THE WORLD,4
KRIS KRISTOFFERSON,1,CENTRAL CEE - SPRINTER,4
DARYL HALL; JOHN OATES,1,ANOTR - HOW YOU FEEL,4
KAREL GOTT,1,ERIK BANDT - HOW YOU FEEL,4
GARISH,1,ALEX WANN - MY LOVE (2024),4
THE HUNTERS,1,APOLLO ONLINE - MR. MORALAPOSTEL,4
CLAUDIA KORECK,1,HANNAH LAING - GOOD LOVE,4
PAUL MCCARTNEY; WINGS,1,RORO - GOOD LOVE,4
BONNIE BIANCO,1,LUCIANO - ANOTHER VIBE,4
PIERRE COSSO,1,OMAH LAY - ANOTHER VIBE,4
THREE DEGREES,1,CLOUDS KETTAMA - SORT IT OUT,4
MICHAEL LEARNS TO ROCK,1,MALUGI - BE MY LOVER,4
HUES CORPORATION,1,SALIF KEITA - YAMORE,4
MELANIE,1,BENJA MOBLACK - YAMORE,4
COOPER,1,CESÁRIA EVORA - YAMORE,4
BLUE SYSTEM,1,FRANC FALA - YAMORE,4
FISCHER-Z,1,LARI LUKE - OUT OF THIS TOWN,4
MICHAEL JACKSON; PAUL MCCARTNEY,1,LARI LUKE - DOWN WITH IT,4
HARRY CHAPIN,1,PAUL SIRRELL - BE MY LOVER,4
TIMMY T,1,DJ TENNIS - ALL IN A DREAM,4
NICK STRAKER,1,JOSEPH ASHWORTH - ALL IN A DREAM,4
BOB GELDOF,1,ALEXIS ROBERTS - TURN OFF THE LIGHTS,4
HAPE KERKELING,1,VEGEDREAM - ALBI,4
C + C MUSIC FACTORY,1,LUNE - ICH GEHÖR NUR DIR <3,4
KIKI DEE,1,MOONLGHT - THERE SHE GOES,4
MIRKO SANTOCONO,1,LAWRENT ROBIN SCHULZ - BLOODTYPE,4
ORCHESTER JAMES LAST,1,DIMITRI VEGAS - THANK YOU (NOT SO BAD),4
UNITED BALLS,1,LIKE MIKE - THANK YOU (NOT SO BAD),4
EROBIQUE,1,RENÉ MILLER - AROUND THE WORLD,4
DESIREE KLAEUKENS,1,DJ GIGOLA - LA BATTERIA,4
DIE KLEINE CORNELIA,1,FRED AGAIN.. SKRILLEX - RUMBLE,4
BOB SINCLAR PRESENTS GOLEO,1,FLOWDAN - RUMBLE,4
"GARY ""NESTA"" PINE",1,LIL TECCA - DARK THOUGHTS,4
FLASTER,1,THE-DREAM - BACCARAT,4
SWISS,1,ENS: CHET BAKER QUARTET - THIS TIME THE DREAM'S ON ME,4
DIE ANDERN,1,BURNS - TALAMANCA,4
FAT LARRY'S BAND,1,DAVID GUETTA KUNGS - ALL NIGHT LONG,4
LOUIS ARMSTRONG,1,SENEX - NARCOTIC,4
GLORIA JONES,1,CEDRIC GERVAIS - WOULD I LIE TO YOU,4
GREGORY PORTER,1,'NSYNC - TEARING UP MY HEART,4
MAC BAND,1,RICKY MARTIN - MARÍA,3
B*WITCHED,1,RICKY MARTIN - MARIA,3
ELAIZA,1,RICKY MARTIN - LA COPA DE LA VIDA  THE CUP OF LIFE,3
ADIEMUS,1,SHUTTLE - DAYDREAMIN',3
MCFADDEN,1,JOYA MARLEEN - DRIVER,3
WHITEHEAD,1,BABA SHRIMPS - BY THE WINDOW,3
HOWARD CARPENDALE,1,BABA SHRIMPS - ROAD TO ROME,3
NU SHOOZ,1,LADINA - YOU HURT ME BITCH,3
CRACKERS,1,ZÜRI WEST - GERI GAGARIN,3
ORCHESTRAL MANOEUVRES IN THE DARK ( OMD ),1,ZÜRI WEST - IDIOT,3
PIXIES,1,ZÜRI WEST - DR ARTURO BANDINI UN'I,3
STATUS QUO WITH THE THE BEACH BOYS,1,ZÜRI WEST - JOHNNY & MARY,3
TERRY HOAX,1,ZÜRI WEST - FINGT DS GLÜCK EIM,3
KILLSWITCH ENGAGE,1,ZÜRI WEST - I HA DI GÄRN GHA,3
BLIND GUARDIAN,1,ZÜRI WEST - I SCHÄNKE DR MIS HÄRZ,3
UDO DIRKSCHNEIDER,1,BRAINCHILD - IN THE DARKNESS,3
JESSE,1,K-MARO - FEMME LIKE U,3
JOY,1,ALOK - LAST NIGHT I DREAMT I FELL IN LOVE,3
THEM,1,STEVE LACY - NICE SHOES,3
SCHWOISSFUASS,1,LANA DEL REY - BLUEBIRD,3
JOE DOLCE MUSIC THEATRE,1,GHOSTFACE KILLAH - METAPHYSICS,3
QUATRO,1,CHANCE THE RAPPER - THE HIGHS & THE LOWS,3
SUZI,1,JOEY BADA$$ - THE HIGHS & THE LOWS,3
JETT,1,ALISON GOLDFRAPP - HEY HI HELLO,3
INGA HUMPE,1,BLACK HONEY - UP AGAINST IT,3
IAN HOOPER,1,BLACK HONEY - OK,3
JIGSAW,1,NAVENI - WAIT OUTSIDE,3
JACKIE GREENE,1,KINGS ELLIOT - BITTER TONIC,3
JOHN MORGAN,1,DACHS - TOTI CHATZ,3
JERRY REED,1,DACHS - SELECTA AUTOMAT,3
MINDY MCCREADY,1,KYGO - BORN TO BE YOURS,3
OLD DOMINION,1,KYGO - STAY,3
THE TENNESSEE TWO,1,ONEREPUBLIC - GOOD LIFE,3
WHITEY MORGAN AND THE 78'S,1,ONEREPUBLIC - SECRETS,3
MARGO PRICE,1,ONEREPUBLIC - MARCHIN ON,3
JESSE WELLES,1,MARC ANTHONY - I NEED TO KNOW,3
OLI P,1,FELIX JAEHN - JENNIE,3
DIE ALPINKATZEN,1,FELIX JAEHN - IT'S NOT RIGHT BUT IT'S OKAY,3
SANDMAN,1,FELIX JAEHN - ONE MORE TIME,3
NOFX,1,CHURCHHILL - NENENENENENEI,3
UPTOWN HORNS,1,JOVANOTTI - L'OMBELICO DEL MONDO,3
WILLIAM PITT,1,STEFANIE HEINZMANN - MY MAN IS A MEAN MAN,3
DIE FIRMA,1,PEGASUS - METROPOLITANS,3
BELA B,1,PEGASUS - NOTHING HOLDING ME DOWN,3
N. N,1,PEGASUS - BETTER MAN,3
EAV,1,SHAWN MENDES - IN MY BLOOD,3
ROSE ROYCE,1,SHAWN MENDES - KESI (REMIX),3
THE ISLEY BROTHERS,1,BILLIE EILISH - ALL THE GOOD GIRLS GO TO HELL,3
BEN WESTBEECH,1,STEPHAN EICHER - COMBIEN DE TEMPS,3
MARGIE HENDRIX,1,STEPHAN EICHER - LE PLUS LEGER AU MONDE,3
THE TEMPTATIONS,1,STEPHAN EICHER - DEJEUNER EN PAIX,3
MOFRO,1,SOFI TUKKER - HEY HOMIE,3
NICOLE MCCLOUD,1,EMF - UNBELIEVABLE,3
RORY GALLAGHER,1,THE WEEKND - SACRIFICE,3
KYLIE MINOGUE; ROB DAVIS,1,MANILLIO - AUES GLOGE,3
HOLLIES,1,AVICII - HEAVEN,3
MIKE OLDFIELD; ANITA HEGERLAND,1,JUSTIN TIMBERLAKE - STAY WITH ME,3
CHIIARA,1,JUSTIN TIMBERLAKE - SEÑORITA,3
PATTI SMITH GROUP,1,JUSTIN TIMBERLAKE - SIGNS,3
K2,1,JUSTIN TIMBERLAKE - WHERE IS THE LOVE,3
HULK HOGAN,1,HOZIER - NOBODY'S SOLDIER,3
BAY CITY ROLLERS,1,PRINCE - LET'S GO CRAZY,3
KRAVITZ,1,PRINCE - DIAMONDS AND PEARLS,3
LENNY,1,STRESS - RESTER SOI-MÊME,3
HOLLYWOOD BEYOND,1,STRESS - ON N'A QU'UNE TERRE,3
GRATEFUL DEAD,1,STRESS - AGAIN,3
JEAN-JACQUES GOLDMAN,1,STRESS - ACCROCHE-TOI,3
MARSHALL HAIN,1,MICHAEL PATRICK KELLY - ET VOILÀ,3
THE DEAD DAISIES,1,REA GARVEY - CAN'T STAND THE SILENCE,3
GUN,1,ANDRYY - JULIA,3
KORN,1,ROXETTE - RUN TO YOU,3
BADFINGER,1,AVENTURA - VOLVI,3
BRUCE WILLIS,1,BAD BUNNY - VOLVI,3
ANNE CLARK,1,BAD BUNNY - QUÉ PASARÍA...,3
GIBSON BROTHERS,1,KHALID - SATELLITE,3
THE MANHATTAN TRANSFER,1,NELLY - HOT IN HERRE (HOT IN HERE),3
BONE THUGS-N-HARMONY,1,NICO SANTOS - SAFE,3
FATS DOMINO,1,PAULA DALLA CORTE - GOOD GIRL KILLER,3
ANN NESBY,1,DAVID GUETTA - IF YOU REALLY LOVE ME,3
CYMANDE,1,DAVID GUETTA - WHAT I DID FOR LOVE,3
HÖHNER,1,DAVID GUETTA - DANGEROUS,3
GROVER WASHINGTON JR,1,DAVID GUETTA - DON'T LEAVE ME ALONE,3
BONNIE RAITT,1,DAVID GUETTA - PLAY HARD,3
KAMAKAWIWO'OLE,1,ANNE-MARIE - DON'T LEAVE ME ALONE,3
ISRAEL,1,WAD AD - CHANGES,3
GÄNSEHAUT,1,PNAU - CHANGES,3
RONNIE JAMES DIO,1,HECHT - HEICHO,3
MONTY PYTHON,1,HECHT - GHEIE,3
MARIA MCKEE,1,HECHT - SURFER,3
CARO TRISCHLER,1,HECHT - BESCH READY FÜR DIE LIEBI VO MER?,3
JACKSON BROWNE,1,ARGYLE - RAIN,3
THE SOUNDS,1,ARGYLE - RELENTLESS,3
VIOLENT FEMMES,1,LINKIN PARK - NUMB,3
CANNED HEAT,1,LINKIN PARK - NUMB / ENCORE,3
THE ALLMAN BROTHERS BAND,1,LINKIN PARK - SOMEWHERE I BELONG,3
RUNRIG,1,LINKIN PARK - BREAKIN THE HABIT,3
EDWIN BIRDSONG,1,MICHAEL JACKSON - DIRTY DIANA,3
EDWIN STARR,1,MICHAEL JACKSON - DON'T STOP 'TIL YOU GET ENOUGH,3
ERYKAH BADU,1,MICHAEL JACKSON - HUMAN NATURE,3
YOUNG GUN SILVER FOX,1,LOLA YOUNG - HOOKMB LOLA YOUNG - MESSY,3
LIGHTNING SEEDS,1,BRUNO MARS - THAT'S WHAT I LIKE,3
RICK TREVIÑO,1,TIZIANO FERRO - DESTINAZIONE MARE,3
CHARLY MCCLAIN,1,LO UND LEDUC - HALB SO SCHWÄR,3
CARLY PEARCE,1,LO UND LEDUC - JUNG VERDAMMT,3
LEE BRICE,1,PANIC! AT THE DISCO - NINE IN THE AFTERNOON,3
PEZ,1,CLUESO - CELLO,3
DEANA CARTER,1,CLUESO - KEINEN ZENTIMETER,3
BLACKBERRY SMOKE,1,COLDPLAY - VIOLET HILL,3
RANDALL KING,1,BURNA BOY - HOOKMB / BURNA BOY / TATATA,3
TRANS-X,1,BURNA BOY - SITTIN' ON TOP OF THE WORLD,3
BRANDON LAKE,1,BURNA BOY - UPDATE,3
CHARLES ESTEN,1,BURNA BOY - 28 GRAMS,3
LENNON,1,JANET JACKSON - LET'S WAIT AWHILE,3
MAISY,1,THE KILLERS - BLOWBACK,3
BILLY JOE SHAVER,1,SHAKIRA - WHENEVER WHEREVER,3
EMILY ANN ROBERTS,1,MARIUS BEAR - GOOD LOVE,3
GREYLAN JAMES,1,MARIUS BEAR - AGAIN,3
POETS OF THE FALL,1,MARIUS BEAR - EVERGREEN,3
LAURA COX,1,NELLY FURTADO - EAT YOUR MAN,3
LITA FORD,1,KATY PERRY - HOT 'N' COLD,3
GOJIRA,1,SNOOP DOGG - SIGNS,3
WITHIN TEMPTATION,1,GOTTHARD - HEAVEN,3
FRIDA,1,PURPLE DISCO MACHINE - 1LIVE DJ-SESSION,3
TON STEINE SCHERBEN,1,PURPLE DISCO MACHINE - SOMETHING ON MY MIND,3
PRINCE; THE REVOLUTION,1,TWO AND THE SUN - COASTLINE,3
MARK RONSON; MILEY CYRUS,1,R.E.M - THE SIDEWINDER SLEEPS TONITE,3
MOODY BLUES,1,JAMES BLUNT - MELODY,3
CHARLIE DORE,1,JAMES BLUNT - PRIMAVERA IN ANTICIPO (IT IS MY SONG) (AUSZUG),3
POLARKREIS 18,1,JAMES BLUNT - WHEN I FIND LOVE AGAIN,3
DER WOLF,1,RITA ORA - I WILL NEVER LET YOU DOWN,3
CAVE,1,RITA ORA - JOY,3
NICK,1,FLO RIDA - WILD ONES,3
JULIEN CLERC,1,FLO RIDA - TROUBLEMAKER,3
DRAKE REKLAWS,1,MADONNA - SORRY,3
MILLIGAN,1,MARY J. BLIGE - AS,3
MCBRYDE,1,U2 - MYSTERIOUS WAYS,3
ASHLEY,1,U2 - DESIRE,3
CLARK,1,BELL BARONETS - YOUNG MAN'S DREAM,3
HAMMACK,1,ED SHEERAN - THINKING OUT LOUD,3
CAYLEE,1,ED SHEERAN - HAPPIER,3
STEVE 'N' SEAGULLS,1,ED SHEERAN - PERU,3
LINDA DAVIS,1,SAM SMITH - LOVE IS A STILLNESS,3
DARIUS RUCKER,1,LENNY KRAVITZ - ALWAYS ON THE RUN,3
JUDDS,1,LENNY KRAVITZ - CALIFORNIA,3
ARNOLD SCHWARZENEGGER,1,CARROUSEL - EN ÉQUILIBRE,3
THE O'JAYS,1,CARROUSEL - LE MANQUE DE PLACE,3
FITZ AND THE TANTRUMS,1,CARROUSEL - C'EST LA VIE,3
HUBERT VON GOISERN UND DIE ALPINKATZEN,1,CARROUSEL - ITINERANT,3
NINO DE ANGELO,1,QUEEN - KILLER QUEEN,3
WAS NOT WAS,1,LEONY - ROCK N ROLL (MATT SASSARI REMIX),3
DE BLÄCK FÖÖSS,1,TRAVIS - WHY DOES IT ALWAYS RAIN ON ME?,3
NORMAN GREENBAUM,1,BILLY IDOL - DANCING WITH MYSELF,3
GILBERT,1,BILLY IDOL - TO BE A LOVER,3
BRANTLEY,1,ANNA ROSSINELLI - SOMEBODY LIKE YOU,3
TRISHA YEARWOOD,1,BACKSTREET BOYS - INCOMPLETE,3
MARTINA MCBRIDE,1,BACKSTREET BOYS - SHOW ME THE MEANING OF BEING LONELY,3
RYAN AND RORY,1,BACKSTREET BOYS - GET DOWN,3
RACHEL WAMMACK,1,BASTIAN BAKER - LUCKY,3
KELSEA BALLERINI,1,BASTIAN BAKER - STAY,3
KEITH MARSHALL,1,BASTIAN BAKER - TATTOO ON MY BRAIN,3
WISE GUYS,1,EMINEM - THE REAL SLIM SHADY,3
NSYNC,1,MARK FORSTER - FLASH MICH,3
BLOW MONKEYS,1,BON JOVI - WE WEREN'T BORN TO FOLLOW,3
LOCASH,1,BON JOVI - IN THESE ARMS,3
JAKE OWEN,1,ALANIS MORISSETTE - YOU OUGHTA KNOW,3
DAVID NAIL,1,TARKAN - SIMARIK,3
DAVE BARNES,1,PHIL COLLINS - TAKE ME HOME,3
SAMMY KERSHAW,1,PHIL COLLINS - ONE MORE NIGHT,3
DANIELLE BRADBERY,1,ZOE ME - VOYAGE,3
THE HIGHWAYMEN,1,ZOE ME - LISTE DES INTERDITS,3
AARON WATSON,1,SAM FENDER - GETTING STARTED,3
KIMBERLY KELLY,1,BRITNEY SPEARS - SOMETIMES,3
EMERSON,1,SNAP - THE POWER,3
LAKE,1,LOVEBUGS - THE KEY,3
PALMER,1,LOVEBUGS - UNDER MY SKIN,3
ERSTE ALLGEMEINE VERUNSICHERUNG  (EAV),1,LOVEBUGS - LAND HO!,3
ACHIM REICHEL,1,IMAGINE DRAGONS - BORN TO BE YOURS,3
KIZ,1,LOUANE - PARDONNE-MOI,3
RICHIE SAMBORA,1,CHIARA CASTELLI - RAIN,3
STEEL PULSE,1,MO BLANC - SONG FOR THE FUTURE,3
INA MÜLLER,1,JAN SEVEN DETTWYLER - MAKE U HAPPY,3
PERCY SLEDGE,1,JAN SEVEN DETTWYLER - LISA,3
SILLY,1,AL PRIDE - RED GLASSES,3
EROC,1,MATTIU - VA LUNSCH,3
CARMEL,1,MATTIU - EI VA BEIN,3
LUCIO DALLA,1,VERONICA FUSARO - DRAGON,3
FIRE WITH THE EMOTIONS,1,VERONICA FUSARO - OFF YOU,3
RUSS BALLARD,1,VERONICA FUSARO - SLOT MACHINE,3
GEORGE THOROGOOD,1,VERONICA FUSARO - PLUTO,3
THE DESTROYERS,1,VERONICA FUSARO - MAKE YOU FEEL THE SAME,3
DANNY VERA,1,THE BIRTHDAY GIRLS - LUCKY ONE,3
HEINZ RÜHMANN,1,THE BIRTHDAY GIRLS - WHAT'S YOUR FATE,3
WOLFGANG AMBROS,1,PATENT OCHSNER - AUSKLAAR,3
VIKTOR LAZLO,1,PATENT OCHSNER - BÄLPMOOS,3
JON BATISTE,1,NICKLESS - PRINCESS,3
HOT 8 BRASS BAND,1,BANANARAMA - I HEARD A RUMOUR,3
LIONEL RICHIE WITH SHANIA TWAIN,1,PRIYA RAGU - GOOD LOVE 2.0,3
RAY CHARLES WITH LEELA JAMES,1,PRIYA RAGU - EASY,3
AFTER THE FIRE,1,JULIE MELETTA - QUE DES VIBES,3
RHEINGOLD,1,JULIE MELETTA - CHIC!,3
JENNY THIELE,1,ROOTWORDS - A MATTER OF TIME,3
INDUCTION,1,ROOTWORDS - FREEDOM OF SPEECH,3
MEGADETH,1,VALENTINO VIVACE - COME MAI,3
MANOWAR,1,SOPHIE HUNGER - ROUND AND ROUND,3
JEFF BECK,1,SOPHIE HUNGER - LOVE IS NOT THE ANSWER,3
THE CATCH,1,SOPHIE HUNGER - SPAGHETTI MIT SPINAT,3
WASHINGTON JR,1,SENS UNIK - LAISSE-TOI ALLER,3
GROVER,1,SENS UNIK - TO THE MOON PLEASE,3
THE FAMILY,1,GINNY LOON - ANTI-HERO,3
CURTIS MAYFIELD,1,GINNY LOON - JOSEPHINE,3
ULRICH ZEHFUSS,1,LADY GAGA - BLADE OF GRASS (LYRIX-VERSION),3
TOM JONES; MOUSSE T,1,ILIRA - EVOLUTION,3
ARMANDO QUATTRONE,1,ILIRA - CLEAN BREAK,3
LUCILECTRIC,1,ALINA AMURI - TURN TO GOLD,3
FORSTER MARK,1,ARMA JACKSON - FLASH,3
SPARKS,1,JAMES GRUNTZ - EVERYTHING IS GONE,3
ALICE IN CHAINS,1,JAMES GRUNTZ - GOOD TIMES,3
HELEN SCHNEIDER WITH THE KICK,1,JAMES GRUNTZ - HEART KEEPS DANCING,3
DROPKICK MURPHYS,1,JAMES GRUNTZ - CLOSER,3
ERSTE ALLGEMEINE VERUNSICHERUNG,1,THE SOULS - WHO YOU REALLY ARE,3
POCO,1,THE SOULS - BREAKOUT,3
CURTIS HARDING,1,THE SOULS - SALLY,3
RUMER,1,THE SOULS - CLOSE MY EYES,3
SAILOR,1,THE SOULS - MOVE ON,3
THE VAMPIRE SOUND INC,1,MONOTALES - THE SECOND TIME,3
ZANKI,1,AYA NAKAMURA - JOLIE NANA,3
SAPHIR,1,MALUMA - DJADJA,3
CLUB NOUVEAU,1,MALUMA - HOLA SENORITA,3
MENDES,1,WE ARE AVA - HAPPY,3
SHAWN,1,CRIMER - SPORTSCAR,3
DURAND JONES,1,TIEKS - SUNSHINE,3
THE INDICATIONS,1,DAN HARKNA - SUNSHINE,3
SHIRLEY BASSEY,1,JEANS FOR JESUS - L.A.,3
PROPELLERHEADS,1,JEANS FOR JESUS - DR LETSCHT POPSONG,3
LULU,1,MARLIN - SHE DON'T WANNA,3
LAKE STREET DIVE,1,ANNA KÄNZIG - DRIVE ALL NIGHT,3
SIMONE,1,ANNA KÄNZIG - LION'S HEART,3
MINNIE RIPERTON,1,OZUNA - TAKI TAKI,3
FILMORCHESTER,1,WOLF ALICE - DON'T DELETE THE KISSES,3
DIE LASSIE SINGERS,1,WOLF ALICE - THORNS,3
BUT ALIVE,1,WOLF ALICE - BLOOM BABY BLOOM,3
DIE STERNE,1,FLORENCE AND THE MACHINE - SHAKE IT OUT,3
LZZY HALE,1,WEDNESDAY - ELDERBERRY WINE,3
TURBO B,1,KENDRICK LAMAR - I,3
WATT,1,KENDRICK LAMAR - SWIMMING POOLS,3
YO-YO MA,1,KENDRICK LAMAR - KING KUNTA,3
ROBERT TRUJILLO,1,KENDRICK LAMAR - BAD BLOOD,3
CHAD SMITH,1,KENDRICK LAMAR - ALRIGHT,3
BILLIE JOE ARMSTRONG,1,PHARRELL WILLIAMS - STAY WITH ME,3
GHOST,1,QUEENS OF THE STONE AGE - THE WAY YOU USED TO DO,3
SEETHER,1,QUEENS OF THE STONE AGE - I NEVER CAME,3
WILSON PICKETT,1,NICOLE BERNEGGER - CRESCENT MOON,3
ROBIN MCKELLE,1,ELIJAH SALOMON - DRIVE,3
THE FLYTONES (,1,FRANZ FERDINAND - DO YOU WANT TO,3
LEE FIELDS),1,HOWLONG WOLF - SOMETHING THAT I USED TO KNOW,3
DARYL BRAITHWAITE,1,RIHANNA - HATE THAT I LOVE YOU,3
EMMELIE DE FOREST,1,RIHANNA - CALIFORNIA KING BED,3
MICHAEL JACKSON; SIEDAH GARRETT,1,RIHANNA - AMERICAN OXYGEN,3
BOYS TOWN GANG,1,DABU FANTASTIC - UNDER EM SCHIRM,3
BENI HAFNER,1,DABU FANTASTIC - VO VORN,3
DIE GOLDENEN ZITRONEN,1,INXS - DISAPPEAR,3
LINA MALY,1,INXS - ORIGINAL SIN,3
ROGER CICERO,1,INXS - DEVIL INSIDE,3
DENNIS DUBPLATE,1,INXS - NEVER TEAR US APART,3
FINN,1,DIE ÄRZTE - MÄNNER SIND SCHWEINE,3
RIC OCASEK,1,DIE ÄRZTE - DEINE SCHULD,3
THE BAND,1,DIE ÄRZTE - LASSE REDN,3
THE KNACK,1,DIE ÄRZTE - HIMMELBLAU,3
HAINDLING,1,GEORGE EZRA - HOLD MY GIRL,3
NORMAHL,1,TEARS FOR FEARS - SOWING THE SEEDS OF LOVE,3
NINA HAGEN,1,LOST FREQUENCIES - MELODY,3
MEUTE,1,LOST FREQUENCIES - QUESTIONS,3
ZUPFGEIGENHANSEL,1,LOST FREQUENCIES - SUMMER SKIES,3
HOLSTUONARMUSIGBIGBANDCLUB,1,ELLEY DUHE - BACK TO YOU,3
THOMPSON,1,SIA - ELASTIC HEART,3
TEDDY,1,SIA - WILD ONES,3
WAINWRIGHT,1,KISS - GOD GAVE ROCK AND ROLL TO YOU 2,3
JOHN MICHAEL MONTGOMERY,1,KUNGS - DON’T YOU KNOW,3
PARTON,1,KUNGS - I FEEL SO BAD,3
DOLLY,1,RED HOT CHILI PEPPERS - OTHERSIDE,3
GLS-UNITED,1,RED HOT CHILI PEPPERS - ROAD TRIPPIN',3
THE PLATTERS,1,CHARLIE PUTH - LIPSTICK,3
BOYZ II MEN,1,FOO FIGHTERS - WHEELS,3
ELIOTT,1,FOO FIGHTERS - EVERLONG,3
PREFAB SPROUT,1,ALVARO SOLER - MANANA,3
CAPTAIN,1,ALVARO SOLER - MUERO,3
TENNILLE,1,ALVARO SOLER - SOFIA,3
DYNAMO 5,1,BLIGG - LEGÄNDÄ & HELDÄ,3
ERNST MOLDEN,1,PETER FOX - STADTAFFE,3
SEILER,1,MARTIN GARRIX - SO FAR AWAY,3
DAS FRAUENORCHESTER,1,JAMES ARTHUR - QUESTIONS,3
JÜRGEN DREWS,1,SEAN PAUL - TRUMPETS,3
VERIFIZIERT,1,THE 1975 - THE SOUND,3
DOG EAT DOG,1,THE 1975 - LOVE ME,3
BOBBY BARE,1,BEYONCE - HALO,3
ROBERT EARL KEEN,1,THE BLACK EYED PEAS - MAMACITA,3
ASLEEP AT THE WHEEL,1,THE BLACK EYED PEAS - MEET ME HALFWAY,3
JOHNNY PAYCHECK,1,THE BLACK EYED PEAS - HEY MAMA,3
JON PARDI WITH THE ALL-NIGHTERS,1,LO - 079,3
K. T. OSLIN,1,LEDUC - 079,3
DANIEL FOGELBERG,1,KELLY ROWLAND - ONE LIFE,3
MAX GAZZÈ,1,SHEM THOMAS - COASTLINE,3
FUNNY VON DANNEN,1,SHEM THOMAS - CROSSROADS,3
EXTRABREIT,1,PEDESTRIANS - APPLE,3
BLUE; ELTON JOHN,1,PEDESTRIANS - BREAKDOWN TUESDAYS,3
PHIL COLLINS; PHILIP BAILEY,1,PEDESTRIANS - BELIEF,3
ARCÁNGEL,1,GYPSY AND THE CAT - JONA VARK,3
JAVADA,1,MARC SWAY - BEAT OF MY HEART,3
REAL THING,1,ROBYN - DANCING ON MY OWN,3
TOMMY JAMES; THE SHONDELLS,1,ROBYN - BE MINE!,3
EDDIE MURPHY,1,PETER GABRIEL - SOLSBURY HILL,3
COCKNEY REBEL,1,JASON DERULO - WHATCHA SAY,3
TINA CHARLES,1,JASON DERULO - IF I'M LUCKY,3
NICHT GENANNT,1,TAYLOR SWIFT - YOU NEED TO CALM DOWN,3
BLUMFELD,1,TAYLOR SWIFT - LOVE STORY,3
MARIANNE ROSENBERG,1,HEJ FRANCIS! - DE LA PART DE NOVEMBRE,3
DIE STERNE MIT THE DÜSSELDORF DÜSTERBOYS,1,CRIS WICKY - DE LA PART DE NOVEMBRE,3
SHALAMAR,1,JAMILA - KEEP YOU WAITING,3
JONI MITCHELL,1,ANDREA BIGNASCA - MOONSHINING,3
THE EASYBEATS,1,BOY - HIT MY HEART,3
GABRIELA CILMI,1,BOY - DRIVE DARLING,3
10 CC,1,BOY - OH BOY,3
STS,1,BOY - WE WERE HERE,3
FLORIAN KÜNSTLER,1,STEVANS - I'LL ALWAYS FEAR GOODBYES,3
BOSSHOSS,1,STEVANS - BROOKLYN & ME,3
BOX TOPS,1,CALI Y EL DANDEE - MANANA,3
PAUL YOUNG; ZUCCHERO,1,TROUBAS KATER - LATVIA,3
THE SPINNERS,1,TROUBAS KATER - UNGERHOSE AM BRUNNE,3
ELO (ELECTRIC LIGHT ORCHESTRA),1,77 BOMBAY STREET - DRIFTERS IN THE WIND,3
LEAH KATE,1,STEREO LUCHS - SIE WÄND E PALME,3
SAMMY HAGAR,1,STEREO LUCHS - DAME,3
AUDIOSLAVE,1,THE SCRUCIALISTS - SIE WÄND E PALME,3
ENSEMBLE DER AUGSBURGER PUPPENKISTE,1,THE SCRUCIALISTS - RADIO,3
COSA ROSA,1,IRA MAY - LET YOU GO,3
DAVID CASSIDY,1,BENJAMIN AMARU - NOT HIGH ON DRUGZ,3
PAM JACKSON,1,DEATH BY CHOCOLATE - STRAYING THROUGH THE STREETS,3
COLE SWINDELL,1,DEATH BY CHOCOLATE - ANIMAL KEEPER,3
ASHLEY COOKE,1,GIMS - HOLA SENORITA,3
JASON BLAINE,1,"SHEILA SHE LOVES YOU - DON'T GIVE US POETS, GIVE US BREAD",3
JASON ISBELL AND THE 400 UNIT,1,LUCA LITTLE - AUTUMN IN MAY,3
JO DEE MESSINA,1,AL-BERTO AND THE FRIED BIKINIS - SURF EAT SLEEP,3
DELBERT,1,AL-BERTO AND THE FRIED BIKINIS - DIVE,3
GLEN,1,MAGIC AND NAKED - BRING ME THE MOON,3
THE SHIRES,1,PASCAL GAMBONI - QUEI VALA BEN BIE,3
CONFEDERATE RAILROAD,1,ZIAN - SHOW YOU,3
KIP MOORE,1,ZIAN - WE NEED TIME,3
JOHN HIATT,1,NEMO - USSERIRDISCH,3
JERMAINE,1,CAROLINE ALVES - PAPER THIN,3
TURTLES,1,SIRENS OF LESBOS - RUN RUN RUN,3
GREGORY ABBOTT,1,OK COOL - JEANS,3
RAY CHARLES WITH RUBEN STUDDARD,1,INDIGO DE SOUZA - HEARTTHROB,3
THE HARLEM GOSPEL SINGERS,1,INDIGO DE SOUZA - PASS IT BY,3
"HUCKNALL,MICK",1,THE NEW EVES - RIVERS RUN RED,3
JOHN (,1,LCD SOUNDSYSTEM - DAFT PUNK IS PLAYING AT MY HOUSE,3
THE ROOTS) (,1,ENNY - CABIN FEVA,3
COMMON,1,MASTER PEACE - START YOU UP,3
MELANIE FIONA) LEGEND,1,SIXPENCE NONE THE RICHER - THERE SHE GOES,3
CASSIUS CLAY,1,BRYAN ADAMS - THE BEST OF ME,3
VELILE,1,BRYAN ADAMS - ONE NIGHT LOVE AFFAIR,3
PAUL STANLEY'S SOUL STATION,1,BRYAN ADAMS - PLEASE FORGIVE ME,3
JESSIE MURPH,1,BRYAN ADAMS - HAVE YOU EVER REALLY LOVED A WOMAN?,3
AARON FRAZER,1,KYLIE MINOGUE - LAST NIGHT I DREAMT I FELL IN LOVE,3
VAN MORRISON,1,KYLIE MINOGUE - LIGHTS CAMERA ACTION,3
THE BOLLOCK BROTHERS,1,KYLIE MINOGUE - SLOW,3
CORRS,1,KYLIE MINOGUE - GOT TO BE CERTAIN,3
KEITH LESLIE MARSHALL,1,KYLIE MINOGUE - NEVER TOO LATE,3
DEXY'S MIDNIGHT RUNNERS,1,SELENA GOMEZ - BAILA CONMIGO,3
WOOD,1,SELENA GOMEZ - TALK,3
LILLY,1,SIMPLY RED - MONEY'S TOO TIGHT (TO MENTION),3
LILLY ALLEN,1,DOJA CAT - PAINT THE TOWN RED,3
HANK JR WILLIAMS,1,PET SHOP BOYS - SE A VIDA E (THAT'S THE WAY LIFE IS),3
JAMES OTTO,1,JAKE BUGG - SEEN IT ALL,3
CARLENE CARTER,1,JAKE BUGG - ALL KINDS OF PEOPLE,3
JOE NICHOLS,1,JAKE BUGG - BE SOMEONE,3
LANIE GARDNER,1,LIAM PAYNE - STACK IT UP,3
GABBY BARRETT,1,ADEL TAWIL - 1000 GUTE GRÜNDE,3
DARRYL WORLEY,1,NOAH PARKS - SOMETHING TO FEEL,3
CANDELA AZUL,1,STING - DESERT ROSE,3
BAHA MAN,1,STING - IF I EVER LOSE MY FAITH IN YOU,3
PAVEIER,1,STING - RUSSIANS,3
TOVE STYRKE,1,STING - ALL FOR LOVE,3
SOPHIA BLENDA,1,KAISER CHIEFS - I PREDICT A RIOT,3
MISSY ELLIOT,1,KAISER CHIEFS - EVERYDAY I LOVE YOU LESS AND LESS,3
PORTMONEE,1,MIN KING - BLUEMEWEG,3
TIM BALDUS,1,SNOW PATROL - CRACK THE SHUTTERS,3
COIN LOUIS THE CHILD,1,PAOLA E CHIARA - VAMOS A BAILAR,3
HAIKU HANDS,1,DAVID BOWIE - MODERN LOVE,3
SON MIEUX,1,MARYNE - YOU SHOULD KNOW,3
NONAME,1,MARYNE - COACHELLA,3
RHYS RICH,1,LOCO ESCRITO - ADIOS,3
RAY BLK,1,LOCO ESCRITO - SIN TI,3
KRAYZIE BONE,1,LOCO ESCRITO - ESTA BIEN ASI,3
SWIMMING GIRLS,1,SIVILIAN - GROWING UP HURTS,3
HIPPO CAMPUS,1,PAT BURGENER - MAKE IT HOME,3
AVEC,1,PAT BURGENER - MEXICO,3
LAURA GROVES,1,PAT BURGENER - DAYS LIKE THESE,3
YAZZ AHMED,1,PAT BURGENER - OUT OF HAND,3
LAUREN SANDERSON,1,PAT BURGENER - DOLLAR,3
KÄPTN PENG,1,BÜNE HUBER - AUES GLOGE,3
DIE TENTAKEL VON DELPHI,1,BOB MARLEY - THREE LITTLE BIRDS,3
TIA TIA,1,TIM FREITAG - UNDERWATER,3
STUDIO KILLERS,1,JACK SLAMER - SUN SOUL HEALING,3
MOUNT KIMBIE,1,JACK SLAMER - BROTHER,3
K.ZIA,1,JACK SLAMER - ENTIRE FORCE,3
ANTILOPEN GANG,1,BASCHI - APPLAUS,3
SALT CATHEDRAL,1,BASCHI - WENN DU DAS LIED GHÖRSCH,3
LOU PHELPS,1,BASCHI - WENN D WÄLT 1986,3
JAZZ CARTIER,1,BASCHI - IRGENDWIE WUNDERBAR,3
KARMIC,1,NOEMI BEZA - HEAD UP HIGH,3
SAINT SISTER,1,BLIGG'N'LEXX - WÄNN,3
PAN AMSTERDAM,1,PHENOMDEN - STREUNENDI HÜND,3
BELTERS ONLY,1,PHENOMDEN - UPLIFTMENT BOSS,3
FARHOT,1,PHENOMDEN - RADIO,3
MJ COLE,1,MARY MIDDLEFIELD - THIS ONE'S FOR YOU,3
BERWYN,1,ROBBIE WILLIAMS - SPIES,3
THEY HATE CHANGE,1,ROBBIE WILLIAMS - SHAME,3
DIXIE,1,ROBBIE WILLIAMS - GO GENTLE,3
DUA SALEH WITH AMAARAE,1,ROBBIE WILLIAMS - TRIPPING,3
JASMYN,1,ROBBIE WILLIAMS - COME UNDONE,3
SEEB,1,TOBIAS CARSHEY - MICHELE,3
NINA NESBITT,1,TOBIAS CARSHEY - BYE BYE,3
NAKHANE,1,TOBIAS CARSHEY - LOCAL ROCKSTAR,3
JOMIE,1,HEIDI HAPPY - ON THE HILLS,3
HANNAH GRAE,1,REMO FORRER - HEAVEN OR HELL,3
OCTAVIAN,1,REMO FORRER - OUT LOUD,3
FAMILY CIRCLE,1,PATO - FERIE I DR SCHWIIZ,3
BISHOP BRIGGS,1,DELILAHS - COMING CLOSER,3
LUCKY LUKE,1,JUNGLE - DOMINOES,3
ANOTHER SKY,1,JUNGLE - THE HEAT,3
MARI,1,JUNGLE - BUSY EARNIN',3
BIG WILD,1,MALUMMI - CLOVER & CAMELIA,3
CARLO5,1,COURTING - THE TWINS,3
BERHANA,1,COURTING - THROW,3
CRUSH,1,LORDE - TENNIS COURT,3
BANGERFABRIQUE,1,HOT CHIP - BOY FROM SCHOOL,3
JESSIE WARE,1,HOT CHIP - READY FOR THE FLOOR,3
BROCKHOFF,1,NOGA EREZ - WATCH THE NEWS,3
CHILDREN,1,NOGA EREZ - QUIET,3
TIERRA WHACK,1,DEFTONES - MILK OF THE MADONNA,3
MARIBOU STATE,1,KALI UCHIS - SUNSHINE & RAIN...,3
NORTH DOWNS,1,JAY SOM - CARDS ON THE TABLE,3
SAY YES DOG,1,MINI TREES - CARDS ON THE TABLE,3
STEELZ,1,BOMBAY BICYCLE CLUB - FEEL,3
INNOV GNAWA,1,BOMBAY BICYCLE CLUB - HOW CAN YOU SWALLOW SO MUCH SLEEP,3
SOKO LINX,1,BOMBAY BICYCLE CLUB - MY BIG DAY,3
MOS DEF,1,JUSTICE - ONE NIGHT / ALL NIGHT,3
BOBBY WOMACK,1,CHARLOTTE DAY WILSON - FEVER DREAMER,3
MATTIEL,1,ILAJAN - SNOOZE SONG,3
HALF·ALIVE,1,LÖWENZAHNHONIG - ZEITHORIZONT,3
TENNIS,1,THE BLACK KEYS - THE NIGHT BEFORE,3
FERDINAND FKA LEFT BOY,1,"THE BLACK KEYS - NO RAIN, NO FLOWERS",3
BOMFUNK MCS,1,THE BLACK KEYS - LONELY BOY,3
WEEKEND PLAYERS,1,HERMANOS GUTIERREZ - ELEGANTLY WASTED,3
DIE LIEFERANTEN,1,SAM HIMSELF - NOTHING LIKE THE NIGHT,3
HANA VU,1,SAM HIMSELF - NOBODY,3
CHARLOTTE LAWRENCE,1,LOONA - HIJO DE LA LUNA,3
FEWJAR,1,DOUBLE PACT - AU REVOIR,3
CHLOE MORIONDO,1,LENA-LISA - FÖR MECH,3
VØR,1,BEASTIE BOYS - FIGHT FOR YOUR RIGHT,3
PHILIPP POISEL,1,THE XX - ON HOLD,3
CÉLINE,1,THE XX - CRYSTALISED,3
THEOPHILUS LONDON,1,THE XX - ISLANDS,3
LOKOY,1,MATTAFIX - LIVING DARFUR,3
ALL WE ARE,1,LIL NAS X - OLD TOWN ROAD,3
LYRAH,1,GEORGE MICHAEL - FATHER FIGURE,3
SHY LUV,1,ADRIAN SIEBER - SOMEBODY PICK UP THE PHONE,3
CABU,1,AC - HIGHWAY TO HELL,3
NOÉ,1,DC - HIGHWAY TO HELL,3
ANTILOPEN GANG MIT FATONI,1,BIFFY CLYRO - BUBBLES,3
SUKIE,1,BIFFY CLYRO - SPACE,3
DANNY BROWN,1,LOU BEGA - MAMBO NO. 5 (A LITTLE BIT OF...),3
HARRISON BROME,1,THE CURE - JUST LIKE HEAVEN,3
TOTALLY ENORMOUS EXTINCT DINOSAURS,1,THE CURE - CLOSE TO ME,3
RAC,1,AVA MAX - WEAPONS,3
SOPHIE ALICE,1,PINK - ALL I KNOW SO FAR,3
JENOBI,1,PINK - DREAMING,3
WOMAN,1,PINK - WHO KNEW,3
BRYDE,1,PINK - BLOW ME (ONE LAST KISS),3
JAY PRINCE,1,PINK - DEAR MR. PRESIDENT,3
KING HANNAH,1,ARRESTED DEVELOPMENT - MR. WENDAL,3
ALBRECHT SCHRADER,1,UGLY KID JOE - CAT'S IN THE CRADLE,3
SWINDLE,1,GUSTTAVO LIMA - BALADA (TCHE TCHERERE TCHE TCHE),3
EMILIE NICOLAS,1,GAVIN JAMES - GREATEST HITS,3
ALVVAYS,1,NICKELBACK - TRYING NOT TO LOVE YOU,3
THE EDIACARAN,1,NICKELBACK - GOTTA BE SOMEBODY,3
BASTIDO,1,NICKELBACK - IF EVERYONE CARED,3
LAZLO BANE,1,ELLIE GOULDING - LIKE A SAVIOUR,3
KARA MARNI,1,ELLIE GOULDING - SOMETHING IN THE WAY YOU MOVE,3
TOMMY VILLIERS,1,SIMPLE PLAN - WELCOME TO MY LIFE,3
VINCE STAPLES,1,ALFA - BELLISSIMISSIMA <3,3
FLØRE,1,THE CRANBERRIES - ANALYSE,3
CRASSE,1,DIE FANTASTISCHEN VIER - MFG,3
NAOMI WILD,1,DIE FANTASTISCHEN VIER - MFG (MIT FREUNDLICHEN GRÜSSEN),3
COUROS,1,DIE FANTASTISCHEN VIER - ERNTEN WAS WIR SÄEN,3
CODY CHESTNUTT,1,MAJOR LAZER - GET FREE,3
PALACE,1,DJ SNAKE - TAKI TAKI,3
SUFJAN STEVENS,1,THE POINTER SISTERS - JUMP (FOR MY LOVE),3
LANCE FERGUSON,1,ENRIQUE IGLESIAS - CAN YOU HEAR ME,3
THE BAMBOOS,1,ENRIQUE IGLESIAS - BAILAMOS,3
MATTHEW E. WHITE,1,ENRIQUE IGLESIAS - BAILANDO*,3
ARNY MARGRET,1,ENRIQUE IGLESIAS - DUELE EL CORAZÓN,3
BRIJEAN,1,ENRIQUE IGLESIAS - ESCAPE,3
DANIELLE HAIM,1,ENRIQUE IGLESIAS - HERO,3
SOLEY,1,JAY-Z - NUMB / ENCORE,3
NAARI,1,ALICIA KEYS - DOESN'T MEAN ANYTHING,3
FAUNA FLASH,1,ANGELE - SEMPRE / JAMAIS,3
OOI,1,PABLOPOLAR - ANY MINUTE NOW,3
BRITTANY HOWARD,1,ANIMOR - A LITTLE TOO LOUD,3
ROISIN MURPHY,1,ADRY - A LITTLE TOO LOUD,3
SIRIUSMO,1,JS3 - A LITTLE TOO LOUD,3
SANTPOORT,1,THE DROPS - ELEANOR,3
LALA LALA,1,THE DROPS - WE CAN'T HIDE,3
BLINKER,1,THE DROPS - KO SAMUI,3
PEKING DUK,1,ELTON JOHN - SACRIFICE,3
ROY BIANCO,1,ELTON JOHN - CAN YOU FEEL THE LOVE TONIGHT,3
SCOOTY,1,MUNA - ONE THAT GOT AWAY,3
JENNIE,1,COSSMO - BE SOMEBODY,3
BABYMETAL,1,GENEMO - BE SOMEBODY,3
ELECTRIC CALLBOY,1,ROOSEVELT - PARALYZED,3
GUNDELACH,1,MILUNE - RABBIT HOLES,3
CALEBORATE,1,THE RUMOURS - MANITU,3
FIIO,1,BLUR - COUNTRY HOUSE,3
DJ SHADOW,1,TAME IMPALA - THE LESS I KNOW THE BETTER,3
RUN THE JEWELS,1,TAME IMPALA - ELEPHANT,3
ZIMMER90 FT. BALU BRIGADA,1,TAME IMPALA - NO MORE LIES,3
STEPHEN MALKMUS,1,TAME IMPALA - CAUSE I'M A MAN,3
DYLAN CARTLIDGE,1,TAME IMPALA - ONE NIGHT / ALL NIGHT,3
POPCAAN,1,TAME IMPALA - FEELS LIKE WE ONLY GO BACKWARDS,3
BINKI,1,FOLK BITCH TRIO - THAT'S ALL SHE WROTE,3
TEDLO,1,FOLK BITCH TRIO - THE ACTOR,3
LUKEYWORLD,1,FETTES BROT - NORDISCH BY NATURE (TEIL 1),3
BECKS,1,FETTES BROT - THE GROSSER,3
VON WEGEN LISBETH CRUCCHI GANG MIT FRANCESCO WILKING SVEN REGENER,1,FETTES BROT - AN TAGEN WIE DIESEN,3
CLOSE COUNTERS YOUNG FRANCO,1,JOURNEY - SEPARATE WAYS (WORLDS APART),3
JAY PRINCE SCRUFIZZER,1,MARC ALMOND - THE DAYS OF PEARLY SPENCER,3
BACHELOR,1,NATE DOGG - PICK UP THE PHONE,3
LEIKELI47,1,YOKKO - FEVER,3
SYCCO,1,EVE - YOU GOT ME,3
SILK CITY,1,BRUCE SPRINGSTEEN - I'M ON FIRE,3
DESIIGNER,1,TINA TURNER - STEAMY WINDOWS,3
NAAZ,1,TINA TURNER - FOREIGN AFFAIR,3
COEUR DE PIRATE,1,TINA TURNER - ON SILENT WINGS,3
ALY,1,TINA TURNER - COSE DELLA VITA,3
EVERGREEN,1,STEFF LA CHEFFE - ANNABELLE,3
LUKE NOA,1,STEFF LA CHEFFE - HOLUNDER,3
JEROME FARAH,1,STEFF LA CHEFFE - IM MOMÄNT,3
KAMOOS,1,CULTURE BEAT - RENDEZ-VOUS,3
GODDARD,1,THE HEAD AND THE HEART - VIRGINIA,3
JASON POLLUX,1,CALVIN HARRIS - STAY WITH ME,3
MOON MATES,1,BASTILLE - SHUT OFF THE LIGHTS,3
TELEVISION AGE,1,"DESTINY'S CHILD - INDEPENDENT WOMEN, PART 1",3
THE ANXIETY,1,DESTINY'S CHILD - EMOTION,3
GENGAHR,1,"ARIANA GRANDE - YES, AND?",3
PA SALIEU,1,ARIANA GRANDE - SIDE TO SIDE,3
AKA KELZZ,1,ARIANA GRANDE - WE CAN'T BE FRIENDS,3
BAS,1,ARIANA GRANDE - DANGEROUS WOMAN,3
MIYA FOLICK,1,IRON MAIDEN - RUN TO THE HILLS,3
SEINABO SEY,1,LIZZO - LOVE IN REAL LIFE,3
ST. LUCIA,1,LIZZO - TRUTH HURTS,3
DAMONA,1,LAID BACK - BAKERMAN,3
ELL MURPHY,1,FUNKSTAR DELUXE - SUNSHINE REGGAE,3
PI JA MA,1,BELINDA CARLISLE - LEAVE A LIGHT ON,3
THOMAS HEADON,1,NOTHING BUT THIEVES - REAL LOVE SONG,3
TEMMIS,1,NOTHING BUT THIEVES - ITCH,3
PUSHA T,1,NOTHING BUT THIEVES - TOMORROW IS CLOSED,3
MILD MINDS,1,NOTHING BUT THIEVES - TIME :: FATE :: KARMA :: GOD,3
MARCUS MARR,1,NOTHING BUT THIEVES - CITY HAUNTS,3
BDRMM,1,NOTHING BUT THIEVES - SOMETHING ON MY MIND,3
SCHRAMM,1,DAMIAN LYNN - MEMORIES,3
SONN,1,DAMIAN LYNN - FEEL THE HEAT,3
PRESSYES,1,DAMIAN LYNN - BLINK OF AN EYE,3
SNAIL MAIL,1,AMY MACDONALD - DREAM ON,3
VYNK,1,TOTO - HOLYANNA,3
SL,1,CHARLIE ROE AND THE WASHING MACHINES - LIKE A KID,3
CHIP,1,LONG TALL JEFFERSON - GROWING UP TAKES A LIFETIME,3
RACHEL CHINOURIRI,1,WILLIAM WHITE - MISFIT,3
GEORGE FITZGERALD + LIL SILVA,1,WILLIAM WHITE - TAKE IT OR LEAVE IT,3
RAHEL,1,HEDGEHOG - LUFTGITARRA,3
JON BRYANT,1,MABEL - TURN ME UP,3
DELUSION,1,LUCA! - KEEP YOU WAITING,3
SAMY DELUXE,1,EILEEN ALISTER - KING BED,3
LIL UZI VERT,1,EILEEN ALISTER - PAPERHEARTS,3
HENJILA,1,PILAR VEGA - GLOW,3
CHARLIE HOUSTON,1,ADMIRAL JAMES T - I'M A GONNA BE READY,3
SURMA,1,FUSE ODG - LIGHT IT UP,3
BLACK ZONE ENSEMBLE,1,ELECTRIC BLANKET - CITY LIGHTS,3
FEDERICO ALBANESE,1,TATUM RUSH - GOTTA GOOD CHANCE,3
SARA WATKINS,1,LUCA APRILE - HEAD UP HIGH,3
REINEL BAKOLE,1,ROCKY WOOD - ENOUGH,3
CRAYON,1,JP COOPER - SEPTEMBER SONG,3
GRACY HOPKINS,1,THE DURUTTI COLUMN - THE FIELD,3
MARSMOBIL,1,CAROLINE POLACHEK - SUNSET,3
BELAU,1,MADI DIAZ - HEAVYWEIGHT,3
SAYA NOÉ,1,ROYAL BLOOD - LITTLE MONSTER,3
MOOMIN,1,TWO DOOR CINEMA CLUB - LUCKY,3
EEE GEE,1,TWO DOOR CINEMA CLUB - I CAN TALK,3
HARVEY SUTHERLAND,1,TWO DOOR CINEMA CLUB - SURE ENOUGH,3
SEAROWS,1,MAHMOOD - SEMPRE / JAMAIS,3
POPPY FUSÉE,1,EMILEE - ILY,3
YOSTE,1,THE OFFSPRING - PRETTY FLY (FOR A WHITE GUY),3
BJ THE CHICAGO KID,1,GUNS N' ROSES - KNOCKIN' ON HEAVENS DOOR,3
BSÍ,1,SHANIA TWAIN - MAN! I FEEL LIKE A WOMAN!,3
ZIGGY ALBERTS,1,SHANIA TWAIN - FOREVER AND FOR ALWAYS,3
IMPORT EXPORT,1,OLLY MURS - TROUBLEMAKER,3
THE BUGGS,1,JAMES MORRISON - I WON'T LET YOU GO,3
NI'JAH,1,THE STREETS - BLINDED BY THE LIGHTS,3
KIRBY,1,ADELE - RUMOUR HAS IT,3
THE HOWL,1,WHITNEY HOUSTON - GREATEST LOVE OF ALL,3
THE HUM,1,KELIS - MILKSHAKE,3
SIR SLY,1,SIDO - MEIN BLOCK (REMIX),3
TAM,1,BLOSSOMS - CHARLEMAGNE,3
BAE.CON,1,BLOSSOMS - THE HONEYMOON,3
DRUNKEN MASTERS,1,DANITSA - CAPTAIN,3
FILOUS,1,SHAGGY - IN THE SUMMERTIME,3
CHRISTINE,1,SHAGGY - WARN DEM,3
THE QUEENS,1,BLINK-182 - STAY TOGETHER FOR THE KIDS,3
ANOKI,1,BLINK-182 - WHAT'S MY AGE AGAIN,3
GABRIEL BLACK,1,KEANE - TRY AGAIN,3
SOFI DE LA TORRE,1,"ACE OF BASE - ALWAYS HAVE, ALWAYS WILL",3
BÜLOW,1,HALSEY - WITHOUT ME,3
NAIKE,1,HALSEY - STAY WITH ME,3
ADIA,1,DODO - WAS DU LIEBST,3
JESSE5K,1,DODO - HIPPIE-BUS,3
BOY SODA,1,DODO - ZÜRIMAA,3
FYFE,1,TOPIC - YOUR LOVE,3
ISKRA STRINGS,1,NECKLESS - SALAD DAYS,3
DJ SCRATCH,1,NATIV - SIRA,3
EBONY BONES,1,NATIV - JORJA SMITH,3
ROBERT GLASPER,1,LEVIN - RUNAWAYS,3
DJ SEINFELD,1,DENHAM SMITH - FREEDOM OF SPEECH,3
LISS,1,SANTANA - BLACK MAGIC WOMAN,3
MANSIONAIR,1,WYCLEF JEAN - MARIA MARIA,3
JULIANNA TOWNSEND,1,STAHLBERGER - IMMER WIEDER USE,3
ANDREW HUANG,1,CELINE HALES - NOT YOUR PROBLEM,3
LYRIC JONES,1,PAU MUELLER - LOKERA,3
VIC MENSA,1,FABER - SO SOLL ES SEIN,3
M.ANIFEST,1,URSINA - TUT SEMIDA,3
EIVØR,1,RADIOHEAD - 2 2 = 5,3
ÁSGEIR,1,SABRINA - BOYS,3
LANA LUBANY,1,A-HA - CRYING IN THE RAIN,3
BROKEN SOCIAL SCENE,1,ROSALIA - BLINDING LIGHTS,3
CLAIRE ROSINKRANZ,1,ROSALIA - BESO,3
BLVK JVCK,1,ROSALIA - BAREFOOT IN THE PARK,3
MIDDLE KIDS,1,HUGEL - 1LIVE MOVING MIX,3
PARQUET COURTS,1,BEES - ICE 2 WATER,3
FEWS,1,STRYV - POSITIONS,3
MUSTBEJOHN,1,MOLIY - SHAKE IT TO THE MAX,3
ALLIGATOAH,1,SILENT ADDY - SHAKE IT TO THE MAX,3
FRED DURST,1,SILENT ADDY - SHAKE IT TO THE MAX (FLY) (REMIX),3
UNKNOWN T,1,ZARTMANN - NIEMAND,3
BAD OMENS,1,TOM ODELL - CAN'T PRETEND,3
LAKE MALAWI,1,TOM ODELL - I KNOW,3
VANJESS,1,SHENSEEA - SHAKE IT TO THE MAX (FLY) (REMIX),3
KYLE DION,1,THE BEAUTIFUL SOUTH - YOU KEEP IT ALL IN,3
AILBHE REDDY,1,BLONDIE - DENIS,3
MAIA WRIGHT,1,AMANDA MARSHALL - FALL FROM GRACE,3
FOLAMOUR,1,STROMAE - TOUS LES MÊMES,3
L:LUCID,1,DOTAN - HOME,3
NAROU WITH AT THE CRIB,1,RAUW ALEJANDRO - BAILA CONMIGO,3
TTRRUUCES,1,RAUW ALEJANDRO - QUÉ PASARÍA...,3
SAN HOLO,1,AEROTIQUE - HIT THE GROUND,3
LIZA ANNE,1,LAURA BILGERI - WAS DU LIEBST,3
PAPER IDOL,1,SKYLER - DON'T NEED YOUR LOVE,3
KELE,1,GIGI D'AGOSTINO - HOLLYWOOD,3
DORNIK,1,SNOOK - BAZEGNER BOUNZZA,3
BARNEY ARTIST,1,LUCIO CORSI - VOLEVO ESSERE UN DURO,3
KORDZ,1,SHAKEDOWN - AT NIGHT,3
KUOKO,1,FAR CASPIAN - DITCH,3
LET’S EAT GRANDMA,1,ARCTIC MONKEYS - FROM THE RITZ TO THE RUBBLE,3
TRIBEZ,1,ARCTIC MONKEYS - WHEN THE SUN GOES DOWN,3
J.LAMOTTA,1,ARCTIC MONKEYS - DO I WANNA KNOW?,3
KELELA,1,ARCTIC MONKEYS - CRYING LIGHTNING,3
TOSCA,1,ARCTIC MONKEYS - WHY'D YOU ONLY CALL ME WHEN YOU'RE HIGH,3
OWEN,1,MISTAJAM - IF YOU REALLY LOVE ME,3
NNOA,1,JOHN NEWMAN - IF YOU REALLY LOVE ME,3
EDWARD VANZET,1,THE HOOTERS - ALL YOU ZOMBIES,3
FRANCIS AND THE LIGHTS,1,OF MONSTERS AND MEN - ORDINARY CREATURE,3
TALKING TO TURTLES,1,MASSIVE ATTACK - PARADISE CIRCUS,3
JAMIE ISAAC,1,BENEE - ANIMAL,3
KESHAVARA,1,BENEE - DO IT AGAIN,3
CALEXICO,1,DE LA SOUL - RING RING RING,3
SLOWDIVE,1,DE LA SOUL - FEEL GOOD INC.,3
LÙISA,1,THE ASTEROIDS GALAXY TOUR - AROUND THE BEND,3
MALTA MINA,1,ROBERT PALMER - ADDICTED TO LOVE,3
LEYLA BLUE,1,ROBERT PALMER - I'LL BE YOUR BABY TONIGHT,3
ELLIPHANT,1,LINDA ELYS - HOUSE ON FIRE,3
THE M MACHINE,1,PARAMORE - HARD TIMES,3
ANTIHELD,1,PARAMORE - BRICK BY BORING BRICK,3
HILDEGARD KNEF,1,PARAMORE - AIN'T IT FUN,3
$UICIDEBOY$,1,THE BIANCA STORY - NEON SAND,3
AMADOU,1,THE BIANCA STORY - LAZY BOY,3
MARIAM,1,THE BIANCA STORY - FLY,3
TV GIRL,1,BARON.E - DANSER DANS LE NOIR,3
DEVO,1,MITSKI - MY LOVE MINE ALL MINE,3
LALOBA,1,PATTI SMITH - BECAUSE THE NIGHT,3
ALEX MAYR,1,NICO - THAT'S HOW YOU KNOW,3
TIM TAUTORAT,1,HETHER - FALLING FOR THE FEELING,3
MURA MASA FT. A$AP ROCKY,1,FONTAINES D.C - BUG,3
GOLDEN VESSEL,1,FONTAINES D.C - IT'S AMAZING TO BE YOUNG,3
KENNEDI,1,NEW ORDER - BLUE MONDAY,3
JOSH,1,NEW ORDER - BLUE MONDAY '88,3
ERTHLINGS,1,FAVEZ - LIVING IN THE PAST,3
DIVES,1,SKUNK ANANSIE - HEDONISM (JUST BECAUSE YOU FEEL GOOD),3
KAREEM KALOKOH,1,JEREMY LOOPS - WAVES,3
CATFISH,1,FLEETWOOD MAC - HOLD ME,3
THE BOTTLEMEN,1,KALLES KAVIAR - OOH OOH YEAH YEAH,3
SATARII,1,MICHAEL SCHULTE - FOR A SECOND,3
PRESS CLUB,1,MICHAEL SCHULTE - KEEP ME UP,3
MISHA,1,R3HAB - SUNNY,3
JORDAN ASTRA,1,NICKI MINAJ - SIDE TO SIDE,3
KAPOK,1,NICKI MINAJ - STARSHIPS,3
COLD SPECKS,1,DJ ANTOINE - MA CHÉRIE,3
HONNY,1,DJ ANTOINE - MA CHERIE,3
ELLE VALENCI,1,PATRICK BISHOP - JULIA,3
CHRIS JAMES,1,PABLO INFERNAL - THE END,3
DOM MCALLISTER,1,HANRETI - SONGBIRD,3
VIOLA BEACH,1,BEBE REXHA - THAT'S HOW YOU KNOW,3
DIZZY,1,NULL - WHERE I WAIT,3
IDK,1,VOID - WHERE I WAIT,3
GRIFF,1,DAVE GAHAN - WHERE I WAIT,3
TIM AYRE,1,BEN BÖHMER - HIDING,3
DARJEELING,1,LYKKE LI - HIDING,3
BONZAI,1,LYKKE LI - I'M GOOD I'M GONE,3
RUM FOR BREAKFAST,1,VANITY FAIRY - QUEEN OF QUEENS,3
MY IDEA,1,LUCY DACUS - BODY TO FLAME,3
ROBBIE MILLER,1,KINGS OF LEON - ON CALL,3
GRETA STANLEY,1,BON IVER - THINGS BEHIND THINGS BEHIND THINGS,3
LERICHE,1,TOM WALKER - SUN WILL SHINE,3
PANAMA,1,TOM WALKER - FREAKING OUT,3
BILLY VENA,1,BENNETT - VOIS SUR TON CHEMIN,3
JETTA,1,THE CARDIGANS - MY FAVOURITE GAME,3
YOUNG THE GIANT,1,FRIENDLY FIRES - SKELETON BOY,3
CHAMPYONS,1,TIESTO - THE MOTTO,3
ELA MINUS,1,JENNIFER WARNES - UP WHERE WE BELONG,3
MERCI MERCY,1,GREEN DAY - LAST OF THE AMERICAN GIRLS,3
STEAL A TAXI,1,DAVEY6000 - COOL KIDS,3
PURPLE ZIPPERS,1,BARENAKED LADIES - IT'S ALL BEEN DONE,3
PINK SWEAT$,1,MILOW - YOU AND ME (IN MY POCKET),3
THE FRANKLIN ELECTRIC,1,MILOW - LITTLE IN THE MIDDLE,3
GUILTYBEATZ,1,ANASTACIA - STUPID LITTLE THINGS,3
GAIDAA,1,DAFT PUNK - INSTANT CRUSH,3
TINPAN ORANGE,1,DAFT PUNK - HARDER BETTER FASTER STRONGER,3
GASPAR NARBY,1,JAX JONES - I GOT U,3
JOJI,1,EMILÍANA TORRINI - JUNGLE DRUM,3
TIGA,1,RANDY NEWMAN - YOU'VE GOT A FRIEND IN ME,3
PARTYNEXTDOOR,1,MC HAMMER - U CAN'T TOUCH THIS (YOU CAN'T TOUCH THIS),3
GARETH DONKIN,1,MARPHIL - HIT THE GROUND,3
APPARAT,1,CIRCA WAVES - CARRY YOU HOME,3
SON LUX,1,CIRCA WAVES - WE MADE IT,3
KIAH VICTORIA,1,ELIAS BERTINI - AWKWARD,3
HIATUS KAIYOTE,1,BATBAIT - IN THE PIT,3
OMAR APOLLO,1,EARL SWEATSHIRT - TOURMALINE,3
ELUJAY,1,ROYEL OTIS - MURDER ON THE DANCE FLOOR,3
PORCHES,1,REX ORANGE COUNTY - KEEP IT UP,3
ED PROSEK,1,SIMEON - FURT VO HIE,3
RAY NOVACANE,1,ERIC CLAPTON - I AIN'T GONNA STAND FOR IT,3
SOPHIE MEIERS,1,ERIC CLAPTON - LAY DOWN SALLY,3
SYD,1,ERIC CLAPTON - MY FATHER'S EYES,3
RUBY,1,GLASS ANIMALS - POOLS,3
HAZEL,1,GLASS ANIMALS - HAZEY,3
STINA HOLMQUIST,1,GLASS ANIMALS - TANGERINE,3
VICTOR SOLF,1,MANDO DIAO - GLORIA,3
ZEFIRE,1,COLBIE CAILLAT - FALLIN' FOR YOU,3
TOMMY NEWPORT,1,YES I'M VERY TIRED NOW - SHINING LIGHTS,3
GEORGE THE POET AND MAVERICK SABRE,1,COLIBRI - ON & ON,3
ANNA HAUSS,1,R.CITY - JENNIE,3
YUNO,1,BORI - JENNIE,3
WESLEY JOSEPH,1,NE-YO - HATE THAT I LOVE YOU,3
KAH-LO,1,NE-YO - PLAY HARD,3
KAINALU,1,SUPERTRAMP - DREAMER,3
DRENS,1,SUPERTRAMP - SCHOOL,3
WIKI,1,ME AND MARIE - ANOTHER PLACE TO GO,3
KAMASI WASHINGTON EVERYTHING IS RECORDED,1,CHARLI XCX - 360,3
KATY J PEARSON,1,TY DOLLA SIGN - SWALLA,3
CHILDCARE,1,TANANAI - STORIE BREVI,3
LISER,1,ANNALISA - STORIE BREVI,3
LANIKAI,1,OUTKAST - THE WAY YOU MOVE,3
VIJI,1,SMOKE CITY - UNDERWATER LOVE,3
NINJA KIDSOUL,1,CREED - MY SACRIFICE,3
MIA WRAY,1,CREED - WITH ARMS WIDE OPEN,3
LOW HUMMER,1,DURAN DURAN - THE REFLEX,3
SOFTEE,1,THE VACCINES - MINIMAL AFFECTION,3
HORST WEGENER,1,THE VACCINES - IF YOU WANNA,3
HALLER,1,SIMPLE MINDS - SHE'S A RIVER,3
COSMO'S MIDNIGHT,1,MINUS 8 - TELL ME,3
KAI,1,REDONE - DON'T YOU NEED SOMEBODY,3
ELI PREISS,1,RETO BURRELL - COUNTING MILES,3
HEARTWORMS,1,SAMPHA - SPIRIT 2.0,3
LOUS AND THE YAKUZA,1,ROXY MUSIC - OH YEAH!,3
MIKE NASA,1,ATB - YOUR LOVE,3
JOYCE WRICE,1,A7S - YOUR LOVE,3
STANOVSKY,1,ERA ISTREFI - PRISONER,3
TÓKE,1,WOODKID - RUN BOY RUN,3
LONGUS MONGUS,1,S'EXPRESS - THEME FROM S'EXPRESS,3
HISTORY OF SUGAR,1,EMELI SANDÉ - WHAT I DID FOR LOVE,3
IVY SOLE,1,INNER CIRCLE - ROCK WITH YOU,3
FRUM,1,MR. PROBZ - WAVES (ROBIN SCHULZ MIX),3
MASKED WOLF,1,ZUCCHERO - MY LOVE,3
ANNE SUU,1,THE TWO ROMANS - WE'LL BE YOUNG,3
ISLAND,1,GORILLAZ - FEEL GOOD INC,3
MIRADOR,1,GORILLAZ - MELANCHOLY HILL,3
HARRY DEAN LEWIS,1,G-EAZY - ROCK N ROLL (MATT SASSARI REMIX),3
JOE TRAXLER,1,THE ROOTS - THE SEED,3
NEON NEET,1,THE ROOTS - YOU GOT ME,3
ISLAND FOX,1,PULP - COMMON PEOPLE,3
YUNG GRAVY,1,PASSENGER - THINGS THAT STOP YOU DREAMING,3
ELENA STERI,1,ANNIE LENNOX - WHY,3
TUVABAND,1,GIANT ROOKS - BEDROOM EXILE,3
AGES AND AGES,1,GIANT ROOKS - PINK SKIES,3
LLUSION,1,GIANT ROOKS - HEAT UP,3
ROSA LEE LUNA,1,GENTLEMAN - WARN DEM,3
BROTHERS OF SANTA CLAUS,1,THE TEMPER TRAP - LOVE LOST,3
FRANKIE COSMOS,1,THE TEMPER TRAP - SCIENCE OF FEAR,3
WILLIAM FITZSIMMONS,1,THE TEMPER TRAP - FADER,3
SCOTCH,1,ROCCO HUNT - MUSICA ITALIANA,3
WATER,1,BIG THIEF - SIMULATION SWARM,3
LAMBCHOP,1,NEON TREES - SLEEPING WITH A FRIEND,3
ORBIT,1,NYLA - LIGHT IT UP,3
MILES BONY,1,WILLOW SAGE HART - COVER ME IN SUNSHINE,3
WOODEN PEAK,1,SPICE GIRLS - 2 BECOME 1 (TWO BECOME ONE),3
CHARLOTTE BRANDI,1,EL PROFESOR - BELLA CIAO,3
THE UNDERCOVER DREAM LOVERS WITH DEADMEN,1,WHEN THEY WAKE - SATELLITES,3
KOMMODE,1,AYMEN - 30 MAL AM TAG,3
EMMA BALE,1,"ABBA - MONEY, MONEY, MONEY",3
MATIJA,1,ABBA - WATERLOO,3
AZEKEL,1,ABBA - FERNANDO,3
JADA KINGDOM,1,ABBA - I HAVE A DREAM,3
OSCAR LANG,1,ABBA - DON'T SHUT ME DOWN,3
WILEY,1,ABBA - MAMMA MIA,3
BOU,1,ARLO PARKS - WEIGHTLESS,3
GENE,1,ARLO PARKS - BLACK DOG,3
AMARU,1,GEORGE HARRISON - MY SWEET LORD,3
GRINGO BAMBA,1,SOFFIE - FÜR IMMER FRÜHLING,3
MARTEN LOU,1,SOFFIE - GEZEITEN,3
APHEX TWIN,1,ELVIS PRESLEY - A LITTLE LESS CONVERSATION,3
VICTONY,1,ELVIS PRESLEY - SUSPICIOUS MINDS,3
TEMPOE,1,CORNERSHOP - BRIMFUL OF ASHA,3
ASAKE,1,BARRIO COLETTE - FILLES GARCONS,3
Y 68,1,DEL AMITRI - ALWAYS THE LAST TO KNOW,3
ODYMEL,1,ALT-J - BREEZEBLOCKS,3
TINLICKER,1,ALT-J - EVERY OTHER FRECKLE,3
HELSLOOT,1,WHITE TOWN - YOUR WOMAN,3
JENEVIEVE,1,SHERYL CROW - IF IT MAKES YOU HAPPY,3
DAVID PUENTEZ NIKLAS DEE,1,FOALS - CASSIUS,3
INDY,1,PULL N WAY - ANYTHING,3
PARIS HILTON,1,PULL N WAY - YOU AND ME,3
STÜBA PHILHARMONIE,1,MR. MIKE - TO THE MOON PLEASE,3
NOIZU,1,WIR SIND HELDEN - SOUNDSO,3
DJ TONKA,1,THE GUESS WHO - AMERICAN WOMAN,3
SWIM DJ HEARTSTRING,1,DEZABEL - WHEN IT COMES TO YOU,3
METRO BOOMIN',1,KIM WILDE - CHEQUERED LOVE,3
INK,1,OLIVER SIM - OBSESSION,3
MOGUAI,1,THE WHITE STRIPES - SEVEN NATION ARMY,3
SALUTE,1,THE WHITE STRIPES - 7 NATION ARMY,3
SUPERMODE,1,LIMP BIZKIT - TAKE A LOOK AROUND,3
DONAE'O,1,KLANGKARUSSELL - HOLY FATHER,3
CUPIDO,1,PHOENIX - LISZTOMANIA,3
ELLA EYRE ALOK,1,HAYLEY WILLIAMS - GLUM,3
NEVER DULL,1,MADCON - ONE LIFE,3
MARTEN HØRGER,1,EIFFEL 65 - BLUE,3
SON OF SON ANYMA,1,THE HIVES - WON'T BE LONG,3
DJ KOZE,1,BILLY RAY CYRUS - OLD TOWN ROAD,3
JVKE; TILLY BIRDS; JOHN MICHAEL HOWELL,1,BILLY RAY CYRUS - ACHY BREAKY HEART,3
ANTDOT MAZ,1,TAKE THAT - RELIGHT MY FIRE,3
GINTON,1,TAKE THAT - NEVER FORGET,3
LAYEFA,1,THE ROLLING STONES - ANYBODY SEEN MY BABY?,3
JOSI MILLER,1,THE ROLLING STONES - ROUTE 66,3
ZAK ABEL,1,THE ROLLING STONES - HARLEM SHUFFLE,3
UNDERCOVER,1,CASH CASH - CAN WE PRETEND,3
MOONLIGHT,1,MOLOKO - THE TIME IS NOW,3
TWENTY 4 SEVEN,1,TAWNEE - UNTIED,3
DEAN LEWIS ZOE WEES,1,JASON MRAZ - THE REMEDY (I WON'T WORRY),3
MARC RONSON,1,MOBY - WHY DOES MY HEART FEEL SO BAD,3
SOPHIE B HAWKINS,1,MOBY - WHY DOES MY HEART FEEL SO BAD?,3
MARC SCIBILIA,1,MOBY - EXTREME WAYS,3
ROLF ZUCKOWSKI,1,NINA CHUBA - RAGE GIRL,3
NIELS,1,NINA CHUBA - FARBENBLIND,3
PAUL VAN DYK TOPIC,1,NINA CHUBA - NINA,3
CHAKA DEMUS AND PLIERS WITH JACK RADICS,1,LILY CLAIRE - BRETAGNE,3
TAXI GANG,1,EROS RAMAZZOTTI - MA CHE BELLO QUESTO AMORE,3
MASON RAMSEY,1,UDO LINDENBERG - CELLO,3
2 UNLIMITED,1,UDO LINDENBERG - PLAN B,3
THE MAVERICKS,1,VAMPIRE WEEKEND - HORCHATA,3
WIND EARTH,1,BRONSKI BEAT - WHY,3
LUCENZO DON OMAR,1,SWEDISH HOUSE MAFIA - RAY OF SOLAR,3
BRYN CHRISTOPHER,1,SWEDISH HOUSE MAFIA - HEAVEN TAKES YOU HOME,3
THE CAESARS,1,DIPLO - ON MY MIND,3
,,PETER SCHILLING - TERRA TITANIC,3
,,GIANNA NANNINI - FOTOROMANZA,3
,,GIANNA NANNINI - I MASCHI,3
,,LEON BRIDGES - ELEGANTLY WASTED,3
,,JAMIE XX - LOUD PLACES,3
,,JAMIE XX - I KNOW THERE'S GONNA BE,3
,,COOLIO - C U WHEN U GET THERE,3
,,DRAKE - HOTLINE BLING,3
,,DRAKE - PASSIONFRUIT,3
,,DIRE STRAITS - CALLING ELVIS,3
,,DIRE STRAITS - BROTHERS IN ARMS,3
,,NOTI WÜMIE - DIE STRASS WON I DRAN WOHNE,3
,,FIL BO RIVA - BLACK & BLUE,3
,,FIL BO RIVA - MODERN MELANCHOLIA,3
,,ECHT - WEINST DU,3
,,AURORA - THE FLOOD,3
,,AURORA - HEARTS INTUITION,3
,,TEGAN AND SARA - WHERE DOES THE GOOD GO,3
,,BEATSTEAKS - MEANTIME,3
,,TACABRO - TACATA,3
,,MICHAEL VON DER HEIDE - HOLE IN MY HEART,3
,,EVE GALLAGHER - HOLE IN MY HEART,3
,,RILO KILEY - SILVER LINING,3
,,JULI - REGEN UND MEER,3
,,JULI - WARUM,3
,,JUSTIN JESSO - GETTING CLOSER,3
,,JUSTIN JESSO - UNREASONABLE,3
,,DEICHKIND - WIE DENN?,3
,,REO SPEEDWAGON - KEEP THE FIRE BURNIN',3
,,DIANA ROSS - YOU CAN'T HURRY LOVE,3
,,MANESKIN - BEGGIN',3
,,JAMIE N COMMONS - DON'T YOU KNOW,3
,,JOY DENALANE - MIT DIR,3
,,OEHL - I LOVE YOU,3
,,PINKPANTHERESS - CAPABLE OF LOVE,3
,,PLACEBO - SONG TO SAY GOODBYE,3
,,TIMBALAND - MARCHIN ON,3
,,TIMBALAND - SEXYBACK,3
,,TIMBALAND - PROMISCUOUS,3
,,STARLEY - CALL ON ME,3
,,EDITORS - PAPILLON,3
,,REDNEX - COTTON EYE JOE,3
,,REDNEX - COTTON EYE JOE (COTTON-EYED JOE),3
,,REDNEX - WISH YOU WERE HERE,3
,,STEALERS WHEEL - STUCK IN THE MIDDLE WITH YOU,3
,,SANDRO CAVAZZA - ALL FOR LOVE,3
,,AKON - PLAY HARD,3
,,HERBERT GRÖNEMEYER - KINDER AN DIE MACHT,3
,,ATOMIC KITTEN - IT'S OK!,3
,,KELVIN JONES - PIANO,3
,,KENNY LOGGINS - FOOTLOOSE - ORIGINAL MOTION PICTURE SOUNDTRACK,3
,,RONAN KEATING - IF TOMORROW NEVER COMES,3
,,LENA - DON'T LIE TO ME,3
,,RICHARD MARX - SATISFIED,3
,,AURA DIONE - GERONIMO,3
,,P!NK - SOBER,3
,,RICK ASTLEY - TAKE ME TO YOUR HEART,3
,,BEYONCÉ - BEST THING I NEVER HAD,3
,,BEYONCÉ - SINGLE LADIES - PUT A RING ON IT,3
,,CHARLES - WOULD I LIE TO YOU ?,3
,,EDDIE - WOULD I LIE TO YOU ?,3
,,LISA STANSFIELD - IF I HADN'T GOT YOU,3
,,CAMILO - KESI (REMIX),3
,,MEAT LOAF - MODERN GIRL,3
,,DOECHII - I HATE YOUR EX-GIRLFRIEND,3
,,DONNA SUMMER - THIS TIME I KNOW IT'S FOR REAL,3
,,REAMONN - MOMENTS LIKE THIS,3
,, - WHERE THE WILD ROSES GROW,3
,, - DJN FUN SDR NICO SCHMIDT 17,3
,, - DJN FUN SDR NICO SCHMIDT 15,3
,, - SNIPPED / PINKPANTHERESS / VIRALER SOUND / TIKTOK,3
,, - HOOK - NINA CHUBA - WILDBERRY LILLET,3
,,BILLY JOEL - DON'T ASK ME WHY,3
,,BILLY JOEL - TELL HER ABOUT IT,3
,,ONE REPUBLIC - APOLOGIZE,3
,,GLASPERLENSPIEL - ECHT,3
,,GYM CLASS HEROES - LOVELY DAY (SUMMER TWIST LIST),3
,,SAM FELDT - MI AMOR,3
,,MARQUESS - SUAVECITO,3
,,MARQUESS - NO ME LLEVAS,3
,,RAYKUBA - SUAVECITO,3
,,TAIO CRUZ - WORLD IN OUR HANDS,3
,,CULTURE CLUB - IT'S A MIRACLE,3
,,MOSS KENA - FIREWORKS,3
,,SCORPIONS - ROCK YOU LIKE A HURRICANE,3
,,OLIVA - HOLY FATHER,3
,,PATRICE - SOULSTORM,3
,,APOLLO FOUR FORTY - AIN'T TALKIN' 'BOUT DUB,3
,,WHAM - CLUB TROPICANA,3
,,WHAM - FREEDOM,3
,,KOOL - LADIES NIGHT,3
,,THE GANG - LADIES NIGHT,3
,,SOPHIE - IN THE DARK,3
,,SOPHIE - HYPNOTIZED,3
,,PRINCE ITAL. JOE - UNITED,3
,,MÜNCHENER FREIHEIT - OHNE DICH (SCHLAF' ICH HEUT NACHT NICHT EIN),3
,,LIONEL RICHIE - DO IT TO ME,3
,,VINZ - THAT'S HOW YOU KNOW,3
,,NENA - NUR GETRÄUMT,3
,,N'SYNC - BYE BYE BYE,3
,,STATUS QUO - WHATEVER YOU WANT,3
,,ALEX MAX BAND - TONIGHT,3
,,TIBERIO - BELLA CIAO,3
,,CAPITAL CITIES - KANGAROO COURT,3
,,KATE BUSH - WUTHERING HEIGHTS,3
,,KATE BUSH - BABOOSHKA,3
,,NICK CAVE - WHERE THE WILD ROSES GROW,3
,,THE BAD SEEDS - WHERE THE WILD ROSES GROW,3
,,ELEVATOR BOYS - CALIFORNIA,3
,,"BAKAR - RIGHT HERE, FOR NOW",3
,,JVKE - MI AMOR,3
,,JVKE - THIS IS WHAT SPACE FEELS LIKE,3
,,ANITTA - MI AMOR,3
,,ROMAN LOB - STANDING STILL,3
,,CEE LO GREEN - AUFSTEHN,3
,,CLOUDY JUNE - RETAIL THERAPY,3
,,JOHN FARNHAM - AGE OF REASON,3
,,JOHN FARNHAM - TWO STRONG HEARTS,3
,,JOHN FARNHAM - PRESSURE DOWN,3
,,MGK - SWEET CORALINE,3
,,ERIC CARMEN - ALL BY MYSELF,3
,,ALL 4 ONE - I SWEAR,3
,,CEDRIC GERV - WOULD I LIE TO YOU,3
,,BORMIN' - BREAK YOUR HEART,3
,,JOYCE SIMS - COME INTO MY LIFE,3
,,MØ - WHO SAID,3
,,DUKE DUMONT - SOMETHING ON MY MIND,3
,,BLACK KAPPA - DICKES B,3
,,MONTEZ - ZUSAMMEN,3
,,ELIF - ZUSAMMEN,3
,,KONTRA K - ZUSAMMEN,3
,,JEFF BUCKLEY - HALLELUJAH,3
,,PURPLE - PARADISE,3
,,NELLY FUR - BROKEN STRINGS,3
,,JOHN NEWMA - BLAME,3
,,FURY IN THE SLAUGHTERHOUSE - TIME TO WONDER,3
,,FURY IN THE SLAUGHTERHOUSE - SORROWLAND,3
,,TOTEN HOSEN - ALLES AUS LIEBE,3
,,LOS LOBOS - LA BAMBA,3
,,LAS KETCHUP - THE KETCHUP SONG (ASEREJE),3
,,LAS KETCHUP - THE KETCHUP SONG (ASEREJÉ),3
,,WISIN - DUELE EL CORAZÓN,3
,,JOSE DE RICO - RAYOS DE SOL,3
,,MIAMI SOUND MACHINE - BAD BOY,3
,,VILLAGE PEOPLE - Y.M.C.A.,3
,,LA ROUX - UPTIGHT DOWNTOWN,3
,,MARIA MENA - ALL THIS TIME (PICK-ME-UP SONG),3
,,ELLA EYRE - DOMINO SZN,3
,,HONEY WA - ICE 2 WATER,3
,,SYDNEY YOUNGBLOOD - SIT AND WAIT,3
,,SHEILA - SPACER,3
,,CAPTAIN SENSIBLE - WOT,3
,,BILLY OCEAN - LOVE REALLY HURTS WITHOUT YOU,3
,,"BILLY OCEAN - GET OUTTA MY DREAMS, GET INTO MY CAR",3
,,SHEILA E - A LOVE BIZARRE,3
,,DON JOHNSON - TELL IT LIKE IT IS,3
,,BAP - VERDAMP LANG HER,3
,,SPIDER MURPHY GANG - SKANDAL IM SPERRBEZIRK,3
,,BERLIN - TAKE MY BREATH AWAY,3
,,HELEN SCHNEIDER - ROCK 'N' ROLL GYPSY,3
,,SANDRA - AROUND MY HEART,3
,,SANDRA - ONE MORE NIGHT,3
,,DAVID HASSELHOFF - LOOKING FOR FREEDOM,3
,,NEW MODEL ARMY - VAGABONDS,3
,,NEW MODEL ARMY - 51ST STATE,3
,,THE MEDICS - SPIRIT IN THE SKY,3
,,MICHAEL BUBLÉ - EVERYTHING,3
,,RUN-D.M.C - WALK THIS WAY,3
,,BENNY BLANCO - TALK,3
,,SIGRID - BORDERLINE,3
,,SIGRID - FORT KNOX,3
,,THE EMERALD EXPRESS - COME ON EILEEN,3
,,MAXIMO PARK - APPLY SOME PRESSURE,3
,,MAXIMO PARK - GIRLS WHO PLAY GUITARS,3
,,MAXIMO PARK - LEAVE THIS ISLAND,3
,,THE CORRS - SUMMER SUNSHINE,3
,,MIKE PERRY - OCEAN,3
,,SHY MARTIN - OCEAN,3
,,KATZENJAMMER - ROCK-PAPER-SCISSORS,3
,,LONDONBEAT - A BETTER LOVE,3
,,STEREO MC'S - CONNECTED,3
,,IL CIVETTO - RIO-REISER-PLATZ,3
,,URING VICTORIA BERGSMAN - YOUNG FOLKS,3
,,SADE - NO ORDINARY LOVE,3
,,SAM MARTIN - DANGEROUS,3
,,LUKE CHRISTOPHER - LOT TO LEARN,3
,,COMMODORES - EASY,3
,,PORTISHEAD - GLORY BOX,3
,,PORTISHEAD - ROADS,3
,,STILTSKIN - INSIDE,3
,,ARETHA FRANKLIN WITH GEORGE MICHAEL - I KNEW YOU WERE WAITING (FOR ME),3
,,DOMINIC FIKE - GREAT PRETENDER,3
,,01099 - KÜSSEN,3
,,MUMFORD - THE CAVE,3
,,SONS - THE CAVE,3
,,LEAGUE OF LEGENDS - ENEMY,3
,,PUR - ABENTEUERLAND,3
,,OMD - SAILING ON THE SEVEN SEAS,3
,,OMD - MAID OF ORLEANS (JOAN OF ARC),3
,,BEN L'ONCLE SOUL - SEVEN NATION ARMY,3
,,LAURA PAUSINI - PRIMAVERA IN ANTICIPO (IT IS MY SONG) (AUSZUG),3
,,ÁLVARO SOLER - LA LIBERTAD,3
,,ÁLVARO SOLER - LA CINTURA,3
,,ÁLVARO SOLER - ANIMAL,3
,,BLANCO BROWN - THE GIT UP,3
,,ALIDA - ONE MORE TIME,3
,,SANTIGOLD - L.E.S. ARTISTES,3
,,"CHRISTOPHE MAÉ - DINGUE, DINGUE, DINGUE",3
,,"ISRAEL ""IZ"" KAMAKAWIWO'OLE - TITELFOLGE",3
,,BRYAN MCFADDEN - REAL TO ME,3
,,MARIT LARSEN - DON'T SAVE ME,3
,,MICK JAGGER - SWEET THING,3
,,JAMIE N. COMMONS - DON’T YOU KNOW,3
,,ABC - WHEN SMOKEY SINGS,3
,,N-SYNC - BYE BYE BYE,3
,,JILL SCOTT - YOU GOT ME,3
,,PRINCE AND THE REVOLUTION - RASPBERRY BERET,3
,,MUNGO JERRY - IN THE SUMMERTIME,3
,,DEF LEPPARD - LOVE BITES,3
,,AIR - CHERRY BLOSSOM GIRL,3
,,GABRIELLE - SUNSHINE,3
,,GUNS'N'ROSES - YOU COULD BE MINE,3
,,GUNS'N'ROSES - NOVEMBER RAIN,3
,,GUNS'N'ROSES - PARADISE CITY,3
,,SORAYA - SUDDENLY,3
,,BLACK - EVERYTHING'S COMING UP ROSES,3
,,MACY GRAY - I TRY,3
,,KID CUDI - MR. MIRACLE,3
,,TQ - WESTSIDE,3
,,JOHN MELLENCAMP - HUMAN WHEELS,3
,,LA VISION - HOLLYWOOD,3
,,ICH + ICH - SO SOLL ES BLEIBEN,3
,,DAUGHTRY - OVER YOU,3
,,DAUGHTRY - NO SURPRISE,3
,,JONATHAN JEREMIAH - GOOD DAY,3
,,BLINK 182 - ALL THE SMALL THINGS,3
,,RABO - TALK TO ME,3
,,ARCADE FIRE - NEIGHBOURHOOD #3 - POWER OUT,3
,,STYLES - JENNY FROM THE BLOCK,3
,,JADAKISS - JENNY FROM THE BLOCK,3
,,COMMON LINNETS - CALM AFTER THE STORM,3
,,HUEY LEWIS - HIP TO BE SQUARE,3
,,THE NEWS - HIP TO BE SQUARE,3
,,ASAF AVIDAN - ONE DAY (RECKONING SONG)(WANKELMUT RMX),3
,,GARY BARLOW - SHAME,3
,,RUEL - DANDELION,3
,,MYLÈNE FARMER - DÉSENCHANTÉE,3
,,DOUBLE YOU - PLEASE DON'T GO,3
,,BOB SEGER - ROLL ME AWAY,3
,,CHRISTINA PERRI - A THOUSAND YEARS,3
,,BRETT DENNEN - COMEBACK KID (THAT'S MY DOG),3
,,ANNENMAYKANTEREIT - TOMMI,3
,,ANNENMAYKANTEREIT - LASS ES KREISEN,3
,,ORCHESTRAL MANOEUVRES IN THE DARK - SAILING ON THE SEVEN SEAS,3
,,ORCHESTRAL MANOEUVRES IN THE DARK - FOREVER LIVE AND DIE,3
,,NIGHTMARES ON WAX - LES NUITS,3
,,RAUM27 - GEZEITEN,3
,,TOM PETTY AND THE HEARTBREAKERS - I WON'T BACK DOWN,3
,,FEIST - I FEEL IT ALL,3
,,FEIST - 1234,3
,,GOOD MEN GONE BAD - RÜCKENWIND,3
,,ALLE FARBEN FT. GRAHAM CANDY - SHE MOVES (FAR AWAY),3
,,KID INK - THAT'S HOW YOU KNOW,3
,,FUGEES (TRANZLATOR CREW) - FU-GEE-LA,3
,,OLLIE GABRIEL - RUNNING MAN,3
,,GRACE JONES - I'VE SEEN THAT FACE BEFORE,3
,,ENNIO - KIPPE,3
,,FIVE - KEEP ON MOVIN',3
,,AJR - WEAK,3
,,SELIG - OHNE DICH,3
,,E. M. F - UNBELIEVABLE,3
,,SABRINA SETLUR - DU LIEBST MICH NICHT,3
,,POWFU - WALLFLOWER,3
,,BEAGLE MUSIC LTD - ICE IN THE SUNSHINE,3
,,DOLLS UNITED - EINE INSEL MIT ZWEI BERGEN,3
,,ANAÏS - BERLIN CITY GIRL,3
,,ANAÏS - DIOR SAUVAGE,3
,,TORI AMOS - PROFESSIONAL WIDOW,3
,,BILLY TALENT - FALLEN LEAVES,3
,,ROSENSTOLZ - LIEBE IST ALLES,3
,,S CLUB 7 - DON'T STOP MOVIN',3
,,NELSON - I CAN'T LIVE WITHOUT YOUR LOVE AND AFFECTION,3
,,DOLLY PARTON - 9 TO 5,3
,,GEORGE - I KNEW YOU WERE WAITING (FOR ME),3
,,CHRISTOPHER CROSS - SAILING,3
,,MIKE OLDFIELD; MAGGIE REILLY - TO FRANCE,3
,,POINTER SISTERS - JUMP (FOR MY LOVE),3
,,POINTER SISTERS - FIRE,3
,,ALISON MOYET - FOR YOU ONLY,3
,,"CHRIS DEBURGH - THE WORDS ""I LOVE YOU""",3
,,CHRIS DEBURGH - BY MY SIDE,3
,,EAGLES - NEW KID IN TOWN,3
,,EAGLES - HOTEL CALIFORNIA,3
,,EAGLES - LOVE WILL KEEP US ALIVE,3
,,CARLY SIMON - ALL I WANT IS YOU,3
,,HOT CHOCOLATE - EMMA,3
,,GARTH BROOKS - TWO PINA COLADAS,3
,,THE SUPREMES - WHERE DID OUR LOVE GO,3
,,JOE COCKER - N'OUBLIEZ JAMAIS,3
,,AZTEC CAMERA - SOMEWHERE IN MY HEART,3
,,JASON DONOVAN - SEALED WITH A KISS,3
,,HAMMOND - GIVE A LITTLE LOVE,3
,,WEST - GIVE A LITTLE LOVE,3
,,DR. HOOK - SILVIA'S MOTHER,3
,,SMOKIE - IT'S YOUR LIFE,3
,,JIMMY CLIFF - YOU CAN GET IT IF YOU REALLY WANT,3
,,LED ZEPPELIN - WHOLE LOTTA LOVE,3
,,ELECTRIC LIGHT ORCHESTRA - LIVIN' THING,3
,,ELECTRIC LIGHT ORCHESTRA - CONFUSION,3
,,THE REAL THING - YOU TO ME ARE EVERYTHING,3
,,THE SILVER BULLET BAND - SHAKEDOWN,3
,,THE SILVER BULLET BAND - ROLL ME AWAY,3
,,FRANKLIN - I KNEW YOU WERE WAITING (FOR ME),3
,,ARETHA - I KNEW YOU WERE WAITING (FOR ME),3
,,MICHAEL - I KNEW YOU WERE WAITING (FOR ME),3
,,THE KINKS - DANDY,3
,,MICHAEL MCDONALD - YAH MO B THERE,3
,,F.R. DAVID - WORDS,3
,,PROCOL HARUM - A WHITER SHADE OF PALE,3
,,"SLADE - FAR, FAR AWAY",3
,,THE FLOWERPOT MEN - LET'S GO TO SAN FRANCISCO,3
,,JENNIFER RUSH - THE POWER OF LOVE,3
,,SIMON - CECILIA,3
,,GARFUNKEL - CECILIA,3
,,INKER - DANCING INTO DANGER,3
,,HAMILTON - DANCING INTO DANGER,3
,,TOMTE - ICH SANG DIE GANZE ZEIT VON DIR,3
,,TOCOTRONIC - PURE VERNUNFT DARF NIEMALS SIEGEN,3
,,DICK BRAVE - TAKE GOOD CARE OF MY BABY,3
,,THE BACKBEATS - TAKE GOOD CARE OF MY BABY,3
,,AMERICA - YOU CAN DO MAGIC,3
,,GILBERT O'SULLIVAN - ALONE AGAIN (NATURALLY),3
,,ROD STEWART - DA YA THINK I'M SEXY,3
,,ROD STEWART - ALL FOR LOVE,3
,,PETER MAFFAY - EISZEIT,3
,,PETER MAFFAY - SONNE IN DER NACHT (SINGLE VERSION),3
,,PETER MAFFAY - ZWEI IN EINEM BOOT,3
,,CAT STEVENS - MOONSHADOW,3
,,VAYA CON DIOS - WHAT'S A WOMAN?,3
,,KAJAGOOGOO - TOO SHY,3
,,THE OVERTONES - GAMBLING MAN,3
,,BARRY WHITE - YOU SEE THE TROUBLE WITH ME,3
,,T. REX - GET IT ON,3
,,GLADYS KNIGHT - LICENCE TO KILL,3
,,RUFUS; CHAKA KHAN - AIN'T NOBODY,3
,,HOLLY JOHNSON - LOVE TRAIN,3
,,DAVID LEE ROTH - JUST A GIGOLO (MEDLEY),3
,,CREEDENCE CLEARWATER REVIVAL - LOOKIN' OUT MY BACK DOOR,3
,,HUBERT KAH - ENGEL 07,3
,,CURTIS STIGERS - I WONDER WHY,3
,,WESTERNHAGEN - WIEDER HIER,3
,,WESTERNHAGEN - LASS UNS LEBEN,3
,,DIETER THOMAS KUHN - ÜBER DEN WOLKEN,3
,,RITA COOLIDGE - ALL TIME HIGH (MAIN TITLE SONG),3
,,THE ANIMALS - HOUSE OF THE RISING SUN,3
,,"JOHN LEE HOOKER - ONE BOURBON, ONE SCOTCH, ONE BEER",3
,,FRANKIE MILLER - DARLIN',3
,,TACO - PUTTIN' ON THE RITZ,3
,,TRIO RIO - NEW YORK - RIO - TOKYO,3
,,JOHN LENNON - WOMAN,3
,,BETTE MIDLER - FROM A DISTANCE,3
,,HIGH SOUTH - ONE NIGHT AT A TIME,3
,,THE WALKER BROTHERS - THE SUN AIN'T GONNA SHINE ANYMORE,3
,,PHARRELL - BLURRED LINES,3
,,TIGHT FIT - THE LION SLEEPS TONIGHT (WIMOWEH),3
,,TONI CHILDS - STOP YOUR FUSSIN',3
,,SHAKATAK - DOWN ON THE STREET,3
,,THE MAMAS AND THE PAPAS - CALIFORNIA DREAMIN',3
,,BILDERBUCH - SCHICK SCHOCK,3
,,ZIMMER90 - FEEL MYSELF,3
,,ZIMMER90 - WHAT LOVE IS,3
,,"THE THE PAPAS - MONDAY, MONDAY",3
,,WAX - BRIDGE TO YOUR HEART,3
,,PH. D - I WON'T LET YOU DOWN,3
,,JULIAN LENNON - TOO LATE FOR GOODBYES,3
,,THE BEATLES - LET IT BE,3
,,THE NEW YORK CHAMBER CONSORT - ENGLISHMAN IN NEW YORK,3
,,RINGO STARR - YOU'RE SIXTEEN (YOU'RE BEAUTIFUL AND YOU'RE MINE),3
,,TOMMY JAMES - CRIMSON AND CLOVER,3
,,THE SHONDELLS - CRIMSON AND CLOVER,3
,,FIVE STAR - RAIN OR SHINE,3
,,LIVING IN A BOX - LIVING IN A BOX,3
,,JOHNNY NASH - ROCK ME BABY,3
,,THE OTHER ONES - HOLIDAY,3
,,TWO STEPS FROM HELL - HEART OF COURAGE,3
,,KETTCAR - 48 STUNDEN,3
,,FAIRGROUND ATTRACTION - PERFECT,3
,,FAIRGROUND ATTRACTION - FIND MY LOVE,3
,,DAN HARTMAN - I CAN DREAM ABOUT YOU,3
,,JETHRO TULL - LOCOMOTIVE BREATH,3
,,MATHOU - YOU NEVER WALK ALONE,3
,,SCOTT MCKENZIE - SAN FRANCISCO,3
,,THOM PACE - MAYBE,3
,,ERUPTION - I CAN'T STAND THE RAIN,3
,,CHIC - LE FREAK,3
,,THE MOODY BLUES - YOUR WILDEST DREAMS,3
,,DENDEMANN - 3:30,3
,,THE NEW POWER GENERATION - MONEY DON'T MATTER 2 NIGHT,3
,,THE NEW POWER GENERATION - DIAMONDS AND PEARLS,3
,,ROBIN GIBB - JULIET,3
,,DARYL - MANEATER,3
,,SANTA ESMERALDA - DON'T LET ME BE MISUNDERSTOOD (ESMERALDA SUITE),3
,,JUSTIN WELLINGTON; SMALL JAM - IKO IKO (MY BESTIE),3
,,DAVID MACWILLIAMS - THE DAYS OF PEARLY SPENCER,3
,,"MO-DO - EINS, ZWEI, POLIZEI",3
,,DANA DAWSON - 3 IS FAMILY,3
,,ELEMENT OF CRIME - DELMENHORST,3
,,MAYWOOD - LATE AT NIGHT,3
,,THE JIMI HENDRIX EXPERIENCE - ALL ALONG THE WATCHTOWER,3
,,DESMOND DEKKER - YOU CAN GET IT IF YOU REALLY WANT,3
,,DOMENICO MODUGNO - VOLARE (NEL BLU DIPINTO DI BLU),3
,,38 SPECIAL - SECOND CHANCE,3
,,EDDIE FLOYD - KNOCK ON WOOD,3
,,LOYLE CARNER - DAMSELFLY,3
,,LOYLE CARNER - TIME TO GO,3
,,LOYLE CARNER - ALL I NEED,3
,,TOM MISCH - CINNAMON CURLS,3
,,SALLY OLDFIELD - SILVER DAGGER,3
,,"REMBRANDTS - JUST THE WAY IT IS, BABY",3
,,ASHFORD - SOLID,3
,,SIMPSON - SOLID,3
,,GUANO APES - BIG IN JAPAN,3
,,JISKA - HOOKED ON A FEELING,3
,,JISKA - IT WAS YOU,3
,,SWING OUT SISTER - YOU ON MY MIND,3
,,THE MEDICINE SHOW - SILVIA'S MOTHER,3
,,"THE RACONTEURS - STEADY, AS SHE GOES",3
,,PORTUGAL THE MAN - MODERN JESUS,3
,,JORDAN RAKEI - CELEBRATE,3
,,STUTS - CELEBRATE,3
,,DILLA - FÜHRERSCHEIN,3
,,DILLA - FILOSOFO,3
,,MOGLII - FOXX,3
,,OSCAR AND THE WOLF - SPILL MY LIQUOR,3
,,OSCAR AND THE WOLF - ANGEL FACE,3
,,UPSAHL - WET WHITE TEE SHIRT,3
,,UPSAHL - GOOD GIRL ERA,3
,,UPSAHL - NO HANDS,3
,,KAE TEMPEST - LONELY DAZE,3
,,ANNA OF THE NORTH - LOVERS,3
,,WARHAUS - WHERE THE NAMES ARE REAL,3
,,GROUPLOVE - TONGUE TIED,3
,,DAÐI FREYR - IF YOU WANT TO,3
,,DAÐI FREYR - MOVES TO MAKE,3
,,ADEKUNLE GOLD - DO YOU MIND?,3
,,SPARKLING - KEEP RUNNING,3
,,SPARKLING - WE ARE HERE TO MAKE YOU FEEL,3
,,SPARKLING - HEY HEY HEY,3
,,DIGITALISM - KEEP RUNNING,3
,,DIGITALISM - POGO,3
,,GRIMES - OBLIVION,3
,,GRIMES - FLESH WITHOUT BLOOD,3
,,SOHN - ARTIFICE,3
,,KAKKMADDAFAKKA - FOREVER ALONE,3
,,KAKKMADDAFAKKA - SOMEONE NEW,3
,,LOUPE - TESTED WATERS,3
,,LOUPE - CAUGHT IN THE MOMENT,3
,,PHILINE SONNY - BERLIN,3
,,PHILINE SONNY - DRUGS,3
,,FRYTZ - HALS ÜBER KOPF,3
,,ALMOST MONDAY - CAN'T SLOW DOWN,3
,,ALMOST MONDAY - SHE LIKES SPORTS,3
,,JAMES HERSEY - GHOST ME,3
,,EDWIN ROSEN - BALANCIEREN,3
,,EDWIN ROSEN - VERTIGO,3
,,JORJA SMITH - GO GO GO,3
,,GENESIS OWUSU - TIED UP!,3
,,GENESIS OWUSU - WHAT COMES WILL COME,3
,,RONJA - BLUMENGARTEN,3
,,INTERPOL - EVIL,3
,,INTERPOL - THE HEINRICH MANEUVER,3
,,MIIKE SNOW - PADDLING OUT,3
,,GIRL IN RED - HEMINGWAY,3
,,GIRL IN RED - TOO MUCH,3
,,CHVRCHES - RECOVER,3
,,CHVRCHES - WE SINK,3
,,CHVRCHES - THE MOTHER WE SHARE,3
,,KLAXONS - GOLDEN SKANS,3
,,MATT CORBY - VITAMIN,3
,,BEACH HOUSE - MASTER OF NONE,3
,,BEACH HOUSE - SPARKS,3
,,ORLA GARTLAND - NOW WHAT,3
,,MILLENIUMKID - MANCHMAL,3
,,LEYYA - SUPEREGO,3
,,LEYYA - I DON'T HUG SO WELL,3
,,CHANNEL TRES - ALL MY FRIENDS,3
,,CHANNEL TRES - FEVER DREAMER,3
,,NNEKA - HEARTBEAT,3
,,NNEKA - MY HOME,3
,,NNEKA - SHINING STAR,3
,,CAGE THE ELEPHANT - SHAKE ME DOWN,3
,,METRONOMY - HEARTBREAKER,3
,,METRONOMY - THE LOOK,3
,,GIIRL - INNER WASTELAND,3
,,BIG O - MANN WIE DU,3
,,BEATAMIN C - MANN WIE DU,3
,,FLUME - DROP THE GAME,3
,,SPILL TAB - WINDOW,3
,,KITSCHKRIEG - DRESSED IN WHITE,3
,,KITSCHKRIEG - TRENCHEZZZ,3
,,LAUREL - 45 DEGREES,3
,,PORIJ - UNPREDICTABLE,3
,,J. BERNARDT - MAYDAY CALL,3
,,J. BERNARDT - DON'T GET ME WRONG,3
,,MALLRAT - DO IT AGAIN,3
,,TYLER THE CREATOR - HEAVEN TO ME,3
,,LEONIDEN - L.O.V.E.,3
,,LEONIDEN - KIDS,3
,,HINDS - COFFEE,3
,,YOUNG FRANCO - GET DOWN,3
,,YOUNG FRANCO - HITA,3
,,SBTRKT - HIGHER,3
,,DANA AND ALDEN - CHILDHOOD CRUSH,3
,,CINYA KHAN - CHILDHOOD CRUSH,3
,,I BLAME COCO - SELFMACHINE,3
,,SOFT LAUNCH - CARTWHEELS,3
,,SOFT LAUNCH - MILKSHAKES,3
,,MAC MILLER - THE QUEST,3
,,MAC MILLER - PARTY ON FIFTH AVENUE,3
,,PUDELDAME - MAN HOFFT,3
,,SAD ALEX - BOY I'D LIKE TO KILL,3
,,DRÉ SIX - DRESSED IN WHITE,3
,,CHET FAKER - GOLD,3
,,CHET FAKER - DROP THE GAME,3
,,CHET FAKER - SOMETHING LIKE THIS,3
,,IDER - YOU DON'T KNOW HOW TO DRIVE,3
,,GOLF - </3,3
,,NILÜFER YANYA - CALL IT LOVE,3
,,JOLLE - LASTER,3
,,WURMS - LASTER,3
,,NAO - FIREFLY,3
,,THUNDERCAT - NO MORE LIES,3
,,THUNDERCAT - OH SHEIT IT'S X,3
,,MAX RAD - IT'LL ALL BE FINE,3
,,LOW ISLAND - THIS IS WATER,3
,,GEORGIA - ALL NIGHT,3
,,GEORGIA - IT'S EUPHORIC,3
,,JAMES BLAKE - LIMIT TO YOUR LOVE,3
,,JAMES BLAKE - BAREFOOT IN THE PARK,3
,,BRUCKNER - IMMER NACHTS,3
,,MIA - FALLSCHIRM,3
,,MIA - HUNGRIGES HERZ,3
,,TOMMY RICHMAN - TEMPTATIONS,3
,,AMILLI - 6 FOOT,3
,,BBY - U COME NEAR,3
,,IBEYI - GHOSTS,3
,,CHARLIE WILSON - SIGNS,3
,,PETIT BISCUIT - BURNIN,3
,,LAUREN MAYBERRY - SUNDAY BEST,3
,,TKAY MAIDZA - BE SOMEBODY,3
,,TKAY MAIDZA - RING-A-LING,3
,,"WE ARE SCIENTISTS - NOBODY MOVE, NOBODY GET HURT",3
,,K.FLAY - PUNISHER,3
,,LUNA MORGENSTERN - JEALOUS,3
,,LUNA MORGENSTERN - DANCE DANCE,3
,,LUNA MORGENSTERN - SUMMERLOVE,3
,,LUNA MORGENSTERN - HUSH HUSH,3
,,RY X - TELL ME,3
,,PURITY RING - PUSH PULL,3
,,RIKAS - UP ALL NIGHT,3
,,RIKAS - JUST LIKE ICE CREAM,3
,,RIKAS - BARCELONA,3
,,RIKAS - OPPOSITE OPINIONS,3
,,BANKS - I HATE YOUR EX-GIRLFRIEND,3
,,BANKS - DROWNING,3
,,GOTH BABE - MEXICO,3
,,SURFACES - MEXICO,3
,,THE CHEMICAL BROTHERS - GALVANIZE,3
,,THE PREATURES - IS THIS HOW YOU FEEL?,3
,,BLOWSOM - HOW STRANGE?,3
,,VARLEY - FOOTSTEPS,3
,,PIXEY - THE THRILL OF IT,3
,,COURTNEY BARNETT - AVANT GARDENER,3
,,RAT BOY - SUBURBIA CALLING,3
,,JACK GARRATT - HIGHER,3
,,LOUIS THE CHILD - DAYBREAK,3
,,ZACHARY KNOWLES - DAYBREAK,3
,,DARWIN DEEZ - RADAR DETECTOR,3
,,DARWIN DEEZ - KILL YOUR ATTITUDE,3
,,RÜFÜS DU SOL - LIKE AN ANIMAL,3
,,RÜFÜS DU SOL - INNERBLOOM,3
,,BLUMENGARTEN - ICH LIEBE DICH FÜR IMMER,3
,,BLUMENGARTEN - AUGEN IN DER NACHT,3
,,SHOUT OUT LOUDS - WALKING IN YOUR FOOTSTEPS,3
,,SHOUT OUT LOUDS - PLEASE PLEASE PLEASE,3
,,THE KNOCKS - FIREWORKS,3
,,DECLAN MCKENNA - NOTHING WORKS,3
,,DECLAN MCKENNA - CHAMPAGNE,3
,,OK KID - STADT OHNE MEER,3
,,CATT - OPEN THE DOOR,3
,,PANTHA - GALERIE,3
,,PANTHA - CLUB,3
,,DOMINIK HARTZ - SIE WOLLEN DIES SIE WOLLEN DAS,3
,,DOMINIK HARTZ - HALS ÜBER KOPF,3
,,DOMINIK HARTZ - KLIMPA KLIMPA,3
,,REGINA SPEKTOR - TWO BIRDS,3
,,LAVENTURE - OFF MY MIND,3
,,SG LEWIS - FEVER DREAMER,3
,,APSILON - LOST IN BERLIN,3
,,APSILON - AUGEN IN DER NACHT,3
,,ZOUJ - ST00PID,3
,,BLONDSHELL - DOCKET,3
,,BECKY SIKASA - I DON'T HAVE WORDS,3
,,PERFUME GENIUS - NO FRONT TEETH,3
,,ALDOUS HARDING - NO FRONT TEETH,3
,,RAY LOZANO - BETTER DAYS,3
,,OUSE - WALLFLOWER,3
,,NIA SMITH - GIVE UP THE FEAR,3
,,LUCIUS - TURN IT AROUND,3
,,ZOOT WOMAN - IT'S AUTOMATIC,3
,,"CIGARETTES AFTER SEX - HOLDING YOU, HOLDING ME",3
,,KLEE - GOLD,3
,,AU REVOIR SIMONE - SOMEBODY WHO,3
,,SLEEPY BROWN - THE WAY YOU MOVE,3
,,WILL JOSEPH COOK - PUNCHIN',3
,,CSS - LET'S MAKE LOVE AND LISTEN TO DEATH FROM ABOVE,3
,,MURA MASA - FIREFLY,3
,,GREENTEA PENG - GREEN,3
,,J. COLE - NEIGHBORS,3
,,BULLY - DOCKET,3
,,BEIRUT - POSTCARDS FROM ITALY,3
,,BEIRUT - NANTES,3
,,CHRISTOPHER ANNEN - AN NEM GUTEN TAG,3
,,FRANCESCO WILKING - AN NEM GUTEN TAG,3
,,JAMIE T - RABBIT HOLE,3
,,MY UGLY CLEMENTINE - ARE YOU IN,3
,,FLORENCE + THE MACHINE - QUEEN OF PEACE,3
,,FLORENCE + THE MACHINE - SHAKE IT OUT,3
,,BAT FOR LASHES - DANIEL,3
,,COACH PARTY - HI BABY,3
,,KITSCHKRIEG WITH STEFFLON DON - DANCE,3
,,MINDCHATTER - I CAN CHANGE,3
,,MOODS - CONTROL,3
,,TWO ANOTHER - CONTROL,3
,,RHYE - OPEN,3
,,MS MR - HURRICANE,3
,,JOY BOGAT - A LITTLE LONGER,3
,,EVERYTHING EVERYTHING - KEMOSABE,3
,,LIE NING - SWEATSHOP,3
,,PASSION PIT - CARRIED AWAY,3
,,OSKA - IT HAPPENS EITHER WAY,3
,,THE KILLS - I CALL IT ART,3
,,BEN HOWARD - I FORGET WHERE WE WERE,3
,,OH WONDER - LIVEWIRE,3
,,COSBY - BOON & BANE,3
,,EMOTIONAL ORANGES - BE SOMEBODY,3
,,PVRIS - GODDESS,3
,,PELL - GET DOWN,3
,,MXXWLL - GET DOWN,3
,,ALEX LAHEY - GOOD TIME,3
,,CRUCCHI GANG - FILOSOFO,3
,,JESHI - STUCK ON LOOP,3
,,LEILAH - STUCK ON LOOP,3
,,INGRID MICHAELSON - THE WAY I AM,3
,,IAN O'BRIEN-DOCKER - THE BEGINNING,3
,,BEACH BUNNY - VERTIGO,3
,,HALF ALIVE - SUBLIMINAL,3
,,BABY TATE - JERSEY,3
,,M.I.A - PAPER PLANES,3
,,THE KNIFE - HEARTBEATS,3
,,VACATIONS - NEXT EXIT,3
,,STRONGBOI - ONE THING,3
,,OKLOU - BLADE BIRD,3
,,TOKTOK - DAY OF MINE,3
,,BUCCI - TREIBEN,3
,,YARD ACT - DREAM JOB,3
,,HOCKEY - SONG AWAY,3
,,ODEAL - LONDON SUMMERS,3
,,JESPER MUNK - YESTERDAZE,3
,,LEVIN LIAM - SUCH MIT MIR,3
,,FOSTER THE PEOPLE - CALL IT WHAT YOU WANT,3
,,YELLOWSTRAPS - SORRYSORRYSORRY,3
,,YELLOWSTRAPS - SLOWDOWN,3
,,BAYONNE - UNCERTAINLY DERANGED,3
,,BEACH WEATHER - SETH COHEN,3
,,THE VIRGINS - RICH GIRLS,3
,,KOSHEEN - HIDE U,3
,,S1MBA - HITA,3
,,SNØW - WALLFLOWER,3
,,KINGS OF CONVENIENCE - I'D RATHER DANCE WITH YOU,3
,,CON THE ARTIST - ALL MY FRIENDS,3
,,SOLANGE KNOWLES - LOSING YOU,3
,,DEE HOLT - BETTER,3
,,THE SUBWAYS - ROCK & ROLL QUEEN,3
,,HARD-FI - HARD TO BEAT,3
,,NOISETTES - DON'T UPSET THE RHYTHM,3
,,NEMZZZ - TRENCHEZZZ,3
,,GRENTPEREZ - MIGHT NOT BE,3
,,GRENTPEREZ - NEED YOU AROUND,3
,,GRENTPEREZ - DANDELION,3
,,SULTANS COURT - RUNNING,3
,,JULIAN CASABLANCAS - 11TH DIMENSION,3
,,FINKENAUER - AN TAGEN WIE DIESEN,3
,,KYTES - DEEP END,3
,,ELOISE - GIANT FEELINGS,3
,,JOY ANONYMOUS - JOY,3
,,COLD WAR KIDS - HANG ME UP TO DRY,3
,,THE HOOSIERS - GOODBYE MR A,3
,,IMOGEN HEAP - HIDE AND SEEK,3
,,IMOGEN HEAP - HEADLOCK,3
,,YAEL NAIM - NEW SOUL,3
,,OK GO - HERE IT GOES AGAIN,3
,,ILL PEACH - HEAVYWEIGHT,3
,,PASTEL - WAIT OUTSIDE,3
,,NIC HANSON - WAIT OUTSIDE,3
,,METRIC - HELP I'M ALIVE,3
,,BARRY CAN'T SWIM - KIMBARA,3
,,RIN - BROS,3
,,C2C - DOWN THE ROAD,3
,,MAPEI - DON'T WAIT,3
,,CONNIE CONSTANCE - HEAVEN TAKES YOU HOME,3
,,POM - A BURNING HOUSE,3
,,KURTIS WELLS - 24 (TURN IT UP),3
,,BAUSA - MADONNA (1LIVE SAN HEJMO 2025),3
,,TRAVIS SCOTT - KICK OUT,3
,,TRAVIS SCOTT - FE!N,3
,,MAU P - LIKE I LIKE IT,3
,,MAU P - AMSTERDAM,3
,,MAU P - THE LESS I KNOW THE BETTER,3
,,CHRIS LAKE - 925,3
,,JUSTICE VS. SIMIAN - WE ARE YOUR FRIENDS,3
,,1LIVE DJ SESSION - PURPLE DISCO MACHINE,3
,,1LIVE DJ SESSION - CHRIS LAKE,3
,,1LIVE DJ SESSION - HUGEL (LIVE AUS DEM HÏ IBIZA),3
,,AUDIO BULLYS - THINGS I HAVEN' TOLD YOU,3
,,DJS FROM MARS DAVID GUETTA - THINGS I HAVEN' TOLD YOU,3
,,PAWSA - PICK UP THE PHONE,3
,,JAZZY - GIVING ME,3
,,JAZZY - ALL THIS TIME,3
,,CARDI B SELENA GOMEZ - TAKI TAKI,3
,,NOTORIOUS B.I.G - MO MONEY MO PROBLEMS,3
,,NIKLAS DEE - MÄDCHEN AUF DEM PFERD,3
,,NIKLAS DEE - NOT FAIR,3
,,NIKLAS DEE - 1LIVE DJ-SESSION,3
,,OCTAVIAN LUCA-DANTE SPADAFORA - MÄDCHEN AUF DEM PFERD,3
,,SALVI SAK NOEL - TRUMPETS,3
,,JAZEEK - SEXY LADY,3
,,THE CREATOR TYLER - SUGAR ON MY TONGUE,3
,,THE CREATOR TYLER - BIG POE,3
,,CONWAY THE MACHINE - SPURS 3,3
,,BENNY THE BUTCHER - SPURS 3,3
,,WESTSIDE GUNN - SPURS 3,3
,,EIN ROSENKAVALIER - RENNRAD-ROMANTIK,3
,,EIN ROSENKAVALIER - FUNDBÜRO,3
,,CAMELPHAT - BE SOMEONE,3
,,FOREST SWORDS - ANNEKA'S BATTLE (INSTRUMENTAL),3
,,ANOTR - 24 (TURN IT UP),3
,,APOLLO ONLINE - HÜLLE,3
,,ALESSO VS. ONE REPUBLIC - IF I LOSE MYSELF,3
,,OLD JIM - NOT FAIR,3
,,ENNY-MAE - NOT FAIR,3
,,DOM DOLLA - EAT YOUR MAN,3
,,RÜFÜS - YOU WERE RIGHT,3
,,JAMES MAC - THE BOY IS MINE,3
,,VALL - THE BOY IS MINE,3
,,ROSALIE - THE BOY IS MINE,3
,,SIDEPIECE - ON MY MIND,3
,,CHRIS LAKE SAMMY VIRJI - 925,3
,,PARAÇEK - SOMMERZEIT TRAURIGKEIT,3
,,ARGY - SUMMER SKIES,3
,,UNFAZED - A GIRA,3
,,FIREBOY DML - PERU,3
,,KLAAS - FREAK,3
,,BODYBANGERS - FREAK,3
,,NICO SANTOS TOPIC - BODY,3
,,ALEX G - JUNE GUITAR,3
,,VELI - ALLES,3
,,VELI ( - IMMER NOCH,3
,,NIKAN) - IMMER NOCH,3
,,LINUS57 - INTRO (BREITE STRASSE),3
,,LINUS57 - READY PLAYER ONE,3
,,MALUGI - WANT MY LOVE,3
,,DIFFRENT - A LITTLE CLOSER,3
,,WOLTERS - WANT MY LOVE,3
,,PROSPA - DON'T STOP,3
,,PROSPA - THIS RHYTHM,3
,,DARUDE - SANDSTORM,3
,,BRAATEN - SAVE THE WORLD,3
,,ROBIN TINHOLT - SAVE THE WORLD,3
,,JAZZE PHA - THIS RIGHT HERE,3
,,LATTO CIARA - THIS RIGHT HERE,3
,,SONNY FODERA - ALL THIS TIME,3
,,"WAYNE SNOW - HOLD ON, LET GO",3
,,"3DDY ANOTR - HOLD ON, LET GO",3
,,FKJ - BLESSED,3
,,PLAYBOI CARTI - FE!N,3
,,YOUNG M.A CLOONEE - STEPHANIE,3
,,INNTRAW - STEPHANIE,3
,,RORO SAMMY VIRJI - 925,3
,,MARLON HOFFSTADT AKA DJ DADDY TRANCE - IT'S THAT TIME (FISHER REMIX),3
,,TOBIAHS - LIFETIME,3
,,MATY NOYES - STAY,3
,,RHYS FROM THE STICKS - SUMMER SKIES,3
,,MAX GRIMM - GIB MIR DEINE NUMMER,3
,,FRANCIS MERCIER - PREMIER GAOU (NITEFREAK REMIX),3
,,MAGIC SYSTEM - PREMIER GAOU (NITEFREAK REMIX),3
,,INTERPLANETARY CRIMINAL SAMMY VIRJI - DAMAGER,3
,,CHLOÉ CAILLET - THE ONE,3
,,LUKE ALESSI - THE ONE,3
,,JOCELYN BROWN - THE ONE,3
,,BAILEY ZIMMERMANN - LOST,3
,,PINKPANTHERESS AMAARAE - KISS ME THRU THE PHONE PT 2,3
,,THE BUCKETHEADS - THE BOMB,3
,,AYRA STARR - RUSH,3
,,BECKY G - SIN PIJAMA,3
,,NATTI NATASHA - SIN PIJAMA,3
,,RAHH - THIS RHYTHM,3
,,MONOLINK - RETURN TO OZ (ARTBAT REMIX),3
,,SNORITZ - LOVE ME NOW,3
,,KAUTA - AMBIENT LIGHTS,3
,,MARYMARY - SHACKLES (PRAISE YOU),3
,,INDIGO GIRLS - DEAR MR. PRESIDENT,3
,,GUNS N´ ROSES - NOVEMBER RAIN,3
,,"'NSYNC - BYE, BYE, BYE",3
,,'NSYNC - I WANT YOU BACK,3
,,RICKY MARTIN - LA COPA DE LA VIDA,2
,,DISTURBED - DOWN WITH THE SICKNESS,2
,,OPERATION ZERO - ROSE,2
,,DANA - FUTURE DAUGHTERS,2
,,DANA - COMING HOME,2
,,SHUTTLE - DESTINATION NOWHERE,2
,,SHUTTLE - JUNGLE,2
,,SHUTTLE - JAPANESE JOURNEY,2
,,SHUTTLE - YOUR SHOE IS TIED TO THE OTHER,2
,,SHUTTLE - A LITTLE SOMETHING,2
,,NAOMI LAREINE - TELL ME,2
,,NAOMI LAREINE - COLORBLIND,2
,,NAOMI LAREINE - LIMITLESS,2
,,NAOMI LAREINE - GET IT,2
,,NAOMI LAREINE - ISSA VIBE,2
,,JOYA MARLEEN - TERRIBLE THINGS,2
,,BABA SHRIMPS - GRIZZLY HEART,2
,,BABA SHRIMPS - SMALL TOWN KING,2
,,BABA SHRIMPS - BACK TO WHERE THE LIGHT IS,2
,,BABA SHRIMPS - ALL THE CITY LIGHTS,2
,,HALUNKE - HALUNKE,2
,,HALUNKE - SCHIFFBRUCH,2
,,HENRY MOODIE - PICK UP THE PHONE,2
,,LADINA - HAUNT ME,2
,,LADINA - SO WHAT,2
,,LADINA - SAD SONGS,2
,,ZÜRI WEST - WENN I DI NID CHA ÜBERREDE,2
,,ZÜRI WEST - 7:7,2
,,ZÜRI WEST - LOCH DÜR ZYT,2
,,PABLO NOUVELLE - NOTHING EVER REALLY ENDS,2
,,PABLO NOUVELLE - WIRED,2
,,PABLO NOUVELLE - MOONLIGHT DRIVE,2
,,PABLO NOUVELLE - I WILL,2
,,PABLO NOUVELLE - ICE,2
,,CLEMENTINE DOUGLAS - HAPPIER,2
,,POOL KIDS - POOL KIDS EASIER SAID THAN DONE,2
,,LANA DEL REY - WEST COAST,2
,,LANA DEL REY - BORN TO DIE,2
,,LANA DEL REY - SAY YES TO HEAVEN,2
,,LANA DEL REY - HIGH BY THE BEACH,2
,,MALUMMÍ - CLOVER & CAMELIA,2
,,HAIM - FOREVER,2
,,HAIM - EVERYBODY'S TRYING TO FIGURE ME OUT,2
,,HAIM - HOME,2
,,HAIM - PRAY TO GOD,2
,,KAYTRANADA - HOME,2
,,KAYTRANADA - LOVER/FRIEND,2
,,GHOSTFACE KILLAH - RAP KINGPIN,2
,,GHOSTFACE KILLAH - SAMPLE 420,2
,,CHANCE THE RAPPER - BABY BLUE,2
,,CASS MCCOMBS - ASPHODEL,2
,,CASS MCCOMBS - PEACE,2
,,ALISON GOLDFRAPP - FIND XANADU,2
,,SAINT-ÉTIENNE - GLAD,2
,,BLACK HONEY - SOAK,2
,,BLACK HONEY - LEMONADE,2
,,DARIUSH - RUN.WAV,2
,,KLEOPATRA WEIN - WHEN IT FEELS RIGHT,2
,,ROOFTOP SAILORS - RUNNING ACROSS THE LONELY NIGHT,2
,,KINGS ELLIOT - BUTTERFLY PEN,2
,,KINGS ELLIOT - ASHES BY THE MORNING,2
,,KINGS ELLIOT - STARCROSSED,2
,,KINGS ELLIOT - I'M GETTING TIRED OF ME,2
,,KINGS ELLIOT - LIKE I WAS NEVER HERE,2
,,KINGS ELLIOT - CALL ME A DREAMER,2
,,DACHS - DÜDADO,2
,,SEULFA - GERN GESCHEHEN,2
,,KABRIO - SKYLINE,2
,,KABRIO - FLY AWAY,2
,,BILLY OTTO - SKYLINE,2
,,BILLY OTTO - FLY AWAY,2
,,KYGO - LOSE SOMEBODY,2
,,KYGO - REMIND ME TO FORGET,2
,,KYGO - FIRST TIME,2
,,ONEREPUBLIC - WHEREVER I GO,2
,,ONEREPUBLIC - LOSE SOMEBODY,2
,,ONEREPUBLIC - LOVE RUNS OUT,2
,,ONEREPUBLIC - KIDS,2
,,FELIX JAEHN - LOVE ON MYSELF,2
,,JASMINE THOMPSON - MAD WORLD,2
,,DUA LIPA - FEVER,2
,,DUA LIPA - UN DIA (ONE DAY),2
,,TRACY CHAPMAN - TALKING 'BOUT A REVOLUTION,2
,,TRACY CHAPMAN - CROSSROADS,2
,,TRACY CHAPMAN - TALKIN' 'BOUT A REVOLUTION,2
,,"PICTURE THIS - ANY GOD, ANY DAY",2
,,JOVANOTTI - SERENATA RAP,2
,,JOVANOTTI - L' ESTATE ADDOSSO,2
,,CAT BURNS - GOLDEN HOUR,2
,,STEFANIE HEINZMANN - UNBREAKABLE,2
,,STEFANIE HEINZMANN - MOTHER'S HEART,2
,,STEFANIE HEINZMANN - JUST LIKE I LOVE YOU,2
,,STEFANIE HEINZMANN - SHADOWS,2
,,DON'T KILL THE BEAST - ANXIETY,2
,,DON'T KILL THE BEAST - JOHNNY CASH,2
,,DON'T KILL THE BEAST - Q AND A,2
,,DON'T KILL THE BEAST - HONESTY,2
,,PEGASUS - LAY LOW,2
,,PEGASUS - FRAGMENTS,2
,,PEGASUS - GET OVER YOU,2
,,PEGASUS - LOST TO BE FOUND,2
,,PEGASUS - COME HOME,2
,,PEGASUS - TECHNOLOGY,2
,,SHAWN MENDES - MERCY,2
,,SHAWN MENDES - PATIENCE,2
,,SHAWN MENDES - NERVOUS,2
,,BILLIE EILISH - EVERYTHING I WANTED,2
,,STEPHAN EICHER - LES FILLES DU LIMMATQUAI,2
,,THE WEEKND - IN YOUR EYES,2
,,THE WEEKND - CAN'T FEEL MY FACE,2
,,MANILLIO - MONBIJOU,2
,,MANILLIO - BITTE,2
,,MANILLIO - LIEBLINGSSONG,2
,,MANILLIO - SCHALL UND RAUCH,2
,,MANILLIO - I MIM CHOPF,2
,,AVICII - LET’S RIDE AWAY,2
,,JUSTIN TIMBERLAKE - CRY ME A RIVER,2
,,JUSTIN TIMBERLAKE - MY LOVE,2
,,JUSTIN TIMBERLAKE - WHAT GOES AROUND COMES AROUND,2
,,JUSTIN TIMBERLAKE - WHAT GOES AROUND... COMES AROUND,2
,,PRINCE - CREAM,2
,,STRESS - BACK IN MY LIFE,2
,,STRESS - ELLE,2
,,STRESS - GOD KNOWS,2
,,STRESS - JUST LIKE I LOVE YOU,2
,,REA GARVEY - KISS ME,2
,,REA GARVEY - ARMOUR,2
,,ANDRYY - GEISTERFAHRER,2
,,ANDRYY - WÄNN DU DA BISCH,2
,,BAD BUNNY - ALAMBRE PÚA,2
,,BAD BUNNY - EL BANO,2
,,BAD BUNNY - UN DIA (ONE DAY),2
,,KHALID - CAUGHT UP,2
,,KHALID - SILENCE,2
,,KHALID - IN PLAIN SIGHT,2
,,LUNIK - THROUGH YOUR EYES,2
,,NICO SANTOS - CANDELA,2
,,NICO SANTOS - PLAY WITH FIRE,2
,,NICO SANTOS - OH HELLO,2
,,NICO SANTOS - BODY,2
,,NICO SANTOS - UNFORGETTABLE,2
,,NICO SANTOS - ONE DAY (I'M GONNA BREAK YOUR HEART),2
,,BECK - THE VALLEY OF THE PAGANS,2
,,PAULA DALLA CORTE - HEAVY HEART,2
,,DAVID GUETTA - SAY MY NAME,2
,,DAVID GUETTA - I'M GOOD,2
,,DAVID GUETTA - IF YOU REALLY LOVE ME (HOW WILL I KNOW),2
,,DAVID GUETTA - TOGETHER,2
,,DAVID GUETTA - 2U,2
,,DAVID GUETTA - SEXY CHICK,2
,,WEEZER - BUDDY HOLLY,2
,,EURYTHMICS - SISTERS ARE DOIN' IT FOR THEMSELVES,2
,,EURYTHMICS - THE MIRACLE OF LOVE,2
,,EURYTHMICS - IT'S ALRIGHT - BABY'S COMING BACK,2
,,EURYTHMICS - IT'S ALRIGHT (BABY'S COMING BACK),2
,,HECHT - TANZE TANZE,2
,,HECHT - ADAM & EVA,2
,,HECHT - AUERBACH,2
,,HECHT - 24 BILDER,2
,,HECHT - SEE SPRINGE,2
,,KODALINE - BRAND NEW DAY,2
,,JAXOMY - PEDRO (SLOW VERSION),2
,,AGATINO ROMERO - PEDRO (SLOW VERSION),2
,,THE WOMBATS - THIS CAR DRIVES ALL BY ITSELF,2
,,THE WOMBATS - YOUR BODY IS A WEAPON,2
,,LINKIN PARK - BURNING IN THE SKIES,2
,,MICHAEL JACKSON - WANNA BE STARTIN' SOMETHIN',2
,,LOLA YOUNG - GOOD BOOKS,2
,,LOLA YOUNG - WISH YOU WERE DEAD,2
,,BRUNO MARS - NOTHING ON YOU,2
,,LO UND LEDUC - PLUTO,2
,,LO UND LEDUC - MIS HUUS DIS HUUS,2
,,LO UND LEDUC - AFFOGATO,2
,,LO UND LEDUC - 1,2
,,LO UND LEDUC - DAMEVELO,2
,,LO UND LEDUC - BLAUI PEPERONI,2
,,IGGY POP - REAL WILD CHILD (WILD ONE),2
,,CLUESO - GEWINNER (LIVE),2
,,CLUESO - KEIN BOCK ZU GEHEN,2
,,CLUESO - CHICAGO,2
,,CLUESO - PIZZASCHACHTELN,2
,,ZID - 90 SUMMERNÄCHT,2
,,COLDPLAY - CLOCKS (RHYTHMS DEL MUNDO),2
,,COLDPLAY - FIX YOU,2
,,COLDPLAY - MAGIC,2
,,COLDPLAY - THE SCIENTIST,2
,,COLDPLAY - MIDNIGHT,2
,,COLDPLAY - DON'T PANIC,2
,,BURNA BOY - FOR MY HAND,2
,,BURNA BOY - EMPTY CHAIRS,2
,,BURNA BOY - HOOKMB / BURNA BOY / SWEET LOVE,2
,,BURNA BOY - CITY BOYS,2
,,TINI - BÉSAME (I NEED YOU),2
,,JANET JACKSON - BLACK CAT,2
,,JANET JACKSON - AGAIN,2
,,JANET JACKSON - THAT'S THE WAY LOVE GOES,2
,,THE KILLERS - THE MAN,2
,,THE KILLERS - CAUTION,2
,,THE KILLERS - BRIGHT LIGHTS,2
,,THE KILLERS - MR BRIGHTSIDE,2
,,THE KILLERS - WHEN YOU WERE YOUNG,2
,,HEERA - BIANCA,2
,,HEERA - CARRY AWAY,2
,,HEERA - HER WORLD,2
,,HEERA - WHEN IT FEELS RIGHT,2
,,MARIUS BEAR - I WANNA DANCE WITH SOMEBODY,2
,,MARIUS BEAR - FOREVER,2
,,MARIUS BEAR - WAITING FOR LOVE,2
,,MARIUS BEAR - HIGHWAY WALL,2
,,TOM GRENNAN - REMIND ME,2
,,TOM GRENNAN - COOL WITH THAT,2
,,NELLY FURTADO - TURN OFF THE LIGHT,2
,,NELLY FURTADO - THE GRASS IS GREEN,2
,,NELLY FURTADO - **** ON THE RADIO,2
,,LUCA HÄNNI - POWDER,2
,,LUCA HÄNNI - WONDERFUL,2
,,KATY PERRY - CON CALMA,2
,,KATY PERRY - NEVER REALLY OVER,2
,,KATY PERRY - FEELS,2
,,SNOOP DOGG - BAD DECISIONS,2
,,GOTTHARD - BURNING BRIDGES,2
,,FOREIGNER - JUKE BOX HERO,2
,,FOREIGNER - COLD AS ICE,2
,,OFENBACH - KATCHI,2
,,MAX GIESINGER - QUIZ BAD IN DER MENGE / MAX GIESINGER / WENN SIE TANZT,2
,,JOHANNES OERDING - ALLES BRENNT,2
,,FLO RIDA - I CRY,2
,,RIANA - I HA MÖSSE GO,2
,,MADONNA - MILES AWAY,2
,,MADONNA - OPEN YOUR HEART,2
,,MADONNA - FEVER,2
,,KING CHARLES - THE BRIGHTEST LIGHTS,2
,,MUMFORD AND SONS - THE BRIGHTEST LIGHTS,2
,,MUMFORD AND SONS - DITMAS,2
,,MUMFORD AND SONS - LOVER OF THE LIGHT,2
,,MARY J. BLIGE - 911,2
,,U2 - PRIDE,2
,,U2 - WHERE THE STREETS HAVE NO NAME,2
,,U2 - NEW YEAR'S DAY,2
,,U2 - SWEETEST THING,2
,,ED SHEERAN - SING,2
,,ED SHEERAN - FOR MY HAND,2
,,ED SHEERAN - OLD PHONE,2
,,ED SHEERAN - AFTERGLOW,2
,,"ED SHEERAN - YOU NEED ME, I DON'T NEED YOU",2
,,ED SHEERAN - OWN IT,2
,,SAM SMITH - TOO GOOD AT GOODBYES,2
,,CARROUSEL - J'AVAIS RENDEZ-VOUS,2
,,CARROUSEL - DE L'AUTRE COTE,2
,,QUEEN - THESE ARE THE DAYS OF OUR LIVES,2
,,QUEEN - IT'S A HARD LIFE,2
,,TRAVIS - TIED TO THE 90'S,2
,,TOVE LO - HEAT,2
,,TOVE LO - SAY IT,2
,,ANNA ROSSINELLI - DADDY ISN'T HOME,2
,,ANNA ROSSINELLI - OVER,2
,,ANNA ROSSINELLI - THE WORLD IS YOURS,2
,,ANNA ROSSINELLI - FOREVERMORE,2
,,ANNA ROSSINELLI - BROKEN HEARTED,2
,,BACKSTREET BOYS - EVERYBODY,2
,,TOKIO HOTEL - FAHR MIT MIR (4X4),2
,,MEDUZA - MELODIA,2
,,DERMOT KENNEDY - BETTER DAYS,2
,,BASTIAN BAKER - BACK IN MY LIFE,2
,,BASTIAN BAKER - NOBODY SHOULD DIE ALONE,2
,,BASTIAN BAKER - CALL ME IN L.A.,2
,,BASTIAN BAKER - 79 CLINTON STREET,2
,,BASTIAN BAKER - TOMORROW MAY NOT BE BETTER,2
,,BASTIAN BAKER - ANOTHER DAY,2
,,MYA - LADY MARMALADE (VOULEZ-VOUS COUCHER AVEC MOI CE SOIR),2
,,SOMBR - COME CLOSER,2
,,EMINEM - FORGOT ABOUT DRE,2
,,EMINEM - STAN,2
,,EMINEM - GUTS OVER FEAR,2
,,MARK FORSTER - AUF DEM WEG,2
,,MARK FORSTER - DREI UHR NACHTS,2
,,BON JOVI - BAD MEDICINE,2
,,BON JOVI - RUNAWAY,2
,,BON JOVI - MIDNIGHT IN CHELSEA,2
,,BON JOVI - LEGENDARY,2
,,EELS - WHAT I HAVE TO OFFER,2
,,ALANIS MORISSETTE - UNINVITED,2
,,JUSTIN WELLINGTON - IKO IKO (MY BESTIE),2
,,SMALL JAM - IKO IKO (MY BESTIE),2
,,CHAPPELL ROAN - THE GIVER,2
,,PHIL COLLINS - DO YOU REMEMBER,2
,,ZOE ME - OVERDOSE,2
,,ZOE ME - DURCH DIE NACHT,2
,,SAM FENDER - THE BORDERS,2
,,SAM FENDER - HYPERSONIC MISSILES,2
,,SAM FENDER - SEVENTEEN GOING UNDER,2
,,BRITNEY SPEARS - BORN TO MAKE YOU HAPPY,2
,,LOVEBUGS - CORALINE,2
,,LOVEBUGS - 72,2
,,IMAGINE DRAGONS - NEXT TO ME,2
,,IMAGINE DRAGONS - BIRDS,2
,,IMAGINE DRAGONS - BONES,2
,,LOUANE - IN THE BUSINESS,2
,,MO BLANC - DEEP,2
,,MO BLANC - HUNGRY MAN,2
,,JAN SEVEN DETTWYLER - ON & ON,2
,,JAN SEVEN DETTWYLER - THANK YOU PAIN,2
,,JAN SEVEN DETTWYLER - THE ART IS KING,2
,,JAN SEVEN DETTWYLER - WALKING WITH YOU,2
,,JAN SEVEN DETTWYLER - ON AND ON,2
,,JAN SEVEN DETTWYLER - FRIENDS,2
,,AL PRIDE - ANOTHER VIBE,2
,,AL PRIDE - POPSONG,2
,,VERONICA FUSARO - JEALOUSY,2
,,CHILD - DRAW THE LINE,2
,,NICK MELLOW - WHO I AM,2
,,NICK MELLOW - MORE OF YOU,2
,,NICK MELLOW - FATAL,2
,,NINA VALOTTI - RAUCH IM WIND,2
,,NINA VALOTTI - TAXI,2
,,PATENT OCHSNER - SCHARLACHROT,2
,,PATENT OCHSNER - STÄFFISBURG,2
,,PATENT OCHSNER - W. NUSS VO BÜMPLIZ,2
,,PATENT OCHSNER - GRÜENS LIECHT,2
,,PATENT OCHSNER - FISCHER,2
,,MICHA SPORTELLI - MORE LOVE NO WAR,2
,,NICKLESS - CLOUDS,2
,,NICKLESS - POPCORN,2
,,NICKLESS - GROOVIN',2
,,NICKLESS - ALL MY LIFE,2
,,PRIYA RAGU - FORGOT ABOUT,2
,,PRIYA RAGU - LEAF HIGH,2
,,PRIYA RAGU - CHICKEN LEMON RICE,2
,,PRIYA RAGU - TAKA,2
,,PANDA LUX - ROLLSCHUHE,2
,,PANDA LUX - THERAPIE,2
,,PANDA LUX - GLANZ,2
,,JULIE MELETTA - SAUVAGE,2
,,CONAN GRAY - CARAMEL,2
,,LINA BUTTON - OUT OF SIGHT,2
,,LINA BUTTON - MISTY MIND,2
,,LINA BUTTON - HIDDEN LAND,2
,,VALENTINO VIVACE - L'EQUILIBRIO,2
,,VALENTINO VIVACE - HIGH LIFE,2
,,SOPHIE HUNGER - SHE MAKES PRESIDENT,2
,,FROM KID - COLORS,2
,,FROM KID - SUN,2
,,FROM KID - UNDERGROUND,2
,,FROM KID - TALK TO TREES,2
,,SENS UNIK - PAQUITO,2
,,BENSON BOONE - MYSTICAL MAGICAL,2
,,OPEN SEASON - STEP BY STEP,2
,,LADY GAGA - MILLION REASONS,2
,,LADY GAGA - ALWAYS REMEMBER US THIS WAY,2
,,LADY GAGA - STUPID LOVE,2
,,LADY GAGA - SHADOW OF A MAN,2
,,ILIRA - LOOK AT ME NOW,2
,,ILIRA - YOU,2
,,ARMA JACKSON - LE VIDE,2
,,JAMES GRUNTZ - PLUTO,2
,,JAMES GRUNTZ - TOO MUCH TO SAY,2
,,JAMES GRUNTZ - LIEBLINGSSONG,2
,,JAMES GRUNTZ - HÄRZ UF DR ZUNGE,2
,,JAMES GRUNTZ - ONE-NIGHT-STAND,2
,,JAMES GRUNTZ - JUNG VERDAMMT,2
,,THE SOULS - FIGHTING IN THE MOONLIGHT,2
,,THE SOULS - FOREVER,2
,,THE SOULS - AWAKENING,2
,,MONOTALES - IT'S ALRIGHT,2
,,MALUMA - BRONCEADOR,2
,,CRIMER - FOLLOWER,2
,,CRIMER - HOURS,2
,,CRIMER - FIRST DANCE,2
,,CRIMER - SORROW,2
,,CRIMER - HIGH LIFE,2
,,JEANS FOR JESUS - 2000 UND IRGENDWO,2
,,JEANS FOR JESUS - ESTAVAYEAH,2
,,ANNA KÄNZIG - GET OUT,2
,,TEED - DESIRE,2
,,WOLF ALICE - WHITE HORSES,2
,,WOLF ALICE - JUST TWO GIRLS,2
,,WOLF ALICE - FREAZY,2
,,WOLF ALICE - MOANING LISA SMILE,2
,,FLORENCE AND THE MACHINE - HUNGER,2
,,FLORENCE AND THE MACHINE - WEAR & TEAR,2
,,SILVER GORE - ALL THE GOOD MEN,2
,,WEDNESDAY - BITTER EVERYDAY,2
,,KENDRICK LAMAR - MONEY TREES,2
,,PHARRELL WILLIAMS - CHAINS & WHIPS,2
,,PHARRELL WILLIAMS - FEELS,2
,,HAND HABITS - BLUEBIRD OF HAPPINESS,2
,,CUSP - FOLLOW ALONG,2
,,JEFF TWEEDY - FEEL FREE,2
,,JEFF TWEEDY - OUT IN THE DARK,2
,,HERMANOS GUTIÉRREZ - UNTIL WE MEET AGAIN,2
,,QUEENS OF THE STONE AGE - I SAT BY THE OCEAN,2
,,QUEENS OF THE STONE AGE - MY GOD IS THE SUN,2
,,NICOLE BERNEGGER - DON'T STAY AWAY,2
,,NIRVANA - ABOUT A GIRL,2
,,JUSTIN BIEBER - BAD GUY,2
,,JUSTIN BIEBER - 2U,2
,,J. BALVIN - SAY MY NAME,2
,,J. BALVIN - FAMILIAR,2
,,THE BANGLES - WALK LIKE AN EGYPTIAN,2
,,NOEL GALLAGHER'S HIGH FLYING BIRDS - IN THE HEAT OF THE MOMENT,2
,,NOEL GALLAGHER'S HIGH FLYING BIRDS - BLACK STAR DANCING,2
,,FRANZ FERDINAND - CURIOUS,2
,,HOWLONG WOLF - WASTING TIME AGAIN,2
,,HOWLONG WOLF - DON'T LOOK AT 'EM,2
,,HOWLONG WOLF - COLD SPELL,2
,,ROBIN SCHULZ - ALL THIS LOVE,2
,,ROBIN SCHULZ - OLD FRIEND,2
,,ROBIN SCHULZ - BLOODTYPE,2
,,JAMIROQUAI - RUNAWAY,2
,,JAMIROQUAI - WHEN YOU GONNA LEARN,2
,,PITBULL - FEEL THIS MOMENT,2
,,RIHANNA - ONLY GIRL,2
,,RIHANNA - LIFT ME UP,2
,,RIHANNA - WHAT'S MY NAME?,2
,,RIHANNA - S.O.S.,2
,,RIHANNA - S&M - ALBUM VERSION,2
,,RIHANNA - BITCH BETTER HAVE MY MONEY,2
,,DABU FANTASTIC - NOMAL SONE NACHT,2
,,DABU FANTASTIC - MIIN ORT,2
,,DABU FANTASTIC - HALLO HUND,2
,,DABU FANTASTIC - IN ORNIG,2
,,COLBY O'DONIS - JUST DANCE,2
,,INXS - SUICIDE BLONDE,2
,,RUDIMENTAL - FREE,2
,,RUDIMENTAL - SUN COMES UP,2
,,EMELI SANDE - FREE,2
,,DIE ÄRZTE - UNROCKBAR,2
,,DIE ÄRZTE - 3-TAGE-BART,2
,,GEORGE EZRA - DON'T MATTER NOW,2
,,LOST FREQUENCIES - SUMMER SKIES (LOVE TO CRY),2
,,SIA - GUTS OVER FEAR,2
,,FARRUKO - ME PASE,2
,,RED HOT CHILI PEPPERS - GIVE IT AWAY,2
,,RED HOT CHILI PEPPERS - BLACK SUMMER,2
,,MONIE LOVE - IT'S A SHAME,2
,,FOO FIGHTERS - SAINT CECILIA,2
,,FOO FIGHTERS - LEARN TO FLY,2
,,FOO FIGHTERS - LONG ROAD TO RUIN,2
,,THE STROKES - UNDER COVER OF DARKNESS,2
,,TOM GREGORY - NEVER LOOK BACK,2
,,ALVARO SOLER - CANDELA,2
,,ALVARO SOLER - MAÑANA,2
,,"ALVARO SOLER - YO CONTIGO, TÚ CONMIGO",2
,,BIRDY - SKINNY LOVE,2
,,BLIGG - B.L.I. DOPPEL G,2
,,PETER FOX - WEISSE FAHNEN,2
,,PETER FOX - LOK AUF 2 BEINEN,2
,,PETER FOX - SCHWARZ ZU BLAU,2
,,MARTIN GARRIX - SUMMER DAYS,2
,,JAMES ARTHUR - SUN COMES UP,2
,,SEAN PAUL - GINGER,2
,,ACHILLE LAURO - AMOR,2
,,TLC - UNPRETTY,2
,,THE 1975 - GIRLS,2
,,THE 1975 - SETTLE DOWN,2
,,THE 1975 - PART OF THE BAND,2
,,BEYONCE - IRREPLACEABLE,2
,,THE BLACK EYED PEAS - WHERE IS THE LOVE?,2
,,LO - SO GUET WIE NIE,2
,,LEDUC - SO GUET WIE NIE,2
,,TRANSVISION VAMP - I WANT YOUR LOVE,2
,,JIMMY EAT WORLD - THE MIDDLE,2
,,SHEM THOMAS - DO IT,2
,,SPILLER - GROOVEJET - IF THIS AIN'T LOVE,2
,,PEDESTRIANS - FUTURE PAST MEMORIES,2
,,PEDESTRIANS - FEELING GOOD,2
,,PEDESTRIANS - IS IT LOVE,2
,,PEDESTRIANS - BAD SIDE,2
,,MEN AT WORK - OVERKILL,2
,,MACKLEMORE - GLORIOUS,2
,,MACKLEMORE - SUMMER DAYS,2
,,MACKLEMORE - AND WE DANCED,2
,,NEW RADICALS - SOMEDAY WE'LL KNOW,2
,,MARC SWAY - WAY BACK HOME,2
,,MARC SWAY - WHY,2
,,ROBYN - MONUMENT,2
,,ROBYN - DO IT AGAIN,2
,,ROBYN - WITH EVERY HEARTBEAT,2
,,JAMIE LIDELL - ANOTHER DAY,2
,,NADA SURF - I LIKE WHAT YOU SAY,2
,,PETER GABRIEL - DON'T GIVE UP,2
,,PETER GABRIEL - GAMES WITHOUT FRONTIERS,2
,,FRANK TURNER - BE MORE KIND,2
,,FRANK TURNER - RECOVERY,2
,,TAYLOR SWIFT - MR. PERFECTLY FINE,2
,,TAYLOR SWIFT - KARMA,2
,,TAYLOR SWIFT - I FORGOT THAT YOU EXISTED,2
,,YEARS AND YEARS - KING,2
,,JAEL - UNTOUCHED BY GREY AND RAIN,2
,,WHAM! - YOUNG GUNS (GO FOR IT!),2
,,WHAM! - FREEDOM,2
,,WHAM! - I'M YOUR MAN,2
,,HEJ FRANCIS! - DES SENS CONTRAIRES,2
,,HEJ FRANCIS! - IGNORANT MALGRE LE MONDE,2
,,JAMILA - SILVER LINING,2
,,JAMILA - ANTIDOTE,2
,,JAMILA - INDIFFERENT,2
,,ANDREA BIGNASCA - EVERY BEAT OF EVERY SONG,2
,,ANDREA BIGNASCA - THE BURNING & THE FLOOD,2
,,BOY - FEAR,2
,,BOY - FIT BACK IN,2
,,STEVANS - WHEN THE LIGHT IS GONE,2
,,STEVANS - THE BACKYARD,2
,,STEVANS - DIAMOND RAIN,2
,,TROUBAS KATER - MACH FÄHLER,2
,,TROUBAS KATER - AM NE TAG IM APRIL,2
,,77 BOMBAY STREET - KARAOKE GIRL,2
,,77 BOMBAY STREET - YELLOW BUS,2
,,RIVAL KINGS - DROWN,2
,,RIVAL KINGS - 25,2
,,RIVAL KINGS - WAR,2
,,STEREO LUCHS - 2BLAUI,2
,,STEREO LUCHS - IDE STRASS,2
,,SUMA COVJEK - BOUGE TON COEUR,2
,,IRA MAY - COLD,2
,,LENNON STELLA - POLAROID,2
,,BENJAMIN AMARU - WHEN I WAS YOUNGER,2
,,BENJAMIN AMARU - BERLIN OFFLINE,2
,,BENJAMIN AMARU - MOONLIGHT LEMONADE,2
,,BENJAMIN AMARU - DANCING ALL NIGHT,2
,,DEATH BY CHOCOLATE - GIVE US A REASON,2
,,DEATH BY CHOCOLATE - TWO PATHS,2
,,DEATH BY CHOCOLATE - FAMILY,2
,,GIMS - RESTE,2
,,GIMS - PARISIENNE,2
,,MÜSLÜM - SÜPERVITAMIN,2
,,LIRICAS ANALAS - IN EN DUS,2
,,FAMARA - ROOTSABA FAMILY,2
,,FAMARA - THE TALISMAN,2
,,SHEILA SHE LOVES YOU - EMMA WATSON,2
,,LUCA LITTLE - THE ONLY ONE,2
,,ELLE - SOLO RIDER,2
,,LABRADOR CITY - THE SHELL,2
,,GREIS - I WEISS I BI GUET,2
,,GREIS - TOUJOURS ENSEMBLES,2
,,GREIS - NUR EIN TROPFE,2
,,GREIS - TEMPS PASSE,2
,,AL-BERTO AND THE FRIED BIKINIS - CRAZY PEOPLE,2
,,PASCAL GAMBONI - DA MAI SE,2
,,PASCAL GAMBONI - LIUNG UNVIERN,2
,,ZIAN - GRATEFUL,2
,,ZIAN - WASTELAND,2
,,LULU JAMES - WIRED,2
,,KARAVANN - 2083,2
,,NEMO - 365,2
,,NEMO - VIDEO GAMES,2
,,NEMO - DANCE WITH ME,2
,,NEMO - KE BOCK,2
,,NEMO - THIS BODY,2
,,NEMO - GOD'S A RAVER,2
,,CAROLINE ALVES - ALRIGHT,2
,,SINPLUS - FEEL LOVE,2
,,SIRENS OF LESBOS - EASY,2
,,DEBBY FRIDAY - ALL I WANNA DO IS PARTY,2
,,ALICE PHOEBE LOU - THE WORLD ABOVE,2
,,ALICE PHOEBE LOU - LOSE MY HEAD,2
,,ALICE PHOEBE LOU - THE SURFACE,2
,,OK COOL - WAAWOOWEEWAA,2
,,THE NEW EVES - HIGHWAY MAN,2
,,IDLES - RABBIT RUN,2
,,MASTER PEACE - SHAKE ME DOWN,2
,,MASTER PEACE - WAKE UP,2
,,MASTER PEACE - GET NAUGHTY !,2
,,SOFIA KOURTESIS - NITZAN AND AMINAA,2
,,SOFIA KOURTESIS - CORAZÓN,2
,,SOFIA KOURTESIS - BALLUMBROSIO,2
,,SOFIA KOURTESIS - CANELA PURA,2
,,MGMT - ELECTRIC FEEL,2
,,MUSE - SOMETHING HUMAN,2
,,MUSE - MERCY,2
,,MUSE - HYSTERIA,2
,,MUSE - TIME IS RUNNING OUT,2
,,OLIVIA DEAN - TOUCHING TOES,2
,,BRYAN ADAMS - IT'S ONLY LOVE,2
,,BRYAN ADAMS - EVERYTHING I DO (I DO IT FOR YOU),2
,,BRYAN ADAMS - CUTS LIKE A KNIFE,2
,,BRYAN ADAMS - CLOUD NUMBER NINE (CLOUD NO. 9),2
,,BRYAN ADAMS - SOMEBODY,2
,,THE FRATELLIS - SEVEN NIGHTS SEVEN DAYS,2
,,KYLIE MINOGUE - PADAM PADAM,2
,,KYLIE MINOGUE - THE LOCOMOTION,2
,,SELENA GOMEZ - LOSE YOU TO LOVE ME,2
,,SIMPLY RED - THE RIGHT THING,2
,,SIMPLY RED - IT'S ONLY LOVE,2
,,SINA - DÄR SOHN VOM PFARRÄR,2
,,DOJA CAT - IN YOUR EYES,2
,,DOJA CAT - KISS ME MORE,2
,,MATTIU DEFUNS - MIA OLMA,2
,,MATTIU DEFUNS - UNDER THE SAME OLD TREE,2
,,MORCHEEBA - ROME WASN'T BUILT IN A DAY,2
,,DJ BOBO - SOMEBODY DANCE WITH ME,2
,,PET SHOP BOYS - LONELINESS,2
,,PET SHOP BOYS - RENT,2
,,PET SHOP BOYS - HOME AND DRY,2
,,JAKE BUGG - ZOMBIELAND,2
,,OLIVIA RODRIGO - BAD IDEA RIGHT?,2
,,LIAM PAYNE - FAMILIAR,2
,,LIAM PAYNE - STRIP THAT DOWN,2
,,STING - ALL THIS TIME,2
,,STING - RESTE,2
,,STING - FRAGILE,2
,,TWENTY ONE PILOTS - THE CONTRACT,2
,,TWENTY ONE PILOTS - MULBERRY STREET,2
,,FIRST AID KIT - OUT OF MY HEAD,2
,,METALLICA - SAD BUT TRUE,2
,,PETER TOSH - JOHNNY B. GOODE,2
,,SNOW PATROL - HANDS OPEN,2
,,DAVID BOWIE - BLUE JEAN,2
,,DAVID BOWIE - SPACE ODDITY,2
,,DAVID BOWIE - FIVE YEARS,2
,,MARYNE - WATERPROOF,2
,,LOCO ESCRITO - MARIA,2
,,LOCO ESCRITO - SALIR BIEN,2
,,LOCO ESCRITO - MAMACITA,2
,,LOCO ESCRITO - TU CARITA,2
,,LOCO ESCRITO - TRISTE,2
,,LOCO ESCRITO - UIUI,2
,,SIVILIAN - DEAD INSIDE,2
,,KILL COCO - DEAD INSIDE,2
,,ZOE WEES - THIRD WHEEL,2
,,PAT BURGENER - LOW,2
,,PAT BURGENER - WORK IT OUT,2
,,PAT BURGENER - NOTHING ELSE,2
,,BÜNE HUBER - SCHIFFBRUCH,2
,,BÜNE HUBER - 1,2
,,BOB MARLEY - IRON LION ZION,2
,,BOB MARLEY - NO WOMAN NO CRY (LIVE),2
,,"BOB MARLEY - NO WOMAN, NO CRY",2
,,BOB MARLEY - JAMMING (FISHER REWORK),2
,,TIM FREITAG - HOLD ON,2
,,TIM FREITAG - BRICK BY BRICK,2
,,"TIM FREITAG - HOT, COLD, WITH AND WITHOUT YOU",2
,,TIM FREITAG - BY YOUR SIDE,2
,,ALVIN ZEALOT - FLUX,2
,,ALVIN ZEALOT - TIMELINE & GLASSES,2
,,JACK SLAMER - BIGGEST MANE,2
,,BASCHI - HÄRZ UF DR ZUNGE,2
,,THE BEAUTY OF GEMINA - END,2
,,CELLA - TELL ME,2
,,SAINT WKND - WHEN I WAS YOUNGER,2
,,PHENOMDEN - NAH GIVE UP,2
,,PHENOMDEN - IDE STRASS,2
,,PHENOMDEN - LIED IM OHR,2
,,PHENOMDEN - STAH DA,2
,,ROBBIE WILLIAMS - RUDEBOX,2
,,TOBIAS CARSHEY - KIND-HEARTED MEN,2
,,ORPHELINE - WHAT TIME IS IT,2
,,MY NAME IS GEORGE - IT'S GOOD TO BE LONELY,2
,,THE ANIMEN - NOT A SINGLE TIME,2
,,THE ANIMEN - MODERN NOSTALGIA,2
,,DELILAHS - DANNY'S SONG,2
,,DELILAHS - QUEEN,2
,,"JUNGLE - HEAVY, CALIFORNIA",2
,,KHRUANGBIN - TIME,2
,,MALUMMI - BONES,2
,,SYDNEY SPRAGUE - LONG ISLAND,2
,,THE LAST DINNER PARTY - NOTHING MATTERS,2
,,THE LAST DINNER PARTY - SINNER,2
,,THE LAST DINNER PARTY - CAESAR ON A TV SCREEN,2
,,COURTING - WE LOOK GOOD TOGETHER,2
,,LORDE - SOLAR POWER,2
,,LORDE - MIND LOADED,2
,,NOGA EREZ - COME BACK HOME,2
,,DEFTONES - MY MIND IS A MOUNTAIN,2
,,MILITARIE GUN - B A D I D E A,2
,,BOMBAY BICYCLE CLUB - BETTER NOW,2
,,BOMBAY BICYCLE CLUB - LUNA,2
,,BOMBAY BICYCLE CLUB - FANTASNEEZE,2
,,BOMBAY BICYCLE CLUB - DIVING,2
,,JUSTICE - SATURNINE,2
,,JUSTICE - NEW LANDS,2
,,EL MICHELS AFFAIR - MÁGICA,2
,,EL MICHELS AFFAIR - SAY GOODBYE,2
,,ROGÊ - MÁGICA,2
,,FLORENCE ADOONI - SAY GOODBYE,2
,,THE BLACK KEYS - LITTLE BLACK SUBMARINES,2
,,THE BLACK KEYS - FEVER,2
,,MARVIN GAYE - GOT TO GIVE IT UP,2
,,HERMANOS GUTIERREZ - CERCA DE TI,2
,,SAM HIMSELF - WHAT IT'S WORTH,2
,,CHARLY JUNA - ACHILLESVERSE,2
,,CHARLY JUNA - KLEBER,2
,,SORT OF SAD - RUN.WAV,2
,,TAKE THIS - JUNG VERDAMMT,2
,,LOONA - BAILANDO 2018,2
,,TOM PETTY - I WON'T BACK DOWN,2
,,TOM PETTY - RUNNIN' DOWN A DREAM,2
,,TOM PETTY - INTO THE GREAT WIDE OPEN,2
,,TOM PETTY - FREE FALLIN',2
,,THE HEARTBREAKERS - RUNNIN' DOWN A DREAM,2
,,THE HEARTBREAKERS - INTO THE GREAT WIDE OPEN,2
,,BEASTIE BOYS - INTERGALACTIC,2
,,THE XX - SUNSET,2
,,THE XX - CRYSTALIZED,2
,,THE XX - DANGEROUS,2
,,CHER - JUST LIKE JESSE JAMES,2
,,CHER - I FOUND SOMEONE,2
,,THE GARDENER AND THE TREE - REBEL OF THE NIGHT,2
,,THE GARDENER AND THE TREE - YOUNG AND BOLD,2
,,THE GARDENER AND THE TREE - POSTCARDS,2
,,THE GARDENER AND THE TREE - MEANTIME LOVER,2
,,THE GARDENER AND THE TREE - OUT TO SEA,2
,,GEORGE MICHAEL - TOO FUNKY,2
,,STEREOPHONICS - INNOCENT,2
,,STEREOPHONICS - DAKOTA,2
,,STEREOPHONICS - MAMA TOLD ME NOT TO COME,2
,,AVRIL LAVIGNE - SKATER BOY,2
,,ALLIANCE ETHNIK - RESPECT,2
,,ADRIAN SIEBER - OVER MY HEAD,2
,,ADRIAN SIEBER - LILIGER,2
,,ADRIAN SIEBER - WHEN WE WERE FRIENDS,2
,,ADRIAN SIEBER - IT'S SERIOUS,2
,,ADRIAN SIEBER - LUV U,2
,,AC - HELLS BELLS,2
,,DC - HELLS BELLS,2
,,BIFFY CLYRO - BLACK CHANDELIER,2
,,ROACHFORD - ONLY TO BE WITH YOU,2
,,SOUP DRAGONS - I'M FREE,2
,,JUNIOR REID - I'M FREE,2
,,PINK - FAMILY PORTRAIT,2
,,PINK - FUNHOUSE,2
,,PINK - CAN WE PRETEND,2
,,PINK - SOBER,2
,,PINK - JUST LIKE FIRE,2
,,PINK - A MILLION DREAMS,2
,,PINK - LADY MARMALADE (VOULEZ-VOUS COUCHER AVEC MOI CE SOIR),2
,,ARRESTED DEVELOPMENT - PEOPLE EVERYDAY,2
,,TRAIN - MARRY ME,2
,,O.M.D - ENOLA GAY,2
,,O.M.D - LIVE AND DIE,2
,,O.M.D - WALKING ON THE MILKY WAY,2
,,SCOUTING FOR GIRLS - THIS AINT A LOVE SONG,2
,,GUSTTAVO LIMA - BALADA (TCHÊ TCHERERE TCHÊ TCHÊ),2
,,NICKELBACK - SONG ON FIRE,2
,,ELLIE GOULDING - POWER,2
,,ELLIE GOULDING - FIRST TIME,2
,,ELLIE GOULDING - UNDER THE SHEETS,2
,,LA BOUCHE - FALLIN' IN LOVE,2
,,STEREO MCS - CONNECTED,2
,,MANU CHAO - JE NE T'AIME PLUS BONGO BONG,2
,,SOPHIE ELLIS-BEXTOR - GROOVEJET - IF THIS AIN'T LOVE,2
,,DIE FANTASTISCHEN VIER - DIE DA!?!,2
,,MO - LEAN ON,2
,,THE POINTER SISTERS - JUMP FOR MY LOVE,2
,,THE POINTER SISTERS - SLOW HAND,2
,,ENRIQUE IGLESIAS - ME PASE,2
,,ENRIQUE IGLESIAS - EL BANO,2
,,ENRIQUE IGLESIAS - RHYTHM DIVINE,2
,,ENRIQUE IGLESIAS - COULD I HAVE THIS KISS FOREVER,2
,,JAY-Z - 99 PROBLEMS,2
,,JAY-Z - UMBRELLA,2
,,ALICIA KEYS - IF I AIN'T GOT YOU,2
,,ALICIA KEYS - FALLIN,2
,,ALICIA KEYS - EMPIRE STATE OF MIND (PART 2),2
,,PHATS AND SMALL - TURN AROUND,2
,,ANGELE - OUI OU NON,2
,,ANGELE - FEVER,2
,,MAROON 5 - SUGAR,2
,,MAROON 5 - WHAT LOVERS DO,2
,,MAROON 5 - HARDER TO BREATHE,2
,,MAROON 5 - ONE MORE NIGHT,2
,,PABLOPOLAR - MOUNTAIN OF SNOW,2
,,ELTON JOHN - A WORD IN SPANISH,2
,,ELTON JOHN - ORDINARY MAN,2
,,ELTON JOHN - MADE IN ENGLAND,2
,,ELTON JOHN - JUST LIKE BELGIUM,2
,,ELTON JOHN - CAN YOU FEEL THE LOVE TONIGHT? (END TITLE),2
,,BLAY - DENKMAL,2
,,ROOSEVELT - HOLD ON,2
,,ROOSEVELT - ORDINARY LOVE,2
,,ROOSEVELT - LUNA,2
,,ROOSEVELT - SEA,2
,,ROOSEVELT - TEARDROPS,2
,,ROOSEVELT - MOVING ON,2
,,MILUNE - HEARTS LUST,2
,,TOBIAS JENSEN - ALL THE OTHER BOYS,2
,,ANAND WILDER - BOG PEOPLE,2
,,FLOCK OF DIMES - DAY ONE,2
,,ROCHELLE JORDAN - LOVER/FRIEND,2
,,HOLLIE COOK - SHY GIRL,2
,,FRANK OCEAN - PYRAMIDS,2
,,FRANK OCEAN - SLIDE,2
,,FETTES BROT - EMANUELA,2
,,AMY WINEHOUSE - CUPID,2
,,AMY WINEHOUSE - LOVE IS A LOSING GAME,2
,,ASDIS - FLASHBACK,2
,,THE SCRIPT - FOR THE FIRST TIME,2
,,ELLE KING - LET’S RIDE AWAY,2
,,MARINA AND THE DIAMONDS - HOLLYWOOD,2
,,YOKKO - LOADED DICE,2
,,YOKKO - TALK,2
,,YOKKO - DREAMER,2
,,BRUCE SPRINGSTEEN - GLORY DAYS,2
,,BRUCE SPRINGSTEEN - MY HOMETOWN,2
,,BRUCE SPRINGSTEEN - BRILLIANT DISGUISE,2
,,BRUCE SPRINGSTEEN - THUNDER ROAD,2
,,BRUCE SPRINGSTEEN - BOBBY JEAN,2
,,TINA TURNER - IT'S ONLY LOVE,2
,,TINA TURNER - WHEN THE HEARTACHE IS OVER,2
,,TINA TURNER - BETTER BE GOOD TO ME,2
,,TINA TURNER - I CAN'T STAND THE RAIN,2
,,TINA TURNER - PROUD MARY,2
,,STEFF LA CHEFFE - HABIBI,2
,,CALVIN HARRIS - SMOKE THE PAIN AWAY,2
,,CALVIN HARRIS - SLIDE,2
,,CALVIN HARRIS - PRAY TO GOD,2
,,CHRISTINA AGUILERA - DIRRTY,2
,,CHRISTINA AGUILERA - HURT,2
,,CHRISTINA AGUILERA - LADY MARMALADE (VOULEZ-VOUS COUCHER AVEC MOI CE SOIR),2
,,MARSHMELLO - SILENCE,2
,,DESTINY'S CHILD - BOOTYLICIOUS,2
,,DESTINY'S CHILD - LOSE MY BREATH,2
,,IRON MAIDEN - THE NUMBER OF THE BEAST,2
,,LIZZO - STILL BAD,2
,,JAMES LAST UND ORCHESTER - BISCAYA,2
,,BELINDA CARLISLE - LA LUNA,2
,,SKYLAR GREY - GLORIOUS,2
,,POLICE - EVERY LITTLE THING SHE DOES IS MAGIC,2
,,NOTHING BUT THIEVES - TRIP SWITCH,2
,,NOTHING BUT THIEVES - IMPOSSIBLE,2
,,NOTHING BUT THIEVES - OVERCOME,2
,,NOTHING BUT THIEVES - IS EVERYBODY GOING CRAZY?,2
,,NOTHING BUT THIEVES - OH NO :: HE SAID WHAT?,2
,,DAMIAN LYNN - WHEN WE DO IT,2
,,DAMIAN LYNN - BETWEEN THE LINES,2
,,DAMIAN LYNN - TWO FENCES,2
,,NOAH VERAGUTH - ELLE,2
,,THE STRUMBELLAS - HARD LINES,2
,,LINDSEY BUCKINGHAM - CAUTION,2
,,LONG TALL JEFFERSON - ASTRONAUT,2
,,LONG TALL JEFFERSON - ALEXANDER,2
,,LONG TALL JEFFERSON - FIGURE IT OUT,2
,,IVO - PEACE & FREEDOM,2
,,IVO - SOMEBODY NEW,2
,,WILLIAM WHITE - CAN'T STOP LOVING YOU,2
,,WILLIAM WHITE - CLOSE YOUR EYES,2
,,HEDGEHOG - SELFIE,2
,,COOKIE THE HERBALIST - A GIRL LIKE YOU,2
,,COOKIE THE HERBALIST - MOVE ON,2
,,KINGFISHR - MAN ON THE MOON,2
,,TA'SHAN - HIGH,2
,,TA'SHAN - DRIFT AWAY,2
,,BUBI EIFACH - MEISCHTENS,2
,,BUBI EIFACH - DIE ANGERE,2
,,ADMIRAL JAMES T - WARDROBE LADY,2
,,MOONRAISERS - RISE UP,2
,,ELECTRIC BLANKET - MY EYES MY HEART,2
,,TATUM RUSH - LUNA NERA,2
,,JP COOPER - GOD KNOWS,2
,,INHALER - ICE CREAM SUNDAE,2
,,BLOOD ORANGE - MIND LOADED,2
,,CAROLINE POLACHEK - MIND LOADED,2
,,NIGHTBUS - ASCENSION,2
,,SPOON - RIGHT IN THE NIGHT (FALL IN LOVE WITH MUSIC),2
,,M.O.P - SAMPLE 420,2
,,MIDLAKE - THE GHOULS,2
,,MAC DEMARCO - NOTHING AT ALL,2
,,DAVID BYRNE - EVERYBODY LAUGHS,2
,,CMAT - EURO-COUNTRY,2
,,BRIGHT EYES - 1ST WORLD BLUES,2
,,JEHNNY BETH - HIGH RESOLUTION SADNESS,2
,,SLOW CRUSH - THIRST,2
,,GARBAGE - STUPID GIRL,2
,,ROYAL BLOOD - PULL ME THROUGH,2
,,ROYAL BLOOD - FIGURE IT OUT,2
,,ROYAL BLOOD - SHINER IN THE DARK,2
,,MONACO - WHAT DO YOU WANT FROM ME,2
,,MANIC STREET PREACHERS - IF YOU TOLERATE THIS YOUR CHILDREN WILL BE NEXT,2
,,TWO DOOR CINEMA CLUB - SOMETHING GOOD CAN WORK,2
,,TWO DOOR CINEMA CLUB - SUN,2
,,JESSIE J - MASTERPIECE,2
,,FOUNTAINS OF WAYNE - RED DRAGON TATTOO,2
,,THE OFFSPRING - PRETTY FLY,2
,,GUNS N' ROSES - PARADISE CITY,2
,,SHANIA TWAIN - YOU'RE STILL THE ONE,2
,,OLLY MURS - UP,2
,,LAUREN SPENCER-SMITH - FINGERS CROSSED,2
,,THE STREETS - HAS IT COME TO THIS?,2
,,YAZOO - NOBODY'S DIARY,2
,,WORLD PARTY - PUT THE MESSAGE IN THE BOX,2
,,ADELE - SEND MY LOVE,2
,,ADELE - MAKE YOU FEEL MY LOVE,2
,,ADELE - SKYFALL (RADIO-VERSION),2
,,WHITNEY HOUSTON - SO EMOTIONAL,2
,,WHITNEY HOUSTON - QUEEN OF THE NIGHT,2
,,WHITNEY HOUSTON - ALL AT ONCE,2
,,WHITNEY HOUSTON - COULD I HAVE THIS KISS FOREVER,2
,,SIDO - SCHÖNER TAG,2
,,SIDO - SIDO TAUSEND TATTOOS (1LIVE SAN HEJMO 2025),2
,,BLOSSOMS - PERFECT ME,2
,,DANITSA - SECRET EMOTIONS,2
,,BLINK-182 - WHAT'S MY AGE AGAIN?,2
,,BLINK-182 - FIRST DATE,2
,,FINE YOUNG CANNIBALS - SUSPICIOUS MINDS,2
,,JONAS BROTHERS - X,2
,,JONAS BROTHERS - I CAN'T LOSE,2
,,KAROL G - X,2
,,ACE OF BASE - DON'T TURN AROUND,2
,,DODO - ONE-NIGHT-STAND,2
,,DODO - CLOSE YOUR EYES,2
,,DODO - SCHWERELOS,2
,,DODO - STURM,2
,,DODO - NAGELLACK,2
,,TOPIC - BODY,2
,,NATIV - KOSMOS,2
,,ALICE MERTON - WHY SO SERIOUS,2
,,WYCLEF JEAN - 911,2
,,SOFT LOFT - LITTLE LESS,2
,,SOFT LOFT - SUMMER SADNESS,2
,,ALAS THE SUN - FEELS HONEY-LACED,2
,,BRADLEY SIMPSON - CARPET BURN,2
,,FATBOY SLIM - PRAISE YOU (PURPLE DISCO MACHINE REMIX),2
,,A-HA - FOREVER NOT YOURS,2
,,A-HA - CRY WOLF,2
,,A-HA - YOU ARE THE ONE,2
,,EDWYN COLLINS - A GIRL LIKE YOU (ALBUM VERSION),2
,,HUGEL - THINK OF ME,2
,,WIZTHEMC - OVER THE MOON,2
,,WIZTHEMC - ABOUT YOU,2
,,WIZTHEMC - IF YOU KNOW,2
,,WIZTHEMC - LET YOU IN,2
,,AUDREY NUNA - TOP AGAIN,2
,,ZARTMANN - SCHÖN SCHEISSE,2
,,JOEL CORRY - I LOVE UR GF,2
,,WILL.I.AM - EAST LA,2
,,TABOO - EAST LA,2
,,MARIAH CAREY - TYPE DANGEROUS,2
,,MARIAH CAREY - ALL I WANT FOR CHRISTMAS IS YOU,2
,,ALLE FARBEN - SHE MOVES (FAR AWAY),2
,,THE BEAUTIFUL SOUTH - SONG FOR WHOEVER,2
,,BLONDIE - SUNDAY GIRL,2
,,AMANDA MARSHALL - BELIEVE IN YOU,2
,,RICK SPRINGFIELD - ROCK OF LIFE,2
,,STROMAE - L'ENFER,2
,,STROMAE - SANTE,2
,,RAUW ALEJANDRO - BUENOS TÉRMINOS,2
,,BIBI VAPLAN - CAPTAIN FLAMINGO,2
,,BIBI VAPLAN - 60 MINUTS,2
,,BIBI VAPLAN - IRON B,2
,,AEROTIQUE - SLOW DOWN,2
,,AEROTIQUE - IN MY DROPTOP,2
,,WURZEL 5 - FÜR DI,2
,,TOMPAUL - MOONLIGHT DRIVE,2
,,POLAR - ASSEZ POUR NOUS,2
,,WE INVENTED PARIS - BUBBLETREES,2
,,WE INVENTED PARIS - LOOKING BACK,2
,,RED SHOES - CALIFORNIA,2
,,ODD BEHOLDER - ALEXANDER,2
,,CORY HANSON - BIRD ON A SWING,2
,,LOU REED - WALK ON THE WILD SIDE,2
,,ARCTIC MONKEYS - I BET YOU LOOK GOOD ON THE DANCEFLOOR,2
,,ARCTIC MONKEYS - SNAP OUT OF IT,2
,,ARCTIC MONKEYS - ARABELLA,2
,,CRO - BAD BOI,2
,,CRO - UNENDLICHKEIT,2
,,THE KOOKS - SHINE ON,2
,,THE KOOKS - OOH LA,2
,,MISTAJAM - IF YOU REALLY LOVE ME (HOW WILL I KNOW),2
,,JOHN NEWMAN - GIVE ME YOUR LOVE,2
,,EDDIE VEDDER - LONG WAY,2
,,OF MONSTERS AND MEN - MOUNTAIN SOUND,2
,,HEATHER NOVA - WALK THIS WORLD,2
,,BENEE - GREEN HONDA,2
,,BENEE - LOVE COCOON,2
,,DEPECHE MODE - NEVER LET ME DOWN AGAIN,2
,,DEPECHE MODE - POLICY OF TRUTH,2
,,DEPECHE MODE - MASTER AND SERVANT,2
,,DEPECHE MODE - DREAM ON,2
,,THE CHARLATANS - THE ONLY ONE I KNOW,2
,,DE LA SOUL - FEEL GOOD INC,2
,,DE LA SOUL - ME MYSELF AND I,2
,,THE ASTEROIDS GALAXY TOUR - HEART ATTACK,2
,,ROBERT PALMER - KNOW BY NOW,2
,,ROBERT PALMER - TITELFOLGE,2
,,LINDA ELYS - HURRY,2
,,THE LIBERTINES - MUSTANG,2
,,ELLAS - SEVEN BILLION,2
,,FUSION SQUARE GARDEN - MEITSCHI,2
,,MONET192 - 21 GRAMM,2
,,MONET192 - NIEMALSLAND,2
,,MONET192 - SOSO,2
,,MONET192 - T'ES PAS TOI-MEME,2
,,SAD - 1,2
,,SAINTSENECA - SWEET NOTHING,2
,,FONTAINES D.C - SUNDOWNER,2
,,FONTAINES D.C - FAVOURITE,2
,,THE VERVE - LUCKY MAN,2
,,FAVEZ - NAKED AND GASOLINED,2
,,FAVEZ - CLOSET ASTRONAUT,2
,,EMPIRE OF THE SUN - THE SPINS,2
,,EMPIRE OF THE SUN - WALKING ON A DREAM (MARLON HOFFSTADT REMIX),2
,,VAN HALEN - CAN'T STOP LOVIN' YOU,2
,,VAN HALEN - PANAMA,2
,,VOLBEAT - HEAVEN NOR HELL,2
,,FLEETWOOD MAC - GYPSY,2
,,MODJO - LADY,2
,,NAUGHTY BOY - RUNNIN',2
,,ARROW BENJAMIN - RUNNIN',2
,,AARON ROWE - TALKING WITH YOU,2
,,ADRIAN TACCHI - SCHWERELOS,2
,,ALESSIA CARA - LET ME DOWN SLOWLY,2
,,SUNDARA KARMA - SHE SAID,2
,,MICHAEL SCHULTE - WAKING UP WITHOUT YOU,2
,,TRUMMER - NEON LIECHT MEITSCHI,2
,,TRUMMER - ANYTHING BUT STRAIGHT,2
,,GAMEBOIS - SOULFOOD,2
,,DJ ANTOINE - GLOW,2
,,DJ ANTOINE - LOVED ME ONCE,2
,,DJ ANTOINE - THANK YOU,2
,,MARTIN VAN LECTRO - GLOW,2
,,TAMARA OLORGA - GLOW,2
,,MIMI WEBB - GOOD WITHOUT,2
,,PATRICK BISHOP - GOLDEN,2
,,PATRICK BISHOP - STEPS,2
,,PABLO INFERNAL - HOWLIN' WOLF,2
,,BEBE REXHA - SAY MY NAME,2
,,BEBE REXHA - I'M GOOD,2
,,BEBE REXHA - LAST HURRAH,2
,,BEBE REXHA - I GOT YOU,2
,,JENS LEKMAN - WEDDING IN LEIPZIG,2
,,BEN BÖHMER - BEST LIFE,2
,,GAB FERREIRA - LAW OF NATURE,2
,,MIGUEL BALLUMBROSIO - BALLUMBROSIO,2
,,KINGS OF LEON - THE BUCKET,2
,,KINGS OF LEON - PYRO,2
,,BON IVER - DAY ONE,2
,,BON IVER - S P E Y S I D E,2
,,BABYBIRD - YOU'RE GORGEOUS,2
,,BENNETT - MILKY WAY,2
,,LUKE COMBS - ALL OVER AGAIN,2
,,LUKE COMBS - FAST CAR,2
,,PLEASE MADAME - WHAT KEEPS ME UP,2
,,NILE RODGERS - GIVE ME YOUR LOVE,2
,,NILE RODGERS - ONE MORE,2
,,JONAH - BEST LIFE,2
,,YELLO - LIMBO,2
,,YELLO - VICIOUS GAMES,2
,,PATRICK STUMP - SUMMER DAYS,2
,,JACK JOHNSON - GOOD PEOPLE,2
,,CALUM SCOTT - LOVE ON MYSELF,2
,,JENNIFER WARNES - FIRST WE TAKE MANHATTAN,2
,,THE GASLIGHT ANTHEM - OLD WHITE LINCOLN,2
,,GREEN DAY - BOBBY SOX,2
,,GREEN DAY - HOLIDAY,2
,,GREEN DAY - KNOW YOUR ENEMY,2
,,GREEN DAY - AMERICAN IDIOT,2
,,DAVEY6000 - 1000MÖNSCHE,2
,,USHER - YOU MAKE ME WANNA,2
,,PAT BENATAR - WE BELONG (SINGLE VERSION),2
,,MILOW - SUMMER DAYS,2
,,MILOW - WHATEVER IT TAKES,2
,,MILOW - WE MUST BE CRAZY,2
,,MILOW - DELOREAN,2
,,MILOW - AGAINST THE TIDE,2
,,ANASTACIA - I BELONG TO YOU (IL RITMO DELLA PASSIONE),2
,,ARETHA FRANKLIN - SPANISH HARLEM,2
,,BRANDI CARLILE - THE STORY,2
,,DEMI LOVATO - UP,2
,,AUDRA MAE - ADDICTED TO YOU,2
,,MARPHIL - IN MY DROPTOP,2
,,CIRCA WAVES - STUCK IN MY TEETH,2
,,CIRCA WAVES - DO YOU WANNA TALK,2
,,ELIAS BERTINI - WONDERFUL,2
,,COLD BATH - FIRE IN THE JUNGLE,2
,,MERCEE - LET ME LOVE YOU,2
,,MERCEE - SOLITA,2
,,ALOIS - FLOWERS,2
,,ALOIS - AFTER LIFE,2
,,SZA - WHAT LOVERS DO,2
,,SZA - KISS ME MORE,2
,,SAM WILLS - I WILL,2
,,SOFIA REYES - CUANDO ESTAS TU,2
,,HERMANN - PLAKAT,2
,,KT GORIQUE - CRY,2
,,EARL SWEATSHIRT - INFATUATION,2
,,LILA IKÉ - FRY PLANTAIN,2
,,SUPERCHUNK - CUE,2
,,ROYEL OTIS - CLAW FOOT,2
,,ROYEL OTIS - ADORED,2
,,ERIC CLAPTON - FOREVER MAN,2
,,NAS - ADAM AND EVE,2
,,HADDAWAY - WHAT IS LOVE (1999 DIGIAL REMASTERED),2
,,JAN DELAY - DISKO,2
,,COLBIE CAILLAT - LUCKY,2
,,HUCK FINN - SOFIA,2
,,TRETTMANN - IN DER NACHT,2
,,TRETTMANN - FÜR DICH DA,2
,,TRETTMANN - WAR DAS SCHON ALLES,2
,,TRETTMANN - KNÖCHELTIEF,2
,,TRETTMANN - 5 MINUTEN,2
,,TAKAGI E KETRA - AMORE E CAPOEIRA,2
,,GIUSY FERRERI - AMORE E CAPOEIRA,2
,,SEAN KINGSTON - AMORE E CAPOEIRA,2
,,SEAN KINGSTON - BEAUTIFUL GIRLS,2
,,TECHNOTRONIC - PUMP UP THE JAM,2
,,SUPERTRAMP - TAKE THE LONG WAY HOME,2
,,ME AND MARIE - SAD SONG TO DANCE,2
,,LUTRICIA MCNEAL - SOMEONE LOVES YOU HONEY,2
,,ICE SPICE - KARMA,2
,,THE CHAINSMOKERS - SICK BOY,2
,,THE CHAINSMOKERS - HELIUM,2
,,ANNALISA - DISCO PARADISE,2
,,OUTKAST - ROSES,2
,,ADEN FOYER - THE BALLET GIRL,2
,,THE VACCINES - HEARTBREAK KID,2
,,PINGUINI TATTICI NUCLEARI - RUBAMI LA NOTTE,2
,,SIMPLE MINDS - SANCTIFY YOURSELF,2
,,ALEX HEPBURN - UNDER,2
,,MARLON ROUDETTE - ANTI HERO (BRAVE NEW WORLD),2
,,MARLON ROUDETTE - EVERYBODY FEELING SOMETHING,2
,,OAK STREET - TSCHEL BLOV,2
,,THE FAIM - ME BECAUSE OF YOU,2
,,KYLAN ROAD - ICE,2
,,MOTHERS PRIDE - OLD ENOUGH TO DIE YOUNG,2
,,PABLO ILL - SHOW ME HOW YOU MOVE,2
,,KADEBOSTANY - MIND IF I STAY,2
,,KADEBOSTANY - CASTLE IN THE SNOW,2
,,YURI - LIMIT,2
,,SENSU - MOONLIGHT LEMONADE,2
,,MURPHY - BANGO TE,2
,,BABASTREET - BANGO TE,2
,,CAMILA KOLLER - WONDERFUL,2
,,RISE AGAINST - I WANT IT ALL,2
,,MERCHANDISE - YOU SHOT ME DOWN,2
,,WOLFMOTHER - WOMAN,2
,,DIJON - DAY ONE,2
,,EVERYTHING IS RECORDED - WEAR & TEAR,2
,,SAMPHA - WEAR & TEAR,2
,,SAMPHA - I'M ON YOUR TEAM,2
,,SAMPHA - OCEAN STEPPIN',2
,,SAMPHA - ONLY,2
,,SAMPHA - TEMPORARY VIEW,2
,,DANIELLE PONDER - WEAR & TEAR,2
,,JAH WOBBLE - WEAR & TEAR,2
,,TYLER - SUGAR ON MY TONGUE,2
,,THE CREATOR - SUGAR ON MY TONGUE,2
,,TRINIDAD CARDONA - DINERO,2
,,ROXY MUSIC - OH YEAH (THERE'S A BAND PLAYING ON THE RADIO),2
,,LISA - NEW WOMAN,2
,,WOODKID - ANY LOVE OF ANY KIND,2
,,WOODKID - IRON,2
,,BOB MARLEY AND THE WAILERS - IS THIS LOVE,2
,,BOB MARLEY AND THE WAILERS - COULD YOU BE LOVED,2
,,BOB MARLEY AND THE WAILERS - WAITING IN VAIN,2
,,B.O.B - NOTHING ON YOU,2
,,ZUCCHERO - BAILA,2
,,ASENDORF - TOO GOOD TO BE ALONE,2
,,ASENDORF - BITTERSWEET,2
,,MEGAN THEE STALLION - NOT MY FAULT,2
,,VANIA SOUSA - BY YOUR SIDE,2
,,LASKAAR - NEVER MET YOU,2
,,LASKAAR - TRAICION,2
,,TACCHI - 1001 NACHT,2
,,TACCHI - SUPERMERCATO,2
,,GLORIA AMELIA - CALL ME,2
,,DARDAN - SOSO,2
,,ASAF AVIDAN AND THE MOJOS - ONE DAY / RECKONING SONG,2
,,DR. DRE - FORGOT ABOUT DRE,2
,,DR. DRE - XXPLOSIVE,2
,,GORILLAZ - CLINT EASTWOOD,2
,,GORILLAZ - DARE,2
,,GORILLAZ - THE VALLEY OF THE PAGANS,2
,,JOSEY SCOTT - HERO,2
,,OZZY OSBOURNE - ORDINARY MAN,2
,,MATT SIMONS - AFTER THE LANDSLIDE (REMIX),2
,,MATT SIMONS - LOSE CONTROL,2
,,SILK SONIC - SKATE,2
,,DAVID GUETTA FT. JAMIE - SO FAR AWAY,2
,,SUNRISE AVENUE - I HELP YOU HATE ME,2
,,WOMACK AND WOMACK - TEARDROPS,2
,,WESTLIFE - BOP BOP BABY,2
,,ANNIE LENNOX - PUT A LITTLE LOVE IN YOUR HEART,2
,,GIANT ROOKS - ALL GOOD THINGS (COME TO AN END),2
,,GIANT ROOKS - FIGHT CLUB,2
,,GENTLEMAN - SCHÖNER TAG,2
,,GENTLEMAN - DIFFERENT PLACES,2
,,GENTLEMAN - AHOI,2
,,GENTLEMAN - DEM GONE,2
,,LEN SANDER - WOMAN ON THE RUN,2
,,BASEMENT SAINTS - NIGHT OWL,2
,,CURDIN NICOLAY - LAT DA CHAVRA,2
,,THE TEMPER TRAP - FALL TOGETHER,2
,,MIMIKS - MILLION,2
,,PINA PALAU - OUTDOOR GUY,2
,,FEDEZ - DISCO PARADISE,2
,,ARTICOLO 31 - DISCO PARADISE,2
,,ARTICOLO 31 - UNA COSA BENE,2
,,ZAYN - PILLOWTALK,2
,,THE TING TINGS - SHUT UP AND LET ME GO,2
,,ONE DIRECTION - STEAL MY GIRL,2
,,SEEED - MUSIC MONKS,2
,,SPICE GIRLS - STOP,2
,,HUEY LEWIS AND THE NEWS - THE POWER OF LOVE,2
,,ELVETT - NO WORDS,2
,,ADRIAN WEYERMANN - ECHO,2
,,LIME - REMAIN,2
,,BLACKBOOK - LOVE IS A CRIME,2
,,ELISA - BIRDS,2
,,THIRTY SECONDS TO MARS - WALK ON WATER,2
,,TINASHE - NASTY,2
,,LA MANO 1.9 - PARISIENNE,2
,,MACHINE GUN KELLY - MISS SUNSHINE,2
,,BADCHIEFF - HEUTE ODER GESTERN,2
,,BAILEY ZIMMERMAN - LOST,2
,,"ABBA - HONEY, HONEY",2
,,ABBA - TAKE A CHANCE ON ME,2
,,ABBA - ONE OF US,2
,,ARLO PARKS - TOO GOOD,2
,,ARLO PARKS - BLADES,2
,,ARLO PARKS - JASMINE,2
,,ARLO PARKS - TANGERINE,2
,,GEORGE HARRISON - ALL THOSE YEARS AGO,2
,,GEORGE HARRISON - THIS IS LOVE,2
,,SOFFIE - UNTERWEGS,2
,,ELVIS PRESLEY - ALWAYS ON MY MIND,2
,,JXL - A LITTLE LESS CONVERSATION,2
,,SHED SEVEN - TALK OF THE TOWN,2
,,BTS - PERMISSION TO DANCE,2
,,DEL AMITRI - NOTHING EVER HAPPENS,2
,,BILLIE BIRD - LES DEFERLANTES,2
,,ALT-J - FITZPLEASURE,2
,,ELLU - WAITING,2
,,MEMOZA - FEELINGS,2
,,LP - GIRLS GO WILD,2
,,JOHNOSSI - BIG BUCK,2
,,PISO 21 - CUANDO ESTAS TU,2
,,COUNTING CROWS - BIG YELLOW TAXI,2
,,FOALS - WHAT WENT DOWN,2
,,FOALS - MIAMI,2
,,FOALS - HYPERCOLOUR,2
,,YOA - CHANSON TRISTE,2
,,PULL N WAY - LOOKING AT YOU,2
,,KAUFMANN - LISA,2
,,TRUE - HOLIDAY TICKETS,2
,,WHITE DUPPY - CHASING THE TIME,2
,,BELINDA MYRA - CHASING THE TIME,2
,,JULIAN BROWN - WALLS,2
,,THE YOUNG GODS - BLACKWATER,2
,,WIR SIND HELDEN - VON HIER AN BLIND,2
,,WIR SIND HELDEN - KAPUTT,2
,,YANNICK - CES SOIREES LA,2
,,"PINK FLOYD - ANOTHER BRICK IN THE WALL, PART 2",2
,,"FUGEES - NO WOMAN, NO CRY",2
,,GWEN STEFANI - SOMEBODY ELSE'S,2
,,KIM WILDE - IT'S HERE,2
,,KIM WILDE - FOUR LETTER WORD,2
,,DIE TOTEN HOSEN - AZZURRO (DIE TOTEN HOSEN:),2
,,DIE TOTEN HOSEN - WANNSEE,2
,,M.C. MIKER G - HOLIDAY RAP,2
,,DEEJAY SVEN - HOLIDAY RAP,2
,,ABU - ONE DAY,2
,,AUSTRA - MATH EQUATION,2
,,PANIC SHACK - GOK WAN,2
,,THE WHITE STRIPES - HARDEST BUTTON TO BUTTON,2
,,LIMP BIZKIT - FAITH,2
,,ASHLEE SIMPSON - PIECES OF ME,2
,,UB40 - KINGSTON TOWN,2
,,PHOENIX - TRYING TO BE COOL,2
,,PHOENIX - 1901,2
,,PHOENIX - IF I EVER FEEL BETTER,2
,,PHOENIX - ENTERTAINMENT,2
,,MADCON - KEEP MY COOL,2
,,COMA COSE - UNA COSA BENE,2
,,FRANTIC - HERE YOU ARE,2
,,FRED AGAIN - ADORE U,2
,,FRED AGAIN - JUST STAND THERE,2
,,FRED AGAIN - TURN ON THE LIGHTS AGAIN,2
,,FRED AGAIN - LEAVEMEALONE,2
,,FRED AGAIN - TURN ON THE LIGHTS AGAIN..,2
,,FRED AGAIN - BILLIE (LOVING ARMS),2
,,ALABAMA SHAKES - DON'T WANNA FIGHT,2
,,MUSTAFA - MIND LOADED,2
,,THE BEACHES - KISMET,2
,,THE BEACHES - BLAME BRETT,2
,,THE HIVES - ENOUGH IS ENOUGH,2
,,THE HIVES - WALK IDIOT WALK,2
,,TERENCE TRENT D'ARBY - WISHING WELL,2
,,TAKE THAT - COULD IT BE MAGIC,2
,,THE ROLLING STONES - LOVE IS STRONG,2
,,THE ROLLING STONES - I CAN'T GET NO SATISFACTION,2
,,THE ROLLING STONES - THE LAST TIME,2
,,THE ROLLING STONES - IT'S ONLY ROCK 'N' ROLL (BUT I LIKE IT),2
,,THE ROLLING STONES - ANGIE,2
,,SALT'N'PEPA - WHATTA MAN,2
,,EN VOGUE - WHATTA MAN,2
,,MYSTERY JETS - BUBBLEGUM,2
,,NUIT INCOLORE - DEPASSE,2
,,JASON MRAZ - LUCKY,2
,,MOBY - SUNDAY (THE DAY BEFORE MY BIRTHDAY),2
,,BLÜMCHEN - HERZ AN HERZ,2
,,NINA CHUBA - 80QM,2
,,NINA CHUBA - ICH GLAUB ICH WILL HEUT NICHT MEHR GEHEN,2
,,BLUE WEDNESDAY - BIRTHDAY GIRL,2
,,GENESIS - THROWING IT ALL AWAY,2
,,GENESIS - THAT'S ALL,2
,,GRAHAM CANDY - SHE MOVES (FAR AWAY),2
,,"ROBERTA FLACK - TONIGHT, I CELEBRATE MY LOVE",2
,,BLVMENKIND - WANNA GO,2
,,TOM WAVY - WANNA GO,2
,,ALI GATIE - IT'S YOU,2
,,WET LEG - CATCH THESE FISTS,2
,,FAITH NO MORE - I'M EASY,2
,,HOWARD JONES - TWO SOULS,2
,,THE SHAPESHIFTERS - LOLA'S THEME,2
,,SUGAR - IF I CAN'T CHANGE YOUR MIND,2
,,EROS RAMAZZOTTI - DOVE C'È MUSICA,2
,,EROS RAMAZZOTTI - I BELONG TO YOU (IL RITMO DELLA PASSIONE),2
,,HOOTIE AND THE BLOWFISH - ONLY WANNA BE WITH YOU,2
,,UDO LINDENBERG - SONDERZUG NACH PANKOW,2
,,UDO LINDENBERG - GEGEN DIE STRÖMUNG,2
,,UDO LINDENBERG - MEIN DING,2
,,UDO LINDENBERG - NIEMALS DRAN GEZWEIFELT,2
,,UDO LINDENBERG - ICH LIEB' DICH ÜBERHAUPT NICHT MEHR,2
,,UDO LINDENBERG - HORIZONT,2
,,VAMPIRE WEEKEND - HARMONY HALL,2
,,VAMPIRE WEEKEND - DIANE YOUNG,2
,,SHAME - SPARTAK,2
,,SCREAM - AQUARIUM,2
,,AEROSMITH - LOVE IN AN ELEVATOR,2
,,AEROSMITH - COME TOGETHER,2
,,AEROSMITH - NINE LIVES,2
,,ERIC ZAYNE - LOVED ME ONCE,2
,,JIMMI THE DEALER - LOVED ME ONCE,2
,,ALMA - DYE MY HAIR,2
,,SWEDISH HOUSE MAFIA - TURN ON THE LIGHTS AGAIN,2
,,SWEDISH HOUSE MAFIA - TURN ON THE LIGHTS AGAIN..,2
,,KALEO - I WANT MORE,2
,,DENNIS LLOYD - ANXIOUS,2
,,ABSOLUTE BEGINNER - LIEBESLIED,2
,,RAZORLIGHT - IN THE MORNING,2
,,DIPLO - DON'T FORGET MY LOVE,2
,,ERIC LUMIERE - THANK YOU,2
,,THE RAMBLING WHEELS - WE ARE ALL HERE,2
,,LEON BRIDGES - STEAM,2
,,DRAKE - WHAT'S MY NAME?,2
,,DRAKE - TUESDAY,2
,,DRAKE - SIDEWAYS,2
,,DRAKE - CHAMPAGNE POETRY,2
,,T.I - WHAT YOU KNOW,2
,,DIRE STRAITS - TICKET TO HEAVEN,2
,,NOTI WÜMIE - DAS ÄSSE,2
,,MARTERIA - VERSTRAHLT,2
,,MARTERIA - SO PERFEKT,2
,,MARTERIA - KIDS,2
,,MARTERIA - NIEMAND BRINGT MARTEN UM,2
,,MARTERIA - CHAMPION SOUND,2
,,BAZE - VO NÜT US,2
,,CRYSTAL FIGHTERS - MANIFEST,2
,,CRYSTAL FIGHTERS - AT HOME,2
,,AURORA - QUEENDOM,2
,,AURORA - HEATHENS,2
,,AURORA - RUNNING WITH THE WOLVES,2
,,AURORA - SOME TYPE OF SKIN,2
,,DON WEST - SEND IT BACK,2
,,MICHAEL KIWANUKA - HOME AGAIN,2
,,MICHAEL KIWANUKA - LIGHT,2
,,MICHAEL KIWANUKA - THE REST OF ME,2
,,MICHAEL KIWANUKA - FLOATING PARADE,2
,,THE NATIONAL - FAKE EMPIRE,2
,,TEGAN AND SARA - WALKING WITH A GHOST,2
,,M83 - REUNION,2
,,JOY DIVISION - LOVE WILL TEAR US APART,2
,,SHAED - TRAMPOLINE,2
,,FRANKIE GOES TO HOLLYWOOD - RAGE HARD,2
,,NIALL HORAN - HEAVEN,2
,,NIALL HORAN - THIS TOWN,2
,,WALK THE MOON - SHUT UP & DANCE,2
,,BEATSTEAKS - I DON'T CARE AS LONG AS YOU SING,2
,,BEATSTEAKS - LET ME IN,2
,,FREDDIE MERCURY - BARCELONA,2
,,PAOLO NUTINI - JENNY DON'T BE HASTY,2
,,GIVEON - TWENTIES,2
,,OZONE - DRAGOSTEA DIN TEI,2
,,BLACK TROPICS - BLACK TROPICS,2
,,MARK KELLY - ONE FINE DAY,2
,,HOLLY HUMBERSTONE - DIVING,2
,,THE MOCK TURTLES - CAN YOU DIG IT?,2
,,WANDA - BUSSI BABY,2
,,WANDA - LUZIA,2
,,CLARA LUCIANI - LE RESTE,2
,,DIDO - STAN,2
,,DIDO - LIFE FOR RENT,2
,,JULI - ELEKTRISCHES GEFÜHL,2
,,DEICHKIND - REMMIDEMMI,2
,,DEICHKIND - LECKO MIO,2
,,TEN TONNES - COUNTING DOWN,2
,,SAM RYDER - JULY,2
,,DIANA ROSS - WHERE DID OUR LOVE GO,2
,,SIGALA - GIVE ME YOUR LOVE,2
,,DEAD OR ALIVE - YOU SPIN ME ROUND,2
,,CIAN DUCROT - LITTLE DREAMING,2
,,FREUNDESKREIS - ANNA (A-N-N-A),2
,,JOY DENALANE - USE ME,2
,,JJ - WASTED LOVE,2
,,OEHL - BIN NOCH WACH...WO BIST DU?,2
,,TOM JONES - SEX BOMB (SEXBOMB),2
,,TOM JONES - MAMA TOLD ME NOT TO COME,2
,,PINKPANTHERESS - STATESIDE,2
,,PINKPANTHERESS - MOSQUITO,2
,,PINKPANTHERESS - TURN IT UP,2
,,PLACEBO - EVERY YOU EVERY ME,2
,,PLACEBO - TOO MANY FRIENDS,2
,,FALL OUT BOY - THNKS FR TH MMRS,2
,,JOHN WILLIAMS - HARRY POTTER - HEDWIG'S THEME JOHN WILLIAMS,2
,,MATTO RULES - TONIGHT,2
,,"MÄLT - MON AMOUR, MON AMOUR",2
,,EDITORS - MUNICH,2
,,FASTBALL - THE WAY,2
,,ROBIN S - SHOW ME LOVE,2
,,MUSICAL YOUTH - PASS THE DUTCHIE,2
,,AKON - SEXY CHICK,2
,,ALEX PRICE - UNTOLD,2
,,CECE PENISTON - FINALLY,2
,,CYPRESS HILL - INSANE IN THE BRAIN,2
,,"HERBERT GRÖNEMEYER - MUSIK NUR, WENN SIE LAUT IST",2
,,MARC COHN - SILVER THUNDERBIRD,2
,,ATOMIC KITTEN - THE TIDE IS HIGH (GET THE FEELING),2
,,ATOMIC KITTEN - IF YOU COME TO ME (IF U COME TO ME),2
,,ATOMIC KITTEN - IF YOU COME TO ME,2
,,LENA - STARDUST,2
,,THE BOSSHOSS - LIKE ICE IN THE SUNSHINE,2
,,RICHARD MARX - ENDLESS SUMMER NIGHTS,2
,,BONNIE TYLER - TOTAL ECLIPSE OF THE HEART (SHORT VERSION),2
,,P!NK - GET THE PARTY STARTED,2
,,P!NK - BLOW ME (ONE LAST KISS),2
,,P!NK - TRY,2
,,P!NK - JUST LIKE A PILL,2
,,TOBY ROMEO - ALIVE,2
,,RICK ASTLEY - WHENEVER YOU NEED SOMEBODY,2
,,BEYONCÉ - SINGLE LADIES (PUT A RING ON IT),2
,,BEYONCÉ - BROWN SKIN GIRL,2
,,BOSSE - SO ODER SO,2
,,BOSSE - WEIT WEG,2
,,SASH! - LA PRIMAVERA,2
,,BUDDY - AB IN DEN SÜDEN,2
,,IRENE CARA - FLASHDANCE ... WHAT A FEELING,2
,,IRENE CARA - FLASHDANCE...WHAT A FEELING,2
,,MIKE OLDFIELD - INNOCENT,2
,,REAL LIFE - CATCH ME I'M FALLING,2
,,REAMONN - JOSEPHINE,2
,,REAMONN - AEROPLANE,2
,, - POLAROID,2
,, - RAD GUMBO,2
,, - HOOKMB / SKI AGGU / PALERMO KURZ,2
,, - DJN FUN SDR NICO SCHMIDT 6,2
,, - DJN FUN SDR NICO SCHMIDT 5,2
,, - DJN FUN SDR NICO SCHMIDT 8,2
,, - DJN FUN SDR NICO SCHMIDT 16,2
,, - 02 RESIDENT EVIL REQUIEM - GAMESCOM 2025 - ATMO + GRUSEL,2
,,BILLY JOEL - I GO TO EXTREMES,2
,,BILLY JOEL - JUST THE WAY YOU ARE,2
,,BILLY JOEL - ALL ABOUT SOUL,2
,,ONE REPUBLIC - BONES,2
,,ONE REPUBLIC - I AIN'T WORRIED,2
,,UB 40 - I CAN'T HELP FALLING IN LOVE WITH YOU,2
,,KENYA GRACE - PARIS,2
,,RIKU RAJAMAA - BACK AGAIN,2
,,STANFOUR - BACK AGAIN,2
,,STANFOUR - WISHING YOU WELL,2
,,THE GOO GOO DOLLS - GIVE A LITTLE BIT,2
,,A BOOGIE WIT - STACK IT UP,2
,,RANI - SLOWLY,2
,,C - ZUSAMMEN,2
,,C - GONNA MAKE YOU SWEAT (EVERYBODY DANCE NOW),2
,,HALL - OUT OF TOUCH,2
,,OATES - OUT OF TOUCH,2
,,MARQUESS - VAYAMOS COMPANEROS,2
,,MARQUESS - UNA NOCHE LOCA,2
,,MATERIA - LILA WOLKEN,2
,,CULTURE CLUB - MOVE AWAY,2
,,LIGHTHOUSE FAMILY - RAINCLOUD,2
,,ACDC - YOU SHOOK ME ALL NIGHT LONG,2
,,PATRICE - SOUL STORM,2
,,ICH - VOM SELBEN STERN (RHYTHMS DEL MUNDO),2
,,KYGO WITH AVICII - FOREVER YOURS (TRIBUTE),2
,,SANDRO CAVA - FOREVER YOURS (TRIBUTE),2
,,MÜNCHENER FREIHEIT - OHNE DICH (SCHLAF ICH HEUT NACHT NICHT EIN),2
,,MÜNCHENER FREIHEIT - TAUSENDMAL DU,2
,,LIONEL RICHIE - ANGEL,2
,,CALI Y EL D - MAÑANA,2
,,DECLAN J DONOVAN - ALIVE,2
,,ZAZ - QUÉ VENDRÁ,2
,,ZAZ - IMAGINE,2
,,ZAZ - LES PASSANTS,2
,,NENA - LIEBE IST,2
,,KRAFTKLUB - FAHR MIT MIR (4X4),2
,,KANYE WEST - GOLD DIGGER,2
,,JAMIE FOXX - GOLD DIGGER,2
,,OFF - ELECTRICA SALSA,2
,,DEAF HAVANA - LAWN TENNIS,2
,,CULCHA CANDELA - HAMMA!,2
,,CULCHA CANDELA - MONSTA,2
,,SASHA - LET ME BE THE ONE,2
,,KATE BUSH - DON'T GIVE UP,2
,,ROBERT MILES - ONE & ONE,2
,,JOSHUA KADISON - PICTURE POSTCARDS FROM L.A.,2
,,BEE GEES - ORDINARY LIVES,2
,,BEE GEES - ALONE,2
,,SUMMER WALKER - YOU'RE STUCK,2
,,2 - TICK TOCK,2
,,JVKE - STRINGS,2
,,GALANTIS - BONES,2
,,REVOLVERHELD - ICH LASS FÜR DICH DAS LICHT AN (20 MIX),2
,,POLLYANNA - MELODIA,2
,,MIKE - THE LIVING YEARS,2
,,MIKE - SILENT RUNNING ( ON DANGEROUS GROUND ),2
,,MIKE - ALL I NEED IS A MIRACLE,2
,,THE MECHANICS - THE LIVING YEARS,2
,,THE MECHANICS - SILENT RUNNING ( ON DANGEROUS GROUND ),2
,,THE MECHANICS - ALL I NEED IS A MIRACLE,2
,,HYPATON - TOGETHER,2
,,BONNIE - TOGETHER,2
,,JOHN FARNHAM - THAT'S FREEDOM,2
,,WET WET WET - SWEET SURRENDER,2
,,ULTRAVOX - VIENNA,2
,,RAFF - PEDRO (SLOW VERSION),2
,,TAG TEAM - WHOOMP! (THERE IT IS),2
,,MØ - ATTACK OF THE GHOST RIDERS,2
,,CHRISTINA AGUILE - FEEL THIS MOMENT,2
,,CASCADA - EVACUATE THE DANCEFLOOR,2
,,CASCADA - GLORIOUS,2
,,FRENCH AFFAIR - MY HEART GOES BOOM,2
,,FURY IN THE SLAUGHTERHOUSE - WON'T FORGET THESE DAYS,2
,,FURY IN THE SLAUGHTERHOUSE - EVERY GENERATION GOT ITS OWN DISEASE,2
,,FURY IN THE SLAUGHTERHOUSE - RADIO ORCHID,2
,,FURY IN THE SLAUGHTERHOUSE - BOYS DON'T CRY,2
,,ERIKA SIROL - SPEECHLESS,2
,,JUPITER JONES - RENNEN + STOLPERN,2
,,REIK R3HAB - BÉSAME (I NEED YOU),2
,,HERMES HOUSE BAND - I WILL SURVIVE,2
,,SIA AND DAVID GUETTA - FLOATING THROUGH SPACE,2
,,MIGUEL - REMIND ME TO FORGET,2
,,MIGUEL - SATURNINE,2
,,MIGUEL - DON'T FORGET MY LOVE,2
,,EAST 17 - AROUND THE WORLD,2
,,EAST 17 - STAY ANOTHER DAY,2
,,THE POLICE - SO LONELY,2
,,"THE POLICE - DE DO DO DO, DE DA DA DA",2
,,"MORAT - YO CONTIGO, TÚ CONMIGO",2
,,GERI HALLIWELL - MI CHICO LATINO,2
,,WANTED - CHASING THE SUN,2
,,NO MERCY - WHEN I DIE,2
,,MÅNESKIN - I WANNA BE YOUR SLAVE,2
,,ODYSSEY - GOING BACK TO MY ROOTS,2
,,SCATMAN JOHN - SCATMAN,2
,,LA ROUX - FEEDBACK,2
,,LA ROUX - IN FOR THE KILL,2
,,CAPTAIN JACK - HOLIDAY,2
,,PUSSYCAT DOLLS - STICKWITU,2
,,BÜRGER LARS DIETRICH - SEXY EIS,2
,,MARY J. B - AS,2
,,NICK WATERHOUSE - KATCHI,2
,,TING TINGS - THAT'S NOT MY NAME,2
,,PSY - GANGNAM STYLE,2
,,KENNY DOPE - DEEP DOWN,2
,,IDEAL - BLAUE AUGEN,2
,,IDEAL - KEINE HEIMAT,2
,,IDEAL - BERLIN,2
,,DEBBIE HARRY - FRENCH KISSIN' IN THE USA,2
,,THE PASADENAS - RIDING ON A TRAIN,2
,,THE PASADENAS - I'M DOING FINE NOW,2
,,BILLY OCEAN - WHEN THE GOING GETS TOUGH,2
,,FOX THE FOX - PRECIOUS LITTLE DIAMOND,2
,,"KLAUS LAGE - KOMM, HALT MICH FEST",2
,,KLAUS LAGE - 1000 UND 1 NACHT (ZOOM!),2
,,ADAM ANT - GOODY TWO SHOES,2
,,KIM - DAYLIGHT,2
,,BAP - SHANGHAI,2
,,SPIDER MURPHY GANG - SCHICKERIA,2
,,SANDRA - STOP FOR A MINUTE,2
,,SANDRA - (I'LL NEVER BE) MARIA MAGDALENA,2
,,SANDRA - IN THE HEAT OF THE NIGHT,2
,,LOS DEL RIO - MACARENA (BAYSIDE BOYS REMIX),2
,,HANSON - MMM BOP,2
,,FOOLS GARDEN - I WANT IT THAT WAY,2
,,LEA - DREI UHR NACHTS,2
,,RIO REISER - FÜR IMMER UND DICH,2
,,STARS ON 45 - STARS ON 45,2
,,SISTER SLEDGE - ALL AMERICAN GIRLS,2
,,C MUSIC FACTORY - GONNA MAKE YOU SWEAT (EVERYBODY DANCE NOW),2
,,GOOD CHARLOTTE - I DON’T WORK HERE ANYMORE,2
,,GOOD CHARLOTTE - LIFESTYLES OF THE RICH & FAMOUS,2
,,REDMA - DIRRTY,2
,,GLORIA ESTEFAN - CONGA,2
,,GLORIA ESTEFAN - OYE MI CANTO (HEAR MY VOICE ),2
,,LUNAX - SUMMER NIGHTS,2
,,MYNE - SUMMER NIGHTS,2
,,MICHAEL BUBLÉ - FEELING GOOD,2
,,MICHAEL BUBLÉ - SAVE THE LAST DANCE FOR ME,2
,,MICHAEL BUBLÉ - HOME,2
,,INÉZ - LIGHT YEARS,2
,,RICCHI E POVERI - MADE IN ITALY,2
,,THE CORRS - IRRESISTIBLE,2
,,THE CORRS - LONG NIGHT,2
,,ALIEN ANT FARM - SMOOTH CRIMINAL,2
,,ONE-T - THE MAGIC KEY,2
,,COOL-T - THE MAGIC KEY,2
,,RICHARD ASHCROFT - BREAK THE NIGHT WITH COLOUR,2
,,"THE WAILERS - NO WOMAN, NO CRY",2
,,THE WAILERS - JAMMING (FISHER REWORK),2
,,BANDITS - CATCH ME,2
,,SALT'N PEPA - PUSH IT,2
,,SALT'N PEPA - SHOOP,2
,,SCOOTER - HOW MUCH IS THE FISH?,2
,,MANÁ - EN EL MUELLE DE SAN BLAS,2
,,ROX - MY BABY LEFT ME,2
,,DOMINIC FIKE - SUNBURN,2
,,DOMINIC FIKE - ANT PILE,2
,,01099 - IN DER NACHT,2
,,01099 - PISTAZIENEIS,2
,,01099 - HAARE TROCKNEN,2
,,01099 - VERSCHWENDETE ZEIT,2
,,01099 - 01099 FRISCH (1LIVE SAN HEJMO 2025),2
,,BLACKSTREET - NO DIGGITY,2
,,AMY SHARK - ADORE,2
,,THE KLF - JUSTIFIED AND ANCIENT,2
,,OMD - DREAMING,2
,,OMD - SECRET,2
,,OMD - WALKING ON THE MILKY WAY,2
,,OLIVE - YOU'RE NOT ALONE,2
,,SAINT JHN - BROWN SKIN GIRL,2
,,SARAH CONNOR - ICH WÜNSCH DIR,2
,,EZIO - ANGEL SONG,2
,,WEEKND - DANCING IN THE FLAMES,2
,,WEEKND - SAVE YOUR TEARS,2
,,WEEKND - BLINDING LIGHTS,2
,,ORANGE BLUE - SHE'S GOT THAT LIGHT,2
,,21 SAVAGE - A LOT,2
,,JON BON JOVI - BLAZE OF GLORY,2
,,"ISRAEL ""IZ"" KAMAKAWIWO'OLE - OVER THE RAINBOW",2
,,"ISRAEL ""IZ"" KAMAKAWIWO'OLE - SOMEWHERE OVER THE RAINBOW",2
,,PROVINZ - ICH GLAUB ICH WILL HEUT NICHT MEHR GEHEN,2
,,PAUL YOUNG - EVERYTIME YOU GO AWAY,2
,,PAUL YOUNG - EVERY TIME YOU GO AWAY,2
,,PAUL YOUNG - OH GIRL,2
,,JAM - RIGHT IN THE NIGHT (FALL IN LOVE WITH MUSIC),2
,,MANFRED MANN'S EARTH BAND - MIGHTY QUINN,2
,,MICK JAGGER - EMPTY CHAIRS,2
,,ROB DOUGAN - CLUBBED TO DEATH,2
,,VANGELIS - CONQUEST OF PARADISE,2
,,TONE LOC - FUNKY COLD MEDINA,2
,,TANITA TIKARAM - WORLD OUTSIDE YOUR WINDOW,2
,,TANITA TIKARAM - GOOD TRADITION,2
,,FRANCES - SAY IT AGAIN,2
,,O-ZONE - DRAGOSTEA DIN TEI,2
,,KC AND THE SUNSHINE BAND - GIVE IT UP,2
,,GUNS'N'ROSES - DON'T CRY,2
,,GUNS'N'ROSES - PATIENCE,2
,,MAJID JORDAN - CAUGHT UP,2
,,BAC - ALLES SCHON GESEHEN,2
,,EARTH - GOT TO GET YOU INTO MY LIFE,2
,,WIND - GOT TO GET YOU INTO MY LIFE,2
,,FIRE - GOT TO GET YOU INTO MY LIFE,2
,,OLETA ADAMS - GET HERE,2
,,OLETA ADAMS - RHYTHM OF LIFE,2
,,JEANNE BONJOUR - CREEP (REPRISE),2
,,JOHN MELLENCAMP - WILD NIGHT,2
,,DEL THA FUNKEE HOMOSAPIEN - MISTADOBALINA,2
,,GROOVEMINISTER - VERDIENT,2
,,CHRIS REA - FOOL (IF YOU THINK IT'S OVER),2
,,CHRIS REA - TOUCHÉ D'AMOUR,2
,,CHRIS REA - WINDY TOWN,2
,,CHRIS REA - AUBERGE,2
,,CHRIS REA - JOSEPHINE,2
,,CHRIS REA - THE ROAD TO HELL (PART 2),2
,,CHRIS REA - LOVING YOU AGAIN,2
,,PLAVKA - RIGHT IN THE NIGHT (FALL IN LOVE WITH MUSIC),2
,,BLINK 182 - WHAT'S MY AGE AGAIN?,2
,,CANDI STATON - YOUNG HEARTS RUN FREE,2
,,MEMBERS OF MAYDAY - SONIC EMPIRE,2
,,MANCHESTER ORCHESTRA - CAPITAL KARMA,2
,,ARCADE FIRE - THE SUBURBS,2
,,ARCADE FIRE - MONTH OF MAY,2
,,ARCADE FIRE - REBELLION,2
,,BOSTON - MORE THAN A FEELING,2
,,BANANAFISHBONES - COME TO SIN,2
,,PAPA ROACH - EVEN IF IT KILLS ME,2
,,KUNGS VS. COOKIN' ON 3 BURNERS - THIS GIRL,2
,,ORF VIENNA RADIO SYMPHONY ORCHESTRA - LIVING IN A HAZE,2
,,ERIKA SIROLA - SPEECHLESS,2
,,MIGGY DE LA ROSA - FERRARI,2
,,GARLAND JEFFREYS - HAIL HAIL ROCK'N'ROLL,2
,,HUEY LEWIS - I WANT A NEW DRUG,2
,,HUEY LEWIS - SHE'S SOME KIND OF WONDERFUL,2
,,HUEY LEWIS - DO YOU BELIEVE IN LOVE,2
,,THE NEWS - I WANT A NEW DRUG,2
,,THE NEWS - SHE'S SOME KIND OF WONDERFUL,2
,,THE NEWS - DO YOU BELIEVE IN LOVE,2
,,RED BOX - LEAN ON ME (AH-LI-AYO),2
,,CONCHITA WURST - RISE LIKE A PHOENIX,2
,,GLENN FREY - I'VE GOT MINE,2
,,GARY BARLOW - LOVE WON'T WAIT,2
,,SOHA - TOURBILLON (SERRE-MOI FORT SI TU M'AIMES),2
,,CARO EMERALD - STUCK,2
,,LABRINTH - THUNDERCLOUDS,2
,,JAMIE CULLUM - I'M ALL OVER IT,2
,,CHRISTINA PERRI - JAR OF HEARTS,2
,,ANOUK - NOBODY'S WIFE,2
,,FAT JOE - WHAT'S LUV?,2
,,ASHANTI - WHAT'S LUV?,2
,,PAUL SIMON - YOU CAN CALL ME AL,2
,,GARY MOORE - EMPTY ROOMS,2
,,GARY MOORE - WALKING BY MYSELF,2
,,ANNENMAYKANTEREIT - BARFUSS AM KLAVIER,2
,,ANNENMAYKANTEREIT - DU TUST MIR NIE MEHR WEH,2
,,STEVE WINWOOD - WHILE YOU SEE A CHANCE,2
,,ORCHESTRAL MANOEUVRES IN THE DARK - MAID OF ORLEANS (JOAN OF ARC),2
,,SIX WAS NINE - DROP DEAD BEAUTIFUL,2
,,M PEOPLE - SEARCH FOR THE HERO,2
,,LEVEL 42 - LOVE GAMES,2
,,KING - LOVE & PRIDE,2
,,CORINNE BAILEY RAE - PUT YOUR RECORDS ON,2
,,QUAVO - STRIP THAT DOWN,2
,,ANDERSON EAST - ALL ON MY MIND,2
,,TOM PETTY AND THE HEARTBREAKERS - FREE FALLIN',2
,,GINO VANNELLI - WILD HORSES,2
,,SHAWN MULLINS - LULLABY,2
,,DARYL HALL - MANEATER,2
,,DARYL HALL - YOU MAKE MY DREAMS,2
,,DARYL HALL - I CAN'T GO FOR THAT (NO CAN DO),2
,,DARYL HALL - KISS ON MY LIST,2
,,JOHN OATES - YOU MAKE MY DREAMS,2
,,JOHN OATES - I CAN'T GO FOR THAT (NO CAN DO),2
,,JOHN OATES - KISS ON MY LIST,2
,,THE DARKNESS - I BELIEVE IN A THING CALLED LOVE,2
,,LINKIN PARK AND KIIARA - HEAVY,2
,,FEIST - MY MOON MY MAN,2
,,HARLŒ - ALL THIS LOVE,2
,,SARAH MCLACHLAN - BUILDING A MYSTERY,2
,,SARAH MCLACHLAN - ANGEL,2
,,HEAVEN 17 - TEMPTATION,2
,,THE PHENIX HORNS ESQ - TEMPTATION,2
,,MARIO WINANS - I DON'T WANNA KNOW,2
,,ENYA - I DON'T WANNA KNOW,2
,,P. DIDDY - I DON'T WANNA KNOW,2
,,RENEÉ RAPP - NOT MY FAULT,2
,,THE RAH BAND - CLOUDS ACROSS THE MOON,2
,,AYSANABEE - HOME,2
,,FUGEES (TRANZLATOR CREW) - KILLING ME SOFTLY,2
,,ICEHOUSE - STREET CAFÉ,2
,,RUSTED ROOT - SEND ME ON MY WAY,2
,,TITO - AFTER DARK,2
,,TARANTULA - AFTER DARK,2
,,BAD RELIGION - PUNK ROCK SONG,2
,,THE SISTERS OF MERCY - TEMPLE OF LOVE,2
,,THE SISTERS OF MERCY - THIS CORROSION,2
,,OFRA HAZA - TEMPLE OF LOVE,2
,,LONDON GRAMMAR - DANCING BY THE NIGHT,2
,,LONDON GRAMMAR - SANTA FE,2
,,JAMES BROWN - GET UP I FEEL LIKE BEING A SEX MACHINE,2
,,STEVIE WONDER - SUPERSTITION,2
,,STEVIE WONDER - EBONY AND IVORY,2
,,DOLCE VITA - NEL BLU DIPINTO DI BLU (VOLARE),2
,,L.S.D - THUNDERCLOUDS,2
,,SIA AND DIPLO - THUNDERCLOUDS,2
,,BRUCE HORNSBY - THE VALLEY ROAD,2
,,BRUCE HORNSBY - MANDOLIN RAIN,2
,,THE RANGE - THE VALLEY ROAD,2
,,THE RANGE - MANDOLIN RAIN,2
,,MELANIE THORNTON - WONDERFUL DREAM (HOLIDAYS ARE COMING),2
,,MELANIE THORNTON - LOVE HOW YOU LOVE ME,2
,,ENNIO - KÖNIG DER NACHBARSCHAFT,2
,,THE BEE GEES - ONE,2
,,THE BEE GEES - PAYING THE PRICE OF LOVE,2
,,THE BEE GEES - SECRET LOVE,2
,,THE BEE GEES - ORDINARY LIVES,2
,,FRAY - HOW TO SAVE A LIFE,2
,,K STEWART - EVERYBODY FEELING SOMETHING,2
,,THE SMASHING PUMPKINS - 1979,2
,,SPANDAU BALLET - ONLY WHEN YOU LEAVE,2
,,NAUGHTY BY NATURE - HIP HOP HOORAY,2
,,MAX MUTZKE - CAN'T WAIT UNTIL TONIGHT,2
,,DREAM WARRIORS - MY DEFINITION OF A BOOMBASTIC JAZZ STYLE,2
,,POWFU - DEATH BED,2
,,POWFU - CINNAMON HEARTS,2
,,POWFU - WELCOME TO MY WORLD,2
,,BEABADOOBEE - DEATH BED,2
,,BEABADOOBEE - TAKE A BITE,2
,,BEABADOOBEE - FEAR OF FLYING,2
,,JIMMY NAIL - AIN'T NO DOUBT,2
,,MOUSSE T. VS. HOT'N'JUICY - HORNY '98,2
,,"DISCLOSURE - SHE'S GONE, DANCE ON",2
,,DISCLOSURE - YOU & ME (FLUME REMIX),2
,,DISCLOSURE - WHITE NOISE,2
,,"FREAKPOWER - TURN ON, TUNE IN, COP OUT",2
,,NEW KIDS ON THE BLOCK - STEP BY STEP,2
,,NIGHT RANGER - SISTER CHRISTIAN (LIVE),2
,,SEBASTIÁN YATRA - SUMMER DAYS,2
,,ANAÏS - DÉSOLÉE,2
,,ANAÏS - HOLD ON,2
,,ANAÏS - YOU GOT STYLE,2
,,ANAÏS - ISN'T IT SOMETHING,2
,,ANAÏS - LOVE! LOVE! LOVE!,2
,,HORSE - SWEET THING,2
,,BILLY TALENT - SURRENDER,2
,,BILLY TALENT - RED FLAG,2
,,ROSENSTOLZ - ICH BIN ICH (WIR SIND WIR),2
,,ROSENSTOLZ - LASS ES LIEBE SEIN,2
,,AARON - OKAYTANZ,2
,,DON MCLEAN - AMERICAN PIE,2
,,BILL WITHERS - LOVELY DAY,2
,,BILL WITHERS - AIN'T NO SUNSHINE,2
,,BILL WITHERS - LEAN ON ME,2
,,BILL WITHERS - JUST THE TWO OF US,2
,,ALABAMA - OLD ALABAMA,2
,,BRAD PAISLEY - OLD ALABAMA,2
,,THE HANDSOME FAMILY - FAR FROM ANY ROAD,2
,,BLAKE SHELTON - FOOTLOOSE,2
,,CRAIG MORGAN - THAT'S WHAT I LOVE ABOUT SUNDAY,2
,,DOLLY PARTON - ISLANDS IN THE STREAM,2
,,KENNY CHESNEY - BEER IN MEXICO,2
,,KENNY CHESNEY - I WANT TO KNOW WHAT LOVE IS (BONUS TRACK),2
,,CHRISTOPHER CROSS - ARTHUR'S THEME (BEST THAT YOU CAN DO),2
,,CHRISTOPHER CROSS - ARTHUR'S THEME ( BEST THAT YOU CAN DO ),2
,,MIKE OLDFIELD; MAGGIE REILLY - MOONLIGHT SHADOW,2
,,DIANA ROSS; SUPREMES - BABY LOVE,2
,,CLIFF RICHARD - WE DON'T TALK ANYMORE,2
,,HONGKONG SYNDIKAT - CONCRETE & CLAY,2
,,ALISON MOYET - IS THIS LOVE?,2
,,VANESSA CARLTON; COUNTING CROWS - BIG YELLOW TAXI,2
,,MARIUS MÜLLER-WESTERNHAGEN - WILLENLOS,2
,,MARIUS MÜLLER-WESTERNHAGEN - WEIL ICH DICH LIEBE,2
,,MARIUS MÜLLER-WESTERNHAGEN - NIMM MICH MIT,2
,,CHRIS DEBURGH - LADY IN RED,2
,,HOT CHOCOLATE - EVERY 1S A WINNER,2
,,MIKE BATT - THE WINDS OF CHANGE,2
,,DIXIE CHICKS - THERE'S YOUR TROUBLE,2
,,BLUES BROTHERS - SOUL MAN,2
,,RHETT AKINS - DRIVIN' MY LIFE AWAY,2
,,"STAFFORD,TIM - TAKE THAT SHOT",2
,,JUTZ - TAKE THAT SHOT,2
,,THOMM - TAKE THAT SHOT,2
,,"THE SUPREMES - STOP, IN THE NAME OF LOVE",2
,,JOE COCKER - WHEN THE NIGHT COMES,2
,,JOE COCKER - NIGHT CALLS,2
,,JOE COCKER - WHAT BECOMES OF THE BROKEN HEARTED,2
,,JOE COCKER - HAVE A LITTLE FAITH IN ME,2
,,JOE COCKER - YOU ARE SO BEAUTIFUL,2
,,JOE COCKER - YOU CAN LEAVE YOUR HAT ON,2
,,NATALIE COLE - PINK CADILLAC,2
,,BOSSON - ONE IN A MILLION,2
,,BLACK PUMAS - FAST CAR,2
,,JASON DONOVAN - TOO MANY BROKEN HEARTS,2
,,JASON DONOVAN - RHYTHM OF THE RAIN,2
,,CURE - FRIDAY I'M IN LOVE,2
,,SMOKIE - IF YOU THINK YOU KNOW HOW TO LOVE ME,2
,,SMOKIE - NEEDLES AND PINS,2
,,SMOKIE - OH CAROL,2
,,ROY ORBISON - CALIFORNIA BLUE,2
,,ROY ORBISON - OH PRETTY WOMAN,2
,,STEPHAN REMMLER - VOGEL DER NACHT,2
,,GLASS TIGER - SOMEDAY,2
,,CLAUDIA MORI - NON SUCCEDERÀ PIÙ,2
,,JOHN FOGERTY - UP AROUND THE BEND,2
,,SUZI QUATRO - DON'T CHANGE MY LUCK,2
,,ELECTRIC LIGHT ORCHESTRA - HERE IS THE NEWS,2
,,ELECTRIC LIGHT ORCHESTRA - SWEET TALKIN' WOMAN,2
,,DUSTY SPRINGFIELD - IN PRIVATE,2
,,DUSTY SPRINGFIELD - WHAT HAVE I DONE TO DESERVE THIS?,2
,,THE STEVE MILLER BAND - JET AIRLINER,2
,,THE SILVER BULLET BAND - AGAINST THE WIND,2
,,SARAGOSSA BAND - ZABADAK,2
,,THE SWEET - LOVE IS LIKE OXYGENE,2
,,PAUL MCCARTNEY - EBONY AND IVORY,2
,,RAGE AGAINST THE MACHINE - KILLING IN THE NAME,2
,,BUSH - 60 WAYS TO FORGET PEOPLE,2
,,SKID ROW - 18 AND LIFE,2
,,THE KINKS - LOLA,2
,,THE KINKS - DON'T FORGET TO DANCE,2
,,MICHAEL MCDONALD - SWEET FREEDOM,2
,,THE BEACH BOYS - I GET AROUND,2
,,THE HOLLIES - LONG COOL WOMAN (IN A BLACK DRESS),2
,,BETH HART BAND - SUMMER IS GONE,2
,,THE VANDELLAS - DANCING IN THE STREET,2
,,RANDY CRAWFORD - ONE DAY I'LL FLY AWAY,2
,,THE BAHAMA SOUL CLUB - BUT RICH RHYTHMS,2
,,KING CURTIS - MEMPHIS SOUL STEW,2
,,AMY GRANT - LEAD ME ON,2
,,AMY GRANT - EVERY HEARTBEAT,2
,,EMMA BUNTON - WHAT TOOK YOU SO LONG,2
,,FANCY - SLICE ME NICE,2
,,FANCY - FLAMES OF LOVE,2
,,T'PAU - CHINA IN YOUR HAND (SINGLE VERSION),2
,,LARA FABIAN - I WILL LOVE AGAIN,2
,,PROPAGANDA - P-MACHINERY,2
,,STRAY CATS - ROCK THIS TOWN,2
,,REINHARD MEY - ÜBER DEN WOLKEN,2
,,"REINHARD MEY - ANKOMME FREITAG, DEN 13.",2
,,THE GREG KIHN BAND - JEOPARDY,2
,,MINE - BAUM,2
,,MINE - NICHTS IST UMSONST,2
,,MINE - ELEFANT,2
,,MINE - UNFALL,2
,,FATONI - WUNDERBARE WELT,2
,,FATONI - DU WARTEST,2
,,FATONI - FRÖHLICH,2
,,KARAT - DER BLAUE PLANET,2
,,KARAT - ÜBER SIEBEN BRÜCKEN MUSST DU GEH'N,2
,,GEORGE STRAIT - 80 PROOF BOTTLE OF TEAR STOPPER,2
,,COLIN STOUGH - MAKES TWO OF US,2
,,EMMYLOU HARRIS - SIX WHITE CADILLACS,2
,,BIG - SAVE A HORSE (RIDE A COWBOY),2
,,RICH - SAVE A HORSE (RIDE A COWBOY),2
,,THE DEAD SOUTH - 20 MILE JUMP,2
,,MORGAN WADE - 2AM IN LONDON,2
,,JEM - IT'S AMAZING,2
,,TILL BRÖNNER - VIVA LA FELICITÀ,2
,,THE J. GEILS BAND - FREEZE-FRAME,2
,,ROD STEWART - EVERY BEAT OF MY HEART,2
,,ROD STEWART - MAGGIE MAY,2
,,ROD STEWART - THIS OLD HEART OF MINE,2
,,ROD STEWART - SAILING,2
,,ROD STEWART - THE FIRST CUT IS THE DEEPEST,2
,,ROD STEWART - YOU'RE IN MY HEART,2
,,ROD STEWART - SWEET SURRENDER,2
,,PETER MAFFAY - SONNE IN DER NACHT,2
,,PETER MAFFAY - ÜBER SIEBEN BRÜCKEN MUSST DU GEH'N,2
,,CAT STEVENS - OH VERY YOUNG,2
,,CAT STEVENS - WILD WORLD,2
,,SHEENA EASTON - MORNING TRAIN (NINE TO FIVE),2
,,HEINZ RUDOLF KUNZE - FINDEN SIE MABEL,2
,,HEINZ RUDOLF KUNZE - LÄNGERE TAGE,2
,,BOB SEGER; SILVER BULLET BAND - AGAINST THE WIND,2
,,MOTÖRHEAD - ACE OF SPADES,2
,,MOTÖRHEAD - SYMPATHY FOR THE DEVIL,2
,,THE BLACK CROWES - HARD TO HANDLE,2
,,DANZIG - MOTHER,2
,,ROSE TATTOO - NICE BOYS,2
,,GLADYS KNIGHT - I HEARD IT THROUGH THE GRAPEVINE,2
,,GLADYS KNIGHT - MIDNIGHT TRAIN TO GEORGIA,2
,,THE PIPS - I HEARD IT THROUGH THE GRAPEVINE,2
,,THE PIPS - MIDNIGHT TRAIN TO GEORGIA,2
,,Y'AKOTO - WHO I AM,2
,,ISAAC HAYES - THEME FROM SHAFT,2
,,CATCH - 25 YEARS,2
,,KENNY ROGERS - ISLANDS IN THE STREAM,2
,,CREEDENCE CLEARWATER REVIVAL - DOWN ON THE CORNER,2
,,CREEDENCE CLEARWATER REVIVAL - HAVE YOU EVER SEEN THE RAIN?,2
,,HUGO HELMIG - PLEASE DON'T LIE,2
,,MEL C - WHEN YOU'RE GONE,2
,,HUMPE - CARELESS LOVE,2
,,RALPH MCTELL - STREETS OF LONDON,2
,,WESTERNHAGEN - FREIHEIT (LIVE),2
,,INC. LIPPS - FUNKYTOWN,2
,,JOHN DENVER - ANNIE'S SONG,2
,,THE NIGHT GAME - ONCE IN A LIFETIME,2
,,THE MUSCLE SHOALS RHYTHM SECTION - STILL THE SAME,2
,,DAN FOGELBERG - THE LANGUAGE OF LOVE,2
,,ADAM TUCKER - BETTER MAN,2
,,BIG FUN - BLAME IT ON THE BOOGIE,2
,,RAY JR. PARKER - GHOSTBUSTERS,2
,,BEATLES - ALL YOU NEED IS LOVE,2
,,MARTI WEBB - TAKE THAT LOOK OFF YOUR FACE,2
,,JOHNNY LOGAN - WHAT'S ANOTHER YEAR,2
,,LITTLE RIVER BAND - LONESOME LOSER,2
,,OLIVIA NEWTON-JOHN - YOU'RE THE ONE THAT I WANT,2
,,MAGGIE REILLY - EVERY SINGLE HEARTBEAT (DANCING INTO DANGER),2
,,DEEP PURPLE - SMOKE ON THE WATER,2
,,AMANDA SHIRES - EMPTY CUPS,2
,,VINCE - LETZTER SOMMER,2
,,MARK KNOPFLER - SAILING TO PHILADELPHIA,2
,,MARK KNOPFLER - WHAT IT IS,2
,,KENNY G - HAVANA,2
,,SHEILA B. DEVOTION - SPACER,2
,,JAMES MORRISON; NELLY FURTADO - BROKEN STRINGS,2
,,CHRIS NORMAN; SUZI QUATRO - STUMBLIN' IN,2
,,WILSON PHILLIPS - HOLD ON,2
,,BRUCE HORNSBY AND THE RANGE - MANDOLIN RAIN,2
,,THE RONETTES - BE MY BABY,2
,,THE DOOBIE BROTHERS - NEED A LITTLE TASTE OF LOVE,2
,,BAND - HE'S SO SHY,2
,,"BAND - FLY, ROBIN, FLY",2
,,BAND - ÜBER DEN WOLKEN,2
,,OTIS REDDING - HARD TO HANDLE,2
,,OTIS REDDING - SITTIN' ON THE DOCK OF THE BAY,2
,,OWEN PAUL - MY FAVOURITE WASTE OF TIME,2
,,EM BEIHOLD - UNTIL I FOUND YOU (EM BEIHOLD VERSION),2
,,HANOI ROCKS - UP AROUND THE BEND,2
,,LOLA MARSH - WISHING GIRL,2
,,PETER CETERA - GLORY OF LOVE,2
,,RONALD ISLEY - THIS OLD HEART OF MINE,2
,,UNHEILIG - GEBOREN UM ZU LEBEN,2
,,UNGARISCHE NATIONALPHILHARMONIE BUDAPEST - I COME UNDONE,2
,,"HUBERT VON GOISERN - WEIT, WEIT WEG",2
,,OTTAWAN - D.I.S.C.O.,2
,,BILDERBUCH - NAHUEL HUAPI,2
,,BILDERBUCH - OM,2
,,BILDERBUCH - SPLIFF,2
,,BLOND - ICH SAGE JA,2
,,CITY - AM FENSTER,2
,,ZIMMER90 - YOURS & MINE,2
,,ZIMMER90 - WHATEVER,2
,,MADSEN - DU SCHREIBST GESCHICHTE,2
,,LEE RYAN - TURN YOUR CAR AROUND,2
,,THE DOORS - LIGHT MY FIRE,2
,,B. DEVOTION - SPACER,2
,,MIKE OLDFIELD; ROGER CHAPMAN - SHADOW ON THE WALL,2
,,THE BEATLES - HERE COMES THE SUN,2
,,JAN HAMMER - MIAMI VICE THEME,2
,,JAN HAMMER - CROCKETT'S THEME,2
,,CHEAP TRICK - THE FLAME,2
,,THE ALAN PARSONS PROJECT - THE TURN OF A FRIENDLY CARD,2
,,THE ALAN PARSONS PROJECT - PRIME TIME,2
,,MERCURY REV - GODDESS ON A HIWAY,2
,,STEPPENWOLF - BORN TO BE WILD,2
,,SANDY MARTON - PEOPLE FROM IBIZA,2
,,UDO JÜRGENS - PARIS - EINFACH SO NUR ZUM SPASS,2
,,LITTLE - RAD GUMBO,2
,,MIDLAND - DRINKIN' PROBLEM,2
,,DILLON JAMES - CALL ME UP,2
,,BROOKS - HONKY TONK WOMEN,2
,,DUNN - HONKY TONK WOMEN,2
,,ALAN JACKSON - IT'S FIVE O'CLOCK SOMEWHERE,2
,,TOBY KEITH - 10 FOOT POLE,2
,,URING SUZANNE VEGA; DNA - TOM'S DINER,2
,,TOM PETTY; HEARTBREAKERS - INTO THE GREAT WIDE OPEN,2
,,CAUGHT IN THE ACT - BABE,2
,,KEVIN COSTNER - FEELING LIKE THE LAST TIME,2
,,MODERN WEST - FEELING LIKE THE LAST TIME,2
,,NIEMANN - IM OSTEN,2
,,DENNIS COFFEY - SUMMERTIME GIRL,2
,,THE DETROIT GUITAR BAND - SUMMERTIME GIRL,2
,,OMD (ORCHESTRAL MANOEUVRES IN THE DARK) - SAILING ON THE SEVEN SEAS,2
,,FIVE FINGER DEATH PUNCH - BAD COMPANY,2
,,PHIL CARMEN - MOONSHINE STILL,2
,,USA FOR AFRICA - WE ARE THE WORLD,2
,,KRAFTWERK - DAS MODEL,2
,,KRAFTWERK - TRANS EUROPA EXPRESS,2
,,KETTCAR - IM TAXI WEINEN,2
,,KETTCAR - GRACELAND,2
,,FABIAN BUCH - MÄDCHEN AUF DEM PFERD,2
,,QUARTERFLASH - HARDEN MY HEART,2
,,BILL MEDLEY; JENNIFER WARNES - I'VE HAD THE TIME OF MY LIFE (LOVE THEME),2
,,MICHAEL BOLTON - LOVE IS A WONDERFUL THING,2
,,DALE WATSON - TEXAS BOOGIE,2
,,HIS LONE STARS - TEXAS BOOGIE,2
,,JADE EAGLESON - RODEO QUEEN,2
,,TEBEY - BLINDING LIGHTS,2
,,GEORGE IV HAMILTON - ABILENE,2
,,VIERKANTTRETLAGER - WO GEHST DU HEUTE NACHT HI,2
,,U96 - DAS BOOT,2
,,ROSANNE CASH - 50.000 WATTS,2
,,THE BYRDS - ONE HUNDRED YEARS FROM NOW,2
,,THE BYRDS - MR. TAMBOURINE MAN,2
,,PETER FRAMPTON - SHOW ME THE WAY,2
,,YASI HOFER - CITY OF GREEN FIELDS,2
,,AZE - SNEAKY LINK,2
,,ULLA MEINECKE - 50 TIPS (FÜNFZIG TIPS),2
,,THE BATES - HELLO (TURN YOUR RADIO ON),2
,,TRAVELING WILBURYS - END OF THE LINE,2
,,MRS. GREENBIRD - SHOOTING STARS & FAIRY TALES,2
,,ERUPTION - ONE WAY TICKET,2
,,C. C. CATCH - BACK SEAT OF YOUR CADILLAC,2
,,SOULTANS - I HEARD IT THROUGH THE GRAPEVINE,2
,,C.C. CATCH - I CAN LOSE MY HEART TONIGHT,2
,,JOHNNY WAKELIN - IN ZAÏRE,2
,,"PEABO BRYSON - TONIGHT, I CELEBRATE MY LOVE",2
,,HERWIG MITTEREGGER - IMMER MEHR,2
,,FRL. MENKE - HOHE BERGE,2
,,THE EMOTIONS - BEST OF MY LOVE,2
,,BOOMTOWN RATS - I DON'T LIKE MONDAYS,2
,,RESTLESS - X (EXPLICIT),2
,,GABRIELS - ONE AND ONLY,2
,,THE TWINS - NOT THE LOVING KIND,2
,,PETER CORNELIUS - REIF FÜR DIE INSEL,2
,,BAKER - THE MESSAGE IS LOVE,2
,,THE BACKBEAT DISCIPLES - THE MESSAGE IS LOVE,2
,,ARTHUR - THE MESSAGE IS LOVE,2
,,P.O.D - YOUTH OF THE NATION,2
,,BLIND CHANNEL - XOXO,2
,,FROM ASHES TO NEW - XOXO,2
,,EVA CASSIDY - FIELDS OF GOLD,2
,,H-BLOCKX - RING OF FIRE,2
,,ANTHRAX - CARRY ON A WAYWARD SON,2
,,SANTA ESMERALDA - DON'T LET ME BE MISUNDERSTOOD,2
,,LOU GRAMM - MIDNIGHT BLUE,2
,,NASHFIELD - KICK IT LIKE COUNTRY,2
,,ROBERT PLANT - LAST KIND WORDS BLUES,2
,,ALISON KRAUSS - LAST KIND WORDS BLUES,2
,,GARY ALLAN - MAN TO MAN,2
,,TRACY LAWRENCE - CECIL'S PALACE,2
,,CHICO CÉSAR - MAMA ÁFRICA,2
,,WIZKID F. BLUE IVY CARTER - BROWN SKIN GIRL,2
,,THE KELLY FAMILY - FIRST TIME,2
,,TOTO CUTUGNO - INSIEME: 1992,2
,,DUSTIN LYNCH - STARS LIKE CONFETTI,2
,,CLOVES - OLD FRIEND,2
,,CLOVES - FOCUS,2
,,DANGER DAN - EINE GUTE NACHRICHT,2
,,MARTHA REEVES - DANCING IN THE STREET,2
,,ELTON JOHN; KIKI DEE - DON'T GO BREAKING MY HEART,2
,,THE MERCURY RIOTS - 99 DEGREES,2
,,THE COMMITMENTS - TRY A LITTLE TENDERNESS,2
,,OTTO - FRIESENJUNG,2
,,THE SCORPIONS - WIND OF CHANGE,2
,,THE EAGLES - LYIN' EYES,2
,,ROMANELLI - CONNECTING FLIGHT,2
,,KLAUS LAGE BAND - MONOPOLI,2
,,KLAUS LAGE BAND - 1000 UND 1 NACHT (ZOOM!),2
,,ASHLEY MONROE; TRAIN - BRUISES,2
,,THE HUES CORPORATION - ROCK THE BOAT,2
,,RAM JAM - BLACK BETTY,2
,,NEW SOUND SINGERS - GIMME HOPE JO'ANNA,2
,,PH.D - I WON'T LET YOU DOWN,2
,,INCOGNITO - DON'T YOU WORRY 'BOUT A THING,2
,,"BARBARA DICKSON - JANUARY, FEBRUARY",2
,,CHANNEL 5 - ISN'T IT YOU,2
,,DAVID MCWILLIAMS - THE DAYS OF PEARLY SPENCER,2
,,THE FLAMES - EVERYTIME,2
,,RAINBOW - SINCE YOU BEEN GONE,2
,,HELLO - NEW YORK GROOVE,2
,,SHANE YELLOWBIRD - PICKUP TRUCK,2
,,MARSHALL - DANCING IN THE CITY,2
,,HAIN - DANCING IN THE CITY,2
,,RACEY - SOME GIRLS,2
,,JOAN ARMATRADING - DROP THE PILOT,2
,,KEVIN JOHNSON - ROCK AND ROLL (I GAVE YOU THE BEST YEARS OF MY LIFE),2
,,JESSE RITCH - SIT AND WAIT,2
,,CÉLINE DION WITH THE BEE GEES - IMMORTALITY,2
,,THE INCREDIBLE BONGO BAND - BONGO ROCK,2
,,"BOBBY ""BLUE"" BLAND - AIN'T NO LOVE IN THE HEART OF THE CITY",2
,,"SAM - HOLD ON, I'M COMING",2
,,"DAVE - HOLD ON, I'M COMING",2
,,DAVE - STOP GIVING ME ADVICE,2
,,AIR SUPPLY - EVEN THE NIGHTS ARE BETTER,2
,,ZUCCHERO; RANDY CRAWFORD - DIAMANTE,2
,,JOSH TURNER - YOUR MAN,2
,,BRELAND - ICING,2
,,DIAMOND RIO - HOW YOUR LOVE MAKES ME FEEL,2
,,WAYLON JENNINGS - YOU WENT OUT WITH ROCK AND ROLL,2
,,HEINZ RUDOLF KUNZE MIT PE WERNER - DEIN IST MEIN GANZES HERZ,2
,,THE FLYING PICKETS - ONLY YOU,2
,,AL GREEN - PUT A LITTLE LOVE IN YOUR HEART,2
,,LOYLE CARNER - COLOURBLIND,2
,,TOM MISCH - COLOURBLIND,2
,,VICKY SAMPSON - AFRIKAN DREAM,2
,,TIFFANY - I THINK WE'RE ALONE NOW,2
,,DOCTOR - SPIRIT IN THE SKY,2
,,WADE HAYES - OLD ENOUGH TO KNOW BETTER,2
,,KENNY PRICE - NORTHEAST ARKANSAS MISSISSIPPI COUNTY BOOTLEGGER,2
,,BILLY PAUL - ME AND MRS. JONES,2
,,THEES UHLMANN - XOXO,2
,,JIVE BUNNY - SWING THE MOOD,2
,,THE MASTERMIXERS - SWING THE MOOD,2
,,CURIOSITY - HANG ON IN THERE BABY,2
,,MECANO - HIJO DE LA LUNA,2
,,THREE DOG NIGHT - MAMA TOLD ME (NOT TO COME),2
,,MAX - CAN'T WAIT UNTIL TONIGHT,2
,,MAX - STRINGS,2
,,JISKA - COCOON,2
,,JISKA - DOUBLE-CHECK,2
,,ALEXANDER O'NEAL - SINCE I'VE BEEN LOVIN' YOU,2
,,THE SMITHS - THIS CHARMING MAN,2
,,JOHN TRAVOLTA - YOU'RE THE ONE THAT I WANT,2
,,DR. RING-DING - RING OF FIRE,2
,,IKE - PROUD MARY,2
,,DENNIS EDWARDS - DON'T LOOK ANY FURTHER,2
,,SIEDAH GARRETT - DON'T LOOK ANY FURTHER,2
,,ISLEY BROTHERS - LOVE THE ONE YOU'RE WITH,2
,,HAMBURGER ARROGANZ - ZEITGEIST (GEISTER DIESER ZEIT),2
,,LOVE AFFAIR - EVERLASTING LOVE,2
,,LANA DEL REY VS. CEDRIC GERVAIS - SUMMERTIME SADNESS,2
,,CASPER - XOXO,2
,,CASPER - EMMA,2
,,"CASPER - FALSCHE ZEIT, FALSCHER ORT",2
,,CASPER - SOWAS VON DA,2
,,CASPER - CHAMPION SOUND,2
,,CASPER - IM ASCHEREGEN,2
,,"HELGE SCHNEIDER - SOMMER, SONNE, KAKTUS!",2
,,SANTA ESMERALDA; LEROY GOMEZ - DON'T LET ME BE MISUNDERSTOOD - ESMERALDA SUITE,2
,,ROSS - WHERE DID OUR LOVE GO,2
,,DIANA - WHERE DID OUR LOVE GO,2
,,KANSAS - DUST IN THE WIND,2
,,FEHLFARBEN - EIN JAHR (ES GEHT VORAN),2
,,PROCLAIMERS - I'M GONNA BE (500 MILES),2
,,SCHWEIZER - 13 TAGE,2
,,GREG KIHN BAND - JEOPARDY,2
,,SAM BROWN - STOP,2
,,KASI - LEICHT BESCHWIPST_DEMO2,2
,,KASI - SCHWEIGEN UNS AN_V3,2
,,KASI - FENSTERBANK,2
,,KASI - HAUSNUMMER_16_V7,2
,,KASI - ZWISCHEN ALLEM UND NICHTS,2
,,KASI - MEIN HERZ SETZT AUS_V2,2
,,ANTONIUS - LETZTER SOMMER,2
,,ANTONIUS - LEICHT BESCHWIPST_DEMO2,2
,,ANTONIUS - SCHWEIGEN UNS AN_V3,2
,,ANTONIUS - FENSTERBANK,2
,,ANTONIUS - HAUSNUMMER_16_V7,2
,,ANTONIUS - ZWISCHEN ALLEM UND NICHTS,2
,,THE FRESH PRINCE - SUMMERTIME,2
,,PORTUGAL THE MAN - FEEL IT STILL,2
,,HARD LIFE - TEARS,2
,,SHAY LIA - ON THE LOW,2
,,DILLA - PHILOSOPH,2
,,DILLA - PHOTOSYNTHESE,2
,,MOGLII - CRUSH,2
,,MOGLII - SUNLIIGHT,2
,,REMI WOLF - MONTE CARLO,2
,,TUNGZ - SOMEBODY TO GET SHY WITH,2
,,BAD SOUNDS - SOMEBODY TO GET SHY WITH,2
,,KAE TEMPEST - KNOW YOURSELF,2
,,ANNA OF THE NORTH - TRY MY BEST,2
,,SHURA - WORLD'S WORST GIRLFRIEND,2
,,SHURA - OBSESSION,2
,,SHURA - RECOGNISE,2
,,NEUFUNDLAND - JEDER LIEBE IHRE ZEIT,2
,,SHARKTANK - SHAME,2
,,C'EST KARMA - HANDLEBAR,2
,,SPARKLING - I GET SAD SO EASILY,2
,,G FLIP - DISCO COWGIRL,2
,,G FLIP - BAKED,2
,,G FLIP - QUEEN,2
,,LOUIS FUTON - BATMAN & ROBIN,2
,,OBONGJAYAR - TINKO TINKO,2
,,JADE BIRD - AVALANCHE,2
,,KAKKMADDAFAKKA - RESTLESS,2
,,DRANGSAL - KELLERPARTY,2
,,DRANGSAL - ALLAN ALIGN,2
,,DRANGSAL - BERGAB,2
,,"LOUPE - IT’S GETTING WILD, GETTING OLDER",2
,,ALUNAGEORGE - WHITE NOISE,2
,,ALMOST MONDAY - LIFE GOES BY,2
,,ALMOST MONDAY - JUPITER,2
,,PAULWETZ - IMMER NOCH WACH,2
,,PAULWETZ - LIEBE GRÜSSE,2
,,PAULWETZ - ODE AN DEN BASS,2
,,DOLORES FOREVER - GO FAST GO SLOW,2
,,EMPRESS OF - GALINA,2
,,GOOD NEIGHBOURS - DAISIES,2
,,MIIKE SNOW - ANIMAL,2
,,CHRISTIN NICHOLS - UNSTERBLICH,2
,,POWER PLUSH - ICH SAGE JA,2
,,POWER PLUSH - EMERGENCY // FREEZE,2
,,POWER PLUSH - CRUSH,2
,,CHVRCHES - GOOD GIRLS,2
,,THE MARÍAS - BACK TO ME,2
,,BEACH HOUSE - NORWAY,2
,,MATT - DAYLIGHT,2
,,FRIEDBERG - HARDCORE WORKOUT QUEEN,2
,,MILLENIUMKID - WIE WEIT,2
,,JUSE JU - BYE BYE,2
,,BOB JUNIOR - NO ONE DOES IT BETTER THAN YOU,2
,,ALFIE TEMPLEMAN - NO ONE DOES IT BETTER THAN YOU,2
,,ALFIE TEMPLEMAN - EYES WIDE SHUT,2
,,BETTEROV - DIE LEUTE UND ICH,2
,,BETTEROV - SCHLAF GUT,2
,,LEYYA - SOMETIMES YOU'RE LONELY,2
,,JEREMIAS - VERRÜCKT,2
,,JEREMIAS - SCHLAF GUT,2
,,CAGE THE ELEPHANT - COME A LITTLE CLOSER,2
,,METRONOMY - THE BAY,2
,,METRONOMY - I'M AQUARIUS,2
,,METRONOMY - LOVELETTERS,2
,,GIIRL - ON TO THE MUSIC,2
,,FLUME - SAY IT,2
,,SPILL TAB - GRADE A,2
,,SPILL TAB - ATHLETE,2
,,KITSCHKRIEG - LONDON'S CALLING,2
,,KITSCHKRIEG - MORE THAN THAT,2
,,KITSCHKRIEG - THINK TWICE,2
,,KITSCHKRIEG - FÜR DICH DA,2
,,KITSCHKRIEG - STANDARD,2
,,KITSCHKRIEG - 5 MINUTEN,2
,,SFR - FÜR DICH DA,2
,,KITA ALEXANDER - ALL NIGHT,2
,,LAUREL - ALL NIGHT,2
,,LAUREL - SCREAM DRIVE FASTER,2
,,MALLRAT - CUT ME DOWN,2
,,ANDERSON .PAAK - COME DOWN,2
,,BLVTH - IN THE END,2
,,BLVTH - MOON,2
,,LEONIDEN - SMILE,2
,,ROSIE LOWE - OBSESSION,2
,,YOUNG FRANCO - WAKE UP,2
,,YOUNG FRANCO - DAYDREAMING,2
,,DJANGO DJANGO - SPIRALS,2
,,DJANGO DJANGO - FIRST LIGHT,2
,,LYRICAL LEMONADE - STOP GIVING ME ADVICE,2
,,JACK HARLOW - STOP GIVING ME ADVICE,2
,,SBTRKT - TEMPORARY VIEW,2
,,EKKSTACY - FOREVER,2
,,EKKSTACY - BELLA,2
,,IUMA - HONDA,2
,,DAN CROLL - FROM NOWHERE,2
,,DAN CROLL - COMPLIMENT YOUR SOUL,2
,,SABA - TOP AGAIN,2
,,THE NAKED AND FAMOUS - YOUNG BLOOD,2
,,MAC MILLER - NIKES ON MY FEET,2
,,MAC MILLER - THE SPINS,2
,,MAC MILLER - SELF CARE,2
,,JULES AHOI - MAGNOLIA,2
,,STILL WOOZY - ROCKY,2
,,PUDELDAME - ALGORHYTHMO,2
,,PUDELDAME - PRETTY PRIVILEGE,2
,,ANGUS - GRIZZLY BEAR,2
,,ANGUS - BIG JET PLANE,2
,,JULIA STONE - GRIZZLY BEAR,2
,,JULIA STONE - BIG JET PLANE,2
,,JULIA STONE - BREAK,2
,,DRÉ SIX - LONDON'S CALLING,2
,,DRÉ SIX - THINK TWICE,2
,,CHAIRLIFT - BRUISES,2
,,GRETEL - KING OF NOTHING,2
,,CHET FAKER - 1998,2
,,NILÜFER YANYA - MADE OUT OF MEMORY,2
,,NILÜFER YANYA - MUTATIONS,2
,,NILÜFER YANYA - WHERE TO LOOK,2
,,NILÜFER YANYA - COLD HEART,2
,,NILÜFER YANYA - JUST A WESTERN,2
,,D4VD - WHERE'D IT GO WRONG?,2
,,D4VD - LEAVE HER,2
,,JOLLE - WIR GEHEN REIN,2
,,NAO - WILDFLOWERS,2
,,BLAUDZUN - HOLLOW PEOPLE,2
,,NOVAA - CARNAGE,2
,,NOVAA - COWGURL,2
,,NOVAA - TITANIC,2
,,NOVAA - IN THE BUSINESS,2
,,"NOVAA - FEELS LIKE A JUNGLE, PT. 1",2
,,GOSSLING - HARVEST OF GOLD,2
,,MAX RAD - WHERE ARE WE NOW,2
,,GEORGIA - TOO MUCH TOO LITTLE,2
,,BRUCKNER - INDIGO,2
,,BRUCKNER - NERO,2
,,BRUCKNER - DIES DAS,2
,,BRUCKNER - SCHÖN SCHEISSE,2
,,BRUCKNER - ZERRISSEN,2
,,BRUCKNER - IMMER SOMMER,2
,,MIA - TANZ DER MOLEKÜLE,2
,,TOMMY RICHMAN - BODY SHOP.,2
,,AMILLI - SUITABLE,2
,,AMILLI - STUCK IN MY HEAD,2
,,AMILLI - WARNING SIGNS,2
,,BBY - VOICES IN MY HEAD,2
,,LAUREN MAYBERRY - SHAME,2
,,TKAY MAIDZA - OUT OF LUCK,2
,,WE ARE SCIENTISTS - TURN IT UP,2
,,WE ARE SCIENTISTS - PLEASE DON'T SAY IT,2
,,BILBAO - BOTHER,2
,,BILBAO - HIP KIDS,2
,,BILBAO - 2002,2
,,TELE - FIEBER,2
,,K.FLAY - CARSICK,2
,,K.FLAY - IN AMERICA,2
,,MOGLI - SWIM,2
,,LUNA MORGENSTERN - HEAD TO TOE,2
,,LUNA MORGENSTERN - SOS/STRANDED,2
,,LUNA MORGENSTERN - MISS U,2
,,LUNA MORGENSTERN - HEARTBREAK HOTEL,2
,,RY X - BERLIN,2
,,JASCHA - NUR MIT DIR,2
,,JASCHA - SOMMERNACHT,2
,,PURITY RING - FINESHRINE,2
,,PURITY RING - LOFTICRIES,2
,,MAVI PHOENIX - TENNIS PRO,2
,,MAVI PHOENIX - GRASS AND THE SUN,2
,,CARY - IMMER WEITER,2
,,GABRIEL GIFFORD - DUST RISES,2
,,HARVEY CAUSON - DUST RISES,2
,,RIKAS - JUDE BELLINGHAM,2
,,BANKS - BEGGIN FOR THREAD,2
,,BANKS - BEST FRIENDS,2
,,JAMIE WOON - NIGHT AIR,2
,,TOKYO TEA ROOM - NOBODY'S PERFECT,2
,,RAVEN ARTSON - HEAD TO TOE,2
,,THE CHEMICAL BROTHERS - GALVANIZE (CHRIS LAKE REMIX),2
,,MAC WETHA - FEAR OF FLYING,2
,,AMINÉ - FEAR OF FLYING,2
,,AMINÉ - BURDEN,2
,,MULAY - HALF HUMAN HALF DRAGON,2
,,MULAY - TITANIC,2
,,MULAY - KILL THE LONELY,2
,,MULAY - SUNLIIGHT,2
,,RE6CE - TONGUETIED,2
,,LOVEJOY - PORTRAIT OF A BLANK STATE,2
,,BLOWSOM - LOVE! LOVE! LOVE!,2
,,BLOWSOM - HOPE YOU'LL FIND OUT,2
,,VARLEY - HATE MYSELF,2
,,DRAMAS - NODAY,2
,,DRAMAS - AFK MODE,2
,,PIXEY - TAKE ME ON,2
,,LLUCID - FEEL GOOD,2
,,JACK GARRATT - BREATHE LIFE,2
,,JACK GARRATT - THE LOVE YOU'RE GIVEN,2
,,JACK GARRATT - WORRY,2
,,NAO YOSHIOKA - NOBODY CHASE ME,2
,,PAULA HARTMANN - BABYBLAU,2
,,RÜFÜS DU SOL - ON MY KNEES,2
,,SELAH SUE - BLACK PART LOVE,2
,,WILHELMINE - NÄCHSTEN SOMMER,2
,,WILHELMINE - PAULA,2
,,PIP BLOM - GET BACK,2
,,BLUMENGARTEN - DAHEIM,2
,,BLUMENGARTEN - NEUE WELT,2
,,ROSALÍA - NEW WOMAN,2
,,RAE MORRIS - BETTER NOW,2
,,MYKKET MORTON - BETTER OFF,2
,,JAWNY - CONTROL,2
,,JAWNY - GRADE A,2
,,HONNE - COASTAL LOVE,2
,,BLOC PARTY - BANQUET,2
,,BLOC PARTY - HIGH LIFE,2
,,BECCA HATCH - BASS KEEPS CALLING,2
,,ILLUMINATI HOTTIES - WRECK MY LIFE,2
,,SYLVAN ESSO - H.S.K.T.,2
,,SYLVAN ESSO - PLAY IT RIGHT,2
,,SYLVAN ESSO - FERRIS WHEEL,2
,,WOODES - EUPHORIA,2
,,ERROR - SIGNS,2
,,OK KID - VERSCHWENDE MICH,2
,,CATT - MYSTERY,2
,,PANTHA - BLEIB,2
,,FRAEN - STAY A LITTLE LONGER,2
,,FRAEN - I ALREADY KNEW,2
,,FRAEN - HIT'N'RUN,2
,,DOMINIK HARTZ - SOLANGE DAS NOCH GEHT,2
,,DOMINIK HARTZ - DEDE DON DON DEDE DON DEDE DON,2
,,DOMINIK HARTZ - ROHBETON,2
,,THE LAST SHADOW PUPPETS - MY MISTAKES WERE MADE FOR YOU,2
,,THE LAST SHADOW PUPPETS - THE AGE OF THE UNDERSTATEMENT,2
,,EVAN KLAR - SPECIAL,2
,,EVAN KLAR - COWGURL,2
,,BBNO$ - SOPHISTICATED,2
,,SHAUN RYDER - DARE,2
,,SHELTER BOY - MESSED UP KIDS,2
,,SHELTER BOY - GROWING PAINS,2
,,REGINA SPEKTOR - FIDELITY,2
,,BRYE - DIET CULTURE,2
,,SG LEWIS - HEAT,2
,,SG LEWIS - ONE MORE,2
,,GRIZZLY BEAR - YET AGAIN,2
,,JULIE KUHL - CLOUDS OF GRIEF,2
,,TIGERMILCH - SCHRITT FÜR SCHRITT,2
,,EASY EASY - VERDIENT,2
,,APSILON - KOFFER,2
,,CASSIA - HEAT,2
,,CASSIA - CIRCULAR MOTION,2
,,CASSIA - HIGH TONES,2
,,CLAIRE - THE NEXT ONES TO COME,2
,,RÖYKSOPP - MONUMENT,2
,,RÖYKSOPP - DO IT AGAIN,2
,,DIE NERVEN - BARFUSS DURCH DIE SCHERBEN,2
,,BLONDSHELL - WHAT'S FAIR,2
,,163MARGS - LONDON'S CALLING,2
,,ELIZA ROSE - BETTER LOVE,2
,,RAY LOZANO - CAN'T LOVE,2
,,CLAUD - WET,2
,,CLAUD - SET THE TABLE,2
,,PAULA - VON GUTEN ELTERN,2
,,PAULA - ALS ES PASSIERTE,2
,,OUSE - CINNAMON HEARTS,2
,,OUSE - WELCOME TO MY WORLD,2
,,ERIKA DE CASIER - DELUSIONAL,2
,,DEXTER - STAY A LITTLE LONGER,2
,,GREEDO - STAY A LITTLE LONGER,2
,,ELIZA DOOLITTLE - YOU & ME (FLUME REMIX),2
,,PAULA CAROLINA - KEIN BOCK,2
,,PAULA CAROLINA - SCHLALALAFEN,2
,,MOA - AUGEN ZU,2
,,CIGARETTES AFTER SEX - TEJANO BLUE,2
,,CIGARETTES AFTER SEX - BABY BLUE MOVIE,2
,,KLEE - ERINNER DICH,2
,,TRÄNEN - ES IST NICHT WIE ES AUSSIEHT,2
,,BALTHAZAR - DO NOT CLAIM THEM ANYMORE,2
,,BALTHAZAR - THEN WHAT,2
,,BALTHAZAR - LOSERS,2
,,JAPANESE BREAKFAST - ORLANDO IN LOVE,2
,,LITTLE DRAGON - SLUGS OF LOVE,2
,,LITTLE DRAGON - TUMBLING DICE,2
,,J. COLE - VILLE MENTALITY,2
,,J. COLE - A LOT,2
,,VENBEE - THIS ONE'S DIFFERENT,2
,,MAKOLA - THIS IS LONDON,2
,,BLU DETIGER - CUT ME DOWN,2
,,BULLY - CHANGE YOUR MIND,2
,,POWFU FT. CODY LAWLESS - WALK ON WINE,2
,,MILKSHAKES IN THE VALLEY - WALK ON WINE,2
,,FUTUREBAE - LMAA,2
,,BEIRUT - NO NO NO,2
,,KAWALA - CIRCULAR MOTION,2
,,JAMIE T - SHEILA,2
,,MY UGLY CLEMENTINE - WOULD DO IT AGAIN,2
,,MY UGLY CLEMENTINE - FEET UP,2
,,KING KRULE - EASY EASY,2
,,FLORENCE + THE MACHINE - WHAT KIND OF MAN,2
,,FLORENCE + THE MACHINE - DOG DAYS ARE OVER,2
,,FLORENCE + THE MACHINE - RABBIT HEART,2
,,FLORENCE + THE MACHINE - YOU'VE GOT THE LOVE,2
,,K-OS - CRABBUCKIT,2
,,AYO - DOWN ON MY KNEES,2
,,COACH PARTY - JULY,2
,,AVAION - SLOWLY,2
,,ST. VINCENT - DIGITAL WITNESS,2
,,ST. VINCENT - CRUEL,2
,,BRYCE DESSNER - ANY LOVE OF ANY KIND,2
,,JOHNNY KULO - I ALREADY KNEW,2
,,MAECKES - SWIMMINGPOOLAUGEN,2
,,LNA - DOUBLE-CHECK,2
,,LNA - CAR,2
,,LNA - WANT WANT,2
,,FRANC MOODY - DAYDREAMING,2
,,AYELLE - TITANIC,2
,,MATILDA MANN - FANTASNEEZE,2
,,KLLO - AFFECTION,2
,,YUNGBLUD - HATED,2
,,BOYWITHUKE - TOXIC,2
,,"SOLOMUN - FEELS LIKE A JUNGLE, PT. 1",2
,,ALBIN LEE MELDAU - I NEED YOUR LOVE,2
,,MS MR - CRIMINALS,2
,,WILLOW - TRANSPARENT SOUL,2
,,FAZERDAZE - SOFT POWER,2
,,FAZERDAZE - A THOUSAND YEARS,2
,,SWITCHOTR - MORE THAN THAT,2
,,EVERYTHING EVERYTHING - THE END OF THE CONTENDER,2
,,EVERYTHING EVERYTHING - DISTANT PAST,2
,,EVERYTHING EVERYTHING - COLD REACTOR,2
,,EVERYTHING EVERYTHING - REGRET,2
,,IN THE VALLEY BELOW - PEACHES,2
,,IN THE VALLEY BELOW - NEVERMINDERS,2
,,LIE NING - GOOD GOOD,2
,,PASSION PIT - LITTLE SECRETS,2
,,OSKA - THE FINAL STRAW,2
,,BROODS - BRIDGES,2
,,FREEKIND - CARRY YOU,2
,,BEN HOWARD - KEEP YOUR HEAD UP,2
,,BEN HOWARD - THE FEAR,2
,,OH WONDER - DRIVE,2
,,KARIN ANN - I DON'T BELIEVE IN GOD,2
,,MAYBERG - HILFERUF,2
,,MAYBERG - DER NEUE STIL MEINER GENERATION,2
,,PVRIS - EVERGREEN,2
,,JESHI - SAINT OR SINNER,2
,,IAN O'BRIEN-DOCKER - TOTALLY ALRIGHT,2
,,UNKNOWN MORTAL ORCHESTRA - THAT LIFE,2
,,VYKA - DIGITAL WARS,2
,,BABY TATE - FEEDBACK,2
,,M.I.A - BAD GIRLS,2
,,TRISTAN BRUSCH - DU WARTEST,2
,,ARXX - LIKE HELL,2
,,ROMY - I'M ON YOUR TEAM,2
,,ARKELLS - LEATHER JACKET,2
,,VACATIONS - SLOW MOTION,2
,,WARPAINT - LOVE IS TO DIE,2
,,NIA ARCHIVES - CROWDED ROOMZ,2
,,LOKØY - BOTH EYES,2
,,SAFARIO - BOTH EYES,2
,,FUFFIFUFZICH - FEEL ZU SPÄT,2
,,FUFFIFUFZICH - ICH LIEBE DICH EVTL FÜR IMMER,2
,,NOSOYO - FEEL THE SAME,2
,,SUPERSHY - KEEP IT RISING,2
,,YARD ACT - WE MAKE HITS,2
,,TEMS - ME & U,2
,,ACTION BRONSON - ACTIN CRAZY,2
,,ACTION BRONSON - BABY BLUE,2
,,ODEAL - YOU'RE STUCK,2
,,SYML - CAREFUL,2
,,SYML - BASEMENT BEDS,2
,,ELIS NOA - SEITDEM DU SAGST ES IST VORBEI,2
,,WHITNEY - DARLING,2
,,ELECTRIC YOUTH - ARAWA,2
,,LEVIN LIAM - FÜR DICH DA,2
,,FOSTER THE PEOPLE - PUMPED UP KICKS,2
,,UKIYO - CTRL ALT DELETE,2
,,ŪLA - CTRL ALT DELETE,2
,,AZEALIA BANKS - 212,2
,,LAZY JAY - 212,2
,,LAURA LEE - TOUGH LOVE PARADIGM,2
,,THE JETTES - TOUGH LOVE PARADIGM,2
,,JOHN GLACIER - OCEAN STEPPIN',2
,,I LOVE MAKONNEN - TUESDAY,2
,,MARIA BASEL - DEEPER THAN YOU KNOW,2
,,VIRGINIA JETZT! - DAS GANZ NORMALE LEBEN,2
,,SUNSICK - BURNT FEET,2
,,JOSÉ GONZALEZ - HEARTBEATS,2
,,TROPICS - RAPTURE,2
,,KOSHEEN - CATCH,2
,,SNØW - WELCOME TO MY WORLD,2
,,MAYA JANE COLES - MONDAY MOOD,2
,,ERICSON - HAUSNUMMER_16_V7,2
,,FRISKA VILJOR - ARPEGGIO,2
,,LIME CORDIALE - IMPOSTER SYNDROME,2
,,DEKKER - I WON'T,2
,,DEE HOLT - FELL IN LOVE AT SCHOOL,2
,,TAI VERDES - SUNSET,2
,,GRENTPEREZ - ROOM FOR YOU,2
,,2 CHAINZ - 4 AM,2
,,HUND - GEH NACH HAUSE,2
,,KOBRAKASINO - GEH NACH HAUSE,2
,,"GET WELL SOON - ROLAND, I FEEL YOU",2
,,LISL - A LITTLE LOST,2
,,TRAVIS BARKER - TRANSPARENT SOUL,2
,,HONEYMOAN - SHOW YOU OFF,2
,,KYNSY - ELEPHANT IN THE ROOM,2
,,WHOISWELANSKI - WAS ICH HÖREN WILL,2
,,FELUKAH - DANGER,2
,,BLOOM TWINS - PRETTY IN PINK,2
,,INJI - BELLYDANCING,2
,,CAROLINE POLACHEK BLOOD ORANGE - THE FIELD,2
,,DANIE TARIQ AL-SABIR - THE FIELD,2
,,UFFIE - POP THE GLOCK,2
,,MOLLY MOORE - BATMAN & ROBIN,2
,,NAND - 22 UHR,2
,,THE RAVEONETTES - ATTACK OF THE GHOST RIDERS,2
,,CATFISH AND THE BOTTLEMEN - KATHLEEN,2
,,BAZZI - STRINGS,2
,,JOY ANONYMOUS - JOY OVERCOME,2
,,SAY LOU LOU - NOTHING BUT A HEARTBEAT,2
,,HOLOW - CHEMICALS,2
,,MAX GREEN - CHEMICALS,2
,,DILLON - THIRTEEN THIRTYFIVE,2
,,BLEACHERS - TINY MOVES,2
,,TENTENDO - FIND MY WAY,2
,,ANNALISA FERNANDEZ - FIND MY WAY,2
,,JUPITER FLYNN - ANOTHER SAD SONG,2
,,JUPITER FLYNN - MONSTERS & MEN,2
,,JUPITER FLYNN - MISUNDERSTANDING,2
,,DEVIN MORRISON - NOBODY CHASE ME,2
,,THE SNUTS - DREAMS,2
,,HALF MOON RUN - FULL CIRCLE,2
,,ANDERSON. PAAK - NO CAP,2
,,BEA AND HER BUSINESS - RICH,2
,,BRANKO AND JAY PRINCE - SLIDE,2
,,SALOMEA - TWIRL UP,2
,,THE HOOSIERS - WORRIED ABOUT RAY,2
,,MXMTOON - QUEEN,2
,,TIAVO - IMMER SOMMER,2
,,FYE - PEACHES,2
,,FENNEK - PEACHES,2
,,PERRIN - THE HILLS,2
,,JEAN CASTEL - ISN'T IT SOMETHING,2
,,WILLOW PARLO - 2002,2
,,WILLOW PARLO - MY FATHER'S EYES,2
,,WILLOW PARLO - CAN'T GET ENOUGH,2
,,MY CHEMICAL ROMANCE - HELENA,2
,,MY CHEMICAL ROMANCE - TEENAGERS,2
,,WHITE LIES - TO LOSE MY LIFE,2
,,UCHE YARA - GOLDEN DAYS,2
,,UCHE YARA - SOPHIE,2
,,MIA MORGAN - MITTEN IN DEN MASSEN,2
,,THE REGRETTES - DUMMY,2
,,YUNG BAE - TOO COOL TO FEEL THIS LONELY,2
,,FELLY - TOO COOL TO FEEL THIS LONELY,2
,,KHARY - TOO COOL TO FEEL THIS LONELY,2
,,SUKI WATERHOUSE - OMG,2
,,SAINTÉ - SAINT OR SINNER,2
,,"CHLOE QISHA - SEX, DRUGS & EXISTENTIAL DREAD",2
,,PAOLO CONTE - VIA CON ME,2
,,PALE WAVES - GLASGOW,2
,,PACO - BODY SHOP.,2
,,POLAR NOIR - IS IT OVER NOW?,2
,,KLEERUP - WITH EVERY HEARTBEAT,2
,,ALLIE X - GALINA,2
,,PUP - WRECK MY LIFE,2
,,ELBOW - GROUNDS FOR DIVORCE,2
,,KATHA PAUER - SO BIN ICH HALT / BLABLABLA,2
,,SOAK - JUST STAND THERE,2
,,LUKE SITAL-SINGH - NOTHING STAYS THE SAME,2
,,AMI WARNING - BIN NOCH WACH...WO BIST DU?,2
,,JENNY WILSON - LET MY SHOES LEAD ME FORWARD,2
,,MUROKI - LOVE COCOON,2
,,RITT MOMNEY - SET THE TABLE,2
,,NOONZY - WHERE/WHEN,2
,,LYN LAPID - ROOM FOR YOU,2
,,LIGHTS ARKELLS - HUMAN BEING,2
,,BAUSA - VEMPA (1LIVE SAN HEJMO 2025),2
,,TRAVIS SCOTT - 2000 EXCURSION,2
,,TRAVIS SCOTT - PBT,2
,,TRAVIS SCOTT - 4 AM,2
,,SHECK WES - 2000 EXCURSION,2
,,DON TOLIVER - 2000 EXCURSION,2
,,YANNIS CAMELPHAT - HYPERCOLOUR,2
,,JOHN SUMMIT - WHERE YOU ARE,2
,,JOHN SUMMIT - FOCUS,2
,,JOHN SUMMIT - LIGHT YEARS,2
,,HAYLA - WHERE YOU ARE,2
,,TREAM - LIEBE AUF DER RÜCKBANK,2
,,MAU P - METRO,2
,,CREEDS - MILKY WAY,2
,,MORGAN SEATREE - HOLD ME,2
,,RITTER LEAN - SOMMERSPROSSEN,2
,,RITTER LEAN - BROKE,2
,,1LIVE DJ SESSION - LILLY PALMER,2
,,1LIVE DJ SESSION - SG LEWIS,2
,,1LIVE DJ SESSION - MARTEN HØRGER,2
,,1LIVE DJ SESSION - NIKLAS DEE (LIVE VOM 1LIVE SAN HEJMO FESTIVAL 2025),2
,,FINCH - LIEBE AUF DER RÜCKBANK,2
,,YUNG SAINT PAUL - CAMILLA,2
,,SKRILLEX - TAKA,2
,,SKRILLEX - FINE DAY ANTHEM,2
,,THE CREATOR TYLER - DON'T YOU WORRY BABY,2
,,GUNNA JUSTIN BIEBER - WAY IT IS,2
,,FUTURE - TURN ON THE LIGHTS AGAIN,2
,,FUTURE - MASK OFF,2
,,FUTURE - TURN ON THE LIGHTS AGAIN..,2
,,BURNA BOY FT. MICK JAGGER - HOOKMB / BURNA BOY FT. MICK JAGGER / EMPTY CHAIRS,2
,,CAMELPHAT - BREATHE,2
,,GZUZ - KNÖCHELTIEF,2
,,GZUZ - STANDARD,2
,,TCHAMI - PROMESSES,2
,,KALEEM TAYLOR - PROMESSES,2
,,AHADADREAM - TAKA,2
,,GORDO - SIDEWAYS,2
,,GORDO - MARIA MARIA,2
,,INFINITY INK - INFINITY,2
,,KETTAMA - IT GETS BETTER (FOREVER MIX),2
,,NIMINO - I ONLY SMOKE WHEN I DRINK,2
,,STEPHEN SANCHEZ - UNTIL I FOUND YOU (EM BEIHOLD VERSION),2
,,STORMZY ( - OWN IT,2
,,BURNA BOY) - OWN IT,2
,,BABY KEEM - LEAVEMEALONE,2
,,KEVIN DE VRIES - METRO,2
,,THE BLESSED MADONNA - HAPPIER,2
,,THE BLESSED MADONNA - MERCY,2
,,BOYS NOIZE - FINE DAY ANTHEM,2
,,JACOB LUSK - MERCY,2
,,ARGY - MELODIA,2
,,ARGY - SUMMER SKIES (LOVE TO CRY),2
,,MIGOS - SLIDE,2
,,GRINGO - STANDARD,2
,,UFO361 TRETTMANN - STANDARD,2
,,ELVIS CRESPO - SUAVEMENTE,2
,,TECH IT DEEP - MARIA MARIA,2
,,JUJU - VERMISSEN,2
,,HENNING MAY - VERMISSEN,2
,,K.I.Z - HURRA DIE WELT GEHT UNTER,2
,,EMI X - PHOTOSYNTHESE,2
,,TAINY J. BALVIN - UN DIA (ONE DAY),2
,,TIM BERG - SEEK BROMANCE,2
,,T. I - COME DOWN,2
,,RHYS FROM THE STICKS - SUMMER SKIES (LOVE TO CRY),2
,,SIX-TWO - XXPLOSIVE,2
,,NATE DOGG HITTMAN - XXPLOSIVE,2
,,KURUPT - XXPLOSIVE,2
,,JAY ROCK - MONEY TREES,2
,,MÊN AN TOL - NOT IDEAL,2
,,INFINITY SONG - HATER'S ANTHEM,2
,,LAWRENT - BLOODTYPE,2
,,ŁASZEWO - HIGHJACK (RIGHT BACK),2
,,A$AP ROCKY ALOK - HIGHJACK (RIGHT BACK),2
,,BTS BENNY BLANCO - BAD DECISIONS,2
,,LANA DEL REY ( - LUST FOR LIFE,2
,,THE WEEKND) - LUST FOR LIFE,2
,,DOMIZIANA - OHNE BENZIN,2
,,TC TWOCOLORS - UNDERWORLD,2
,,SAFRI DUO TC - UNDERWORLD,2
,,ANNA SOFIA - HELIUM,2
,,IDA CORR - LET ME THINK ABOUT IT,2
,,FEDDE LE GRAND - LET ME THINK ABOUT IT,2
,,JEM COOKE - BREATHE,2
,,ABI FLYNN - HOLD ME,2
,,IVAN GOUGH - IN MY MIND (AXWELL REMIX),2
,,DAVID GUETTA VS. BENNY BENASSI - SATISFACTION,2
,,MONROSE - HOT SUMMER,2
,,ANNENMAYKANTEREIT CRO - 5 MINUTEN,2
,,XAVI - EN PRIVADO,2
,,MANUEL TURIZO - EN PRIVADO,2
,,DR.MOTTE - SUNSHINE,2
,,WESTBAM - SUNSHINE,2
,,GUNS N´ ROSES - KNOCKIN' ON HEAVEN'S DOOR,2
,,TINA TURNER KYGO - WHAT'S LOVE GOT TO DO WITH IT,2
,,"LISA ""LEFT EYE"" LOPES - NEVER BE THE SAME AGAIN",2
,,LIL'KIM - LADY MARMALADE (VOULEZ-VOUS COUCHER AVEC MOI CE SOIR),2
,,MICHAEL ANDREWS - MAD WORLD,2
,,GARY JULES - MAD WORLD,2
,,SINEAD O'CONNOR - NOTHING COMPARES 2 U,2
,,MC SAR - ANOTHER NIGHT,2
,,THE REAL MCCOY - ANOTHER NIGHT,2
,,CUT'N'MOVE - GIVE IT UP,2
,,THE FUGEES - KILLING ME SOFTLY,2
,,RICKY MARTIN - THE CUP OF LIFE,1
,,DISTURBED - IF I EVER LOSE MY FAITH IN YOU,1
,,DANA - KALE JUICE,1
,,SHUTTLE - ANXIOUS,1
,,NAOMI LAREINE - STARS GLOW,1
,,JOYA MARLEEN - TIRED OF WAITING,1
,,JOYA MARLEEN - I THINK I'M IN LOVE,1
,,JOYA MARLEEN - NEXT TO YOU,1
,,JOYA MARLEEN - OXYGEN,1
,,JOYA MARLEEN - IT'S BEEN A WHILE,1
,,JOYA MARLEEN - PROFESSIONAL,1
,,BABA SHRIMPS - SUMMER 97,1
,,BABA SHRIMPS - ENDLESSLY,1
,,BABA SHRIMPS - CALLING OUT FOR YOU,1
,,BABA SHRIMPS - WALK A MILE,1
,,HALUNKE - LAS VEGAS SYDNEY KAPSTADT,1
,,HALUNKE - MI TAG,1
,,HALUNKE - BI GENG DA WO DU NID BISCH,1
,,HENRY MOODIE - BEAT UP CAR,1
,,SABRINA CARPENTER - WE ALMOST BROKE UP AGAIN LAST NIGHT,1
,,SABRINA CARPENTER - HOUSE TOUR,1
,,ZÜRI WEST - DR SUMMER ISCH VRBII,1
,,ZÜRI WEST - WINTERHALE,1
,,BRAINCHILD - THE DAY YOU LEAVE,1
,,BRAINCHILD - MORNING LIGHT,1
,,BRAINCHILD - JOANNA,1
,,BRAINCHILD - THERE'S A LIGHT,1
,,BRAINCHILD - LOVING AGAIN,1
,,BRAINCHILD - MUSIC FOR A LIVING,1
,,PABLO NOUVELLE - OH WOULD YOU BE THERE,1
,,PABLO NOUVELLE - NOBODY AS TIGHT,1
,,ALOK - LOVE HAS GONE,1
,,ALOK - WORK WITH MY LOVE,1
,,ALOK - DEEP DOWN,1
,,GIL GLAZE - AFTERGLOW,1
,,GIL GLAZE - WANTED,1
,,JOHN BÜRGIN - SOUNDS!MXTP138: INTERNATIONAL SOUND OF NOW - CONNAISSEUR EDITION,1
,,JOHN BÜRGIN - SOUNDS!MXTP135: SWITZERLAND SOUND OF NOW,1
,,JOHN BÜRGIN - SOUNDS!MXTP137: STREETPARADE 2025,1
,,JOHN BÜRGIN - SOUNDS!MXTP139: FUTURE SOUND OF SWANA,1
,,JOHN BÜRGIN - SOUNDS!MXTP126: MIT DJ KOZE IN DER PAMPA,1
,,JOHN BÜRGIN - SOUNDS!MXTP140: SWITZERLAND'S SOUND OF NOW,1
,,JOHN BÜRGIN - SOUNDS!MXTP136: INTERNATIONAL SOUND OF NOW - DAYRAVE EDITION,1
,,CASSANDRA JENKINS - ONLY RELAXATION,1
,,CASSANDRA JENKINS - CLAMS CASINO,1
,,GEORGIA HARMER - EYE OF THE STORM,1
,,POOL KIDS - LEONA STREET,1
,,RACING MOUNT PLEASANT - RACING MOUNT PLEASANT,1
,,OASIS - THE HINDU TIMES,1
,,OASIS - MARRIED WITH CHILDREN,1
,,OASIS - THE MASTERPLAN,1
,,OASIS - CHAMPAGNE SUPERNOVA,1
,,OASIS - STAND BY ME,1
,,OASIS - ROLL WITH IT,1
,,OASIS - GO LET IT OUT,1
,,OASIS - THE SHOCK OF THE LIGHTNING,1
,,OASIS - HALF THE WORLD AWAY,1
,,OASIS - SUPERSONIC,1
,,OASIS - LITTLE BY LITTLE (LIVE),1
,,OASIS - SLIDE AWAY (LIVE),1
,,YUNEKI - BABY TEETH,1
,,ETHEL CAIN - AMERICAN TEENAGER,1
,,ETHEL CAIN - DUST BOWL,1
,,"ETHEL CAIN - WACO, TEXAS",1
,,LANA DEL REY - TOUGH,1
,,LANA DEL REY - DOIN' TIME,1
,,HAIM - SUMMER GIRL,1
,,HAIM - THE WIRE,1
,,KAYTRANADA - STILL,1
,,KAYTRANADA - TOGETHER,1
,,KAYTRANADA - 10%,1
,,KAYTRANADA - DYSFUNCTIONAL,1
,,KAYTRANADA - ICED TEA,1
,,WU-TANG CLAN - C.R.E.A.M.,1
,,WU-TANG CLAN - PROTECT YA NECK,1
,,GHOSTFACE KILLAH - IRON MAN,1
,,GHOSTFACE KILLAH - WINDOWS,1
,,GHOSTFACE KILLAH - THE TRIAL,1
,,GHOSTFACE KILLAH - NUTMEG,1
,,CHANCE THE RAPPER - BLESSINGS,1
,,CHANCE THE RAPPER - NO MORE OLD MEN,1
,,CHANCE THE RAPPER - TREE,1
,,CHANCE THE RAPPER - FAVORITE SONG,1
,,CHANCE THE RAPPER - NO PROBLEM,1
,,CHANCE THE RAPPER - DEAR THEODOSIA,1
,,JOEY BADA$$ - FRY PLANTAIN,1
,,JOEY BADA$$ - STILL,1
,,JAMILA WOODS - BLESSINGS,1
,,JAMILA WOODS - NO MORE OLD MEN,1
,,JAMILA WOODS - BOOMERANG,1
,,JAMILA WOODS - EARTHA,1
,,CASS MCCOMBS - PRIESTESS,1
,,CASS MCCOMBS - MISS MABEE,1
,,CASS MCCOMBS - DREAMS-COME-TRUE-GIRL,1
,,ALISON GOLDFRAPP - PLAY IT,1
,,ALISON GOLDFRAPP - ORDINARY DAY,1
,,ALISON GOLDFRAPP - REVERBEROTIC,1
,,ALISON GOLDFRAPP - STRANGE THINGS HAPPEN,1
,,ALISON GOLDFRAPP - SOUND & LIGHT,1
,,ALISON GOLDFRAPP - ULTRASKY,1
,,SAINT-ÉTIENNE - TAKE ME TO THE PILOT,1
,,BLACK HONEY - PSYCHO,1
,,BLACK HONEY - CHARLIE BRONSON,1
,,BLACK HONEY - BELIEVER,1
,,BLACK HONEY - SUMMER '92,1
,,GOLDFRAPP - TRAIN,1
,,GOLDFRAPP - NUMBER 1,1
,,GOLDFRAPP - UTOPIA,1
,,GOLDFRAPP - THEA,1
,,GOLDFRAPP - BLACK CHERRY,1
,,TREE HOUSE MILANO - WAKE ME UP,1
,,THE GREAT STOYAN DUO - WHEN YOU LOOK AT ME,1
,,SHELTER 12 - IPHONE 13 MINI,1
,,MAGNOLIA PINK - IPHONE 13 MINI,1
,,DARIUSH - IPHONE 13 MINI,1
,,KLEOPATRA WEIN - ECHOES OF JULY,1
,,ONYX KAYN - I LOVE WHEN I'M NAKED,1
,,ONYX KAYN - OUT OF LINE,1
,,NAVENI - I LOVE WHEN I'M NAKED,1
,,LISA ORIBASI - OSCILLATION,1
,,KINGS ELLIOT - WHAT IF THIS WORLD,1
,,KINGS ELLIOT - COLOUR,1
,,KINGS ELLIOT - 'TIL I DIE,1
,,KINGS ELLIOT - NEVER BE MINE,1
,,DACHS - HALLO MUETER,1
,,ALVA LEAVES - COME AROUND,1
,,ANOTHER ME - COME AROUND,1
,,KYGO - LOVE ME NOW,1
,,ONEREPUBLIC - DIDN'T I,1
,,ONEREPUBLIC - LET'S HURT TONIGHT,1
,,ONEREPUBLIC - NOBODY,1
,,MARC ANTHONY - NON C'È / SE FUÉ,1
,,FELIX JAEHN - AIN'T NOBODY,1
,,FELIX JAEHN - IT'S NOT RIGHT BUT IT'S OK,1
,,FELIX JAEHN - NO THERAPY,1
,,JASMINE THOMPSON - AIN'T NOBODY,1
,,DUA LIPA - POTION,1
,,DUA LIPA - HOTTER THAN HELL,1
,,DUA LIPA - WE'RE GOOD,1
,,DUA LIPA - NEW RULES,1
,,DUA LIPA - HOUDINI (ADAM PORT MIX),1
,,CHURCHHILL - UNIVERSELL,1
,,TRACY CHAPMAN - BABY CAN I HOLD YOU?,1
,,TRACY CHAPMAN - SUBCITY,1
,,TRACY CHAPMAN - TALKIN' 'BOUT REVOLUTION,1
,,PICTURE THIS - LET'S TRY LOVE,1
,,PICTURE THIS - FAMILY OUT OF FRIENDS,1
,,PICTURE THIS - GO GENTLY,1
,,JOVANOTTI - SABATO,1
,,JOVANOTTI - TUTTO L'AMORE CHE HO,1
,,JOVANOTTI - RAGAZZO FORTUNATO,1
,,JOVANOTTI - CIAO MAMMA,1
,,JOVANOTTI - MI FIDO DI TE,1
,,JOVANOTTI - BELLA,1
,,STEFANIE HEINZMANN - WOULD YOU STILL LOVE ME,1
,,STEFANIE HEINZMANN - IN THE END,1
,,STEFANIE HEINZMANN - ON FIRE,1
,,STEFANIE HEINZMANN - BUILD A HOUSE,1
,,STEFANIE HEINZMANN - COLORS,1
,,STEFANIE HEINZMANN - GOOD - RADIO EDIT,1
,,STEFANIE HEINZMANN - BEST LIFE,1
,,ESKOBAR - YOU GOT ME,1
,,DON'T KILL THE BEAST - SPOOKY SELF,1
,,RAYE - THE WEEKEND,1
,,RAYE - WATERFALL,1
,,PEGASUS - LAST NIGHT ON EARTH,1
,,PEGASUS - RISE UP,1
,,PEGASUS - GREATEST SHOW ON EARTH,1
,,PEGASUS - MAN ON MARS,1
,,BILLIE EILISH - NO TIME TO DIE,1
,,BILLIE EILISH - WHEN THE PARTY'S OVER,1
,,BILLIE EILISH - BELLYACHE,1
,,BILLIE EILISH - TV,1
,,BILLIE EILISH - WHAT WAS I MADE FOR?,1
,,BILLIE EILISH - WISH YOU WERE GAY,1
,,STEPHAN EICHER - NE ME DITES PAS NON,1
,,STEPHAN EICHER - TAXI EUROPA,1
,,SOFI TUKKER - THE DARE,1
,,SOFI TUKKER - CAFUNÉ,1
,,SOFI TUKKER - WOOF,1
,,MANILLIO - MOND,1
,,MILEY CYRUS - JADED,1
,,MILEY CYRUS - PARTY IN THE U.S.A.,1
,,MILEY CYRUS - NOTHING ELSE MATTERS,1
,,BOB SINCLAR - WORLD HOLD ON,1
,,AVICII - THE NIGHTS,1
,,AVICII - THE DAYS,1
,,50 CENT - AYO TECHNOLOGY,1
,,50 CENT - P.I.M.P.,1
,,JUSTIN TIMBERLAKE - AYO TECHNOLOGY,1
,,JUSTIN TIMBERLAKE - WHAT GOES AROUND...COMES AROUND,1
,,JUSTIN TIMBERLAKE - LIKE I LOVE YOU,1
,,JUSTIN TIMBERLAKE - WHAT GOES AROUND.../...COMES AROUND - INTERLUDE,1
,,JUSTIN TIMBERLAKE - 4 MINUTES,1
,,JUSTIN TIMBERLAKE - WHAT GOES AROUND.,1
,,PRINCE - WHEN YOU WERE MINE,1
,,PRINCE - SIGN O' THE TIMES,1
,,PRINCE - 1999 (NINETEEN HUNDRED NINETY-NINE),1
,,PRINCE - JOY IN REPETITION,1
,,PRINCE - NOTHING COMPARES 2 U,1
,,STRESS - HORIZON,1
,,STRESS - BE MY LIGHT,1
,,STRESS - BYE,1
,,AUDREY HOBERT - THIRST TRAP,1
,,MICHAEL PATRICK KELLY - AN ANGEL,1
,,MICHAEL PATRICK KELLY - O.K.O,1
,,REA GARVEY - CAN'T SAY NO,1
,,REA GARVEY - TAKE THIS HEART,1
,,REA GARVEY - BEST BAD FRIEND,1
,,ROXETTE - SHE'S GOT NOTHING ON (BUT THE RADIO),1
,,ROXETTE - THE CENTRE OF THE HEART,1
,,ROXETTE - A THING ABOUT YOU,1
,,ROXETTE - WISH I COULD FLY,1
,,ROXETTE - FADING LIKE A FLOWER (EVERYTIME YOU LEAVE),1
,,ROXETTE - CRASH! BOOM! BANG!,1
,,ROXETTE - HOW DO YOU DO,1
,,ALEX WARREN - CARRY YOU HOME,1
,,ALEX WARREN - ORDINARY (LYRIX-VERSION),1
,,NELLY - RIDE WITH ME,1
,,NICO SANTOS - WEEKEND LOVER,1
,,NICO SANTOS - DAS BESTE,1
,,NICO SANTOS - WHERE YOU ARE,1
,,BECK - COLORS,1
,,DAVID GUETTA - LOVE DON'T LET ME GO,1
,,DAVID GUETTA - WITHOUT YOU,1
,,DAVID GUETTA - BANG MY HEAD,1
,,DAVID GUETTA - SEXY BITCH,1
,,DAVID GUETTA - SO FAR AWAY,1
,,DAVID GUETTA - THIS ONE'S FOR YOU,1
,,DAVID GUETTA - WHERE THEM GIRLS AT,1
,,DAVID GUETTA - WHEN WE WERE YOUNG (THE LOGICAL SONG),1
,,WEEZER - SAY IT AIN'T SO,1
,,EURYTHMICS - IT'S ALRIGHT BABY'S COMING BACK,1
,,EURYTHMICS - THERE MUST BE AN ANGEL (PLAYING WITH,1
,,EURYTHMICS - 17 AGAIN,1
,,EURYTHMICS - SEXCRIME ( NINETEEN EIGHTY-FOUR ),1
,,EURYTHMICS - WHO'S THAT GIRL?,1
,,EURYTHMICS - MIRACLE OF LOVE,1
,,HECHT - MON AMOUR PUBLIKUMS-CHOR,1
,,HECHT - BRFDLVM?,1
,,HECHT - NUR 1 MINUTE,1
,,HECHT - ITALIA,1
,,HECHT - SOMMERVÖGEL,1
,,HECHT - NIMM MECH I ARM,1
,,MATILDE - FOTO HOT,1
,,KODALINE - BROTHER,1
,,KODALINE - HONEST,1
,,KODALINE - LOVE LIKE THIS,1
,,JAXOMY - RIPTIDE,1
,,CROWDED HOUSE - FOUR SEASONS IN ONE DAY,1
,,THE WOMBATS - 1996,1
,,THE WOMBATS - I THINK MY MIND HAS MADE ITS MIND UP,1
,,THE WOMBATS - READY FOR THE HIGH,1
,,THE WOMBATS - GREEK TRAGEDY,1
,,LINKIN PARK - NUMB-ENCORE,1
,,LINKIN PARK - NUMBENCORE,1
,,LINKIN PARK - LEAVE OUT ALL THE REST,1
,,LINKIN PARK - ONE MORE LIGHT,1
,,LINKIN PARK - HEAVY IS THE CROWN,1
,,LINKIN PARK - ONE STEP CLOSER,1
,,SUPER-HI - FOLLOWING THE SUN (DIEGO DRUCK REMIX),1
,,NEEKA - FOLLOWING THE SUN (DIEGO DRUCK REMIX),1
,,MICHAEL JACKSON - REMEMBER THE TIME,1
,,MICHAEL JACKSON - THE GIRL IS MINE,1
,,MICHAEL JACKSON - ANOTHER PART OF ME,1
,,MICHAEL JACKSON - P.Y.T. (PRETTY YOUNG THING),1
,,MICHAEL JACKSON - LIBERIAN GIRL,1
,,LOLA YOUNG - NOT LIKE THAT ANYMORE,1
,,BRUNO MARS - FINESSE,1
,,BRUNO MARS - WHEN I WAS YOUR MAN,1
,,CARDI B - FINESSE,1
,,CARDI B - SOUTH OF THE BORDER,1
,,TIZIANO FERRO - STOP! DIMENTICA,1
,,TIZIANO FERRO - IL CONFORTO,1
,,TIZIANO FERRO - ACCETTO MIRACOLI,1
,,LO UND LEDUC - CHAPEAU,1
,,LO UND LEDUC - SNOOZE,1
,,LO UND LEDUC - TRIBUT,1
,,LO UND LEDUC - ALL DIE BÜECHER,1
,,LO UND LEDUC - BLESSINGS & BLESSURE,1
,,LO UND LEDUC - MELODIE,1
,,LO UND LEDUC - IM ERSCHTE TRAM,1
,,PANIC! AT THE DISCO - BUT IT'S BETTER IF YOU DO,1
,,IGGY POP - CANDY,1
,,IGGY POP - LUST FOR LIFE,1
,,IGGY POP - REAL WILD CHILD,1
,,CLUESO - FÜHLT SICH WIE FLIEGEN AN,1
,,CLUESO - ZUSAMMEN (NO INTRO),1
,,CLUESO - NEUANFANG,1
,,CLUESO - PARIS,1
,,CLUESO - AUCH IM BENTLEY WIRD GEWEINT,1
,,ZID - OMG,1
,,JORIS - SOMMERREGEN,1
,,COLDPLAY - ORPHANS,1
,,COLDPLAY - ALL MY LOVE,1
,,COLDPLAY - LOST!,1
,,COLDPLAY - TROUBLE,1
,,COLDPLAY - ALL MY LOVE (LIVE),1
,,LITTLE SIMZ - LOTUS,1
,,LITTLE SIMZ - FREE,1
,,LITTLE SIMZ - GORILLA,1
,,"LITTLE SIMZ - HELLO, HI",1
,,LITTLE SIMZ - YOU SHOULD CALL MUM,1
,,LITTLE SIMZ - SELFISH,1
,,LITTLE SIMZ - PINK YOUTH,1
,,LITTLE SIMZ - I LOVE YOU I HATE YOU,1
,,LITTLE SIMZ - LITTLE Q PART 2,1
,,LITTLE SIMZ - WOMAN,1
,,LITTLE SIMZ - FLOOD,1
,,BURNA BOY - CHEATIN ON ME,1
,,BURNA BOY - JUST LIKE ME,1
,,BURNA BOY - HOOKMB / BURNA BOY / BUY YOU LIFE,1
,,BURNA BOY - HOOKMB / BURNA BOY / BUNDLE BY BUNDLE,1
,,BURNA BOY - HOOKMB / BURNA BOY / UPDATE,1
,,BURNA BOY - HIGHER,1
,,JANET JACKSON - RUNAWAY,1
,,THE KILLERS - MY OWN SOUL'S WARNING,1
,,THE KILLERS - MR. BRIGHTSIDE (JAQUES LU CONT'S THIN WHITE DUKE M,1
,,SHAKIRA - BEAUTIFUL LIAR,1
,,SHAKIRA - OBJECTION TANGO,1
,,SHAKIRA - OBJECTION (TANGO),1
,,"SHAKIRA - WHENEVER, WHEREVER SUERTE",1
,,HEERA - SUNDOWN,1
,,HEERA - YOU AGAIN,1
,,SHINEHEAD - JAMAICAN IN NEW YORK,1
,,MARIUS BEAR - HEART ON YOUR DOORSTEP,1
,,MARIUS BEAR - BLOOD OF MY HEARTBEAT,1
,,MARIUS BEAR - KISS ME IN THE MORNING,1
,,MARIUS BEAR - MY CROWN,1
,,MARIUS BEAR - BOULDERS,1
,,MARIUS BEAR - BOYS DO CRY,1
,,TOM GRENNAN - ALL THESE NIGHTS,1
,,LUCA HÄNNI - NIE MEHR ALLEIN,1
,,SNOOP DOGG - STILL DRE,1
,,SNOOP DOGG - THE NEXT EPISODE,1
,,SNOOP DOGG - GIN AND JUICE,1
,,SNOOP DOGG - LAST DANCE WITH MARY JANE,1
,,GOTTHARD - EYE OF THE TIGER,1
,,FOREIGNER - DOUBLE VISION,1
,,DR. ALBAN - HELLO AFRIKA,1
,,DR. ALBAN - NO COKE,1
,,OFENBACH - OVER YOU,1
,,MAX GIESINGER - LEGENDEN,1
,,JOHANNES OERDING - SOMMER IN SCHWEDEN,1
,,R.E.M - STAND,1
,,R.E.M - STRANGE CURRENCIES,1
,,R.E.M - IT'S THE END OF THE WORLD AS WE KNOW IT (AND I FEEL  FINE),1
,,R.E.M - EVERYBODY HURTS (LYRIX-VERSION),1
,,R.E.M - DRIVE,1
,,R.E.M - AFTERMATH,1
,,JAMES BLUNT - COLD,1
,,JAMES BLUNT - BESIDE YOU,1
,,JAMES BLUNT - PRIMAVERA IN ANTICIPO (IT IS MY SONG),1
,,JAMES BLUNT - CARRY YOU HOME,1
,,RITA ORA - HEAT,1
,,LEWIS CAPALDI - BRUISES,1
,,LEWIS CAPALDI - WISH YOU THE BEST,1
,,"FLO RIDA - I DON'T LIKE IT, I LOVE IT",1
,,FLO RIDA - WHERE THEM GIRLS AT,1
,,RIANA - HEWEH,1
,,RIANA - SCHÖNSTE FLECK,1
,,RIANA - FRAGMENTS,1
,,RIANA - FÖ EU,1
,,MADONNA - JUSTIFY MY LOVE,1
,,MADONNA - LIVE TO TELL,1
,,MADONNA - CRAZY FOR YOU,1
,,MADONNA - RAIN,1
,,KING CHARLES - MISSISSIPPI ISABEL,1
,,MUMFORD AND SONS - BELIEVE,1
,,MUMFORD AND SONS - I WILL WAIT,1
,,MUMFORD AND SONS - THE CAVE,1
,,JAMES BAY - EASY DISTRACTION,1
,,JAMES BAY - IF YOU EVER WANT TO BE IN LOVE,1
,,MARY J. BLIGE - NO MORE DRAMA,1
,,MARY J. BLIGE - (YOU MAKE ME FEEL LIKE A) NATURAL WOMAN,1
,,MARY J. BLIGE - STAY WITH ME,1
,,U2 - BAD,1
,,U2 - CITY OF BLINDING LIGHTS,1
,,U2 - WALK ON,1
,,U2 - THE UNFORGETTABLE FIRE,1
,,U2 - PRIDE (IN THE NAME OF LOVE),1
,,U2 - VERTIGO,1
,,U2 - STILL HAVEN'T FOUND WHAT I'M LOOKING FOR,1
,,BELL BARONETS - BLAME IT ON ME,1
,,ED SHEERAN - BAM BAM,1
,,ED SHEERAN - BOA ME,1
,,ED SHEERAN - SOUTH OF THE BORDER,1
,,ED SHEERAN - SAPPHIRE (UNPLUGGED),1
,,ED SHEERAN - THE CITY,1
,,ED SHEERAN - DON'T,1
,,ED SHEERAN - OVERPASS GRAFFITI,1
,,ED SHEERAN - SOUNDCOLLAGE ED SHEERAN (THE A-TEAM / PERFECT),1
,,LENNY KRAVITZ - MR. CAB DRIVER,1
,,LENNY KRAVITZ - WHERE ARE WE RUNNIN',1
,,LENNY KRAVITZ - BELIEVE IN ME,1
,,LENNY KRAVITZ - HONEY,1
,,LENNY KRAVITZ - IT AIN'T OVER TILL IT'S OVER,1
,,QUEEN - THANK GOD IT'S CHRISTMAS,1
,,QUEEN - WE WILL ROCK YOU,1
,,QUEEN - WE ARE THE CHAMPIONS,1
,,QUEEN - SOMEBODY TO LOVE,1
,,QUEEN - MADE IN HEAVEN,1
,,QUEEN - DON'T STOP ME NOW,1
,,JUANES - ME ENAMORA,1
,,JUANES - MALA GENTE,1
,,TRAVIS - SELFISH JEAN,1
,,TRAVIS - SIDE,1
,,TRAVIS - FLOWERS IN THE WINDOW,1
,,TOVE LO - STAY HIGH,1
,,TOVE LO - HEROES,1
,,TOVE LO - CALL ON ME,1
,,HIPPIE SABOTAGE - STAY HIGH,1
,,BILLY IDOL - CRADLE OF LOVE,1
,,"BILLY IDOL - MONY, MONY",1
,,ANNA ROSSINELLI - HOLD YOUR HEAD UP,1
,,BACKSTREET BOYS - QUIT PLAYING GAMES,1
,,BACKSTREET BOYS - SHAPE OF MY HEART,1
,,BACKSTREET BOYS - JUST WANT YOU TO KNOW,1
,,BACKSTREET BOYS - GET DOWN (YOU'RE THE ONE FOR ME),1
,,BACKSTREET BOYS - DROWNING,1
,,TOKIO HOTEL - FAHR MIT MIR,1
,,DAN AUERBACH - TRES HERMANOS,1
,,DERMOT KENNEDY - SOMETHING TO SOMEONE,1
,,BASTIAN BAKER - FOLLOW THE WIND,1
,,BASTIAN BAKER - THE WAY IT IS,1
,,BASTIAN BAKER - DIRTY THIRTY,1
,,BASTIAN BAKER - I'D SING FOR YOU,1
,,BASTIAN BAKER - NEVER HITS YOU TWICE,1
,,MYA - LADY MARMALADE (VOULEZ-VOUS COUCHER AVEC MOI CE  SOIR),1
,,SOMBR - CRUSHING,1
,,EMINEM - MY NAME IS,1
,,EMINEM - JUST LOSE IT,1
,,MARK FORSTER - LIKE A LION,1
,,BON JOVI - WHAT DO YOU GOT?,1
,,BON JOVI - (YOU WANT TO) MAKE A MEMORY,1
,,BON JOVI - BORN TO BE MY BABY,1
,,BON JOVI - THE MORE THINGS CHANGE,1
,,BON JOVI - SOMEDAY I'LL BE SATURDAY NIGHT,1
,,EELS - MISTER E'S BEAUTIFUL BLUES,1
,,EELS - MY BELOVED MONSTER,1
,,EELS - HEY MAN,1
,,ALANIS MORISSETTE - HANDS CLEAN,1
,,SEAFRET - BE MY QUEEN,1
,,CHAPPELL ROAN - THE GIVER (LYRIX-VERSION),1
,,PHIL COLLINS - BOTH SIDES OF THE STORY,1
,,PHIL COLLINS - DO YOU REMEMBER?,1
,,PHIL COLLINS - EVERYDAY,1
,,PHIL COLLINS - SOMETHING HAPPENED ON THE WAY TO HEAVEN,1
,,ZOE ME - SWISS MEDLEY,1
,,SAM FENDER - FRIDAY FIGHTING,1
,,SAM FENDER - DEAD BOYS,1
,,SAM FENDER - THAT SOUND,1
,,SAM FENDER - PLAY GOD,1
,,BRITNEY SPEARS - OOPS!...I DID IT AGAIN,1
,,BRITNEY SPEARS - (YOU DRIVE ME) CRAZY,1
,,SNAP - THE FIRST THE LAST ETERNITY,1
,,2RAUMWOHNUNG - BEI DIR BIN ICH SCHÖN,1
,,2RAUMWOHNUNG - SPIEL MIT,1
,,LOVEBUGS - THE REFUSAL,1
,,IMAGINE DRAGONS - WRECKED,1
,,IMAGINE DRAGONS - FOLLOW YOU,1
,,IMAGINE DRAGONS - DEMONS (TELYKAST REMIX),1
,,ANA WHITEROSE - BEHIND THE MOON,1
,,JAN SEVEN DETTWYLER - COOL GUY,1
,,JAN SEVEN DETTWYLER - LO & LEDUC - SUNDAY SERVICE,1
,,JAN SEVEN DETTWYLER - MICHAEL PATRICK KELLY - I'M ON FIRE,1
,,JAN SEVEN DETTWYLER - NOAH VERAGUTH - LAY LOW,1
,,JAN SEVEN DETTWYLER - DABU BUCHER - NOMAL SONE NACHT,1
,,JAN SEVEN DETTWYLER - DABU BUCHER - ALINE,1
,,"JAN SEVEN DETTWYLER - DABU BUCHER - CIAO BABY, CIAO",1
,,JAN SEVEN DETTWYLER - JALIL - VIER,1
,,JAN SEVEN DETTWYLER - LO & LEDUC - BLESSINGS UND BLESSURE,1
,,JAN SEVEN DETTWYLER - LO & LEDUC - CHAPEAU,1
,,JAN SEVEN DETTWYLER - PARTYTOWN,1
,,JAN SEVEN DETTWYLER - SUNDAY SERVICE,1
,,JAN SEVEN DETTWYLER - NOBODY WANTS TO DANCE,1
,,JAN SEVEN DETTWYLER - ATTITUDE,1
,,JAN SEVEN DETTWYLER - CHAPEAU,1
,,JAN SEVEN DETTWYLER - SIGN,1
,,JAN SEVEN DETTWYLER - DAFÜR MUSST DU WAS TUN,1
,,JAN SEVEN DETTWYLER - GAME OF LOVE,1
,,JAN SEVEN DETTWYLER - I DON'T GIVE UP,1
,,AL PRIDE - VERSUS,1
,,AL PRIDE - LEAF,1
,,AL PRIDE - KALIF ONYA,1
,,MATTIU - MARIA,1
,,VERONICA FUSARO - LIE TO ME,1
,,VERONICA FUSARO - WRECK ME,1
,,VERONICA FUSARO - HOTLINE BLING,1
,,VERONICA FUSARO - SUMMER LIGHTNING,1
,,VERONICA FUSARO - HELLO OLD FRIEND,1
,,VERONICA FUSARO - BETTER IF I GO,1
,,NICK MELLOW - PAPER HEART,1
,,NINA VALOTTI - HEB MI,1
,,THE BIRTHDAY GIRLS - STANDING TALL,1
,,THE BIRTHDAY GIRLS - SO SERIOUS,1
,,DEAN LEWIS - TRUST ME MATE,1
,,STREETS OF ROYA - MOTION,1
,,GRAN NOIR - ON AND ON,1
,,PATENT OCHSNER - W.NUSS VO BÜMPLIZ,1
,,PATENT OCHSNER - VILLECHLANISOLASY,1
,,PATENT OCHSNER - LUDMILLA,1
,,NICKLESS - LET YOU DOWN,1
,,AMAYA GLOOR - WALK ALONE,1
,,PRIYA RAGU - KAMALI,1
,,PRIYA RAGU - ILLUMINOUS,1
,,PATRICK HARBOR - WHAT IF I FLY,1
,,PANDA LUX - HONG KONG,1
,,PANDA LUX - BAR FRANCA,1
,,PANDA LUX - KARAMBOLAGE,1
,,PANDA LUX - STAUB,1
,,PANDA LUX - FREUNDE SEIN,1
,,LINA BUTTON - HOMESICK,1
,,LINA BUTTON - LILLY,1
,,LINA BUTTON - SOMETHING MISSING,1
,,LINA BUTTON - DANCE INTO FREEDOM,1
,,VALENTINO VIVACE - INSIEME,1
,,SOPHIE HUNGER - MAD MILES,1
,,SOPHIE HUNGER - EVERYTHING IS GOOD,1
,,SOPHIE HUNGER - 1983,1
,,SENS UNIK - ZAK ET LOLY,1
,,BENSON BOONE - MR. ELECTRIC BLUE,1
,,GINNY LOON - HAPPY STILL,1
,,OPEN SEASON - BOOMBAY,1
,,LADY GAGA - TELEPHONE,1
,,LADY GAGA - BLOODY MARY,1
,,ILIRA - FLOWERS,1
,,ILIRA - ROYALTY,1
,,ILIRA - BE MY LIGHT,1
,,ILIRA - TRUMAN SHOW,1
,,ALINA AMURI - MODIFIED VIBRATION,1
,,EDB - BUTTERKUCHEN,1
,,GOODBYE FAIRBANKS - RISE,1
,,DR. MO - LA MI NID LOS,1
,,JAMES GRUNTZ - WO BISCH?,1
,,JAMES GRUNTZ - SPEECHLESS,1
,,JAMES GRUNTZ - OH LOOK AT US,1
,,JAMES GRUNTZ - ALWAYS NEVER,1
,,JAMES GRUNTZ - FREIGHT TRAIN,1
,,THE SOULS - THE CHAIN,1
,,MONOTALES - THE BALLAD OF ANNA LEE,1
,,"GRACIE ABRAMS - I LOVE YOU, I'M SORRY",1
,,CRIMER - CARDS,1
,,CRIMER - BOIS CRY,1
,,JEANS FOR JESUS - JEDI BERÜEHRIG,1
,,JEANS FOR JESUS - WOSCH NO CHLI BLIBÄ,1
,,JEANS FOR JESUS - BLATT IM WIND,1
,,ANNA KÄNZIG - BONNIE & CLYDE,1
,,"OZUNA - YO X TI, TU X MI",1
,,FOXWARREN - YVONNE,1
,,WOLF ALICE - MIDNIGHT SONG,1
,,WOLF ALICE - SAFE IN THE WORLD,1
,,WOLF ALICE - PLAY IT OUT,1
,,WOLF ALICE - YUK FOO,1
,,WOLF ALICE - PASSENGER SEAT,1
,,WOLF ALICE - LEANING AGAINST THE WALL,1
,,WOLF ALICE - GIANT PEACH,1
,,FLORENCE AND THE MACHINE - YOU'VE GOT THE LOVE,1
,,FLORENCE AND THE MACHINE - SHIP TO WRECK,1
,,FLORENCE AND THE MACHINE - MODERATION,1
,,FLORENCE AND THE MACHINE - DOG DAYS ARE OVER,1
,,ANNA ERHARD - BOTANICAL GARDEN,1
,,ANNA ERHARD - THIS IS IT,1
,,ANNA ERHARD - PICNIC AT THE SEASIDE,1
,,WEDNESDAY - PICK UP THAT KNIFE,1
,,CLIPSE - CHAINS & WHIPS,1
,,KENDRICK LAMAR - CHAINS & WHIPS,1
,,KENDRICK LAMAR - TINTS,1
,,KENDRICK LAMAR - SWIMMING POOLS (DRANK),1
,,PHARRELL WILLIAMS - DROP IT LIKE IT'S HOT,1
,,WIRE - HEARTBEAT,1
,,GOOD FLYING BIRDS - FALL AWAY,1
,,WISHY - TRIPLE SEVEN,1
,,WILCO - IMPOSSIBLE GERMANY,1
,,KAREN BLACK - DREAMS-COME-TRUE-GIRL,1
,,HERMANOS GUTIÉRREZ - HERMOSA DRIVE,1
,,HERMANOS GUTIÉRREZ - IT'S ALL IN YOUR MIND,1
,,HERMANOS GUTIÉRREZ - LIVE AM GURTENFESTIVAL 2025,1
,,BELLE - JUDY & THE DREAM OF HORSES,1
,,SEBASTIAN - JUDY & THE DREAM OF HORSES,1
,,QUEENS OF THE STONE AGE - NO ONE KNOWS,1
,,QUEENS OF THE STONE AGE - VILLAINS OF CIRCUMSTANCE,1
,,QUEENS OF THE STONE AGE - IF I HAD A TAIL,1
,,HEART - BARRACUDA,1
,,NICOLE BERNEGGER - HORIZON,1
,,NICOLE BERNEGGER - ASTRAY,1
,,NICOLE BERNEGGER - FUTURE MEMORIES,1
,,NIRVANA - THE MAN WHO SOLD THE WORLD,1
,,NIRVANA - HEART-SHAPED BOX,1
,,JUSTIN BIEBER - DEVOTION,1
,,JUSTIN BIEBER - GLORY VOICE MEMO,1
,,JUSTIN BIEBER - THINGS YOU DO,1
,,JUSTIN BIEBER - SORRY*,1
,,JUSTIN BIEBER - BABY,1
,,"JUSTIN BIEBER - 10,000 HOURS",1
,,J. BALVIN - MI GENTE,1
,,THE BANGLES - IF SHE KNEW WHAT SHE WANTS,1
,,FRANZ FERDINAND - LOVE ILLUMINATION,1
,,FRANZ FERDINAND - LIVE AM GURTENFESTIVAL 2025,1
,,FRANZ FERDINAND - ULYSSES,1
,,BRAND NEW HEAVIES - DREAM ON DREAMER,1
,,ROBIN SCHULZ - UNFORGETTABLE,1
,,JAMIROQUAI - LOVE FOOLOSOPHY,1
,,JAMIROQUAI - SPACE COWBOY,1
,,JAMIROQUAI - TOO YOUNG TO DIE,1
,,JAMIROQUAI - SEVEN DAYS IN SUNNY JUNE,1
,,PITBULL - POWERFUL WOMEN,1
,,TALKTALK - SUCH A SHAME,1
,,TALKTALK - IT'S MY LIFE,1
,,RIHANNA - WILD THOUGHTS,1
,,RIHANNA - SOS,1
,,RIHANNA - SHUT UP AND DRIVE,1
,,THE FRAY - OVER MY HEAD,1
,,DABU FANTASTIC - LIEBI PASSIERT,1
,,DABU FANTASTIC - DU BISCH SO,1
,,DABU FANTASTIC - FRISCH USEM EI,1
,,DABU FANTASTIC - MORN WIDER,1
,,DABU FANTASTIC - SUNNE,1
,,DABU FANTASTIC - SÜESSI TROPFÄ,1
,,DABU FANTASTIC - JAGGE,1
,,INXS - NEW SENSATION,1
,,INXS - BY MY SIDE,1
,,INXS - ELEGANTLY WASTED,1
,,MILKY CHANCE - SAVE YOUR TEARS,1
,,DIE ÄRZTE - HURRA,1
,,DIE ÄRZTE - 2000 MÄDCHEN,1
,,GEORGE EZRA - CASSY O',1
,,TEARS FOR FEARS - MAD WORLD,1
,,"LOST FREQUENCIES - SWEET DISPOSITION (A MOMENT, A LOVE)",1
,,LOST FREQUENCIES - HOOKTEASING / LOST FREQUENCIES X BASTILLE / HEAD DOWN,1
,,ELLEY DUHE - MIDDLE OF THE NIGHT,1
,,SIA - BANG MY HEAD,1
,,KISS - DETROIT ROCK CITY,1
,,KUNGS - MORE MESS,1
,,MIKA - RELAX TAKE IT EASY,1
,,RED HOT CHILI PEPPERS - MY FRIENDS,1
,,RED HOT CHILI PEPPERS - ROADTRIPPING,1
,,RED HOT CHILI PEPPERS - SCAR TISSUE,1
,,RED HOT CHILI PEPPERS - AEROPLANE,1
,,RED HOT CHILI PEPPERS - THE ADVENTURES OF RAIN DANCE MAGGIE,1
,,RED HOT CHILI PEPPERS - THE ZEPHYR SONG,1
,,FOO FIGHTERS - SOMETHING FROM NOTHING,1
,,FOO FIGHTERS - COLD DAY IN THE SUN,1
,,FOO FIGHTERS - THESE DAYS,1
,,THE STROKES - 12:51 (TWELVE FIFTY ONE),1
,,THE STROKES - MACHU PICCHU,1
,,THE STROKES - THREAT OF JOY,1
,,JENNIFER LOPEZ - DANCE AGAIN,1
,,TALKING HEADS - AND SHE WAS,1
,,ALVARO SOLER - LOCA,1
,,BIRDY - LET IT ALL GO,1
,,JAMES ARTHUR - FALLING LIKE THE STARS,1
,,JAMES ARTHUR - EMPTY SPACE,1
,,JAMES ARTHUR - EMILY,1
,,JAMES ARTHUR - WORK WITH MY LOVE,1
,,SEAN PAUL - BOASTY,1
,,ACHILLE LAURO - MILLE,1
,,THE 1975 - IT'S NOT LIVING,1
,,THE 1975 - I’M IN LOVE WITH YOU,1
,,THE 1975 - SOMEBODY ELSE,1
,,THE 1975 - ABOUT YOU,1
,,THE 1975 - ME AND YOU TOGETHER SONG,1
,,BEYONCE - BEAUTIFUL LIAR,1
,,BEYONCE - HYMN FOR THE WEEKEND,1
,,BEYONCE - BONNIE & CLYDE,1
,,BEYONCE - SINGLE LADIES (PUT A RING ON IT),1
,,THE BLACK EYED PEAS - ROCK THAT BODY,1
,,THE BLACK EYED PEAS - DON'T LIE,1
,,THE BLACK EYED PEAS - WHERE IS THE LOVE,1
,,THE BLACK EYED PEAS - MY HUMPS,1
,,THE BLACK EYED PEAS - LET'S GET IT STARTED,1
,,LO - SUNDAY SERVICE,1
,,LEDUC - SUNDAY SERVICE,1
,,HARRY STYLES - DAYDREAMING,1
,,HARRY STYLES - GOLDEN,1
,,SHEM THOMAS - FEATHER ON THE WIND,1
,,SHEM THOMAS - MIRACLE,1
,,SHEM THOMAS - SAME BOAT,1
,,PEDESTRIANS - VERSUS,1
,,CARL BARAT - RUN WITH THE BOYS,1
,,NADA SURF - WHOSE AUTHORITY,1
,,NADA SURF - ALWAYS LOVE,1
,,BOYS LIKE GIRLS - LOVE DRUNK,1
,,JASON DERULO - TIP TOE,1
,,JASON DERULO - SPICY MARGARITA,1
,,MIGHTY DUB KATZ - MAGIC CARPET RIDE 07',1
,,FRANK TURNER - LITTLE CHANGES,1
,,FRANK TURNER - DO ONE,1
,,JARED LEMBO - POETRY,1
,,TAYLOR SWIFT - I DON'T WANNA LIVE FOREVER,1
,,TAYLOR SWIFT - SO HIGH SCHOOL,1
,,TAYLOR SWIFT - TIM MCGRAW,1
,,TAYLOR SWIFT - BETTE DAVIS EYES,1
,,TAYLOR SWIFT - FIFTEEN,1
,,TAYLOR SWIFT - LAVENDER HAZE,1
,,DARIO AND SPINFIRE - SENTIMAINTS,1
,,WHAM! - WHAM RAP! (ENJOY WHAT YOU DO),1
,,WHAM! - WAKE ME UP BEFORE YOU GO-GO,1
,,ANDREA BIGNASCA - A SONG,1
,,BOY - BETTE DAVIS EYES,1
,,STEVANS - CALL ME A LIAR,1
,,STEVANS - GLAMOROUS NIGHTS,1
,,TROUBAS KATER - ALL PUCCINO,1
,,77 BOMBAY STREET - EMPIRE,1
,,STEREO LUCHS - HAGEHOLZ WEST,1
,,STEREO LUCHS - BARKING,1
,,STEREO LUCHS - UFE,1
,,STEREO LUCHS - ZIITREIS,1
,,STEREO LUCHS - BELLEVUE,1
,,WILL SMITH - THE FRESH PRINCE OF BEL AIR (THEME),1
,,IRA MAY - BIGGER PLAN,1
,,LENNON STELLA - FANCY,1
,,BENJAMIN AMARU - HOLD YOU TIGHT,1
,,BENJAMIN AMARU - MAN OF ROBOT,1
,,BENJAMIN AMARU - HEYYY,1
,,BENJAMIN AMARU - DANCING ALONE AGAIN,1
,,BENJAMIN AMARU - SON OF THE DESERT,1
,,GIMS - CIEL,1
,,GIMS - JUSQU'ICI TOUT VA BIEN,1
,,GIMS - TU ME RENDS BÊTE,1
,,LIRICAS ANALAS - LA CLAV,1
,,ZIAN - OLD AGAIN,1
,,KARAVANN - BRING BACK THE FEELING,1
,,NEMO - HIMALAYA,1
,,NEMO - 5I UF DE UHR,1
,,NEMO - KUNSTWÄRCH,1
,,NEMO - CERTIFIED POP QUEEN,1
,,CAROLINE ALVES - TELEPHONE,1
,,CAROLINE ALVES - KEROSENE,1
,,CAROLINE ALVES - BLANK PAGE,1
,,CAROLINE ALVES - MOONLIGHT,1
,,SINPLUS - NOT ALONE,1
,,SIRENS OF LESBOS - CALL ME BACK,1
,,SADBOI - CALL ME BACK,1
,,KABUSA ORIENTAL CHOIR - CALL ME BACK,1
,,CAMILLA SPARKSSS - BACKFLIP,1
,,MJ LENDERMAN - MANNING FIREWORKS,1
,,MJ LENDERMAN - SHE'S LEAVING YOU,1
,,MJ LENDERMAN - WRISTWATCH,1
,,MJ LENDERMAN - KNOCKIN',1
,,DEBBY FRIDAY - BET ON ME,1
,,DEBBY FRIDAY - SO HARD TO TELL,1
,,SKULLCRUSHER - EXHALE,1
,,"THE BETHS - MOTHER, PRAY FOR ME",1
,,THE BETHS - METAL,1
,,ALICE PHOEBE LOU - WITCHES,1
,,ALICE PHOEBE LOU - UNDERWORLD,1
,,ALICE PHOEBE LOU - DIRTY MOUTH,1
,,ALICE PHOEBE LOU - YOU AND I,1
,,LOW GIRL - HANDBRAKE,1
,,OK COOL - LAST,1
,,OK COOL - SAFETY CAR,1
,,OK COOL - SLEDDING,1
,,INDIGO DE SOUZA - NOT AFRAID,1
,,INDIGO DE SOUZA - CRUSH,1
,,INDIGO DE SOUZA - CRYING OVER NOTHING,1
,,INDIGO DE SOUZA - CLEAN IT UP,1
,,INDIGO DE SOUZA - BE MY LOVE,1
,,INDIGO DE SOUZA - KILL ME,1
,,GOLDEN APPLES - MIND,1
,,THE NEW EVES - ASTROLABE,1
,,THE NEW EVES - CIRCLES,1
,,IDLES - DANCER,1
,,IDLES - DOOM,1
,,IDLES - CAR CRASH,1
,,IDLES - MR. MOTIVATOR,1
,,IDLES - POP POP POP,1
,,LCD SOUNDSYSTEM - DANCER,1
,,ANIMAL COLLECTIVE - BUDDIES ON THE BLACKBOARD,1
,,PANDA BEAR - PRAISE,1
,,PANDA BEAR - PASSED TENSE,1
,,PANDA BEAR - DOLPHIN,1
,,MASTER PEACE - BRUSSELS,1
,,MASTER PEACE - I MIGHT BE FAKE,1
,,MASTER PEACE - VERONICA,1
,,SOFIA KOURTESIS - VAJKOCZY,1
,,DAPHNI - CHERRY,1
,,MGMT - LITTLE DARK AGE,1
,,KY-MANI MARLEY - ALL THIS LOVE,1
,,SEX WEEK - MONEYMAN,1
,,MUSE - MADNESS,1
,,MUSE - KNIGHTS OF CYDONIA,1
,,MUSE - FEELING GOOD,1
,,MUSE - UNRAVELLING,1
,,OLIVIA DEAN - THE HARDEST PART,1
,,HAZEL BRUGGER - MADE IN SWITZERLAND,1
,,SANDRA STUDER - MADE IN SWITZERLAND,1
,,PETRA MEDE - MADE IN SWITZERLAND,1
,,BRYAN ADAMS - ROOM SERVICE,1
,,BRYAN ADAMS - OPEN ROAD,1
,,BRYAN ADAMS - BACK TO YOU,1
,,BRYAN ADAMS - A LITTLE MORE UNDERSTANDING (RADIO EDIT),1
,,BRYAN ADAMS - LIFE IS BEAUTIFUL,1
,,BRYAN ADAMS - THIS TIME,1
,,BRYAN ADAMS - LET'S MAKE A NIGHT TO REMEMBER,1
,,BRYAN ADAMS - HERE I AM,1
,,ELIE ZOE - ROSES ON FIRE,1
,,MISSY ELLIOTT - ALL N MY GRILL,1
,,"MISSY ELLIOTT - 1, 2 STEP",1
,,CONCRETE BLONDE - JOEY,1
,,KYLIE MINOGUE - KIDS,1
,,KYLIE MINOGUE - SPINNING AROUND,1
,,KYLIE MINOGUE - GIVE ME JUST A LITTLE MORE TIME,1
,,KYLIE MINOGUE - TEARS ON MY PILLOW,1
,,KYLIE MINOGUE - WHERE THE WILD ROSES GROW,1
,,KYLIE MINOGUE - LOVE AT FIRST SIGHT,1
,,SIMPLY RED - A NEW FLAME,1
,,SIMPLY RED - FOR YOUR BABIES,1
,,SINA - DÄR PAPA ISCH ÄS CHORBI GSI,1
,,PLASTIC BERTRAND - ÇA PLANE POUR MOI,1
,,SUBZONIC - TITELGSCHICHT,1
,,SKIP - SUNNEBLUEME,1
,,LAFA - SUNNEBLUEME,1
,,MARTIN SCHENKEL - DAY OFF,1
,,BRYAN FERRY - SLAVE TO LOVE,1
,,DOJA CAT - JUST US,1
,,MATTIU DEFUNS - VALLADA,1
,,MATTIU DEFUNS - TI,1
,,KONTRA.CANT - VALLADA,1
,,AY WING - ORANGE DREAMER,1
,,CHUUWEE - ORANGE DREAMER,1
,,SHUKO - ORANGE DREAMER,1
,,MORCHEEBA - IT'S SUMMERTIME,1
,,MORCHEEBA - BLINDFOLD,1
,,DJ BOBO - LET THE DREAM COME TRUE,1
,,DJ BOBO - MY LIFE,1
,,DJ BOBO - PRAY,1
,,RUMPELSTILZ - TEDDYBÄR,1
,,PET SHOP BOYS - CAN YOU FORGIVE HER?,1
,,PET SHOP BOYS - ONE AND ONE MAKE FIVE,1
,,PET SHOP BOYS - OPPORTUNITIES (LET'S MAKE LOTS OF MONEY),1
,,PET SHOP BOYS - NEW YORK CITY BOY,1
,,PET SHOP BOYS - HEART,1
,,PET SHOP BOYS - LOVE ETC.,1
,,TAXI - CAMPARI SODA,1
,,JAKE BUGG - KEEP ON MOVING,1
,,JAKE BUGG - ALL I NEED,1
,,KROKUS - AMERICAN WOMAN,1
,,A BOOGIE WIT DA HOODIE - STACK IT UP,1
,,ADEL TAWIL - ICH WILL NUR DASS DU WEISST,1
,,NOAH PARKS - KIND,1
,,GJON'S TEARS - PURE,1
,,STING - BRAND NEW DAY,1
,,STING - IF YOU LOVE SOMEBODY SET THEM FREE,1
,,STING - SEVEN DAYS,1
,,FIRST AID KIT - EMMYLOU,1
,,FIRST AID KIT - MY SILVER LINING,1
,,INDIA.ARIE - VIDEO,1
,,MIDNIGHT OIL - MOUNTAINS OF BURMA,1
,,METALLICA - WELCOME HOME (SANITARIUM),1
,,METALLICA - ONE,1
,,"PETER TOSH - GET UP, STAND UP",1
,,CHRIS WILLIS - LOVE DON'T LET ME GO,1
,,SNOW PATROL - TAKE BACK THE CITY,1
,,DAVID BOWIE - ABSOLUTE BEGINNERS,1
,,DAVID BOWIE - CAT PEOPLE (PUTTING OUT FIRE),1
,,DAVID BOWIE - STARMAN,1
,,DAVID BOWIE - DANCING IN THE STREET,1
,,MARYNE - DE HAUT,1
,,MARYNE - OVERTHINKING,1
,,LOCO ESCRITO - MY LIFE,1
,,LOCO ESCRITO - CONTIGO,1
,,LOCO ESCRITO - MI SUPERMAN,1
,,LOCO ESCRITO - ESTOY BIEN,1
,,SIVILIAN - THE KID IS ALRIGHT,1
,,ZOE WEES - HOLD ME LIKE YOU USED TO,1
,,ZOE WEES - LOVE ME NOW,1
,,PAT BURGENER - OZONE,1
,,PAT BURGENER - MAYBE SOMEDAY,1
,,BOB MARLEY - EXODUS,1
,,BOB MARLEY - I SHOT THE SHERIFF,1
,,"BOB MARLEY - NO WOMAN, NO CRY (LIVE AT THE LYCEUM)",1
,,BOB MARLEY - ONE LOVE,1
,,BOB MARLEY - JAMMING,1
,,ONE LUCKY SPERM - IN THE MOOD,1
,,ONE LUCKY SPERM - 20-HOUR FLIGHT,1
,,TIM FREITAG - BRUISES,1
,,ALVIN ZEALOT - OUT OF THE WINDOW,1
,,BASCHI - BRING EN HEI,1
,,CELLA - CIGARETTE,1
,,PHENOMDEN - 10 SACHE,1
,,MARY MIDDLEFIELD - SUMMER AFFAIR,1
,,ROBBIE WILLIAMS - STRONG,1
,,ROBBIE WILLIAMS - KIDS,1
,,ROBBIE WILLIAMS - SOMETHIN' STUPID,1
,,ROBBIE WILLIAMS - BETTER MAN,1
,,ROBBIE WILLIAMS - ADVERTISING SPACE,1
,,ROBBIE WILLIAMS - SIN SIN SIN,1
,,ROBBIE WILLIAMS - THE DAYS,1
,,TOBIAS CARSHEY - BRIDGE OVER TROUBLED WATER,1
,,REMO FORRER - NOT OKAY,1
,,REMO FORRER - WATERGUN,1
,,REMO FORRER - UNDERWATER,1
,,DELILAHS - BRING ME LOVE BACK,1
,,JUNGLE - ROMEO,1
,,KHRUANGBIN - TWO FISH AND AN ELEPHANT,1
,,KHRUANGBIN - WHITE GLOVES,1
,,KHRUANGBIN - TEXAS SUN,1
,,MALUMMI - CLOVER AND CAMELIA,1
,,THE LAST DINNER PARTY - HOOK: THE LAST DINNER PARTY - CAESAR ON A TV SCREEN,1
,,COURTING - AFTER YOU,1
,,COURTING - JUMPER,1
,,FCUKERS - BON BON,1
,,FCUKERS - PLAY ME,1
,,LORDE - MAN OF THE YEAR,1
,,SORRY - ECHOES,1
,,SORRY - CIGARETTE PACKET,1
,,HOT CHIP - ELEANOR,1
,,HOT CHIP - DOWN,1
,,CHARLOTTE GAINSBOURG - VOYAGE,1
,,NOGA EREZ - NO NEWS ON TV,1
,,NOGA EREZ - BARK LOUD,1
,,NOGA EREZ - AYAYAY / NOT MY PROBLEM,1
,,NOGA EREZ - KNOCKOUT / P.L.E.A.S.E. ETC.,1
,,NOGA EREZ - VIEWS,1
,,NOGA EREZ - PC PEOPLE / FIRE KITES / BAD HABITS,1
,,NOGA EREZ - A / NAILS,1
,,NOGA EREZ - END OF THE ROAD / DUMB / BLACK FRIDAY,1
,,NOGA EREZ - STORY,1
,,DEFTONES - DEPARTING THE BODY,1
,,DEFTONES - CUT HANDS,1
,,DEFTONES - BACK TO SCHOOL,1
,,DEFTONES - DIGITAL BATH,1
,,DEFTONES - ECDYSIS,1
,,DEFTONES - CHANGE,1
,,DEFTONES - BE QUIET AND DRIVE,1
,,DEFTONES - LOCKED CLUB,1
,,MILITARIE GUN - VERY HIGH,1
,,MOMMA - OHIO ALL THE TIME,1
,,MOMMA - STAY ALL SUMMER,1
,,OAKLAND - YOUR EYES,1
,,STACY N.K.R - YOUR EYES,1
,,KALI UCHIS - ALL I CAN SAY,1
,,KALI UCHIS - 10%,1
,,KALI UCHIS - FUE MEJOR,1
,,JAY SOM - SLEEPLESS,1
,,BOMBAY BICYCLE CLUB - SLEEPLESS,1
,,"BOMBAY BICYCLE CLUB - EAT, SLEEP, WAKE",1
,,BOMBAY BICYCLE CLUB - HEAVEN,1
,,BOMBAY BICYCLE CLUB - IS IT REAL,1
,,BOMBAY BICYCLE CLUB - I CAN HARDLY SPEAK,1
,,JUSTICE - STOP,1
,,JUSTICE - CIVILIZATION,1
,,CHARLOTTE DAY WILSON - STILL,1
,,CLEO SOL - SELF,1
,,CLEO SOL - SELFISH,1
,,CLEO SOL - WOMAN,1
,,EL MICHELS AFFAIR - INDIFFERENCE,1
,,EL MICHELS AFFAIR - PROTOCOL,1
,,SHINTARO SAKAMOTO - INDIFFERENCE,1
,,ROGÊ - EXISTE UMA VOZ,1
,,DRUGDEALER - PICTURES OF YOU,1
,,KATE BOLLINGER - PICTURES OF YOU,1
,,THE BLACK KEYS - DOWN TO NOTHING,1
,,THE BLACK KEYS - GO,1
,,THE BLACK KEYS - LO / HI,1
,,MARVIN GAYE - MERCY MERCY ME,1
,,MARVIN GAYE - CALIFORNIA SOUL,1
,,MARVIN GAYE - AIN'T NO MOUNTAIN HIGH ENOUGH,1
,,MARVIN GAYE - LET'S GET IT ON,1
,,HERMANOS GUTIERREZ - EL BUENO Y EL MALO,1
,,HERMANOS GUTIERREZ - TRES HERMANOS,1
,,SAM HIMSELF - LIKE A FRIEND,1
,,CHARLY JUNA - MEER,1
,,CHARLY JUNA - ARABESQUE,1
,,LOONA - EL TIBURÓN,1
,,TOM PETTY - LAST DANCE WITH MARY JANE,1
,,TOM PETTY - BIG WEEKEND,1
,,TOM PETTY - TWO GUNSLINGERS,1
,,THE HEARTBREAKERS - FREE FALLIN',1
,,THE HEARTBREAKERS - I WON'T BACK DOWN,1
,,THE HEARTBREAKERS - TWO GUNSLINGERS,1
,,BEASTIE BOYS - THREE MC'S AND ONE DJ,1
,,THE XX - I DARE YOU,1
,,THE XX - SAY SOMETHING LOVING,1
,,LIL NAS X - MONTERO,1
,,LIL NAS X - OLD TOWN ROAD (REMIX),1
,,THE GARDENER AND THE TREE - WASTELAND,1
,,GEORGE MICHAEL - I KNEW YOU WERE WAITING,1
,,GEORGE MICHAEL - TITELFOLGE,1
,,GEORGE MICHAEL - AMAZING,1
,,GEORGE MICHAEL - KISSING A FOOL,1
,,GEORGE MICHAEL - FASTLOVE,1
,,GEORGE MICHAEL - JESUS TO A CHILD,1
,,STEREOPHONICS - MAYBE TOMORROW,1
,,STEREOPHONICS - HAVE A NICE DAY,1
,,AVRIL LAVIGNE - DON'T TELL ME,1
,,AVRIL LAVIGNE - BAD REPUTATION,1
,,MARCO MENGONI - DUE VITE,1
,,AC - RIDE ON,1
,,AC - DIRTY DEEDS DONE DIRT CHEAP,1
,,AC - LET THERE BE ROCK,1
,,DC - RIDE ON,1
,,DC - DIRTY DEEDS DONE DIRT CHEAP,1
,,DC - LET THERE BE ROCK,1
,,THE KOLORS - KARMA,1
,,BIFFY CLYRO - RE-ARRANGE,1
,,BIFFY CLYRO - BIBLICAL,1
,,BIFFY CLYRO - HOLIER THAN THOU,1
,,BIFFY CLYRO - WHO'S GOT A MATCH,1
,,ROACHFORD - THIS GENERATION,1
,,JESS GLYNNE - LOVE HAS GONE,1
,,THE CURE - THE LOVECATS,1
,,THE CURE - WHY CAN'T I BE YOU?,1
,,NEK - CON UN MA E CON UN SE,1
,,NEK - SE UNA REGOLA C'È,1
,,NEK - STO CON TE,1
,,THE CLASH - SHOULD I STAY OR SHOULD I GO,1
,,THE CLASH - THE GUNS OF BRIXTON,1
,,AVA MAX - MAYBE YOU’RE THE PROBLEM,1
,,PINK - LADY MARMALADE,1
,,PINK - PLEASE DON'T LEAVE ME,1
,,PINK - DON'T LET ME GET ME,1
,,PINK - TROUBLE,1
,,PINK - U + UR HAND,1
,,PINK - LADY MARMALADE (VOULEZ-VOUS COUCHER AVEC MOI CE  SOIR),1
,,PINK - U + UR HAND (YOU AND YOUR HAND),1
,,UGLY KID JOE - EVERYTHING ABOUT YOU,1
,,POST MALONE - ENOUGH IS ENOUGH,1
,,MORGAN WALLEN - 7 SUMMERS,1
,,MORGAN WALLEN - F150-50,1
,,MORGAN WALLEN - TENNESSEE FAN,1
,,GAVIN JAMES - GOLDRUSH,1
,,GAVIN JAMES - ALWAYS,1
,,NICKELBACK - SOMEDAY,1
,,SMASH MOUTH - WALKING ON THE SUN,1
,,SMASH MOUTH - PACIFIC COAST PARTY,1
,,MANU CHAO - CLANDESTINO,1
,,MANU CHAO - WELCOME TO TIJUANA,1
,,THE CRANBERRIES - LINGER,1
,,THE CRANBERRIES - ODE TO MY FAMILY,1
,,DIE FANTASTISCHEN VIER - MILLIONEN LEGIONEN,1
,,DIE FANTASTISCHEN VIER - WIE WEIT,1
,,MAJOR LAZER - LIGHT IT UP (REMIX),1
,,MO - COLD WATER,1
,,THE POINTER SISTERS - SHOULD I DO IT,1
,,ENRIQUE IGLESIAS - FRÍA,1
,,ENRIQUE IGLESIAS - DO YOU KNOW? (THE PING PONG SONG),1
,,ENRIQUE IGLESIAS - DUELE EL CORAZON,1
,,DESCEMER BUENO - SÚBEME LA RADIO,1
,,JAY-Z - NUMB-ENCORE,1
,,JAY-Z - IZZO,1
,,JAY-Z - BONNIE & CLYDE,1
,,JAY-Z - NUMBENCORE,1
,,ALICIA KEYS - MY BOO,1
,,ALICIA KEYS - CALMA,1
,,ALICIA KEYS - EMPIRE STATE OF MIND (PART 2) BROKEN DOWN,1
,,SUZANNE VEGA - BOOK OF DREAMS,1
,,SUZANNE VEGA - WHEN HEROES GO DOWN,1
,,ANGELE - BALANCE TON QUOI,1
,,MAROON 5 - MISERY,1
,,MAROON 5 - CALIFORNIA,1
,,PABLOPOLAR - PLAYGROUND COMMITMENT RULES,1
,,PABLOPOLAR - PART OF EVERYTHING,1
,,ELTON JOHN - FRIENDS,1
,,ELTON JOHN - BLUE EYES,1
,,ELTON JOHN - YOU GOTTA LOVE SOMEONE,1
,,ELTON JOHN - FLAMES OF PARADISE,1
,,ELTON JOHN - DON'T GO BREAKING MY HEART,1
,,ELTON JOHN - BELIEVE,1
,,ELTON JOHN - CROCODILE ROCK,1
,,ELTON JOHN - NOTHING ELSE MATTERS,1
,,ELTON JOHN - CLUB AT THE END OF THE STREET,1
,,ELTON JOHN - ROCKET MAN,1
,,ROOSEVELT - ON MY MIND,1
,,ROOSEVELT - SIGN,1
,,ROOSEVELT - LOVERS,1
,,MILUNE - TORN,1
,,DADA ANTE PORTAS - LAST DANCE,1
,,"TOBIAS JENSEN - BATTLES, BATTLES",1
,,TOBIAS JENSEN - YOUNG LOVE,1
,,BLUR - TO THE END,1
,,BLUR - CHARMLESS MAN,1
,,BLUR - THERE'S NO OTHER WAY,1
,,BLUR - BARBARIC,1
,,BLUR - LONDON LOVES,1
,,ANAND WILDER - SELKIE BRIDE,1
,,ANAND WILDER - MOLLY'S SONG,1
,,KOJEY RADICAL - PARTY GALORE,1
,,FLOCK OF DIMES - LONG AFTER MIDNIGHT,1
,,"WYE OAK - THE LOUDER I CALL, THE FASTER IT RUNS",1
,,ROCHELLE JORDAN - TTW,1
,,TAME IMPALA - TURN UP THE SUNSHINE,1
,,STILL BLANK - AIN'T QUITE RIGHT,1
,,FOLK BITCH TRIO - MOTH SONG,1
,,SAY SHE SHE - UNDER THE SUN,1
,,CAST - POISON VINE,1
,,P.P. ARNOLD - POISON VINE,1
,,ARTHUR RUSSELL - THAT'S US/WILD COMBINATION,1
,,FRANK OCEAN - PINK WHITE,1
,,FRANK OCEAN - THINKIN BOUT YOU,1
,,FRANK OCEAN - SUPER RICH KIDS,1
,,LEILA - COPY PASTE,1
,,LEILA - COPYPASTE,1
,,JOURNEY - OPEN ARMS,1
,,JOURNEY - WHO'S CRYING NOW,1
,,JOURNEY - WHEEL IN THE SKY,1
,,JOURNEY - SEPARATE WAYS ( WORLDS APART ),1
,,AMY WINEHOUSE - TEARS DRY ON THEIR OWN,1
,,CRASH TEST DUMMIES - GOD SHUFFLED HIS FEET,1
,,IKAN HYU - JAAWS,1
,,IKAN HYU - FRINGY FRINGY,1
,,IKAN HYU - SUPERNOVA,1
,,TEXAS - IN OUR LIFETIME,1
,,TEXAS - WHEN WE ARE TOGETHER,1
,,MR. PRESIDENT - I GIVE YOU MY HEART,1
,,WARREN G - WHAT'S LOVE GOT TO DO WITH IT,1
,,YOKKO - RIVER,1
,,YOKKO - WONDERING HEIGHTS,1
,,EVE - RICH GIRL,1
,,BRUCE SPRINGSTEEN - WAITIN' ON A SUNNY DAY,1
,,BRUCE SPRINGSTEEN - FURTHER ON UP THE ROAD,1
,,BRUCE SPRINGSTEEN - I'LL STAND BY YOU,1
,,BRUCE SPRINGSTEEN - MEETING ACROSS THE RIVER,1
,,BRUCE SPRINGSTEEN - GIRLS IN THEIR SUMMER CLOTHES,1
,,BRUCE SPRINGSTEEN - JUNGLELAND,1
,,BRUCE SPRINGSTEEN - BACKSTREETS,1
,,BRUCE SPRINGSTEEN - JANEY DON’T YOU LOSE HEART,1
,,BRUCE SPRINGSTEEN - BETTER DAYS,1
,,BRUCE SPRINGSTEEN - COVER ME,1
,,BRUCE SPRINGSTEEN - NIGHTSHIFT,1
,,BRUCE SPRINGSTEEN - I'M GOING DOWN,1
,,TINA TURNER - LET'S STAY TOGETHER,1
,,TINA TURNER - IT TAKES TWO,1
,,TINA TURNER - HELP!,1
,,TINA TURNER - BREAK EVERY RULE,1
,,STEFF LA CHEFFE - GLADIOLE,1
,,STEFF LA CHEFFE - WO BISCH?,1
,,STEFF LA CHEFFE - ORION,1
,,STEFF LA CHEFFE - CHRIEG I DIM CHOPF,1
,,STEFF LA CHEFFE - SÜESSI TROPFÄ,1
,,CALVIN HARRIS - POTION,1
,,CALVIN HARRIS - FEEL SO CLOSE,1
,,CALVIN HARRIS - NOTHING MORE TO SAY,1
,,YOUNG THUG - POTION,1
,,YOUNG THUG - OLD TOWN ROAD (REMIX),1
,,CHRISTINA AGUILERA - LADY MARMALADE,1
,,CHRISTINA AGUILERA - AIN'T NO OTHER MAN,1
,,CHRISTINA AGUILERA - THE VOICE WITHIN,1
,,CHRISTINA AGUILERA - LADY MARMALADE (VOULEZ-VOUS COUCHER AVEC MOI CE  SOIR),1
,,MARSHMELLO - HOLY WATER,1
,,BASTILLE - GOOD GRIEF,1
,,BASTILLE - REMIND ME,1
,,BASTILLE - BAD BLOOD,1
,,BASTILLE - HOOKTEASING / LOST FREQUENCIES X BASTILLE / HEAD DOWN,1
,,ALICE COOPER - WILD ONES,1
,,ALICE COOPER - NO MORE MR. NICE GUY,1
,,ALICE COOPER - I'M EIGHTEEN,1
,,LIAM GALLAGHER - FOR WHAT IT'S WORTH,1
,,DESTINY'S CHILD - THE GIRL IS MINE,1
,,DESTINY'S CHILD - INDEPENDENT WOMEN,1
,,"DESTINY'S CHILD - BILLS, BILLS, BILLS",1
,,ONE NIGHT ONLY - JUST FOR TONIGHT,1
,,FAITHLESS - DON'T LEAVE,1
,,ARIANA GRANDE - SAVE YOUR TEARS,1
,,ARIANA GRANDE - GOOD AS HELL (REMIX),1
,,IRON MAIDEN - THE TROOPER,1
,,IRON MAIDEN - CAN I PLAY WITH MADNESS,1
,,IRON MAIDEN - 2 MINUTES TO MIDNIGHT (TWO MINUTES TO MIDNIGHT),1
,,LIZZO - SPECIAL,1
,,LIZZO - JUICE,1
,,LIZZO - GOOD AS HELL (REMIX),1
,,LIZZO - CUZ I LOVE YOU,1
,,LIZZO - BOYS,1
,,POLICE - SO LONELY,1
,,POLICE - WALKING ON THE MOON,1
,,POLICE - DE DO DO DO DE DA DA DA,1
,,"POLICE - DE DO DO DO, DE DA DA DA",1
,,"NOTHING BUT THIEVES - MIRACLE, BABY",1
,,DAMIAN LYNN - WAIT,1
,,DAMIAN LYNN - LET THE CHIPS FALL,1
,,DAMIAN LYNN - GO!,1
,,DAMIAN LYNN - SHOW MY LOVE TO YOU,1
,,DAMIAN LYNN - FLOWERS,1
,,DAMIAN LYNN - WHAT IS IT,1
,,AMY MACDONALD - MR. ROCK & ROLL,1
,,DIRTY VEGAS - WALK INTO THE SUN,1
,,TOTO - STOP LOVING YOU,1
,,TOTO - GEORGY PORGY,1
,,JANELLE MONÁE - TURNTABLES,1
,,JANELLE MONÁE - DJANGO JANE,1
,,JANELLE MONÁE - MAKE ME FEEL,1
,,JANELLE MONÁE - PYNK,1
,,ILSEY - NO CALIFORNIA,1
,,LONG TALL JEFFERSON - STAY A LITTLE LONGER,1
,,TAKE ME HOME - MY HOME AWAY FROM HOME,1
,,TA'SHAN - THIS TIME,1
,,PILAR VEGA - TOKIMOKI,1
,,FUSE ODG - BOA ME,1
,,MOONRAISERS - THAT PLACE,1
,,LIL WAYNE - TREE,1
,,LIL WAYNE - NO PROBLEM,1
,,INHALER - YOUR HOUSE,1
,,BLOOD ORANGE - THE FIELD,1
,,BLOOD ORANGE - COUNTRYSIDE,1
,,TARIQ AL-SABIR - THE FIELD,1
,,CAROLINE POLACHEK - THE FIELD,1
,,CAROLINE POLACHEK - BUNNY IS A RIDER,1
,,DANIEL CAESAR - THE FIELD,1
,,BASEMENT JAXX - MY TURN,1
,,LIGHTSPEED CHAMPION - MY TURN,1
,,NIGHTBUS - ANGLES MORTZ,1
,,NATASCHA POLKE - GHOST,1
,,ELIAS RØNNENFELT - USA BABY,1
,,ICEAGE - VENDETTA,1
,,SPOON - CHATEAU BLUES,1
,,SPOON - WILD,1
,,M.O.P - ANTE UP REMIX,1
,,MAC DEMARCO - PHANTOM,1
,,MAC DEMARCO - CHAMBER OF REFLECTION,1
,,MAC DEMARCO - HOLY,1
,,MAC DEMARCO - MY KIND OF WOMAN,1
,,MAC DEMARCO - ROLLED UP,1
,,MADI DIAZ - FEEL SOMETHING,1
,,MADI DIAZ - AMBIVALENCE,1
,,FIME - BURNING THE CANDLE,1
,,GHOST TRAIN ORCHESTRA - EVERYBODY LAUGHS,1
,,BELLE AND SEBASTIAN - THE STARS OF TRACK & FIELD,1
,,CMAT - THE JAMIE OLIVER PETROL STATION,1
,,BRIGHT EYES - DYSLEXIC PALINDROME,1
,,BRIGHT EYES - MARIANA TRENCH,1
,,HURRAY FOR THE RIFF RAFF - DYSLEXIC PALINDROME,1
,,HURRAY FOR THE RIFF RAFF - HAWKMOON,1
,,FANCLUBWALLET - NEW DISTRACTION,1
,,JEHNNY BETH - OBSESSION,1
,,JEHNNY BETH - BROKEN RIB,1
,,MY BLOODY VALENTINE - WHEN YOU SLEEP,1
,,ESMERALDA GALDA - WAHNSINN,1
,,NOMUEL - YOU & I,1
,,NOMUEL - EXIT DOOR,1
,,ZECK - YOU & I,1
,,GARBAGE - CHINESE FIRE HORSE,1
,,GARBAGE - ONLY HAPPY WHEN IT RAINS,1
,,GARBAGE - BECAUSE THE NIGHT,1
,,ROYAL BLOOD - I ONLY LIE WHEN I LOVE YOU,1
,,ROYAL BLOOD - COME ON OVER,1
,,ROYAL BLOOD - OUT OF THE BLACK,1
,,THE LIGHTNING SEEDS - PURE,1
,,THE LIGHTNING SEEDS - THE LIFE OF RILEY,1
,,KELLY CLARKSON - BEHIND THESE HAZEL EYES,1
,,ALEJANDRO SANZ - LA TORTURA,1
,,MANIC STREET PREACHERS - DECLINE AND FALL,1
,,MANIC STREET PREACHERS - NINA PERSSON - YOUR LOVE ALONE IS NOT ENOUGH,1
,,MANIC STREET PREACHERS - AUTUMNSONG,1
,,MANIC STREET PREACHERS - YOUR LOVE ALONE IS NOT ENOUGH,1
,,TWO DOOR CINEMA CLUB - SLEEP ALONE,1
,,TWO DOOR CINEMA CLUB - SATELLITE,1
,,TWO DOOR CINEMA CLUB - BAD DECISIONS,1
,,TWO DOOR CINEMA CLUB - NEW HOUSES,1
,,CAMILA CABELLO - BAM BAM,1
,,CAMILA CABELLO - SOUTH OF THE BORDER,1
,,CAMILA CABELLO - CRYING IN THE CLUB,1
,,THE OFFSPRING - STARING AT THE SUN,1
,,GUNS N' ROSES - NOVEMBER RAIN,1
,,GUNS N' ROSES - KNOCKIN' ON HEAVEN'S DOOR,1
,,GUNS N' ROSES - ONE IN A MILLION,1
,,SHANIA TWAIN - I AIN'T NO QUITTER,1
,,SHANIA TWAIN - I'M GONNA GETCHA GOOD!,1
,,OLLY MURS - MORE MESS,1
,,JAMES MORRISON - WONDERFUL WORLD,1
,,JAMES MORRISON - WHO'S GONNA LOVE ME NOW?,1
,,JAMES MORRISON - LITTLE WINGS,1
,,JAMES MORRISON - FIGHT ANOTHER DAY,1
,,MIA AEGERTER - HIE U JETZT,1
,,TYLA - NO.1,1
,,PORTUGAL. THE MAN - FEEL IT STILL  (OFENBACH REMIX),1
,,SUGAR RAY - FLY,1
,,LUUT UND TÜÜTLI - EINZIGARTIG,1
,,ADELE - HOMETOWN GLORY,1
,,ADELE - SKYFALL (RADIO EDIT),1
,,WHITNEY HOUSTON - IT'S NOT RIGHT BUT IT'S OK,1
,,WHITNEY HOUSTON - THE GREATEST LOVE OF ALL,1
,,WHITNEY HOUSTON - I'M YOUR BABY TONIGHT,1
,,WHITNEY HOUSTON - I HAVE NOTHING,1
,,ZZ TOP - GOT ME UNDER PRESSURE,1
,,ZZ TOP - LA GRANGE,1
,,ZZ TOP - SHARP DRESSED MAN,1
,,BLOSSOMS - THE KEEPER,1
,,BLOSSOMS - YOUR GIRLFRIEND,1
,,THE STRANGLERS - SKIN DEEP,1
,,DANITSA - LET GO,1
,,DANITSA - BACHATA,1
,,SHAGGY - FEEL THE RUSH,1
,,SHAGGY - MR. BOOMBASTIC,1
,,KEANE - BEND AND BREAK,1
,,JONAS BROTHERS - LOVE ME TO HEAVEN,1
,,JONAS BROTHERS - WHO'S IN YOUR HEAD,1
,,KAROL G - MAMIII,1
,,HALSEY - I'M NOT MAD,1
,,"HALSEY - I AM NOT A WOMAN, I'M A GOD",1
,,FEMI LUNA - QUIET AS THE MOON,1
,,DODO - 1 STUND,1
,,TOPIC - FORGET YOU,1
,,NATIV - LOS,1
,,NATIV - BUTTERFLÖIGÄ,1
,,NATIV - WO ICH HERCHUME,1
,,ALICE MERTON - RUN AWAY GIRL,1
,,LEVIN - THIS IS ME,1
,,SANTANA - CORAZON ESPINADO,1
,,SANTANA - THE HEALER,1
,,SANTANA - SAMBA PA TI (INSTR.),1
,,SANTANA - SMOOTH - ALBUM VERSION,1
,,SOFT LOFT - DORM,1
,,SOFT LOFT - LEAVE THE LIGHT ON,1
,,SOFT LOFT - LATE,1
,,SOFT LOFT - THE PARTY AND THE MESS,1
,,SOFT LOFT - PAPER PLANE,1
,,SOFT LOFT - OHM,1
,,SOFT LOFT - OPEN HOUSE,1
,,TAY OSKEE - OZONE,1
,,ODDBOX - OZONE,1
,,CELINE HALES - HOLD ON,1
,,BRANDAO - DERFI DI HEBE,1
,,BRANDAO - WÄGE DEM,1
,,FABER - DERFI DI HEBE,1
,,FABER - WÄGE DEM,1
,,HUNGER - DERFI DI HEBE,1
,,HUNGER - WÄGE DEM,1
,,SIOUXSIE AND THE BANSHEES - THE PASSENGER,1
,,RADIOHEAD - A WOLF AT THE DOOR,1
,,RADIOHEAD - SCATTERBRAIN,1
,,RADIOHEAD - MYXOMATOSIS,1
,,RADIOHEAD - I WILL,1
,,"RADIOHEAD - THERE, THERE",1
,,RADIOHEAD - THE GLOAMING,1
,,RADIOHEAD - WE SUCK YOUNG BLOOD,1
,,RADIOHEAD - WHERE I END AND YOU BEGIN,1
,,RADIOHEAD - GO TO SLEEP,1
,,RADIOHEAD - SAIL TO THE MOON,1
,,RADIOHEAD - SIT DOWN. STAND UP,1
,,CHRIS STAPLETON - ARKANSAS,1
,,CHRIS STAPLETON - TENNESSEE WHISKEY,1
,,FATBOY SLIM - THE ROCKAFELLER SKANK,1
,,A-HA - THE LIVING DAYLIGHTS,1
,,A-HA - THE SUN ALWAYS SHINES ON T.V.,1
,,A-HA - TOUCHY,1
,,A-HA - HUNTING HIGH AND LOW (SINGLE REMIX),1
,,A-HA - I CALL YOUR NAME,1
,,A-HA - FOOT OF THE MOUNTAIN (RADIO EDIT),1
,,"ROSALIA - YO X TI, TU X MI",1
,,ROSALIA - LLYLM,1
,,ROSALIA - DESPECHA,1
,,DAECOLM - THINK OF ME,1
,,WIZTHEMC - YOUR SONG,1
,,HUNTR - HOW IT'S DONE,1
,,HUNTR - WHAT IT SOUNDS LIKE,1
,,X - HOW IT'S DONE,1
,,X - WHAT IT SOUNDS LIKE,1
,,EJAE - HOW IT'S DONE,1
,,EJAE - WHAT IT SOUNDS LIKE,1
,,AUDREY NUNA - HOW IT'S DONE,1
,,AUDREY NUNA - WHAT IT SOUNDS LIKE,1
,,REI AMI - HOW IT'S DONE,1
,,REI AMI - WHAT IT SOUNDS LIKE,1
,,KPOP DEMON HUNTERS CAST - HOW IT'S DONE,1
,,KPOP DEMON HUNTERS CAST - WHAT IT SOUNDS LIKE,1
,,BLACK SABBATH - NEVER SAY DIE,1
,,TEDDY SWIMS - FACE MYSELF,1
,,TEDDY SWIMS - FREE DRUGS (LYRIX-VERSION),1
,,TEDDY SWIMS - 911,1
,,TEDDY SWIMS - DIRTY,1
,,LORD HURON - BAG OF BONES,1
,,ZARTMANN - WIE DU MANCHMAL FEHLST,1
,,TOM ODELL - OLD FRIEND,1
,,MARIAH CAREY - FANTASY,1
,,MARIAH CAREY - EMOTIONS,1
,,MARIAH CAREY - WE BELONG TOGETHER,1
,,MARIAH CAREY - ONE SWEET DAY,1
,,NICKY JAM AND ENRIQUE IGLESIAS - EL PERDON,1
,,APACHE 207 - NEUNZIG,1
,,ALLE FARBEN - SHE MOVES FAR AWAY,1
,,ALLE FARBEN - BUILD A HOUSE,1
,,ALLE FARBEN - LEMON TREE,1
,,ALLE FARBEN - WANNA DANCE,1
,,ALLE FARBEN - PLEASE TELL ROSIE,1
,,MAJESTIC - RASPUTIN,1
,,THE BEAUTIFUL SOUTH - WE ARE EACH OTHER,1
,,THE BEAUTIFUL SOUTH - A LITTLE TIME,1
,,BLONDIE - X OFFENDER,1
,,TAJ MAHAL - BETTER THAN EVER,1
,,KEB' MO' - BETTER THAN EVER,1
,,KEB' MO' - MORE THAN ONE WAY HOME,1
,,KEB' MO' - OKLAHOMA,1
,,WENDY MOTEN - BETTER THAN EVER,1
,,DEE DEE BRIDGEWATER - TRY A LITTLE TENDERNESS,1
,,RICK SPRINGFIELD - LOVE SOMEBODY,1
,,NATALIA LAFOURCADE - AMOR CLANDESTINO,1
,,NATALIA LAFOURCADE - COCOS EN LA PLAYA,1
,,STROMAE - TA FETE,1
,,TAGUA TAGUA - PRA TRÁS,1
,,DOTAN - THERE WILL BE A WAY,1
,,DOTAN - NUMB,1
,,ZOÉ BASHA - COME FIND ME LONESOME,1
,,ZOÉ BASHA - GAMBLE,1
,,NONONO - PUMPIN BLOOD,1
,,ADINA HOWARD - WHAT'S LOVE GOT TO DO WITH IT,1
,,ELIJAH - DO GOOD IN LIFE,1
,,ELIJAH - GIB MER MEH,1
,,FRANK POWERS - VERSUS,1
,,SCHWELLHEIM - MUSIK FÜR DI,1
,,BIBI VAPLAN - MILLI BELS GUOTTINS,1
,,ASWAD - GIVE A LITTLE LOVE,1
,,ASWAD - ON AND ON,1
,,AEROTIQUE - DON'T SAY NO,1
,,DYNORO - COCOON,1
,,ELDERBROOK - OLD FRIEND,1
,,GEORGE FITZGERALD - PASSED TENSE,1
,,SNOOK - TERZ ISTORGIA,1
,,SPLIFF - JERUSALEM,1
,,WE INVENTED PARIS - SPACE,1
,,WE INVENTED PARIS - FUSS,1
,,KOOLKID - WANTED,1
,,THE ANTLERS - CARNAGE,1
,,ORIGINAL KOFFEE - KOFFEE,1
,,THE JESUS AND MARY CHAIN - HAPPY WHEN IT RAINS,1
,,SUEDE - BEAUTIFUL ONES,1
,,SUEDE - DANCING WITH THE EUROPEANS,1
,,SOULWAX - RUN FREE,1
,,SOULWAX - NEW EARTH TIME,1
,,BAXTER DURY - SCHADENFREUDE,1
,,CORY HANSON - I LOVE PEOPLE,1
,,CORY HANSON - JOKER,1
,,CORY HANSON - LOU REED,1
,,HARRY NILSSON - I GUESS THE LORD MUST BE IN NEW YORK CITY,1
,,FAR CASPIAN - FIRST DAY,1
,,ARCTIC MONKEYS - MARDY BUM,1
,,ARCTIC MONKEYS - BLACK TREACLE,1
,,MAX HERRE - FÜHLT SICH WIE FLIEGEN AN,1
,,MAX HERRE - 1STE LIEBE (ERSTE LIEBE),1
,,CRO - FÜHLT SICH WIE FLIEGEN AN,1
,,THE KOOKS - KIDS,1
,,BLUEBOY - REMEMBER ME,1
,,HOOSIERS - BUMPY RIDE,1
,,HOOSIERS - GOODBYE MR.A,1
,,HOOSIERS - WORRIED ABOUT RAY,1
,,REMADY - ANOTHER DAY IN PARADISE,1
,,MANU-L - ANOTHER DAY IN PARADISE,1
,,JOHN NEWMAN - IF YOU REALLY LOVE ME (HOW WILL I KNOW),1
,,OF MONSTERS AND MEN - DIRTY PAWS,1
,,THE CARS - TONIGHT SHE COMES,1
,,GOSSIP - PERFECT WORLD,1
,,MASSIVE ATTACK - BE THANKFUL FOR WHAT YOU'VE GOT,1
,,MASSIVE ATTACK - PROTECTION,1
,,MASSIVE ATTACK - KARMACOMA,1
,,BENEE - ALL EYES ON ME,1
,,BENEE - DON'T LET ME DOWN,1
,,BENEE - DOESN'T MATTER,1
,,GUS DAPPERTON - DON'T LET ME DOWN,1
,,THE KID LAROI - THOUSAND MILES,1
,,THE KID LAROI - SHE DON'T NEED TO KNOW,1
,,ERNIA - SUPERCLASSICO,1
,,DEPECHE MODE - IT'S NO GOOD,1
,,DEPECHE MODE - A QUESTION OF TIME,1
,,DEPECHE MODE - STRANGELOVE,1
,,DEPECHE MODE - LITTLE 15 (LITTLE FIFTEEN),1
,,DEPECHE MODE - GHOSTS AGAIN,1
,,THE CHARLATANS - NORTH COUNTRY BOY,1
,,LIL KIM - LADY MARMALADE,1
,,"SPORTFREUNDE STILLER - '54, '74, '90, 2010",1
,,"SPORTFREUNDE STILLER - NEW YORK, RIO, ROSENHEIM",1
,,"SPORTFREUNDE STILLER - ICH, ROQUE",1
,,SPORTFREUNDE STILLER - WUNDERBAREN JAHREN,1
,,DE LA SOUL - ALL GOOD,1
,,DE LA SOUL - RING RING RING (HA HA HEY),1
,,ROBERT PALMER - BEST OF BOTH WORLDS,1
,,ROBERT PALMER - BAD CASE OF LOVING YOU,1
,,"ROBERT PALMER - BAD CASE OF LOVIN' YOU (DOCTOR, DOCTOR)",1
,,LINDA ELYS - HOMECOMING,1
,,PARAMORE - BURNING DOWN THE HOUSE,1
,,PARAMORE - C’EST COMME ÇA,1
,,JOY CROOKES - FEET DON'T FAIL ME NOW,1
,,JOY CROOKES - PASS THE SALT,1
,,JOY CROOKES - ANYONE BUT ME,1
,,CRAIG DAVID - WHAT'S YOUR FLAVA,1
,,CRAIG DAVID - RE-REWIND,1
,,CRAIG DAVID - SEVEN DAYS,1
,,CRAIG DAVID - RISE & FALL,1
,,BARON.E - SEMANTIQUE,1
,,NNAVY - REHAB,1
,,FUSION SQUARE GARDEN - VAGABONDO,1
,,VILLAGERS - SO SIMPATICO,1
,,VILLAGERS - A TRICK OF THE LIGHT,1
,,NATION OF LANGUAGE - I'M NOT READY FOR THE CHANGE,1
,,POLIÇA - DREAMS GO,1
,,FLOORBROTHERS - DO THE DANCE DANCE,1
,,FORMER CHAMP - PORCELAIN,1
,,MITSKI - NOBODY,1
,,PATTI SMITH - REDONDO BEACH,1
,,THE VELVET UNDERGROUND - SUNDAY MORNING,1
,,NICO - SUNDAY MORNING,1
,,ZISKA STAUBLI - PROGRESS NOT PERFECTION,1
,,WIDOWSPEAK - MONEY,1
,,LUCE - DRIED UP,1
,,FONTAINES D.C - HERE'S THE THING,1
,,ORBITAL - HALCYON ON ON,1
,,SAINT ETIENNE - TAKE ME TO THE PILOT,1
,,THE VERVE - THE DRUGS DON'T WORK,1
,,THE REMBRANDTS - SHAKESPEARE'S TRAGEDY,1
,,NEW ORDER - REGRET,1
,,SKUNK ANANSIE - HEDONISM,1
,,EMMA STEINBAKKEN - THIS ONE'S ON ME,1
,,EMPIRE OF THE SUN - WE ARE THE PEOPLE (ALBUM VERSION),1
,,VAN HALEN - YOU REALLY GOT ME,1
,,NATASHA BEDINGFIELD - UNWRITTEN (LIVE VOM SAN HEJMO 2025),1
,,GOO GOO DOLLS - IRIS,1
,,GOO GOO DOLLS - BETTER DAYS,1
,,FUTURE ISLANDS - THE TOWER,1
,,INSPIRAL CARPETS - SATURN 5,1
,,FLEETWOOD MAC - DREAMS,1
,,FLEETWOOD MAC - LOVE SHINES,1
,,FLEETWOOD MAC - YOU MAKE LOVING FUN,1
,,FLEETWOOD MAC - BIG LOVE,1
,,FLEETWOOD MAC - SAY YOU LOVE ME,1
,,FLEETWOOD MAC - SEVEN WONDERS,1
,,NATHANIEL RATELIFF AND THE NIGHT SWEATS - HEARTLESS,1
,,NATHANIEL RATELIFF AND THE NIGHT SWEATS - S.O.B.,1
,,CYNDI LAUPER - HEARTACHES BY THE NUMBER,1
,,CYNDI LAUPER - WHAT'S GOING ON,1
,,JUAN LUIS GUERRA - LA BILIRRUBINA,1
,,STRAY KIDS - LALALALA,1
,,SKI AGGU - WIE DU MANCHMAL FEHLST,1
,,SKI AGGU - BYE X3,1
,,MICHAEL SCHULTE - STAY,1
,,MICHAEL SCHULTE - REMEMBER ME,1
,,R3HAB - ALL AROUND THE WORLD,1
,,YOLANDA BE COOL - HACIA LA NOCHE,1
,,NICKI MINAJ - WHERE THEM GIRLS AT,1
,,THE FEELING - TURN IT UP,1
,,DJ ANTOINE - SKY IS THE LIMIT,1
,,PABLO INFERNAL - SIMPLE THINGS,1
,,PABLO INFERNAL - THE DOCTOR,1
,,BUMBLEBEES - DREAM FOREVER,1
,,DANIEL FABREGA - THROUGH THE NIGHT,1
,,"JENS LEKMAN - HOW WE MET, THE LONG VERSION",1
,,TEETHE - HOLY WATER,1
,,GORDI - CUTTING ROOM FLOOR,1
,,BEN BÖHMER - BEYOND BELIEFS,1
,,LYKKE LI - NEVER LET YOU DOWN,1
,,AMAARAE - S.M.O.,1
,,AMAARAE - IN THE NIGHT,1
,,ADA LEA - BABY BLUE FRIGIDAIRE MINI FRIDGE,1
,,LUCY DACUS - MORE THAN FRIENDS,1
,,LUCY DACUS - BUS BACK TO RICHMOND,1
,,LUCY DACUS - BEST GUESS,1
,,KINGS OF LEON - SUPERSOAKER,1
,,KINGS OF LEON - BOWERY,1
,,KINGS OF LEON - WASTE A MOMENT,1
,,KINGS OF LEON - REVEREND,1
,,ZACH BRYAN - BOWERY,1
,,ZACH BRYAN - BOYS OF FAITH,1
,,BON IVER - BOYS OF FAITH,1
,,BON IVER - SKINNY LOVE,1
,,BON IVER - 8,1
,,BON IVER - NAEEM,1
,,BON IVER - IF ONLY I COULD WAIT,1
,,BON IVER - WALK HOME,1
,,"BON IVER - HEY, MA",1
,,"BON IVER - 33 ""GOD""",1
,,WESTSIDE COWBOY - DRUNK SURFER,1
,,"LUKE COMBS - 1, 2 MANY",1
,,LUKE COMBS - BACK IN THE SADDLE,1
,,LUKE COMBS - BACK 40 BACK,1
,,LUKE COMBS - RUNNIN’ DOWN A DREAM,1
,,LUKE COMBS - LOVIN' ON YOU,1
,,MASSIVEDRUM - HACIA LA NOCHE,1
,,MIKE AND THE MECHANICS - EVERYBODY GETS A SECOND CHANCE,1
,,MIKE AND THE MECHANICS - ALL I NEED IS A MIRACLE,1
,,END - TIE YOUR NATION TO THE RADIATION MACHINE,1
,,THE PROCLAIMERS - LETTER FROM AMERICA,1
,,THE CARDIGANS - ERASE / REWIND,1
,,YELLO - CALL IT LOVE,1
,,FRIENDLY FIRES - HEAVEN LET ME IN,1
,,AALIYAH - TRY AGAIN,1
,,PRETENDERS - I'LL STAND BY YOU,1
,,PRETENDERS - BACK ON THE CHAIN GANG,1
,,99 SOULS - THE GIRL IS MINE,1
,,BRANDY - THE GIRL IS MINE,1
,,BRANDY - ANOTHER DAY IN PARADISE,1
,,BRANDY - WHEN WILL I BE LOVED,1
,,JACK JOHNSON - YOU AND YOUR HEART,1
,,"JACK JOHNSON - SITTING, WAITING, WISHING",1
,,JACK JOHNSON - BETTER TOGETHER,1
,,JACK JOHNSON - TAYLOR,1
,,TIESTO - THE BUSINESS,1
,,CALUM SCOTT - IF YOU EVER CHANGE YOUR MIND,1
,,CALUM SCOTT - YOU ARE THE REASON,1
,,CALUM SCOTT - DANCING ON MY OWN,1
,,JENNIFER WARNES - THE TIME OF MY LIFE,1
,,THE GASLIGHT ANTHEM - 45,1
,,THE GASLIGHT ANTHEM - THE '59 SOUND,1
,,MC SOLAAR - ALL N MY GRILL,1
,,MC SOLAAR - CAROLINE,1
,,GREEN DAY - X-KID,1
,,BARENAKED LADIES - ONE WEEK,1
,,BRANDON FLOWERS - CROSSFIRE,1
,,USHER - WITHOUT YOU,1
,,USHER - YOU MAKE ME WANNA...,1
,,USHER - MY BOO,1
,,USHER - YEAH!,1
,,MILOW - HOUSE ON FIRE,1
,,MILOW - TELL ME TWICE,1
,,MILOW - BOY MADE OUT OF STARS,1
,,MILOW - YOU AND ME (IN MY  POCKET),1
,,MILOW - LAY YOUR WORRY DOWN,1
,,LAURELL - LOVE IT,1
,,ANASTACIA - NOT THAT KIND,1
,,ARETHA FRANKLIN - I KNEW YOU WERE WAITING,1
,,ARETHA FRANKLIN - SISTERS ARE DOIN' IT FOR THEMSELVES,1
,,ARETHA FRANKLIN - BRIDGE OVER TROUBLED WATER,1
,,ARETHA FRANKLIN - WHO'S ZOOMIN' WHO?,1
,,ARETHA FRANKLIN - WHO'S ZOOMIN' WHO,1
,,LUIS FONSI - ECHAME LA CULPA,1
,,DEMI LOVATO - ECHAME LA CULPA,1
,,DEEE-LITE - GROOVE IS IN THE HEART,1
,,CORAL - IN THE MORNING,1
,,RODRIGO AMARANTE - TUYO,1
,,BONAPARTE - MELODY X,1
,,BONAPARTE - POLARBEAR,1
,,CIRCA WAVES - SAD HAPPY,1
,,CIRCA WAVES - SPEND IT,1
,,EDDY GRANT - ELECTRIC AVENUE,1
,,SZA - SPECIAL,1
,,SZA - PERSUASIVE,1
,,LANDRO - HOLUNDERBLÜETESIRUP,1
,,KT GORIQUE - MOONLIGHT,1
,,KT GORIQUE - SINGULIER,1
,,SEKTION KUCHIKÄSCHTLI - I HAN,1
,,WINTER - JUST LIKE A FLOWER,1
,,BATBAIT - BOYS CLUB,1
,,MASTODON - COLONY OF BIRCHMEN,1
,,KING HÜSKY - DON'T LET IT BRING YOU DOWN,1
,,NOURISHED BY TIME - 9 2 5,1
,,TEYANA TAYLOR - FIRE GIRL,1
,,EARL SWEATSHIRT - GAMMA,1
,,EARL SWEATSHIRT - SUPER RICH KIDS,1
,,LILA IKÉ - SCATTER,1
,,TOPS - ICU2,1
,,JAMES YORKSTON - LOVE THAT TREE,1
,,NINA PERSSON - LOVE THAT TREE,1
,,NINA PERSSON - YOUR LOVE ALONE IS NOT ENOUGH,1
,,DEAN JOHNSON - BEFORE YOU HIT THE GROUND,1
,,ROYEL OTIS - SHE'S GOT A GUN,1
,,ROYEL OTIS - SOFA KING,1
,,ROYEL OTIS - GOOD TIMES,1
,,ROYEL OTIS - IF OUR LOVE IS DEAD,1
,,ROYEL OTIS - I HATE THIS TUNE,1
,,ROYEL OTIS - WHO'S YOUR BOYFRIEND,1
,,SPLENDID - WÄGEM GELD,1
,,JIREEN - SUPERCOOL,1
,,LEONARD MAVI - ALL THESE FEELINGS,1
,,VERSEAU BELLEPIERRE - AQUARIUM,1
,,SUPERWEAK - SUNNY ALL THE TIME,1
,,REX ORANGE COUNTY - UNO,1
,,REX ORANGE COUNTY - NEW HOUSE,1
,,REX ORANGE COUNTY - THREAT,1
,,REX ORANGE COUNTY - NEVER HAD THE BALLS,1
,,CHRIS DE SARANDY - HEAD ABOVE WATER,1
,,PEARL JAM - EVEN FLOW,1
,,JURASSIC 5 - WHAT'S GOLDEN,1
,,BOYZONE - FATHER AND SON,1
,,FLORENCIA YUNIS - NADIE COMO TU,1
,,HIM - RIGHT HERE IN MY ARMS,1
,,ERIC CLAPTON - LAYLA (UNPLUGGED VERSION),1
,,ERIC CLAPTON - LAYLA (LIVE-UNPLUGGED-VERSION),1
,,ERIC CLAPTON - A WONDERFUL WORLD,1
,,ERIC CLAPTON - ALBERTA,1
,,ERIC CLAPTON - WALKIN' BLUES,1
,,ERIC CLAPTON - AFTER MIDNIGHT,1
,,ERIC CLAPTON - I SHOT THE SHERIFF,1
,,THE GO-BETWEENS - STREETS OF YOUR TOWN,1
,,ZARA LARSSON - UNCOVER,1
,,ZARA LARSSON - THIS ONE'S FOR YOU,1
,,GLASS ANIMALS - THE OTHER SIDE OF PARADISE,1
,,GLASS ANIMALS - LIFE ITSELF,1
,,LIQUIDO - PLAY SOME ROCK,1
,,LIQUIDO - DOUBLEDECKER,1
,,SUGABABES - SHOOK (UNPLUGGED),1
,,SUGABABES - SHAPE,1
,,SUGABABES - TOO LOST IN YOU,1
,,NAS - IF I RULED THE WORLD,1
,,LAURYN HILL - IF I RULED THE WORLD,1
,,LAURYN HILL - DOO WOP,1
,,MANDO DIAO - STRÖVTÅG I HEMBYGDEN,1
,,ALOE BLACC - GREATEST SHOW ON EARTH,1
,,ALOE BLACC - BROOKLYN IN THE SUMMER,1
,,METRO STATION - SHAKE IT,1
,,EVERLAST - FOLSOM PRISON BLUES,1
,,EVERLAST - HOOK: EVERLAST - WHAT IT'S LIKE,1
,,JAN DELAY - EULE,1
,,JAN DELAY - TÜRLICH TÜRLICH  WORD UP,1
,,JAN DELAY - ST. PAULI,1
,,COLBIE CAILLAT - THE LITTLE THINGS,1
,,PUDDLE OF MUD - SHE HATES ME,1
,,HUCK FINN - RIGHT TIME,1
,,HUCK FINN - LOSE CONTROL,1
,,YES I'M VERY TIRED NOW - BRING BACK THE SUN,1
,,TRETTMANN - PROTOTYPE,1
,,PRONTO - UFE,1
,,GIUSY FERRERI - ROMA - BANGKOK,1
,,NE-YO - GIVE ME EVERYTHING,1
,,AFROJACK - GIVE ME EVERYTHING,1
,,THE NOTORIOUS B.I.G - HYPNOTIZE,1
,,"SUPERTRAMP - YOU WIN, I LOSE",1
,,MARTIN SOLVEIG - HEY NOW,1
,,LUTRICIA MCNEAL - 365 DAYS,1
,,CHARLI XCX - I LOVE IT,1
,,THE CHAINSMOKERS - ADDICTED,1
,,THE CHAINSMOKERS - HIGH,1
,,KIM PETRAS - WHEN WE WERE YOUNG (THE LOGICAL SONG),1
,,ADEN FOYER - HELLO RADIO,1
,,FAST BOY - FORGET YOU,1
,,FAST BOY - WHERE YOU ARE,1
,,CREED - RAIN,1
,,DURAN DURAN - A VIEW TO A KILL,1
,,DURAN DURAN - IS THERE SOMETHING I SHOULD KNOW,1
,,DURAN DURAN - RIO,1
,,DURAN DURAN - IS THERE SOMETHING I SHOULD KNOW?,1
,,THE VACCINES - ALONE STAR,1
,,MARLON ROUDETTE - NO WATER,1
,,MOTHERS PRIDE - NO BIG DEAL,1
,,SENSU - OUTSPOKEN,1
,,SENSU - LISTEN,1
,,PHILIPP ALBRECHT - FRÜNDIN,1
,,BRANDHÄRD - NOOCHBRAND,1
,,JAKUB ONDRA - BEATS THE POISON OUT OF YOU,1
,,WESTERMAN - ADRIATIC,1
,,RISE AGAINST - SATELLITE,1
,,RISE AGAINST - NOD,1
,,RISE AGAINST - GIVE IT ALL,1
,,ALGERNON CADWALLADER - HAWK,1
,,JOYCE MANOR - ALL MY FRIENDS ARE SO DEPRESSED,1
,,THE CRIBS - SUMMER SEIZURES,1
,,THE CRIBS - MOVING PICTURES,1
,,WOLFMOTHER - JOKER AND THE THIEF,1
,,SYLVIE KREUSCH - SWEET LOVE,1
,,SYLVIE KREUSCH - POPCORN,1
,,DIJON - AUTOMATIC,1
,,DIJON - BABY!,1
,,DIJON - DEVOTION,1
,,DIJON - MANY TIMES,1
,,EVERYTHING IS RECORDED - LOSING YOU,1
,,SAMPHA - LOSING YOU,1
,,SAMPHA - NO ONE KNOWS ME,1
,,SAMPHA - MOUNTAINS OF GOLD,1
,,SAMPHA - BLOOD ON ME,1
,,JAH WOBBLE - LOSING YOU,1
,,DJ PREMIER - ARMANI SECTION,1
,,DJ PREMIER - TRAVEL FOX,1
,,ROC MARCIANO - ARMANI SECTION,1
,,ROC MARCIANO - TRAVEL FOX,1
,,GANG STARR - FULL CLIP,1
,,BLACK THOUGHT - PROTOCOL,1
,,SON LITTLE - PROTOCOL,1
,,JID FT. CLIPSE - COMMUNITY,1
,,JID FT. CIARA - SK8,1
,,EARTHGANG - SK8,1
,,CLIPSE FT. JOHN LEGEND - THE BIRDS DON'T SING,1
,,VOICES OF FIRE - THE BIRDS DON'T SING,1
,,CLIPSE FT. KENDRICK LAMAR - CHAINS & WHIPS,1
,,SMINO - TREE,1
,,CHILDISH GAMBINO - FAVORITE SONG,1
,,CHILDISH GAMBINO - SOBER,1
,,CHILDISH GAMBINO - STAY HIGH,1
,,CHILDISH GAMBINO - LITHONIA,1
,,CHILDISH GAMBINO - IN THE NIGHT,1
,,CHILDISH GAMBINO - BIG WORLD,1
,,CHILDISH GAMBINO - SUMMERTIME MAGIC,1
,,CHILDISH GAMBINO - FINAL CHURCH,1
,,CHILDISH GAMBINO - THIS IS AMERICA,1
,,TYLER - RING RING RING,1
,,THE CREATOR - RING RING RING,1
,,ENA VERA - FRUITS OF THE DAY,1
,,YET TO FIND - INTO THE BLUE,1
,,ROXY MUSIC - OVER YOU,1
,,ROXY MUSIC - DANCE AWAY,1
,,BJÖRK - BIG TIME SENSUALITY,1
,,THE RASMUS - SAIL AWAY,1
,,PALOMA FAITH - NEW YORK,1
,,JACK SAVORETTI - HOME,1
,,WOODKID - NEVER LET YOU DOWN,1
,,CLEAN BANDIT - REAL LOVE X SUNCHYME,1
,,EMELI SANDÉ - READ ALL ABOUT IT (PART 3),1
,,EMELI SANDÉ - LOOK WHAT YOU'VE DONE,1
,,MICHAEL FRANTI AND SPEARHEAD - HEY HEY HEY,1
,,BOB MARLEY AND THE WAILERS - BUFFALO SOLDIER,1
,,MIGHTY OAKS - TELL ME WHAT YOU'RE THINKING,1
,,ZUCCHERO - BAILA (SEXY THING),1
,,ZUCCHERO - BLUE,1
,,ZUCCHERO - A WONDERFUL WORLD,1
,,ZUCCHERO - SHE'S MY BABY,1
,,ZUCCHERO - DIAMANTE,1
,,ZUCCHERO - SENZA UNA DONNA,1
,,MEGAN THEE STALLION - BEAUTIFUL MISTAKES,1
,,MEGAN THEE STALLION - WORTHY,1
,,THE TWO ROMANS - SKY'S ON FIRE,1
,,LASKAAR - SOLO,1
,,SALT-N-PEPA - PUSH IT,1
,,SALT-N-PEPA - LET'S TALK ABOUT SEX,1
,,KNÄCK - MY SHARONA,1
,,THOMPSON TWINS - DON'T MESS WITH DOCTOR DREAM,1
,,DR. DRE - CALIFORNIA LOVE,1
,,DR. DRE - STILL DRE,1
,,DR. DRE - THE NEXT EPISODE,1
,,DR. DRE - LAST DANCE WITH MARY JANE,1
,,DR. DRE - NEXT EPISODE,1
,,GORILLAZ - STYLO,1
,,2PAC - GHETTO GOSPEL,1
,,SEXION D'ASSAUT - DESOLE,1
,,OZZY OSBOURNE - CRAZY TRAIN,1
,,"OZZY OSBOURNE - MAMA, I'M COMING HOME",1
,,OZZY OSBOURNE - PATIENT NUMBER 9,1
,,SHAKRA - SOMETHING YOU DON'T UNDERSTAND,1
,,MATT SIMONS - LAY YOUR WORRY DOWN,1
,,THE ROOTS - I DON'T CARE,1
,,THE ROOTS - HOW I GOT OVER,1
,,PASSENGER - HELL OR HIGH WATER,1
,,PASSENGER - HOLES,1
,,WESTLIFE - YOU RAISE ME UP,1
,,GIANT ROOKS - TOM’S DINER,1
,,GIANT ROOKS - WILD STARE,1
,,GIANT ROOKS - WHAT I KNOW IS ALL QUICKSAND,1
,,GIANT ROOKS - TOM'S DINER,1
,,GIANT ROOKS - ALL WE ARE,1
,,GIANT ROOKS - 100MG,1
,,GIANT ROOKS - MORNING BLUE,1
,,GENTLEMAN - IT NO PRETTY,1
,,GENTLEMAN - LIKE A LION,1
,,LEN SANDER - ANOTHER MAN,1
,,"BOOTSY COLLINS - I'M LEAVIN' U (GOTTA GO, GOTTA GO)",1
,,CHIEN BLEU - J'AIME LE FEU,1
,,SKOR - I DE SCHWIIZ,1
,,"THE TEMPER TRAP - SWEET DISPOSITION (A MOMENT, A LOVE)",1
,,A TOUCH OF CLASS - ALL AROUND THE WORLD,1
,,DUCKS LTD - HOLLOWED OUT,1
,,YVES TUMOR - WE DON'T COUNT,1
,,NINA - WE DON'T COUNT,1
,,NINA - BACKLASH BLUES,1
,,A TRIBE CALLED QUEST - CHECK THE RHIME,1
,,A TRIBE CALLED QUEST - WE THE PEOPLE....,1
,,ZAHO DE SAGAZAN - LA SYMPHONIE DES ÉCLAIRS,1
,,ZAHO DE SAGAZAN - LA SYMPHONIE DES ECLAIRS,1
,,ZAHO DE SAGAZAN - TRISTESSE,1
,,ZAHO DE SAGAZAN - OLD FRIEND,1
,,THE WAR ON DRUGS - HARMONIA'S DREAM,1
,,THE WAR ON DRUGS - HOLDING ON,1
,,NEKO CASE - WRECK,1
,,NEKO CASE - WINCHESTER MANSION OF SOUND,1
,,BIG THIEF - GRANDMOTHER,1
,,BIG THIEF - LOS ANGELES,1
,,BIG THIEF - VAMPIRE EMPIRE,1
,,LARAAJI - GRANDMOTHER,1
,,CUT COPY - STILL SEE LOVE,1
,,MATCHBOX TWENTY - 3 AM,1
,,FEDEZ - MILLE,1
,,ARTICOLO 31 - DOMANI,1
,,DON HENLEY - BOYS OF SUMMER,1
,,DON HENLEY - THE END OF THE INNOCENCE,1
,,NYLA - LIGHT IT UP (REMIX),1
,,ZAYN - I DON'T WANNA LIVE FOREVER,1
,,ZAYN - TRAMPOLINE,1
,,BEN HARPER - WITH MY OWN TWO HANDS,1
,,BEN HARPER - STEAL MY KISSES,1
,,SEEED - WONDERFUL LIFE,1
,,JOHN LEGEND - P.D.A.,1
,,JOHN LEGEND - ALL OF ME (RADIO EDIT),1
,,SPICE GIRLS - SPICE UP YOUR LIFE,1
,,SPICE GIRLS - MY STRONGEST SUIT,1
,,SPICE GIRLS - 2 BECOME 1,1
,,EL PROFESOR - BELLA CIAO (HUGEL RADIO EDIT),1
,,SKEE-LO - I WISH,1
,,NIK KERSHAW - WIDE BOY,1
,,JOAN - FLOWERS,1
,,JOAN - I LOVE ROCK'N'ROLL,1
,,ADRIAN WEYERMANN - CRYING JOHN,1
,,CHELAN - NOSE BLEED,1
,,SARA DIAMOND - NOSE BLEED,1
,,FUN LOVIN' CRIMINALS - SCOOBY SNACKS,1
,,MEGHAN TRAINOR - LIPS ARE MOVIN,1
,,MEGHAN TRAINOR - DEAR FUTURE HUSBAND,1
,,DJ KHALED - WILD THOUGHTS,1
,,DJ KHALED - ALL I DO IS WIN,1
,,BRYSON TILLER - WILD THOUGHTS,1
,,SUM 41 - IN TOO DEEP,1
,,THIRTY SECONDS TO MARS - KINGS AND QUEENS,1
,,AYMEN - YERINDE DUR - REMIX,1
,,MELDAY - CALM DOWN,1
,,MYKEL COSTA - CALM DOWN,1
,,BAILEY ZIMMERMAN - WHERE IT ENDS,1
,,BAILEY ZIMMERMAN - COMIN' IN COLD,1
,,CHAKA KHAN - ALL GOOD,1
,,ABBA - GIMME! GIMME! GIMME!,1
,,ABBA - GIMME GIMME GIMME,1
,,ABBA - CHIQUITITA,1
,,ABBA - THE NAME OF THE GAME,1
,,ABBA - GIMME! GIMME! GIMME! (A MAN AFTER MIDNIGHT),1
,,ABBA - GIMME ! GIMME ! GIMME !,1
,,ABBA - THANK YOU FOR THE MUSIC,1
,,ABBA - I AM THE CITY,1
,,ABBA - DOES YOUR MOTHER KNOW,1
,,ABBA - HONEY HONEY,1
,,ARLO PARKS - CAROLINE,1
,,ARLO PARKS - HOPE,1
,,ARLO PARKS - SOFTLY,1
,,ARLO PARKS - PEGASUS,1
,,ARLO PARKS - GREEN EYES,1
,,ARLO PARKS - EUGENE,1
,,ARLO PARKS - HURT,1
,,ARLO PARKS - GEORGE,1
,,ARLO PARKS - PAPERBACKS,1
,,KAREN LANO - SEULE DANS LA DANSE,1
,,KAREN LANO - FEMME NATURE,1
,,POIRIER - AGUA ORO,1
,,RAMON CHICHARRON - AGUA ORO,1
,,SOFFIE - DIE DA OBEN,1
,,SOFFIE - ENERGIE,1
,,SOFFIE - JANA,1
,,FREDDY FAADA - TABLES WILL TURN,1
,,FREDDY FAADA - GOLDEN CAGES,1
,,GLOW - MR. BROWN,1
,,ELVIS PRESLEY - JAILHOUSE ROCK,1
,,JULDEM - IN ANOTHER LIFE,1
,,JULDEM - ROOTS OF TREE,1
,,MOES ANTHILL - STRANGE MOOD,1
,,LE ROI ANGUS - TOUT CA,1
,,SINA LARK - EVERYTHING I WANT TO BE,1
,,RODRY-GO! - MI SUPERMAN,1
,,ALT-J - U&ME,1
,,ALT-J - DEADCRUSH,1
,,ALT-J - HARD DRIVE GOLD,1
,,ALT-J - ADELINE,1
,,TRAUFFER - ÄNGLISCHI BRÜÜNI,1
,,PAULA ENGELS - ICH NEHM DIE SONNE MIT,1
,,SHERYL CROW - STRONG ENOUGH,1
,,SHERYL CROW - LEAVING LAS VEGAS,1
,,JULIA MESTRE - SOU FERA,1
,,JULIA MESTRE - VENENO DA SERPENTE,1
,,LEA KAMPMANN - TELJI UPP Í HUNDRAÐ,1
,,MARO - FOREVER & EVER,1
,,MARO - JUST WANNA FORGET YOU,1
,,MARO - BETTER NOW,1
,,NASAYA - FOREVER & EVER,1
,,FOALS - WAKE ME UP,1
,,FOALS - 2001,1
,,FOALS - IN DEGREES,1
,,ALUNE WADE - VOODOO CHILD,1
,,ALUNE WADE - WATERMELON MAN,1
,,IMPERIEUX - FENA,1
,,KING PRINCESS - GIRLS,1
,,KING PRINCESS - PAIN,1
,,KING PRINCESS - 1950,1
,,KING PRINCESS - PROPHET,1
,,KING PRINCESS - HOUSE BURN DOWN,1
,,SPIDERGAWD - SANDS OF TIME,1
,,SPIDERGAWD - THE GRAND SLAM,1
,,THE YOUNG GODS - HEY AMOUR,1
,,THE YOUNG GODS - APPEAR DISAPPEAR,1
,,DELETEROLF - USED TO BE,1
,,GIANNI BRINI - CRY FOR GUYS,1
,,WIR SIND HELDEN - AURELIE,1
,,WIR SIND HELDEN - HALT DICH AN DEINER LIEBE FEST,1
,,WIR SIND HELDEN - GUTEN TAG,1
,,ANDREAS JOHNSON - GLORIOUS,1
,,PINK FLOYD - COMFORTABLY NUMB,1
,,KASABIAN - YOU'RE IN LOVE WITH A PSYCHO,1
,,KASABIAN - LSF,1
,,KASABIAN - GOODBYE KISS,1
,,KATE PIERSON - CANDY,1
,,DEZABEL - MOVE,1
,,GWEN STEFANI - RICH GIRL,1
,,KIM WILDE - LOVE BLONDE,1
,,"DIE TOTEN HOSEN - SCHÖNEN GRUSS, AUF WIEDERSEH'N",1
,,DIE TOTEN HOSEN - WORT ZUM SONNTAG,1
,,DIE TOTEN HOSEN - WÜNSCH DIR WAS,1
,,DIE TOTEN HOSEN - YOU'LL NEVER WALK ALONE,1
,,DIE TOTEN HOSEN - BAYERN,1
,,DIE TOTEN HOSEN - ZEHN KLEINE JÄGERMEISTER,1
,,DIE TOTEN HOSEN - HIPPY HIPPY SHAKE,1
,,DIE TOTEN HOSEN - 1000 GUTE GRÜNDE,1
,,DIE TOTEN HOSEN - ALLES AUS LIEBE,1
,,LILLY WOOD AND THE PRICK - PRAYER IN C,1
,,ELLA ON THE RUN - WALK AWAY,1
,,RAMZ - BARKING,1
,,MELTING STEINE - GLIDE,1
,,AUSTRA - HOME,1
,,RUNO PLUM - SICKNESS,1
,,BEA1991 - SAFE GROUND,1
,,BEA1991 - CUTECUMBER,1
,,GEESE - 100 HORSES,1
,,GEESE - TAXES,1
,,FOUSHEÉ - WAR,1
,,DIVORCE - CHIP,1
,,DIVORCE - EAT MY WORDS,1
,,OFFSET - BODIES,1
,,OFFSET - SET IT OFF,1
,,JID - BODIES,1
,,JOEY BADASS - FRY PLANTAIN,1
,,RAEKWON - THE TRIAL,1
,,METHOD MAN - THE TRIAL,1
,,GZA - THE TRIAL,1
,,REEK DA VILLIAN - THE TRIAL,1
,,PILLS - THE TRIAL,1
,,RZA - NUTMEG,1
,,BUSTA RHYMES - ANTE UP REMIX,1
,,TEFLON - ANTE UP REMIX,1
,,REMY MARTIN - ANTE UP REMIX,1
,,BLOODHOUND GANG - FIRE WATER BURN,1
,,SAYBIA - THE DAY AFTER TOMORROW,1
,,ATHLETE - HALF LIGHT,1
,,ATHLETE - WIRES,1
,,ASH - SHINING LIGHT,1
,,ASH - GIRL FROM MARS,1
,,HOUSE OF PAIN - JUMP AROUND,1
,,KLANGKARUSSELL - SONNENTANZ (INSTR.),1
,,REGARD - PIECE OF ME,1
,,MICHELLE BRANCH - EVERYWHERE,1
,,UB40 - RED RED WINE,1
,,BLU CANTRELL - HIT 'EM UP STYLE (OOPS!),1
,,PHOENIX - EVERYTHING IS EVERYTHING,1
,,PHOENIX - TONIGHT,1
,,PHOENIX - ALL EYES ON ME,1
,,HAYLEY WILLIAMS - KILL ME,1
,,MADCON - BEGGIN',1
,,TAWARA - HORIZON,1
,,SAVAGES - SHUT UP,1
,,DEATH CAB FOR CUTIE - CROOKED TEETH,1
,,DEATH CAB FOR CUTIE - I WILL FOLLOW YOU INTO THE DARK,1
,,FRED AGAIN - VICTORY LAP,1
,,FRED AGAIN - JUNGLE,1
,,SKEPTA - VICTORY LAP,1
,,SKEPTA - SHUTDOWN,1
,,PLAQUEBOYMAX - VICTORY LAP,1
,,GUEDRA GUEDRA - PARADIGM,1
,,GYAKIE - PARTY GALORE,1
,,TIWA SAVAGE - 10%,1
,,ALABAMA SHAKES - ANOTHER LIFE,1
,,ALABAMA SHAKES - HOLD ON,1
,,EVA TOLKIN - COUNTRYSIDE,1
,,IAN ISIAH - COUNTRYSIDE,1
,,YO LA TENGO - APOLOGY LETTER,1
,,THE BEACHES - TOUCH MYSELF,1
,,THE BEACHES - ME & ME,1
,,THE BEACHES - WHAT DOESN’T KILL YOU MAKES YOU PARANOID,1
,,THE BEACHES - EDGE OF THE EARTH,1
,,THE HIVES - THEY CAN'T HEAR THE MUSIC,1
,,ANIKK - TAKE THIS AS RED,1
,,TERENCE TRENT D'ARBY - DANCE LITTLE SISTER,1
,,FRITZ KALKBRENNER - BACK HOME,1
,,SUPERGRASS - ALRIGHT,1
,,BILLY RAY CYRUS - OLD TOWN ROAD (REMIX),1
,,TAKE THAT - SHINE,1
,,TAKE THAT - RULE THE WORLD,1
,,TAKE THAT - REACH OUT,1
,,TAKE THAT - WHEN WE WERE YOUNG,1
,,TAKE THAT - EVERYTHING CHANGES,1
,,THE ROLLING STONES - LADY JANE,1
,,THE ROLLING STONES - RUBY TUESDAY,1
,,THE ROLLING STONES - LET'S SPEND THE NIGHT TOGETHER,1
,,THE ROLLING STONES - LIKE A ROLLING STONE,1
,,THE ROLLING STONES - LIVING IN A GHOST TOWN,1
,,THE ROLLING STONES - MIXED EMOTIONS,1
,,THE ROLLING STONES - GIMME SHELTER,1
,,THE ROLLING STONES - SYMPATHY FOR THE DEVIL,1
,,LISA LEFT EYE LOPEZ - NEVER BE THE SAME AGAIN,1
,,EN VOGUE - DON'T LET GO,1
,,MUGEEZ - BOA ME,1
,,RHODES - LET IT ALL GO,1
,,MOBY - BODYROCK,1
,,MOBY - IN THIS WORLD,1
,,MOBY - NATURAL BLUES,1
,,BLÜMCHEN - BOOMERANG,1
,,"BLÜMCHEN - SESAM-JAM (DER, DIE, DAS)",1
,,PHOEBE BRIDGERS - KYOTO,1
,,PHOEBE BRIDGERS - PEGASUS,1
,,NINA CHUBA - FUCKED UP FEAT. MAKKO,1
,,NINA CHUBA - HOOKMB: NINA CHUBA - 80QM,1
,,NINA CHUBA - FÜHLST DU GAR NICHTS?,1
,,MAKKO - FUCKED UP FEAT. MAKKO,1
,,MAKKO - STREIT,1
,,ALIOCHA SCHNEIDER - AVANT ELLE,1
,,SUNNAN - CANNOT GET ENOUGH,1
,,SUNNAN - SUNSHINE,1
,,SUNNAN - CAN'T FIND LOVE,1
,,SUNNAN - THE SOUND,1
,,ORSONS - OLIVEN,1
,,GENESIS - THE CARPET CRAWLERS 1999,1
,,GENESIS - FOLLOW YOU FOLLOW ME,1
,,GRAHAM CANDY - SHE MOVES FAR AWAY,1
,,PINK BUTTER - ALRIGHT,1
,,PINK BUTTER - CAN WE GO BACK,1
,,PINK BUTTER - MADE FOR ME,1
,,BEARD SCIENCE - ARK RAIDERS,1
,,"10,000 MANIACS - CANDY EVERYBODY WANTS",1
,,GARY PINE - LOVE GENERATION,1
,,ROBERTA FLACK - FEEL LIKE MAKIN' LOVE,1
,,HAINAN - LO SIENTO,1
,,SPAGNA - EASY LADY,1
,,KLAIN KAROO - DON'T TALK,1
,,LIVING HOUR - WAITER,1
,,WET LEG - TOO LATE NOW,1
,,WET LEG - C’EST COMME ÇA,1
,,TYGAPAW - PRESSURE,1
,,TITANIC - GOTERA,1
,,MERZBOW - WOODPECKER NO. 2,1
,,FORSISSIES - BBBITCHES,1
,,NALA SINEPHRO - SPACE 5,1
,,REA - AMATERASU DWELLS IN MOON,1
,,BEAKS - BITE ME,1
,,JIM WHITE - MARKETPLACE,1
,,CHRIS IMLER - THE INTERNET WILL BREAK MY HEART,1
,,GRRL - POWER STATION,1
,,MADE OF OAK - POWER STATION,1
,,KASSIE KRUT - RECKLESS,1
,,AMYL AND THE SNIFFERS - FREAKS TO THE FRONT,1
,,FUGAZI - LOCKDOWN,1
,,COILGUNS - NIGHTSHIFTER,1
,,RED SPIDER LILLIES - NOTHING ELSE MATTERS,1
,,RED SPIDER LILLIES - DON'T LOOK BACK IN ANGER,1
,,RED SPIDER LILLIES - CREEP,1
,,CHRIS CORNELL - YOU KNOW MY NAME,1
,,CHRIS CORNELL - NOTHING COMPARES 2 U,1
,,FAITH NO MORE - EASY,1
,,FAITH NO MORE - EPIC,1
,,FAITH NO MORE - MIDLIFE CRISIS,1
,,KAJ - BARA BADA BASTU,1
,,HOWARD JONES - EVERLASTING LOVE,1
,,WHITESNAKE - FOOL FOR YOUR LOVING,1
,,WHITESNAKE - IS THIS LOVE,1
,,SAINT MOTEL - MY TYPE,1
,,SUGAR - LOVE IS IN THE AIR,1
,,EROS RAMAZZOTTI - SOLO CON TE,1
,,EROS RAMAZZOTTI - L'OMBRA DEL GIGANTE,1
,,EROS RAMAZZOTTI - ADESSO TU,1
,,EROS RAMAZZOTTI - UNA STORIA IMPORTANTE,1
,,EROS RAMAZZOTTI - EMOZIONE DOPO EMOZIONE,1
,,EROS RAMAZZOTTI - QUANTO AMORE SEI,1
,,EROS RAMAZZOTTI - IL MIO GIORNO PREFERITO,1
,,EROS RAMAZZOTTI - FUOCO NEL FUOCO,1
,,EROS RAMAZZOTTI - UN ANGELO NON È,1
,,NACIM - BYE,1
,,JEAN MICHEL JARRE - OXYGENE 4,1
,,DAVID GUETTA REMIX - MY UNIVERSE,1
,,UDO LINDENBERG - DU KNALLST IN MEIN LEBEN,1
,,UDO LINDENBERG - AIRPORT (DICH WIEDERSEHN...),1
,,UDO LINDENBERG - ICH LIEB DICH ÜBERHAUPT NICHT MEHR,1
,,UDO LINDENBERG - CLUB DER MILLIONÄRE,1
,,UDO LINDENBERG - REEPERBAHN,1
,,UDO LINDENBERG - ICH SITZ DEN GANZEN TAG BEI DEN DOCKS,1
,,VAMPIRE WEEKEND - MARY BOONE,1
,,THE CORDS - I'M NOT SAD,1
,,FALLE NIOKE - SAY SAY SAY,1
,,FOXYGEN - SAN FRANCISCO,1
,,LEITH ROSS - STAY,1
,,MK.GEE - ALESIS,1
,,MK.GEE - BREAKTHESPELL,1
,,ECHO - BRING ON THE DANCING HORSES,1
,,THE BUNNYMEN - BRING ON THE DANCING HORSES,1
,,ANNIE - CHEWING GUM,1
,,CRISTINA HART - THANK YOU FOR LEAVING,1
,,VERNISAGE - BLESSINGS & BLESSURE,1
,,Z THE FRESHMAN - BLESSINGS & BLESSURE,1
,,AEROSMITH - AMAZING,1
,,AEROSMITH - PINK,1
,,AEROSMITH - RAG DOLL,1
,,AEROSMITH - LIVIN' ON THE EDGE,1
,,AEROSMITH - JANIE'S GOT A GUN,1
,,AEROSMITH - DUDE (LOOKS LIKE A LADY),1
,,"AEROSMITH - I DON'T WANT TO MISS A THING AUS: ARMAGEDDON (FILM, 1998)",1
,,TAYNA - PIECE OF ME,1
,,KOOL SAVAS - IS IT LOVE,1
,,NEA - NO THERAPY,1
,,KALEO - NO GOOD,1
,,DENNIS LLOYD - LEFTOVERS,1
,,THE SHINS - SIMPLE SONG,1
,,THE SHINS - NEW SLANG,1
,,"ABSOLUTE BEGINNER - IRGENDWIE, IRGENDWO, IRGENDWANN",1
,,DAN TYMINSKI - HEY BROTHER,1
,,GIANNA NANNINI - LATIN LOVER,1
,,GIANNA NANNINI - PROFUMO,1
,,GIANNA NANNINI - UN RAGAZZO COME TE,1
,,JEFF - CHRIEG I DIM CHOPF,1
,,PETER DOHERTY - THE DAY THE BARON DIED,1
,,MEN I TRUST - SEVEN,1
,,PJ HARVEY - BIG EXIT,1
,,PREWN - SYSTEM,1
,,ELIAS RONNENFELT - LIKE LOVERS DO,1
,,EZRA KOENIG - TONIGHT,1
,,JORDANA - LIKE A DOG,1
,,JORDANA - DECLINE,1
,,LEON BRIDGES - PANTHER CITY,1
,,LEON BRIDGES - TEXAS SUN,1
,,STELLA - OMORFO MOU,1
,,STELLA - BABY BRAZIL,1
,,JAMIE XX - DREAM NIGHT,1
,,RADIOKIJADA - MANOTEO EN MENOR,1
,,CARIBOU - HOME,1
,,CARIBOU - MELODY DAY,1
,,CARIBOU - BROKE MY HEART,1
,,40 THEVZ - C U WHEN U GET THERE,1
,,DRAKE - NICE FOR WHAT,1
,,DANNY WILDE - SHAKESPEARE'S TRAGEDY,1
,,T.I - MY LOVE,1
,,DIRE STRAITS - THE BUG,1
,,DIRE STRAITS - YOUR LATEST TRICK,1
,,DIRE STRAITS - TWISTING BY THE POOL,1
,,FIL BO RIVA - TIME IS YOUR GUN,1
,,FIL BO RIVA - I LIKE YOU,1
,,FIL BO RIVA - RUNNING IN CIRCLES,1
,,FIL BO RIVA - LUCY,1
,,FIL BO RIVA - HEAD SONATA,1
,,SHIFTY - SLIDE ALONG SIDE,1
,,MARTERIA - EULE,1
,,BROGEAL - FRIDAY ON MY MIND,1
,,SCREAMING FEMALES - MOURNING DOVE,1
,,THE DISTILLERS - DRAIN THE BLOOD,1
,,TARANJA WU - LEONORA,1
,,AURORA - CYNICAL MIND,1
,,AURORA - CONQUEROR,1
,,AURORA - DAYDREAMER,1
,,AURORA - CURE FOR ME,1
,,AURORA - WARRIOR,1
,,AURORA - THE CONFLICT OF THE MIND,1
,,AURORA - YOUR BLOOD,1
,,MICHAEL KIWANUKA - LOTUS,1
,,MICHAEL KIWANUKA - ONE MORE NIGHT,1
,,MICHAEL KIWANUKA - LOVE & HATE,1
,,YUSSEF DAYES - LOTUS,1
,,BADBADNOTGOOD - I DON'T KNOW,1
,,SAMUEL T. HERRING - I DON'T KNOW,1
,,DANGER MOUSE - WONDER,1
,,MORMOR - WONDER,1
,,BIG SPECIAL - HUG A BASTARD.,1
,,LAS PALABRAS - BABY BRAZIL,1
,,REYNA TROPICAL - LO SIENTO,1
,,OVERMONO - GOOD LIES,1
,,THE NATIONAL - BLOODBUZZ OHIO,1
,,UV-TV - DISTANT LULLABY,1
,,XTC - STATUE OF LIBERTY,1
,,IBIBIO SOUND MACHINE - PULL THE ROPE,1
,,BAND OF HORSES - THE FIRST SONG,1
,,BAND OF HORSES - CRUTCH,1
,,TEGAN AND SARA - NINTEEN,1
,,ISELIN SOLHEIM - FADED,1
,,FRANKIE GOES TO HOLLYWOOD - TWO TRIBES,1
,,FRANKIE GOES TO HOLLYWOOD - THE POWER OF LOVE,1
,,LOS DEL RÍO - MACARENA,1
,,ORISHAS - QUE PASA,1
,,JOHNNY CASH - PERSONAL JESUS,1
,,JOHNNY CASH - FOLSOM PRISON BLUES,1
,,JOHNNY CASH - WANTED MAN,1
,,JOHNNY CASH - JOHNNY 99,1
,,JOHNNY CASH - I WON'T BACK DOWN,1
,,LL COOL J - PHENOMENON,1
,,ROONEY - WHEN DID YOUR HEART GO MISSING,1
,,LAUV - I'M SO TIRED...,1
,,TROYE SIVAN - I'M SO TIRED...,1
,,AYU - STRIKING MATCHES,1
,,TOO MAD - COME WITH ME,1
,,DARIO G - REAL LOVE X SUNCHYME,1
,,THE SMILE - THE SLIP,1
,,WATER FROM YOUR EYES - PLAYLING CLASSICS,1
,,BAR ITALIA - FUNDRAISER,1
,,SECRET WORLD - GOOD FAITH,1
,,BEATSTEAKS - MILK & HONEY,1
,,BEATSTEAKS - KOMMANDO SUNSHINE,1
,,BEATSTEAKS - THE LUNATICS (HAVE TAKEN OVER THE ASYLUM),1
,,MADNESS - IT MUST BE LOVE,1
,,PAOLO NUTINI - THROUGH THE ECHOES,1
,,PAOLO NUTINI - NEW SHOES (ALBUM VERSION),1
,,KATRINA AND THE WAVES - WALKING ON SUNSHINE,1
,,DELINQUENT HABITS - TRES DELINQUENTES,1
,,TACABRO - TACATÀ,1
,,OSCAR FARRELL - SO FAR SOUTH,1
,,YAYA BEY - DREAM GIRL,1
,,AUTOMATIC - IS IT NOW?,1
,,RILO KILEY - THE EXECUTION OF ALL THINGS,1
,,AMBER MARK - LET ME LOVE YOU,1
,,AMBER MARK - MIXER,1
,,AMBER MARK - GENEROUS,1
,,CROSBY - JUST A SONG BEFORE I GO,1
,,CROSBY - CHIPPIN' AWAY,1
,,CROSBY - SOUTHERN CROSS,1
,,STILLS - JUST A SONG BEFORE I GO,1
,,STILLS - CHIPPIN' AWAY,1
,,STILLS - SOUTHERN CROSS,1
,,NASH - JUST A SONG BEFORE I GO,1
,,NASH - CHIPPIN' AWAY,1
,,NASH - SOUTHERN CROSS,1
,,LOU BARLOW - OVER YOU,1
,,ELIO RICCA - THEY SAY THEY SAY,1
,,HOLLY HUMBERSTONE - DIVE,1
,,WANDA - JEDER KANN ES SEIN,1
,,"WANDA - 1, 2, 3, 4",1
,,WANDA - WIR SIND VERLOREN,1
,,WANDA - DIE STERNE VON ALTERLAA,1
,,MAVERICK SABRE - LET ME GO,1
,,MAVERICK SABRE - LOVING YOU,1
,,DIDO - SAND IN MY SHOES,1
,,JUSTIN JESSO - OVER YOU,1
,,DEICHKIND - LEIDER GEIL,1
,,DEICHKIND - LEIDER GEIL (LEIDER GEIL),1
,,DEICHKIND - REMMIDEMMI (YIPPIE YIPIIE YEAH),1
,,DEICHKIND - DINGE,1
,,DEICHKIND - LUFTBAHN,1
,,DEICHKIND - AUCH IM BENTLEY WIRD GEWEINT,1
,,DEICHKIND - DRUCKER,1
,,DEICHKIND - DENKEN SIE GROSS,1
,,SAMANTHA J - CHEERLEADER,1
,,ATC - AROUND THE WORLD (LA LA LA LA LA),1
,,THE GHOSTS - STAY THE NIGHT,1
,,REO SPEEDWAGON - KEEP ON LOVIN YOU,1
,,REO SPEEDWAGON - TAKE IT ON THE RUN,1
,,SAM RYDER - YOU'VE GOT THE LOVE,1
,,DIANA ROSS - TURN UP THE SUNSHINE,1
,,DIANA ROSS - I'M COMING OUT,1
,,DIANA ROSS - THE BOSS,1
,,DIANA ROSS - MUSCLES,1
,,DIANA ROSS - MY OLD PIANO,1
,,DIANA ROSS - STOP! IN THE NAME OF LOVE,1
,,DIANA ROSS - WHY DO FOOLS FALL IN LOVE,1
,,DIANA ROSS - AIN'T NO MOUNTAIN HIGH ENOUGH,1
,,MANESKIN - THE LONELIEST,1
,,SIGALA - RIPTIDE,1
,,SIGALA - SWEET LOVIN',1
,,ARMIN VAN BUUREN - THIS IS IT WHAT IT FEELS LIKE,1
,,TREVOR GUTHRIE - THIS IS IT WHAT IT FEELS LIKE,1
,,LEN - STEAL MY SUNSHINE,1
,,HYPHEN HYPHEN - LONELY BABY,1
,,ZANUSSI DJ - SRF 3 MINIMIX,1
,,SAFRI DUO - PLAYED-A-LIVE,1
,,SAFRI DUO - PLAYED A LIVE,1
,,SAFRI DUO - HELELE,1
,,ONE-T AND COOL-T - THE MAGIC KEY,1
,,THE PRETENDERS - BRASS IN POCKET,1
,,THE PRETENDERS - I'LL STAND BY YOU,1
,,ETERNAL - DON'T YOU LOVE ME?,1
,,BELL BOOK AND CANDLE - RESCUE ME,1
,,SHAKESPEARS SISTER - HELLO,1
,,FILTER - TAKE A PICTURE,1
,,CIAN DUCROT - I'LL BE WAITING,1
,,CIAN DUCROT - THE BOOK OF LOVE,1
,,JOY DENALANE - ALLES LEUCHTET,1
,,LADY BLACKBIRD - WOMAN,1
,,C AND C MUSIC FACTORY - GONNA MAKE YOU SWEAT,1
,,NATEL - BELLEVUE,1
,,DAMSO - TU ME RENDS BÊTE,1
,,YLL LIMANI - LARG,1
,,EAZ - 100X,1
,,OEHL - KERAMIK,1
,,OEHL - SCHÖNLAND,1
,,OEHL - ÜBER NACHT,1
,,OEHL - WEITERGEHEN,1
,,OEHL - RUH,1
,,OEHL - WOLKEN,1
,,OEHL - KEINE ANGST,1
,,WYATT FLORES - HOW TO SAVE A LIFE,1
,,TOM JONES - SEX BOMB,1
,,BAHAMAS - LOST IN THE LIGHT,1
,,HERBIE HANCOCK - STARS IN YOUR EYES,1
,,LIVING COLOUR - SOLACE OF YOU,1
,,LIVING COLOUR - CULT OF PERSONALITY,1
,,MAD HONEY - TREASURE EVERY SUNSET,1
,,C. TANGANA - ME MATEN,1
,,GEORGE BENSON - BENSON'S GHETTO,1
,,GEORGE BENSON - LOVE X LOVE,1
,,GEORGE BENSON - THE GHETTO,1
,,GEORGE BENSON - GIVE ME THE NIGHT,1
,,MSOKE - MODIFIED VIBRATION,1
,,SLOW PULP - SLUGS,1
,,JOYER - CURE,1
,,FROST CHILDREN - WHAT IS FOREVER FOR,1
,,GUERILLA TOSS - FAMOUSLY ALIVE,1
,,GUERILLA TOSS - LIFE'S A ZOO,1
,,PINKPANTHERESS - TONIGHT,1
,,PINKPANTHERESS - BBYCAKES,1
,,PINKPANTHERESS - JUST FOR ME,1
,,PINKPANTHERESS - PICTURE IN MY MIND,1
,,CLIPPING - NIGHT OF HEAVEN,1
,,COUNTERFEIT MADISON - NIGHT OF HEAVEN,1
,,KID KOALA - NIGHT OF HEAVEN,1
,,ANNAHSTASIA - SILK AND VELVET,1
,,MARUJA - BREAK THE TENSION,1
,,UZI FREYJA - BLACK,1
,,STEAM DOWN - FREE MY SKIN,1
,,OG FLORIN - INFINI,1
,,OG FLORIN - RACKS,1
,,MELODIESINFONIE - INFINI,1
,,BUDS - INFINI,1
,,ANTONY SZMIEREK - ROCK & A CALM PLACE,1
,,STILLER HAS - ZNÜNI NÄH,1
,,PLACEBO - THE BITTER END,1
,,PLACEBO - SHOUT,1
,,FALL OUT BOY - THANKS FOR THE MEMORIES,1
,,FALL OUT BOY - I DON'T CARE,1
,,FALL OUT BOY - WE DIDN'T START THE FIRE,1
,,ALL SAINTS - NEVER EVER,1
,,ALL SAINTS - ROCK STEADY,1
,,ARTFUL DODGER - RE-REWIND,1
,,JOHN WILLIAMS - THEME FROM JURASSIC PARK (INSTR.),1
,,FUNKY GREEN DOGS - FIRED UP!,1
,,MARIE DAVIDSON - WORK IT,1
,,FREDDIE GIBBS - ENSALADA,1
,,THE ALCHEMIST - ENSALADA,1
,,ANDERSON.PAAK - ENSALADA,1
,,CATE LE BON - IS IT WORTH IT ?,1
,,CLEO REED - WOMEN AT WAR,1
,,ELIE ZOÉ - SHIFTING FORMS,1
,,SPRINTS - RAGE,1
,,GOLOMB - REAL POWER,1
,,DIRTY SOUND MAGNET - DEAD INSIDE,1
,,RYAN DAVIS AND THE ROADHOUSE BAND - MONTE CARLO / NO LIMITS,1
,,SILVER JEWS - PUNKS IN THE BEERLIGHT,1
,,JET - ARE YOU GONNA BE MY GIRL?,1
,,"JAN DELAY A. K. A. EISSFELDT - IRGENDWIE, IRGENDWO, IRGENDWANN",1
,,EDITORS - A TON OF LOVE,1
,,ADAM CLAYTON - THEME FROM MISSION IMPOSSIBLE,1
,,LARRY MULLEN - THEME FROM MISSION IMPOSSIBLE,1
,,CALANDABOI - HOME,1
,,BIBA - HOME,1
,,JULIAN PFÖRTNER - NEVER HITS YOU TWICE,1
,,LYAM - OUTSPOKEN,1
,,REDNEX - THE SPIRIT OF THE HAWK,1
,,LUDACRIS - BABY,1
,,KERI HILSON AND D.O.E - THE WAY I ARE,1
,,CACHITA - PAPER HEART,1
,,CACHITA - RACKS,1
,,LUUK - MATCH,1
,,LUUK - RACKS,1
,,LUUK - WO ICH HERCHUME,1
,,LLOYD COLE - PERFECT SKIN,1
,,AKON - SEXY BITCH,1
,,AKON - RIGHT NOW (NA NA NA),1
,,FRESHLYGROUND - WAKA WAKA,1
,,COOLIO AND L.V - GANGSTA'S PARADISE,1
,,OLYMPIC ANTIGUA - MR. PREACHER,1
,,TRAKTORKESTAR - LOST BOY & SUICIDE GIRL,1
,,SIMON JAEGGI - LOST BOY & SUICIDE GIRL,1
,,OTIS JUNIOR - LISTEN,1
,,DJANE NORDLICHT - SRF 3 MINIMIX,1
,,ALESSO - HEROES,1
,,CECE PENISTON - FINALLY '97,1
,,MARSHALL JEFFERSON - MOVE YOUR BODY,1
,,SOLARDO - MOVE YOUR BODY,1
,,CHRIS MALINCHAK - SO GOOD TO ME,1
,,WAS (NOT WAS) - WALK THE DINOSAUR,1
,,WANZ - THRIFT SHOP,1
,,HERBERT GRÖNEMEYER - FLIEG,1
,,HERBERT GRÖNEMEYER - CURRYWURST,1
,,HERBERT GRÖNEMEYER - VOLLMOND,1
,,HERBERT GRÖNEMEYER - DEMO (LETZTER TAG) (LIVE),1
,,"HERBERT GRÖNEMEYER - DA DA DA (ICH LIEB DICH NICHT, DU LIEBST MICH NICHT, AHA, AHA, AHA)",1
,,HERBERT GRÖNEMEYER - TAXI EUROPA,1
,,IRINA MOSSI - LOVE OF A WOMAN,1
,,THIRTY-THR33 - DANCING ON MY OWN,1
,,JOHN - IF YOU REALLY LOVE ME (HOW WILL I KNOW),1
,,RONAN KEATING - LOVIN' EACH DAY,1
,,RONAN KEATING - LOVIN' EACH DAY (LOVING EACH DAY),1
,,LENA - TRAFFIC LIGHTS,1
,,LENA - FÜR IMMER,1
,,LENA - WENN DU WEINST,1
,,LENA - ROSAROT,1
,,RICHARD MARX - HAZARD,1
,,ÄRZTE - LASSE REDN,1
,,BONNIE TYLER - BITTERBLUE,1
,,P!NK - WALK ME HOME,1
,,P!NK - JUST GIVE ME A REASON,1
,,P!NK - SO WHAT,1
,,P!NK - U   UR HAND,1
,,P!NK - CAN WE PRETEND,1
,,YOUNOTUS - PLEASE TELL ROSIE,1
,,YOUNOTUS - ONLY THING WE KNOW,1
,,YOUNOTUS - MIDNIGHT LOVER,1
,,SDP - ICH WILL NUR DASS DU WEISST,1
,,SDP - ZUSAMMEN (NO INTRO),1
,,RICK ASTLEY - SLEEPING,1
,,BEYONCÉ - SWEET DREAMS,1
,,BEYONCÉ - TELEPHONE,1
,,BEYONCÉ - JOLENE,1
,,BEYONCÉ - FEVER,1
,,CHARLES - N.Y.C. (CAN YOU BELIEVE THIS CITY?),1
,,EDDIE - N.Y.C. (CAN YOU BELIEVE THIS CITY?),1
,,LISA STANSFIELD - PEOPLE HOLD ON,1
,,"LISA STANSFIELD - NEVER, NEVER GONNA GIVE YOU UP",1
,,LISA STANSFIELD - CHANGE,1
,,LISA STANSFIELD - NEVER EVER,1
,,DJ JAZZY JEFF - THE FRESH PRINCE OF BEL AIR THEME,1
,,JAMES CARTER - WANNA DANCE,1
,,BOSSE - STEINE,1
,,BOSSE - AUGEN ZU MUSIK AN,1
,,BOSSE - FRANKFURT ODER,1
,,BOSSE - ALLES IST JETZT,1
,,BEACH BOYS - HOOK: BEACH BOYS - I GET AROUND,1
,,CLIMIE FISHER - RISE TO THE OCCASION,1
,,MEAT LOAF - PARADISE BY THE DASHBOARD LIGHT,1
,,MEAT LOAF - BAT OUT OF HELL,1
,,MEAT LOAF - YOU TOOK THE WORDS RIGHT OUT OF MY MOUTH  (HOT SUMMER NIGHT),1
,,DOECHII - EXTRAL,1
,,DOECHII - PERSUASIVE,1
,,MIKE OLDFIELD - FIVE MILES OUT,1
,,DONNA SUMMER - ON THE RADIO (LONG VERSION),1
,,DONNA SUMMER - BAD GIRLS,1
,,RIGHT SAID FRED - WHERE DO YOU GO TO MY LOVELY?,1
,,RIGHT SAID FRED - I'M TOO SEXY,1
,,REAMONN - ANGELS FLY,1
,,REAMONN - THROUGH THE EYES OF A CHILD (RADIO VERSION),1
,,REAMONN - MILLION MILES,1
,, - THINK OF ME,1
,, - LOCO CONTIGO,1
,, - HOT2TOUCH,1
,," - TITELMUSIK ""SENDUNG MIT DER MAUS""",1
,, - HOOKMB VAITIMBORA (STRUNK CUT),1
,, - SPONGEBOB HINTERGRUND MUSIK,1
,," - ATMO GEWITTER, DONNER, BLITZ, REGEN",1
,, - DJN FUN SDR NICO SCHMIDT 1,1
,, - DJN FUN SDR NICO SCHMIDT 3,1
,, - DJN FUN SDR NICO SCHMIDT 11,1
,, - HOOK GHOSTBUSTERS,1
,, - HOOKTEASING / INNER CIRCLE / GAMES PEOPLE PLAY,1
,, - HOOK COLDPLAY PARADISE,1
,, - SFX BLITZER,1
,,BILLY JOEL - A MATTER OF TRUST,1
,,BILLY JOEL - SHE'S ALWAYS A WOMAN,1
,,BILLY JOEL - PIANO MAN,1
,,BILLY JOEL - MOVIN' OUT (ANTHONY'S SONG),1
,,BILLY JOEL - IT'S STILL ROCK AND ROLL TO ME,1
,,FALCO - HOCH WIE NIE,1
,,FALCO - OUT OF THE DARK (INTO THE LIGHT),1
,,FALCO - THE SOUND OF MUSIK,1
,,FALCO - ROCK ME AMADEUS (IHN LIEBTEN ALLE FRAUEN),1
,,FALCO - JEANNY (PART 1),1
,,FALCO - JUNGE RÖMER,1
,,ONE REPUBLIC - RUN,1
,,GLASPERLENSPIEL - GEILES LEBEN 2025,1
,,SOFT CELL - TAINTED LOVE '91 (SOFT CELL:) TAINTED LOVE,1
,,U 2 - ONE,1
,,UB 40 - HIGHER GROUND,1
,,UB 40 - (I CAN'T HELP) FALLING IN LOVE WITH YOU,1
,,UB 40 - I'LL BE YOUR BABY TONIGHT,1
,,UB 40 - CAN'T HELP FALLING IN LOVE,1
,,C - OUT OUT,1
,,C - GONNA MAKE YOU SWEAT,1
,,BLUE - RISE,1
,,BLUE - GET DOWN ON IT,1
,,MARQUESS - VAMOS A VOLAR,1
,,MARQUESS - CALLE DEL RITMO,1
,,MARQUESS - VAYAMOS COMPANEROS (RADIO EDIT),1
,,DJ JAZZY JEFF AND THE FRESH PR - SUMMERTIME,1
,,NO ANGELS - SOMEDAY,1
,,NO ANGELS - SOMETHING ABOUT US,1
,,MOSS KENA - AIN'T THE SAME,1
,,LIGHTHOUSE FAMILY - AIN'T NO SUNSHINE,1
,,LIGHTHOUSE FAMILY - QUESTION OF FAITH,1
,,SCORPIONS - SEND ME AN ANGEL,1
,,SCORPIONS - HOLIDAY,1
,,ACDC - THUNDERSTRUCK,1
,,2 PAC - CALIFORNIA LOVE,1
,,J - REAL LOVE X SUNCHYME,1
,,RAMMSTEIN - ENGEL,1
,,PATRICE - SUNSHINE,1
,,MILK - HEY (NAH NEH NAH),1
,,MILK - LOVE IS IN THE AIR,1
,,BONEY M - RASPUTIN,1
,,BONEY M - MA BAKER,1
,,BONEY M - GOTTA GO HOME,1
,,BONEY M - BELFAST,1
,,RAINBIRDS - BLUEPRINT (SINGLE VERSION),1
,,THE WEEK - MOTH TO A FLAME,1
,,KOOL - PARTY PEOPLE,1
,,KOOL - HOLIDAY,1
,,KOOL - JUNGLE BOOGIE,1
,,THE GANG - PARTY PEOPLE,1
,,THE GANG - HOLIDAY,1
,,THE GANG - JUNGLE BOOGIE,1
,,EMILIA - BIG BIG WORLD (ALBUM-VERSION),1
,,NICK KAMEN - WIN YOUR LOVE,1
,,PRINCE ITAL. JOE - HAPPY PEOPLE,1
,,LIONEL RICHIE - PENNY LOVER,1
,,LIONEL RICHIE - SE LA,1
,,LIONEL RICHIE - CINDERELLA,1
,,LIONEL RICHIE - STUCK ON YOU,1
,,DECLAN J DONOVAN - PERFECTLY IMPERFECT,1
,,NENA - ? (FRAGEZEICHEN),1
,,NENA - WUNDER GESCHEHN,1
,,NENA - LEUCHTTURM,1
,,NENA - LASS MICH DEIN PIRAT SEIN,1
,,NENA - ICH WERDE DICH LIEBEN,1
,,MR OIZO - FLAT BEAT,1
,,KRAFTKLUB - SONGS FUER LIAM,1
,,KRAFTKLUB - KARL-MARX-STADT,1
,,KRAFTKLUB - BLAUES LICHT,1
,,KRAFTKLUB - FAHR MIT MIR,1
,,GAMPER - GIMME! GIMME! GIMME!,1
,,DADONI - GIMME! GIMME! GIMME!,1
,,JAMIE FOXX - GRANDMA’S HANDS,1
,,LEVENT GEIGER - SANCTUARY,1
,,STATUS QUO - CAROLINE,1
,,STATUS QUO - MYSTERY SONG,1
,,STATUS QUO - MARGUERITA TIME,1
,,CULCHA CANDELA - SOMMA IM KIEZ,1
,,CULCHA CANDELA - HAMMA,1
,,SEAL - FLY LIKE AN EAGLE,1
,,SAVAGE GARDEN - I WANT YOU,1
,,SAVAGE GARDEN - CRASH AND BURN,1
,,L - FLOWERS,1
,,SASHA - ROOFTOP,1
,,JOSHUA KADISON - PAINTED DESERT SERENADE,1
,,JOSHUA KADISON - BEAUTIFUL IN MY EYES,1
,,ROBIN BECK - THE FIRST TIME,1
,,BEE GEES - TRAGEDY,1
,,BEE GEES - MORE THAN A WOMAN,1
,,BEE GEES - NIGHT FEVER,1
,,BEE GEES - HOW DEEP IS YOUR LOVE,1
,,BEE GEES - ONE,1
,,BEE GEES - BLUE ISLAND,1
,,BEE GEES - PAYING THE PRICE OF LOVE,1
,,BEE GEES - KISS OF LIFE,1
,,BEE GEES - JIVE TALKIN',1
,,CHRIS BROWN - DON'T WAKE ME UP,1
,,CHRIS BROWN - UMBRELLA,1
,,DR ALBAN - IT'S MY LIFE,1
,,ELLEY DUHÉ - FACE MYSELF,1
,,ELLEY DUHÉ - BAD MEMORIES,1
,,THE MAG - ALL MY LIFE,1
,,HIGHT - BEST LIFE,1
,,DAVE STEWART - HEART OF STONE,1
,,REVOLVERHELD - SPINNER,1
,,REVOLVERHELD - FREUNDE BLEIBEN,1
,,REVOLVERHELD - SOMMER IN SCHWEDEN,1
,,REVOLVERHELD - SPINNER (20 JAHRE VERSION),1
,,REVOLVERHELD - ICH LASS FÜR DICH DAS LICHT AN (20 JAHRE VERSION),1
,,REVOLVERHELD - LASS UNS GEHEN (20 JAHRE VERSION),1
,,REVOLVERHELD - DAS KANN UNS KEINER NEHMEN (20 JAHRE VERSION),1
,,MICHAEL SEMBELLO - AUTOMATIC MAN,1
,,MICHAEL SEMBELLO - MANIAC (FROM ''FLASHDANCE''),1
,,LMC VS U2 - TAKE ME TO THE CLOUDS ABOVE,1
,,CEE LO GREEN - FORGET YOU,1
,,WU TANG CLAN - GRAVEL PIT,1
,,SNAP! - THE POWER,1
,,ROZALLA - EVERYBODY'S FREE,1
,,ELLA RED - I LIKE YOU BEST (CLOUD 9 VERSION),1
,,CLOUDY JUNE - I LIKE YOU BEST (CLOUD 9 VERSION),1
,,MIKE - SILENT RUNNING,1
,,MIKE - A BEGGAR ON A BEACH OF GOLD,1
,,MIKE - NOW THAT YOU'VE GONE,1
,,THE MECHANICS - SILENT RUNNING,1
,,THE MECHANICS - A BEGGAR ON A BEACH OF GOLD,1
,,THE MECHANICS - NOW THAT YOU'VE GONE,1
,,ROBERTO BATES - WILD AT HEART,1
,,VIOLA - WILD AT HEART,1
,,TEN CC - DREADLOCK HOLIDAY,1
,,WET WET WET - SWEET LITTLE MYSTERY,1
,,WET WET WET - ANGEL EYES (HOME AND AWAY),1
,,ULTRAVOX - VIENNA (SINGLE VERSION),1
,,V - TURN ME ON,1
,,V - WANNA DANCE,1
,,J BALVIN - SI TE VAS,1
,,LUNCHMONEY LEWIS - WHIP IT!,1
,,LUNCHMONEY LEWIS - BILLS,1
,,CHLOE A - WHIP IT!,1
,,MØ - NOSTALGIA,1
,,DJ SNAK - LEAN ON,1
,,"CIARA - 1, 2 STEP",1
,,DRENCHILL - FREED FROM DESIRE,1
,,INDIIANA - FREED FROM DESIRE,1
,,MONTEZ - ZUSAMMEN (NO INTRO),1
,,ELIF - ZUSAMMEN (NO INTRO),1
,,KONTRA K - ZUSAMMEN (NO INTRO),1
,,MR. BELT - IT'S NOT RIGHT (BUT IT'S OK),1
,,WEZOL - IT'S NOT RIGHT (BUT IT'S OK),1
,,NATALIA KILLS - MIRRORS,1
,,STYX - BABE,1
,,TOTEN HOSEN - HIER KOMMT ALEX,1
,,TOTEN HOSEN - ZEHN KLEINE JÄGERMEISTER,1
,,FA - GEILES LEBEN 2025,1
,,070 SHAKE - USE ME,1
,,CHRISTINA AGUIL - MOVES LIKE JAGGER,1
,,HUMAN LEAGUE - HUMAN,1
,,LAS KETCHUP - THE KETCHUP SONG,1
,,THE POLICE - KING OF PAIN,1
,,THE POLICE - MESSAGE IN A BOTTLE,1
,,THE POLICE - ROXANNE,1
,,KELLY ROWLA - WHEN LOVE TAKES OVER,1
,,BEAT SYSTEM - FRESH,1
,,GERI HALLIWELL - IT'S RAINING MEN,1
,,REAL MCCOY - ANOTHER NIGHT,1
,,LUNIZ' - I GOT 5 ON IT,1
,,NO MERCY - PLEASE DON'T GO,1
,,NO MERCY - MISSING (I MISS YOU LIKE THE DESERTS MISS THE RAIN),1
,,MÅNESKIN - BEGGIN,1
,,MÅNESKIN - ZITTI E BUONI,1
,,MÅNESKIN - HONEY ARE YOU COMING,1
,,CEASARS - JERK IT OUT,1
,,TOM JONES AND MOUSSE T - SEX BOMB,1
,,ODYSSEY - NATIVE NEW YORKER,1
,,LMFAO - SEXY AND I KNOW IT,1
,,GESTÖRT ABER GEIL - UNTER MEINER HAUT,1
,,GESTÖRT ABER GEIL - BLUEPRINT (SUMMER),1
,,KOBY F - UNTER MEINER HAUT,1
,,CAPTAIN JACK - CAPTAIN JACK,1
,,FRENCH MONT - TIP TOE,1
,,PUSSYCAT DOLLS - BUTTONS,1
,,PUSSYCAT DOLLS - DON'T CHA,1
,,LUXUSLÄRM - 1000 KILOMETER BIS ZUM MEER,1
,,FERGIE - A LITTLE PARTY NEVER KILLED NOBODY (ALL WE GOT),1
,,FERGIE - LONDON BRIDGE,1
,,ELLA EYRE - DEEP DOWN,1
,,JESS GLYNN - MY LOVE,1
,,DAT NIGGA DAZ - GIN AND JUICE,1
,,GEIER STURZFLUG - BRUTTOSOZIALPRODUKT,1
,,JEREMY DAYS - BRAND NEW TOY,1
,,B DEVOTION - SPACER,1
,,DÖF - CODO,1
,,TRANS X - LIVING ON VIDEO,1
,,COLDCUT - PEOPLE HOLD ON,1
,,FAT BOYS - THE TWIST!,1
,,CHUBBY CHECKER - THE TWIST!,1
,,INNER CITY - BIG FUN,1
,,SISTERS OF MERCY - TEMPLE OF LOVE,1
,,ERSTE ALLGEMEINE VERUNSICHERUN - KÜSS' DIE HAND SCHÖNE FRAU,1
,,MARKUS - ICH WILL SPASS,1
,,KLAUS LAGE - FAUST AUF FAUST,1
,,KLAUS LAGE - ICH BLEIB DIESEN SOMMER ZU HAUS,1
,,KLAUS LAGE - MONOPOLI,1
,,CLASH - SHOULD I STAY OR SHOULD I GO,1
,,DON JOHNSON - HEARTBEAT,1
,,MEL - RESPECTABLE,1
,,KIM - RESPECTABLE,1
,,BAP - HUNGRY HEART,1
,,BAP - WIE 'NE STEIN,1
,,BAP - ALLES EM LOT,1
,,BROS - WHEN WILL I BE FAMOUS,1
,,SPIDER MURPHY GANG - SCH-BUM ('S LEB'N IS WIAR A TRAUM),1
,,HELEN SCHNEIDER - ROCK'N'ROLL GYPSY (ROCK'N'ROLL OUTLAW),1
,,SANDRA - MARIA MAGDALENA,1
,,SANDRA - INNOCENT LOVE,1
,,SANDRA - SECRET LAND,1
,,SANDRA - JAPAN IST WEIT,1
,,SANDRA - IN THE HEAT OF THE NIGHT (SINGLE VERSION),1
,,MR PRESIDENT - COCO JAMBOO,1
,,CELINE DION - MY HEART WILL GO ON,1
,,CELINE DION - A NEW DAY HAS COME,1
,,OFFSPRING - PRETTY FLY (FOR A WHITE GUY),1
,,OFFSPRING - SELF ESTEEM,1
,,DAVID HASSELHOFF - DO THE LIMBO DANCE,1
,,EMILY RO - BITTERSWEET SYMPHONY,1
,,F - LIGHT IT UP (REMIX),1
,,DIE ATZEN - DAS GEHT AB,1
,,LUMIDEE - NEVER LEAVE YOU,1
,,LEA - 110 (PROLOG),1
,,LEA - SCHWARZ,1
,,SUGARHILL GANG - RAPPERS DELIGHT,1
,,SUGARHILL GANG - RAPPER'S DELIGHT,1
,,COREY HART - THIRD OF JUNE,1
,,HYPNOSIS - PULSTAR,1
,,HAROLD FALTERMEYER - AXEL F,1
,,KLF - JUSTIFIED AND ANCIENT,1
,,TONE-LOC - FUNKY COLD MEDINA,1
,,PAUL HARDCASTLE - 19,1
,,PAUL HARDCASTLE - 19 (NINETEEN),1
,,RIO REISER - JUNIMOND,1
,,DR - SPIRIT IN THE SKY,1
,,SISTER SLEDGE - FRANKIE,1
,,RUN D.M.C. VS. JASON NEVINS - IT'S LIKE THAT,1
,,"ROBIN THICKE, - I DON'T LIKE IT, I LOVE IT",1
,,C MUSIC FACTORY - GONNA MAKE YOU SWEAT,1
,,KIESZA - HIDEAWAY,1
,,BLACK BOX - FANTASY,1
,,R.I.O - TURN THIS CLUB AROUND,1
,,PHAR - BLURRED LINES,1
,,THE CATARACS - HEY NOW,1
,,KRIS - DIESE TAGE,1
,,2245 UHR - BMO 40 JAHRE KATE BUSH - RUNNING UP THAT HILL   FO,1
,,05.08.2025 - BMO 40 JAHRE KATE BUSH - RUNNING UP THAT HILL   FO,1
,,ROE BYRNE - ALL I WANTED,1
,,NENÉ VASQUEZ - CALLE DEL RITMO,1
,,BRYN C - NO THERAPY,1
,,MICHAEL BUBLÉ - SPICY MARGARITA,1
,,FLORENCE - EVERYBODY SCREAM,1
,,FLORENCE - DOG DAYS ARE OVER,1
,,THE MACHINE - EVERYBODY SCREAM,1
,,THE MACHINE - DOG DAYS ARE OVER,1
,,LUVCAT - BLUSHING,1
,,SCRIPT - HALL OF FAME,1
,,JONAS; JACK - RISE,1
,,RUN-D.M.C - IT'S LIKE THAT,1
,,SIGRID - STRANGERS,1
,,SIGRID - HOOK: SIGRID - DON'T KILL MY VIBE,1
,,LA VISION; AGOSTINO - HOLLYWOOD,1
,,GIGI D' - HOLLYWOOD,1
,,RICCHI E POVERI - SARÀ PERCHÉ TI AMO,1
,,LADY ANTEBELLUM - OCEAN,1
,,THE CORRS - THE RIGHT TIME,1
,,THE CORRS - DREAMS,1
,,ALIZÉE - J'EN AI MARRE!,1
,,SKUTH - ZU DEN ANDEREN (UNPLUGGED),1
,,SKUTH - PANIK,1
,,SKUTH - NORDPOL (UNPLUGGED),1
,,RICHARD ASHCROFT - A SONG FOR THE LOVERS,1
,,MIKE PERRY - THE OCEAN,1
,,SHY MARTIN - THE OCEAN,1
,,BLACK EYED PEAS - XOXOXO,1
,,BLACK EYED PEAS - DON'T PHUNK WITH MY HEART,1
,,'N SYNC - TEARING UP MY HEART,1
,,THE WAILERS - JAMMING,1
,,SALT'N PEPA - WHATTA MAN,1
,,M.A. (MAGIC AFFAIR) - OMEN III,1
,,THE BEAT SHAKERS - MA CHÉRIE,1
,,BAG RAIDERS - HOW LONG,1
,,SILBERMOND - AUF AUF,1
,,"SCOOTER - HYPER, HYPER",1
,,LOV1 - SOMMARKATT,1
,,SADE - THE SWEETEST TABOO,1
,,SADE - WHY CAN'T WE LIVE TOGETHER,1
,,MANÁ - LLUVIA AL CORAZÓN,1
,,COMMODORES - ZOOM,1
,,COMMODORES - THREE TIMES A LADY,1
,,DOMINIC FIKE - TERMS,1
,,01099 - LAUFEN,1
,,01099 - 25GRAD,1
,,LIVE - LIGHTNING CRASHES,1
,,LIVE - SELLING THE DRAMA,1
,,ADDYS D'MERCEDES - SABADO ROTO,1
,,BABYLON ZOO - SPACEMAN,1
,,BABY K - ROMA - BANGKOK,1
,,PUR - LENA,1
,,PUR - EIN GRAUES HAAR,1
,,THE KLF - 3 A.M. ETERNAL,1
,,BEN L'ONCLE SOUL - OTHERSIDE,1
,,SARAH CONNOR - SPINNA,1
,,SARAH CONNOR - BEDINGUNGSLOS,1
,,SARAH CONNOR - BYE BYE,1
,,NORAH JONES - COME AWAY WITH ME,1
,,THUNDER JACKSON - IN THE MOVIES (LYRIX-VERSION),1
,,EZIO - THE FURTHER WE STRETCH,1
,,THE PRICK; SCHULZ - PRAYER IN C,1
,,ROBIN - PRAYER IN C,1
,,LAURA PAUSINI - NON È DETTO,1
,,LAURA PAUSINI - PRIMAVERA IN ANTICIPO (IT IS MY SONG),1
,,LAURA PAUSINI - NON C'È / SE FUÉ,1
,,WEEKND - CREEPIN',1
,,WEEKND - TAKE MY BREATH,1
,,ÁLVARO SOLER - EL MISMO SOL,1
,,BANGLES - MY SIDE OF THE BED,1
,,POISON - NOTHIN' BUT A GOOD TIME,1
,,SANTIGOLD - SHOVE IT,1
,,METRO BOOMIN - JUST LIKE ME,1
,,21 SAVAGE - JUST LIKE ME,1
,,CHRISTOPHE MAÉ - ON S'ATTACHE,1
,,SONAM WANGCHEN - NYINGTHUENMA,1
,,CHOGO - NYINGTHUENMA,1
,,GIBONNI - U LJUBAV VJERE NEMAM,1
,,OLIVER DRAGOJEVIC - U LJUBAV VJERE NEMAM,1
,,"ISRAEL ""IZ"" KAMAKAWIWO'OLE - SOMEWHERE OVER THE RAINBOW / WHAT A WONDERFUL WORLD",1
,,PROVINZ - 17 FÜR IMMER,1
,,PAUL YOUNG - NOW I KNOW WHAT MADE OTIS BLUE,1
,,SOFIYA NZAU - KUMBAYA,1
,,MANFRED MANN'S EARTH BAND - QUESTIONS,1
,,MANFRED MANN'S EARTH BAND - DAVY'S ON THE ROAD AGAIN,1
,,JAMIE LAWSON - WASN'T EXPECTING THAT,1
,,JAMIE LAWSON - SOMEONE FOR EVERYONE,1
,,MICK JAGGER - LET'S WORK,1
,,MICK JAGGER - DANCING IN THE STREET,1
,,COLOR ME BADD - I WANNA SEX YOU UP,1
,,CHARMING HORSES - IF ONLY I COULD,1
,,LUVRE - IF ONLY I COULD,1
,,PRINCE AND THE REVOLUTION - AMERICA,1
,,KC AND THE SUNSHINE BAND - I'M YOUR BOOGIE MAN,1
,,GUNS'N'ROSES - SWEET CHILD O' MINE,1
,,GUNS'N'ROSES - ROCKET QUEEN,1
,,GUNS'N'ROSES - LIVE AND LET DIE,1
,,GUNS'N'ROSES - NIGHTTRAIN,1
,,BOOMDABASH - KARAOKE,1
,,ALESSANDRA AMOROSO - KARAOKE,1
,,ZION Y  LENNOX - SÚBEME LA RADIO,1
,,FARIN URLAUB RACING TEAM - ZU HEISS,1
,,CULTURED PEARLS - JUST TO LET YOU KNOW,1
,,SAM SPARRO - BLACK AND GOLD,1
,,GRETA - ONLY FRIENDS,1
,,EARTH - BOOGIE WONDERLAND,1
,,EARTH - SHINING STAR,1
,,WIND - BOOGIE WONDERLAND,1
,,WIND - SHINING STAR,1
,,FIRE - SHINING STAR,1
,,ZERB - KUMBAYA,1
,,ZERB - ADDICTED,1
,,STRVY - POSITIONS,1
,,TY DOLLA $IGN - VIBE LIKE THIS,1
,,SCISSOR SISTERS - I DON'T FEEL LIKE DANCIN',1
,,SCISSOR SISTERS - LAND OF A THOUSAND WORDS,1
,,JEWEL - FOOLISH GAMES,1
,,JEWEL - YOU WERE MEANT FOR ME,1
,,ICH + ICH - UNIVERSUM (SINGLE VERSION),1
,,ICH + ICH - NICHTS BRINGT MICH RUNTER,1
,,CARMEN CONSOLI - IL CONFORTO,1
,,DAUGHTRY - THE BOTTOM,1
,,DAUGHTRY - SEPARATE WAYS (WORLDS APART),1
,,CHRIS REA - THE BLUE CAFÉ,1
,,CHRIS REA - I DON'T KNOW WHAT IT IS (BUT I LOVE IT),1
,,IZZY BIZU - KUMBAYA,1
,,IZZY BIZU - MG,1
,,IZZY BIZU - LIGHTS ON,1
,,JONATHAN JEREMIAH - MOUNTAIN,1
,,BLINK 182 - CALIFORNIA,1
,,EXTREME - MORE THAN WORDS (REMIX),1
,,EXTREME - RISE,1
,,ARCADE FIRE - EVERYTHING NOW,1
,,BANANAFISHBONES - EASY DAY,1
,,ORF VIENNA RADIO SYMPHONY ORCHESTRA - STOLEN DANCE,1
,,MEN WITHOUT HATS - SAFETY DANCE,1
,,COMMON LINNETS - JOLENE,1
,,SHIVAREE - GOODNIGHT MOON,1
,,HUEY LEWIS - IT HIT ME LIKE A HAMMER,1
,,HUEY LEWIS - THE HEART OF ROCK'N'ROLL,1
,,HUEY LEWIS - HONKY TONK BLUES,1
,,THE NEWS - IT HIT ME LIKE A HAMMER,1
,,THE NEWS - THE HEART OF ROCK'N'ROLL,1
,,THE NEWS - HONKY TONK BLUES,1
,,SOUL II SOUL - BACK TO LIFE,1
,,DIODATO - FAI RUMORE,1
,,BRYAN ADAMS AND TINA TURNER - IT'S ONLY LOVE,1
,,SPEARHEAD - THE SOUND OF SUNSHINE,1
,,GLENN FREY - YOU BELONG TO THE CITY,1
,,"GLENN FREY - PART OF ME, PART OF YOU",1
,,GARY BARLOW - FOREVER LOVE,1
,,RUEL - I CAN DIE NOW,1
,,ICH UND ICH - PFLASTER,1
,,"JOEL ""JOJO"" HAILEY - ALL MY LIFE",1
,,"JOHN ""COUGAR"" MELLENCAMP - HURTS SO GOOD",1
,,SOURCE - YOU GOT THE LOVE,1
,,JIMMY MARTIN - LOVE SOMEBODY,1
,,BOB SEGER - LIKE A ROCK,1
,,BOB SEGER - WE'VE GOT TONIGHT,1
,,JAMIE CULLUM - DON'T STOP THE MUSIC,1
,,SLIPKNOT - THE DEVIL IN I,1
,,BEN - ENGEL,1
,,GIM - ENGEL,1
,,EAMON - FUCK IT (I DON'T WANT YOU BACK),1
,,FAT JOE - WHAT'S LUV,1
,,ASHANTI - WHAT'S LUV,1
,,PAUL SIMON - ONE-TRICK PONY,1
,,ROSE VILLAIN - COME UN TUONO,1
,,GUÈ - COME UN TUONO,1
,,CREME 21 - WANN WIRD'S MAL WIEDER RICHTIG SOMMER?,1
,,GARY MOORE - FRIDAY ON MY MIND,1
,,ANNENMAYKANTEREIT - POCAHONTAS,1
,,ANNENMAYKANTEREIT - TOM’S DINER,1
,,ANNENMAYKANTEREIT - NUR WEGEN DIR,1
,,ANNENMAYKANTEREIT - TOM'S DINER,1
,,ANNENMAYKANTEREIT - OFT GEFRAGT,1
,,STEVE WINWOOD - ROLL WITH IT,1
,,ORCHESTRAL MANOEUVRES IN THE DARK - IF YOU LEAVE,1
,,THE BLUE BOY - REMEMBER ME,1
,,CHERYL COLE - FIGHT FOR THIS LOVE,1
,,LEVEL 42 - RUNNING IN THE FAMILY,1
,,URING MANÁ - CORAZON ESPINADO,1
,,PAULA COLE - WHERE HAVE ALL THE COWBOYS GONE?,1
,,QUAVO - TOUGH,1
,,JAY WHEELER - SI TE VAS,1
,,LIL' KIM - LADY MARMALADE (VOULEZ-VOUS COUCHER AVEC MOI CE  SOIR),1
,,LIL' KIM - GET DOWN ON IT,1
,,SEFO - YERINDE DUR,1
,,SEFO - YERINDE DUR - REMIX,1
,,DEMET AKALIN - YERINDE DUR,1
,,DEMET AKALIN - YERINDE DUR - REMIX,1
,,FIVE FOR FIGHTING - SUPERMAN (IT'S NOT EASY),1
,,GINO VANNELLI - BLACK CARS,1
,,JOHN OATES - OUT OF TOUCH,1
,,SEMISONIC - CLOSING TIME,1
,,LAST DINNER PARTY - NOTHING MATTERS,1
,,LAST DINNER PARTY - THIS IS THE KILLER SPEAKING,1
,,JIMMY SOMERVILLE - COMMENT TE DIRE ADIEU,1
,,PM DAWN - SET ADRIFT ON MEMORY BLISS,1
,,PERRIE - IF HE WANTED TO HE WOULD,1
,,DAVID GUETTA UND HYPATON UND BONNIE TYLER - TOGETHER,1
,,"ALL TIME LOW - DEAR MARIA, COUNT ME IN",1
,,REI AM - GOLDEN,1
,,URING THE CHILDREN OF THE REVOLUTION - 3 A.M. ETERNAL,1
,,ORIETTA BERTI - MILLE,1
,,FEIST - ONE EVENING,1
,,THE HOUSEMARTINS - FIVE GET OVER EXCITED,1
,,RIAN - HAUSPARTY,1
,,CRANBERRIES - ZOMBIE,1
,,HEAVEN 17 - LET ME GO,1
,,HEAVEN 17 - TROUBLE,1
,,THE PHENIX HORNS ESQ - LET ME GO,1
,,ARIJIT SINGH - SAPPHIRE,1
,,ENYA - ORINOCO FLOW,1
,,TURNTABLEROCKER - NO MELODY,1
,,RENEÉ RAPP - MAD,1
,,AITANA - 6 DE FEBRERO,1
,,STU LARSEN - SAN FRANCISCO,1
,,FAITH HILL - MISSISSIPPI GIRL,1
,,FAITH HILL - THERE YOU'LL BE,1
,,ELETTRA LAMBORGHINI - PISTOLERO,1
,,BAD RELIGION - GENERATOR,1
,,BAD RELIGION - 21ST CENTURY (DIGITAL BOY),1
,,GRACE JONES - VICTOR SHOULD HAVE BEEN A JAZZ MUSICIAN,1
,,KILLERS - HUMAN,1
,,KILLERS - MR. BRIGHTSIDE,1
,,LONDON GRAMMAR - LET YOU KNOW,1
,,LONDON GRAMMAR - HOW DOES IT FEEL,1
,,LONDON GRAMMAR - LOSE YOUR HEAD,1
,,LONDON GRAMMAR - BABY IT’S YOU,1
,,BEATS INTERNATIONAL - DUB BE GOOD TO ME (JUST BE GOOD TO ME),1
,,JAMIE SCOTT - SO FAR AWAY,1
,,ROMY DYA - SO FAR AWAY,1
,,ESTHER GRAF - ZUSAMMEN (NO INTRO),1
,,SANTOS - ZUSAMMEN (NO INTRO),1
,,QUERBEAT - ZUSAMMEN (NO INTRO),1
,,JAMES BROWN - HOW DO YOU STOP,1
,,JAMES BROWN - I GOT YOU (I FEEL GOOD),1
,,PATRICK NUO - 5 DAYS (FIVE DAYS),1
,,STÜRMER - ICH LEBE,1
,,CHRISTINA - ICH LEBE,1
,,MELANIE B - FEELS SO GOOD,1
,,ALEXANDER - TAKE ME TONIGHT,1
,,STEVIE WONDER - PASTIME PARADISE,1
,,STEVIE WONDER - LIVING FOR THE CITY,1
,,STEVIE WONDER - WE CAN WORK IT OUT,1
,,GREGORY FISHER - FIREFLIES,1
,,ABSOLUTELY - I JUST DON'T KNOW YOU YET,1
,,DREAM ACADEMY - LIFE IN A NORTHERN TOWN,1
,,MATTHEW JOHNSON - IDGAF,1
,,ENNIO - AUS DEM NICHTS,1
,,ENNIO - FÜHLST DU GAR NICHTS?,1
,,FLASH - EARLY MORNING WAKE UP CALL,1
,,THE PAN - EARLY MORNING WAKE UP CALL,1
,,SNOH AALEGRA - NOTHING BURNS LIKE THE COLD,1
,,URING VINCE STAPLES - NOTHING BURNS LIKE THE COLD,1
,,SUGAR VS. VAYA CON DIOS - HEY (NAH NEH NAH),1
,,THE BEE GEES - TOO MUCH HEAVEN,1
,,BLANCO - MI FAI IMPAZZIRE,1
,,SFERA EBBASTA - MI FAI IMPAZZIRE,1
,,ERMAL META - NON MI AVETE FATTO NIENTE,1
,,FABRIZIO MORO - NON MI AVETE FATTO NIENTE,1
,,DIE GRÖSSTEN HITS - MAID OF ORLEANS - OMD,1
,,IHRE GESCHICHTE - MAID OF ORLEANS - OMD,1
,,FRANCESCO GABBANI - OCCIDENTALI'S KARMA,1
,,THE SMASHING PUMPKINS - DISARM,1
,,"GRUP TEKKAN - WO BIST DU, MEIN SONNENLICHT? (STUDIO VERSION)",1
,,YANNICK NOAH - DONNE-MOI UNE VIE,1
,,ANGÉLIQUE KIDJO - AGOLO,1
,,MAX MUTZKE - WELT HINTER GLAS,1
,,MAX MUTZKE - BITTE LASS DAS LICHT AN,1
,,POWFU - DEATH BED (COFFEE FOR YOUR HEAD),1
,,POWFU - SHADE OF BLUE,1
,,POWFU - WATCH ME MISS,1
,,BEABADOOBEE - DEATH BED (COFFEE FOR YOUR HEAD),1
,,BEABADOOBEE - COLOGNE,1
,,BEABADOOBEE - SEE YOU SOON,1
,,BEABADOOBEE - LAST DAY ON EARTH,1
,,BEABADOOBEE - SHE PLAYS BASS,1
,,BEABADOOBEE - TALK,1
,,BEABADOOBEE - WORTH IT,1
,,ESPEN LIND - WHEN SUSANNAH CRIES,1
,,MONTELL JORDAN - GET IT ON TONITE,1
,,HELENE FISCHER - BABY SHARK,1
,,OTTO WAALKES - BABY SHARK,1
,,KEIMZEIT - KLING KLANG,1
,,BEAGLE MUSIC LTD - LIKE ICE IN THE SUNSHINE,1
,,DISCLOSURE - WATERFALL,1
,,VITAA - ÇA VA ÇA VIENT,1
,,SLIMANE - ÇA VA ÇA VIENT,1
,,NEGRITA - ROTOLANDO VERSO SUD,1
,,THIRD EYE BLIND - SEMI-CHARMED LIFE,1
,,SHABBA RANKS - MR. LOVERMAN,1
,,PETER BJÖRN AND JOHN - YOUNG FOLKS,1
,,JELLY ROLL - HOLY WATER,1
,,JELLY ROLL - LAST DANCE WITH MARY JANE,1
,,JELLY ROLL - HARD FOUGHT HALLELUJAH,1
,,NEW KIDS ON THE BLOCK - TONIGHT,1
,,THE REVOLUTION - PURPLE RAIN,1
,,TEMPLE OF THE DOG - HUNGER STRIKE,1
,,RAFFAELLA CARRÁ - PEDRO,1
,,OLLY - BALORDA NOSTALGIA,1
,,EDIE BRICKELL - GOOD TIMES,1
,,MATCHBOX 20 - PUSH,1
,,MATCHBOX 20 - 3 AM,1
,,ERASURE - SHIP OF FOOLS,1
,,LAZZA - CENERE,1
,,KATSEYE - GABRIELA,1
,,ANAÏS - VALENTINO,1
,,GLORIA ESTEFAN AND MIAMI SOUND MACHINE - RHYTHM IS GONNA GET YOU,1
,,BLESSID UNION OF SOULS - I BELIEVE,1
,,CARDIGANS - LOVEFOOL,1
,,PAT METHENY GROUP - THIS IS NOT AMERICA,1
,,TORI AMOS - CRUCIFY,1
,,SEBASTIAN HÄMER - SOMMER UNSERES LEBENS,1
,,ILAN KIDRON - RIPTIDE,1
,,HITIMPULSE - I'M IN LOVE WITH THE COCO,1
,,URING RAYVON - ANGEL,1
,,DÉBUT DE SOIRÉE - NUIT DE FOLIE,1
,,GAVIN DEGRAW - I DON'T WANT TO BE,1
,,YVONNE CATTERFELD - FÜR DICH,1
,,ANNETT LOUISAN - DAS SPIEL,1
,,JEANETTE - ROCK MY LIFE,1
,,JEANETTE - PORQUÉ TE VAS,1
,,LEILA K - HELLO AFRIKA,1
,,LIL' JON AND LUDACRIS - YEAH,1
,,SUBLIME - WHAT I GOT,1
,,ENIGMA - SADNESS (PART 1),1
,,CHICAGO - BABY WHAT A BIG SURPRISE,1
,,CHICAGO - 25 OR 6 TO 4,1
,,DON MCLEAN - AMERICAN PIE (PART 1),1
,,BILL WITHERS - LEAN ON ME (ALBUM VERSION),1
,,ALABAMA - 40 HOUR WEEK (FOR A LIVIN') (FORTY HOUR WEEK),1
,,ALABAMA - BORN COUNTRY,1
,,BILLY CURRINGTON - SUMMER FOREVER,1
,,LAUREN ALAINA - GEORGIA PEACHES,1
,,BLAKE SHELTON - SOME BEACH,1
,,BLAKE SHELTON - FRIENDS,1
,,LAURIE LEBLANC - THE BBQ DANCE,1
,,CRAIG MORGAN - REDNECK YACHT CLUB,1
,,DOLLY PARTON - TENNESSEE HOMESICK BLUES,1
,,DOLLY PARTON - MULE SKINNER BLUES (BLUE YODEL NO. 8),1
,,DOLLY PARTON - 21 FOREVER,1
,,DOLLY PARTON - JOLENE,1
,,MAVERICKS - ALL YOU EVER DO IS BRING ME DOWN,1
,,LYLE LOVETT - THAT'S RIGHT (YOU'RE NOT FROM TEXAS),1
,,LYLE LOVETT - PRIVATE CONVERSATION,1
,,LYLE LOVETT - 12TH OF JUNE,1
,,LORETTA LYNN - OLD KENTUCKY HOME,1
,,LORETTA LYNN - COAL MINER'S DAUGHTER,1
,,RASCAL FLATTS - SUMMER NIGHTS,1
,,RASCAL FLATTS - WHY WAIT,1
,,"RASCAL FLATTS - QUICK, FAST, IN A HURRY",1
,,BUFFETT - MARGARITAVILLE (LIVE),1
,,JIMMY - MARGARITAVILLE (LIVE),1
,,JACKSON - MARGARITAVILLE (LIVE),1
,,JACKSON - WHEN THE RAIN BEGINS TO FALL,1
,,ALAN - MARGARITAVILLE (LIVE),1
,,ALAN - YOU ARE MY SUNSHINE,1
,,STRAIT - MARGARITAVILLE (LIVE),1
,,STRAIT - EVERY LITTLE HONKY TONK BAR,1
,,GEORGE - MARGARITAVILLE (LIVE),1
,,GEORGE - EVERY LITTLE HONKY TONK BAR,1
,,CHRISTOPHER CROSS - NEVER BE THE SAME,1
,,BARCLAY JAMES HARVEST - LOVING IS EASY,1
,,POINTER SISTERS - I'M SO EXCITED,1
,,DIANA ROSS; SUPREMES - STOP! IN THE NAME OF LOVE,1
,,DIANA ROSS; SUPREMES - WHERE DID OUR LOVE GO,1
,,CLIFF RICHARD - SHE'S SO BEAUTIFUL,1
,,ALISON MOYET - IS THIS LOVE ?,1
,,ALISON MOYET - IS THIS LOVE,1
,,ALISON MOYET - THAT OLE DEVIL CALLED LOVE,1
,,MARIUS MÜLLER-WESTERNHAGEN - SEXY,1
,,MARIUS MÜLLER-WESTERNHAGEN - WIEDER HIER,1
,,CHRIS DEBURGH - DON'T LOOK BACK,1
,,CHRIS DEBURGH - THE GETAWAY,1
,,EAGLES - FAST COMPANY,1
,,EAGLES - NEW YORK MINUTE (HELL FREEZES OVER),1
,,"EAGLES - HOTEL CALIFORNIA (LIVE AT THE LOS ANGELES FORUM, 10/20-22/76)",1
,,EAGLES - THE LONG RUN,1
,,HOT CHOCOLATE - NO DOUBT ABOUT IT,1
,,DIXIE CHICKS - VOICE INSIDE MY HEAD,1
,,PARMALEE - TAKE MY NAME,1
,,PARMALEE - CAROLINA,1
,,REBA MCENTIRE - CATHY'S CLOWN,1
,,GARTH BROOKS - HARD LUCK WOMAN,1
,,DWIGHT DAVID YOAKAM - PURPLE RAIN,1
,,CROW - EVERYTHING IS BROKEN,1
,,SHERYL - EVERYTHING IS BROKEN,1
,,ISBELL - EVERYTHING IS BROKEN,1
,,JASON - EVERYTHING IS BROKEN,1
,,HAYSEED DIXIE - FAT BOTTOM GIRLS,1
,,BLUES BROTHERS - THEME FROM RAWHIDE,1
,,BLUES BROTHERS - JAILHOUSE ROCK,1
,,JOSIAH SISKA - BE CAREFUL WITH THAT SONG,1
,,SAM WILLIAMS - HONKYTONKIN,1
,,LONESTAR - WALKING IN MEMPHIS,1
,,CADILLAC THREE - CIRCLES,1
,,THE SUPREMES - BABY LOVE,1
,,THE SUPREMES - RIVER DEEP - MOUNTAIN HIGH,1
,,THE SUPREMES - STOP! IN THE NAME OF LOVE,1
,,JOE COCKER - CIVILIZED MAN,1
,,JOE COCKER - LET THE HEALING BEGIN,1
,,JOE COCKER - TONIGHT,1
,,JOE COCKER - EVERY KIND OF PEOPLE,1
,,JOE COCKER - WITH A LITTLE HELP FROM MY FRIENDS,1
,,BACHMAN TURNER OVERDRIVE - YOU AIN'T SEEN NOTHIN' YET,1
,,CÉLINE DION - MY HEART WILL GO ON,1
,,CÉLINE DION - BECAUSE YOU LOVED ME,1
,,CÉLINE DION - MY HEART WILL GO ON (LOVE THEME),1
,,CÉLINE DION - I DROVE ALL NIGHT,1
,,CHARLES BRADLEY - CHANGES,1
,,THE CHIMES - I STILL HAVEN'T FOUND WHAT I'M LOOKING FOR,1
,,JANIS JOPLIN - SUMMERTIME,1
,,JANIS JOPLIN - ME AND BOBBY MCGEE,1
,,MADELEINE PEYROUX - DANCE ME TO THE END OF LOVE,1
,,JAMES TAYLOR - YOU'VE GOT A FRIEND,1
,,JAMES TAYLOR - CHIPPIN' AWAY,1
,,FOUR TOPS - RIVER DEEP - MOUNTAIN HIGH,1
,,BLACK PUMAS - OCT 33,1
,,ADAX DÖRSAM - PURE LEBENSFREUDE,1
,,DELEGATION - YOU AND I,1
,,DELEGATION - PUT A LITTLE LOVE ON ME,1
,,ROLLING STONES - (I CAN'T GET NO) SATISFACTION,1
,,ROLLING STONES - PAINT IT BLACK,1
,,ROLLING STONES - RUBY TUESDAY,1
,,ROLLING STONES - AS TEARS GO BY,1
,,ROLLING STONES - THE LAST TIME,1
,,ROLLING STONES - LET'S SPEND THE NIGHT TOGETHER,1
,,ROLLING STONES - ANGIE,1
,,DR. HOOK - BETTER LOVE NEXT TIME,1
,,SMOKIE - I'LL MEET YOU AT MIDNIGHT,1
,,SMOKIE - MEXICAN GIRL,1
,,SMOKIE - FOR A FEW DOLLARS MORE,1
,,ROY ORBISON - I DROVE ALL NIGHT,1
,,DAMN YANKEES - HIGH ENOUGH,1
,,BARRY MANILOW - CAN'T SMILE WITHOUT YOU,1
,,STEPHAN REMMLER - KEINE STERNE IN ATHEN (JANET IN SANKT KATHREIN),1
,,LED ZEPPELIN - STAIRWAY TO HEAVEN,1
,,LED ZEPPELIN - KASHMIR,1
,,JOHN FOGERTY - WHO'LL STOP THE RAIN (JOHN'S VERSION),1
,,JOHN FOGERTY - LOOKIN' OUT MY BACK DOOR (JOHN'S VERSION),1
,,JOHN FOGERTY - HAVE YOU EVER SEEN THE RAIN?,1
,,JOHN FOGERTY - PROUD MARY (JOHN'S VERSION),1
,,SUZI QUATRO - SHE'S IN LOVE WITH YOU,1
,,SUZI QUATRO - 48 CRASH (FORTY-EIGHT CRASH),1
,,ELECTRIC LIGHT ORCHESTRA - FOUR LITTLE DIAMONDS (ELECTRIC LIGHT ORCHESTRA) BEST OF ELECTRIC LIGHT ORCHESTR,1
,,ELECTRIC LIGHT ORCHESTRA - ROCK AND ROLL IS KING,1
,,ELECTRIC LIGHT ORCHESTRA - EVIL WOMAN,1
,,ELECTRIC LIGHT ORCHESTRA - I'M ALIVE,1
,,CHRIS DE BURGH - WAITING FOR THE HURRICANE,1
,,CHRIS DE BURGH - SHIP TO SHORE,1
,,THE STEVE MILLER BAND - ROCK'N ME,1
,,THE STEVE MILLER BAND - ABRACADABRA,1
,,THE SILVER BULLET BAND - LIKE A ROCK,1
,,THE SILVER BULLET BAND - WE'VE GOT TONIGHT,1
,,THE PRODIGY - FIRESTARTER,1
,,PENNY MCLEAN - LADY BUMP,1
,,KAYROB.COM - PARTY PEOPLE,1
,,THE SWEET - POPPA JOE,1
,,THE SWEET - FOX ON THE RUN,1
,,THE SWEET - LOVE IS LIKE OXYGEN,1
,,PETER SCHILLLING - DIE WÜSTE LEBT,1
,,NAZARETH - DREAM ON,1
,,PAUL CARRACK - WHEN YOU WALK IN THE ROOM,1
,,PAUL CARRACK - BATTLEFIELD,1
,,PAUL CARRACK - SATISFY MY SOUL,1
,,TAMMY WYNETTE - STAND BY YOUR MAN,1
,,TAMMY WYNETTE - JUSTIFIED AND ANCIENT,1
,,PAUL MCCARTNEY - THE GIRL IS MINE,1
,,PAUL MCCARTNEY - MY BRAVE FACE,1
,,"DIE DOOFEN - MIEF! (NIMM MICH JETZT, AUCH WENN ICH STINKE)",1
,,ANGIE STONE - LIFE STORY,1
,,BRING ME THE HORIZON - DIE4U,1
,,DORO - 1000 YEARS,1
,,TYPE O NEGATIVE - BLACK NO 1 (LITTLE MISS SCARE-ALL),1
,,APHRODITE'S CHILD - THE FOUR HORSEMEN,1
,,STONE SOUR - ABSOLUTE ZERO,1
,,GOLDFINGER - 99 RED BALLOONS,1
,,SILVERCHAIR - ANTHEM FOR THE YEAR 2000,1
,,BUSH - X-GIRLFRIEND,1
,,BUSH - I BEAT LONELINESS,1
,,THE KINKS - YOU REALLY GOT ME,1
,,MICHAEL MCDONALD - I KEEP FORGETTIN',1
,,THE BEACH BOYS - SURFIN' USA,1
,,THE HOLLIES - BUS STOP,1
,,FRANK STALLONE - FAR FROM OVER,1
,,MARTHA - HEAT WAVE,1
,,THE VANDELLAS - HEAT WAVE,1
,,GROVER JR WASHINGTON - SUMMER CHILL,1
,,TAMMI TERRELL - CALIFORNIA SOUL,1
,,TAMMI TERRELL - AIN'T NO MOUNTAIN HIGH ENOUGH,1
,,HERBIE MANN - MEMPHIS UNDERGROUND,1
,,RANDY CRAWFORD - ALMAZ,1
,,RANDY CRAWFORD - YOU MIGHT NEED SOMEBODY,1
,,RANDY CRAWFORD - DIAMANTE,1
,,RANDY CRAWFORD - KNOCKIN' ON HEAVEN'S DOOR,1
,,SLY - HOT FUN IN THE SUMMERTIME,1
,,THE FAMILY STONE - HOT FUN IN THE SUMMERTIME,1
,,ELLA FITZGERALD - SUMMERTIME,1
,,RUBY AMANFU - SUMMER,1
,,DEN HARROW - DON'T BREAK MY HEART,1
,,DEN HARROW - HOLIDAY NIGHT,1
,,SLADE - FAR FAR AWAY,1
,,LIPPS INC - FUNKYTOWN (FUNKY TOWN),1
,,JENNIFER RUSH - 25 LOVERS,1
,,JENNIFER RUSH - FLAMES OF PARADISE,1
,,JENNIFER RUSH - HEART OVER MIND,1
,,INVINCIBLE - HEART OF COURAGE,1
,,SIMON - THE BOXER,1
,,SIMON - I AM A ROCK,1
,,SIMON - KEEP THE CUSTOMER SATISFIED,1
,,GARFUNKEL - THE BOXER,1
,,GARFUNKEL - I AM A ROCK,1
,,GARFUNKEL - KEEP THE CUSTOMER SATISFIED,1
,,PROPAGANDA - DUEL,1
,,JUICE NEWTON - ANGEL OF THE MORNING,1
,,INKER - DANCNG INTO DANGER,1
,,HAMILTON - DANCNG INTO DANGER,1
,,MATIA BAZAR - TI SENTO,1
,,REINHARD MEY - ZEUGNISTAG,1
,,REINHARD MEY - 51ER KAPITÄN,1
,,REINHARD MEY - ALLER GUTEN DINGE SIND DREI,1
,,REINHARD MEY - WIE VOR JAHR UND TAG,1
,,CAROLE KING - ONE FINE DAY,1
,,CAROLE KING - I FEEL THE EARTH MOVE,1
,,MINE - SCHMINKE,1
,,MINE - ICH WEISS ES NICHT,1
,,MINE - EINFACH SO,1
,,MINE - SPIEGELBILD,1
,,MINE - 90 GRAD,1
,,MINE - BITTER,1
,,FATONI - SCHMINKE,1
,,FATONI - CLINT EASTWOOD,1
,,FATONI - FEELING,1
,,BARTEK - SCHMINKE,1
,,ECKE PRENZ - SCHMINKE,1
,,"EDGAR WASSER, - SCHMINKE",1
,,TOMTE - SCHREIT DEN NAMEN MEINER MUTTER,1
,,TOMTE - NEW YORK,1
,,LIEDFETT - ZEIT,1
,,ANDREAS VOLLENWEIDER - DOWN TO THE MOON,1
,,FRIENDS - DOWN TO THE MOON,1
,,TOCOTRONIC - GOLDEN YEARS,1
,,KARAT - ÜBER SIEBEN BRÜCKEN MUSST DU GEHEN,1
,,ROGER CHAPMAN - SHADOW ON THE WALL,1
,,GEORGE STRAIT - TEXAS COOKIN',1
,,LEROY VANDYKE - THE AUCTIONEER,1
,,JASON BENOIT - 1000 MILE GRIN,1
,,EMMYLOU HARRIS - WILD MONTANA SKIES,1
,,EMMYLOU HARRIS - C'EST LA VIE,1
,,MARK CHESNUTT - LIVE TO BE 100,1
,,CHAYCE BECKHAM - 23,1
,,BIG - 8TH OF NOVEMBER,1
,,RICH - 8TH OF NOVEMBER,1
,,THE BOXMASTERS - 20 YEARS AGO,1
,,BILLY BOB THORNTON - 20 YEARS AGO,1
,,"DAN + SHAY - 10,000 HOURS",1
,,KELLIE PICKLER - 100 PROOF,1
,,TYLER HUBBARD - 5 FOOT 9,1
,,TYLER HUBBARD - UNDIVIDED,1
,,SHELBY LYNNE - 10 ROCKS,1
,,ZAC BROWN BAND - HIGHWAY 20 RIDE,1
,,ZAC BROWN BAND - FUN HAVING FUN,1
,,ZAC BROWN BAND - TOES,1
,,ZAC BROWN BAND - CHICKEN FRIED,1
,,UMBERTO TOZZI - GLORIA,1
,,DICK BRAVE - BACK FOR GOOD,1
,,AMERICA - SISTER GOLDEN HAIR,1
,,AMERICA - THE LAST UNICORN,1
,,GILBERT O'SULLIVAN - ALL THEY WANTED TO SAY,1
,,ROD STEWART - IT TAKES TWO,1
,,ROD STEWART - WHEN WE WERE THE NEW BOYS,1
,,ROD STEWART - HAVE I TOLD YOU LATELY,1
,,ROD STEWART - HOT LEGS,1
,,ROD STEWART - FOREVER YOUNG,1
,,ROD STEWART - TONIGHT'S THE NIGHT (GONNA BE ALRIGHT),1
,,PETER MAFFAY - TIEFER,1
,,PETER MAFFAY - NESSAJA,1
,,HEINZ RUDOLF KUNZE - MEINE EIGENEN WEGE,1
,,MOTÖRHEAD - 1916,1
,,BAD COMPANY - BAD COMPANY,1
,,SMASHING PUMPKINS - DISARM,1
,,"BARRY WHITE - CAN'T GET ENOUGH OF YOUR LOVE, BABE",1
,,AL STEWART - TIME PASSAGES,1
,,QUIVER - ARMS OF MARY,1
,,T. REX - (BANG A GONG) GET IT ON,1
,,T. REX - RIDE A WHITE SWAN,1
,,T. REX - 20TH CENTURY BOY,1
,,"ORAN ""JUICE"" JONES - THE RAIN",1
,,TIMMY THOMAS - WHY CAN'T WE LIVE TOGETHER,1
,,TIMMY THOMAS - NEW YORK EYES,1
,,REBECCA FERGUSON - GLITTER & GOLD,1
,,PARCELS - SUMMERINLOVE,1
,,PARCELS - COMINGBACK,1
,,PARCELS - FAMOUS,1
,,PARCELS - FREE,1
,,PARCELS - SOMETHINGGREATER,1
,,PARCELS - TIEDUPRIGHTNOW,1
,,PARCELS - OVERNIGHT,1
,,PARCELS - YOUGOTMEFEELING,1
,,ISAAC HAYES - DO YOUR THING,1
,,BETH HART - THANKFUL,1
,,BETH HART - I'D RATHER GO BLIND,1
,,B. B. KING - INTO THE NIGHT,1
,,EXILE - YOU THRILL ME,1
,,BOB DYLAN - KNOCKING ON HEAVEN'S DOOR,1
,,BOB DYLAN - LIKE A ROLLING STONE,1
,,DAVID LEE ROTH - JUST LIKE PARADISE,1
,,DAVID LEE ROTH - JUST A GIGOLO (I AIN'T GOT NOBODY),1
,,J. J. CALE - CARRY ON,1
,,CREEDENCE CLEARWATER REVIVAL - TRAVELIN' BAND,1
,,CREEDENCE CLEARWATER REVIVAL - LONG AS I CAN SEE THE LIGHT,1
,,CREEDENCE CLEARWATER REVIVAL - BAD MOON RISING,1
,,CREEDENCE CLEARWATER REVIVAL - UP AROUND THE BEND,1
,,CREEDENCE CLEARWATER REVIVAL - GREEN RIVER,1
,,ARLO GUTHRIE - CITY OF NEW ORLEANS,1
,,NICOLE KIDMAN - SOMETHIN' STUPID,1
,,WESTERNHAGEN - SEXY,1
,,WESTERNHAGEN - ENGEL,1
,,WESTERNHAGEN - WILLENLOS,1
,,WESTERNHAGEN - ES GEHT MIR GUT,1
,,WESTERNHAGEN - WEIL ICH DICH LIEBE,1
,,THE FOUR TOPS - BERNADETTE,1
,,THE FOUR TOPS - INDESTRUCTIBLE,1
,,MOTHER'S FINEST - BABY LOVE,1
,,THIN LIZZY - THE BOYS ARE BACK IN TOWN,1
,,THIN LIZZY - JAILBREAK,1
,,STEELY DAN - RIKKI DON'T LOSE THE NUMBER,1
,,STEELY DAN - RIKKI DON'T LOSE THAT NUMBER,1
,,EROS RAMAZZOTTI; TINA TURNER - COSE DELLA VITA - CAN'T STOP THINKING OF YOU,1
,,LOST FREQUENCIES; JANIECK DEVY - REALITY,1
,,WHAM!; GEORGE MICHAEL - CARELESS WHISPER,1
,,JOHN DENVER - LEAVING ON A JET PLANE,1
,,AUTOGRAPH - TURN UP THE RADIO,1
,,LEONARD COHEN - FAMOUS BLUE RAINCOAT,1
,,LEONARD COHEN - SUZANNE,1
,,"PAPAS - MONDAY, MONDAY",1
,,THE CHRISTIANS - HARVEST FOR THE WORLD,1
,,JACOB COLLIER - BETTER MAN,1
,,THE THREE DEGREES - DIRTY OL' MAN,1
,,EDISON LIGHTHOUSE - LOVE GROWS (WHERE MY ROSEMARY GOES),1
,,CHRIS NORMAN - MIDNIGHT LADY,1
,,STRANGLERS - ALWAYS THE SUN,1
,,BEATLES - HELLO GOODBYE,1
,,BEATLES - ALL MY LOVING,1
,,BEATLES - HEY JUDE,1
,,BEATLES - HERE COMES THE SUN,1
,,BEATLES - LET IT BE,1
,,CITY BOY - THE DAY THE EARTH CAUGHT FIRE,1
,,SWEET - BALLROOM BLITZ,1
,,HELLOWEEN - UNIVERSE (GRAVITY FOR HEARTS),1
,,HELLOWEEN - KEEPER OF THE SEVEN KEYS,1
,,URIAH HEEP - EASY LIVIN',1
,,JOHN LEE HOOKER - THE HEALER,1
,,MAGGIE REILLY - ONE LITTLE WORD,1
,,JERMAINE JACKSON; PIA ZADORA - WHEN THE RAIN BEGINS TO FALL,1
,,MARLA GLEN - THE COST OF FREEDOM,1
,,MARLA GLEN - BELIEVER,1
,,PATRICIA KAAS - MON MEC À MOI,1
,,PATRICIA KAAS - D'ALLEMAGNE,1
,,ANA MOURA - DESFADO,1
,,OIMARA - WACKELKONTAKT,1
,,VAN MCCOY - THE HUSTLE,1
,,THE SOUL CITY SYMPHONY - THE HUSTLE,1
,,DEEP PURPLE - LAZY SOD,1
,,DEEP PURPLE - BLACK NIGHT,1
,,DEEP PURPLE - WHITE ROOM,1
,,DEEP PURPLE - FIREBALL,1
,,GOLDEN EARRING - RADAR LOVE,1
,,DARYLE SINGLETARY - (TAKE ME HOME) COUNTRY ROADS,1
,,HIGH SOUTH - I'D RATHER MISS YOU,1
,,KIEFER SUTHERLAND - SOMETHING YOU LOVE,1
,,THE BAND PERRY - GENTLE ON MY MIND,1
,,THE BAND PERRY - POSTCARD FROM PARIS,1
,,THE BAND PERRY - ALL YOUR LIFE,1
,,THOMAS RHETT - CHURCH BOOTS,1
,,THOMAS RHETT - OVERDRIVE,1
,,NATHAN CARTER - EIGHTEEN WHEELS AND A DOZEN ROSES,1
,,TANYA TUCKER - THE LIST,1
,,HENLEY - SACRIFICE,1
,,DON - SACRIFICE,1
,,GILL - SACRIFICE,1
,,VINCE - SACRIFICE,1
,,EASTON CORBIN - A LITTLE MORE COUNTRY THAN THAT,1
,,EASTON CORBIN - ROLL WITH IT,1
,,MARK KNOPFLER - BERYL,1
,,HOLE - MALIBU,1
,,RIGHT SAID FRED (R.S.F.) - DON'T TALK JUST KISS,1
,,TIGHT FIT - THE LION SLEEPS TONIGHT,1
,,WILSON PHILLIPS - RELEASE ME,1
,,"GLORIA GAYNOR - I AM WHAT I AM AUS: LA CAGE AUX FOLLES (EIN KÄFIG VOLLER NARREN) (MUSICAL, 1983",1
,,BRUCE HORNSBY AND THE RANGE - EVERY LITTLE KISS,1
,,THE DOOBIE BROTHERS - LONG TRAIN RUNNIN',1
,,THE DOOBIE BROTHERS - THE DOCTOR,1
,,FLORIAN-SAMUEL SPÄTH - MADR - WEEKEND IN VEGAS,1
,,THE POWER OF SEVEN - WILL IT GO ROUND IN CIRCLES?,1
,,SAM COOKE - (WHAT A) WONDERFUL WORLD,1
,,SMOKEY ROBINSON - THE TEARS OF A CLOWN,1
,,SMOKEY ROBINSON - JUST TO SEE HER,1
,,THE MIRACLES - THE TEARS OF A CLOWN,1
,,THE TESKEY BROTHERS - SO CAUGHT UP,1
,,THE TESKEY BROTHERS - SAN FRANCISCO,1
,,THE TESKEY BROTHERS - NEVER TEAR US APART,1
,,MON ROVÎA - HEAVY FOOT,1
,,DE'WAYNE - SUNDAYS,1
,,OTIS REDDING - A CHANGE IS GONNA COME,1
,,EM BEIHOLD - BRUTUS,1
,,"""WEIRD AL"" YANKOVIC - EAT IT",1
,,NESTOR - I WANNA DANCE WITH SOMEBODY,1
,,NESTOR - 1989,1
,,SEX PISTOLS - MY WAY,1
,,SEX PISTOLS - ANARCHY IN THE UK,1
,,JUDAS PRIEST - DIAMONDS AND RUST,1
,,JUDAS PRIEST - TURBO LOVER,1
,,JUDAS PRIEST - BREAKING THE LAW,1
,,CAKE - FRIEND IS A FOUR LETTER WORD,1
,,LOLA MARSH - ONLY FOR A MOMENT,1
,,LOLA MARSH - SUMMER NIGHT,1
,,PETER CETERA - ONE GOOD WOMAN,1
,,HUBERT VON GOISERN - BRENNA TUATS GUAT,1
,,HUBERT VON GOISERN - HEAST AS NIT,1
,,"HUBERT VON GOISERN - QUICK, QUICK, SLOW",1
,,TINA ARENA - CHAINS,1
,,TINA ARENA - SORRENTO MOON (I REMEMBER),1
,,LOOKING GLASS - BRANDY (YOU'RE A FINE GIRL),1
,,THE SWAYS - I HAVE BEEN THE MOON,1
,,BUDDY GUY - JESUS LOVES THE SINNER,1
,,THE BLIND BOYS OF ALABAMA - JESUS LOVES THE SINNER,1
,,BILDERBUCH - DAYDRINKING,1
,,BILDERBUCH - BUNGALOW,1
,,BILDERBUCH - I'M NOT GONNA LIE,1
,,BILDERBUCH - GOLDEN RETRIEVER,1
,,BILDERBUCH - DATES,1
,,BILDERBUCH - FRISBEEE,1
,,BILDERBUCH - SCHWARZES KARMA,1
,,MOLA UND RESI REINER - WARMES BIER (FEAT. RESI REINER),1
,,BLOND - SB-KASSEN LOVER,1
,,BLOND - BOOK,1
,,BLOND - SIMS 3,1
,,FEINE SAHNE FISCHFILET - WIR KOMMEN IN FRIEDEN,1
,,CITY - CASABLANCA,1
,,ZIMMER90 - WHAT A LIFE,1
,,MADSEN - EIN BISSCHEN LÄRM,1
,,MADSEN - MIT DEM MOPED NACH MADRID,1
,,MADSEN - MEIN HERZ BLEIBT HIER,1
,,"DRAFI DEUTSCHER - MARMOR, STEIN UND EISEN BRICHT",1
,,10CC - DREADLOCK HOLIDAY,1
,,10CC - ONE-TWO-FIVE,1
,,WAX - RIGHT BETWEEN THE EYES,1
,,CASSANDRA STEEN; ADEL TAWIL - STADT,1
,,NITS - IN THE DUTCH MOUNTAINS,1
,,RUPERT HOLMES - HIM,1
,,STEPHANIE MILLS - NEVER KNEW LOVE LIKE THIS BEFORE,1
,,THE BEATLES - THE LONG AND WINDING ROAD,1
,,THE BEATLES - ALL YOU NEED IS LOVE,1
,,THE BEATLES - MICHELLE,1
,,THE BEATLES - HELLO GOODBYE,1
,,THE BEATLES - TICKET TO RIDE,1
,,THE BEATLES - YESTERDAY,1
,,"THE BEATLES - HELLO, GOODBYE",1
,,RINGO STARR - IT DON'T COME EASY,1
,,RINGO STARR - PHOTOGRAPH,1
,,BOURGEOIS TAGG - I DON'T MIND AT ALL,1
,,K.C - GIVE IT UP,1
,,K.C - PLEASE DON'T GO,1
,,THE SUNSHINE BAND - PLEASE DON'T GO,1
,,"THE SUNSHINE BAND - SHAKE, SHAKE, SHAKE - SHAKE YOUR BOOTY",1
,,THE SUNSHINE BAND - THAT'S THE WAY (I LIKE IT),1
,,FARM - ALL TOGETHER NOW (THE ORIGINAL 7INCH MASTER MIX),1
,,LIMAHL - NEVERENDING STORY,1
,,LIMAHL - TOO SHY,1
,,THE CRUSADERS WITH RANDY CRAWFORD - STREET LIFE,1
,,THE ALAN PARSONS PROJECT - GAMES PEOPLE PLAY,1
,,MINOGUE - ESPECIALLY FOR YOU,1
,,KYLIE - ESPECIALLY FOR YOU,1
,,BELLAMY BROTHERS - LET YOUR LOVE FLOW,1
,,JOHNNY CLEGG - SCATTERLINGS OF AFRICA,1
,,SAVUKA - SCATTERLINGS OF AFRICA,1
,,"LEE ""DJ CHECCO"" MARROW - SHANGHAI",1
,,WILLIE NELSON - SEVEN SPANISH ANGELS,1
,,WILLIE NELSON - DON'T TELL NOAH,1
,,WILLIE NELSON - ALWAYS ON MY MIND,1
,,WILLIE NELSON - THAT'S LIFE,1
,,WILLIE NELSON - BEER FOR MY HORSES,1
,,RODGAU MONOTONES - ST. TROPEZ AM BAGGERSEE,1
,,RODGAU MONOTONES - DIE HESSE KOMME,1
,,BLÄCK FÖÖSS - FRANKREICH FRANKREICH,1
,,UDO JÜRGENS - ICH WAR NOCH NIEMALS IN NEW YORK,1
,,UDO JÜRGENS - EIN EHRENWERTES HAUS,1
,,UDO JÜRGENS - TAUSEND JAHRE SIND EIN TAG,1
,,THE HILLBILLY MOON EXPLOSION - QUEEN OF HEARTS,1
,,JOSHUA HEDLEY - NEON BLUE,1
,,THE WAR AND TREATY - LOVE LIKE WHISKEY,1
,,LOUIS THOMASS - KIND OF GOLD,1
,,PRISCILLA BLOCK - JUST ABOUT OVER YOU,1
,,SIIRI - INDEPENDENCE,1
,,VINCE GILL - HIGH LONESOME SOUND,1
,,VINCE GILL - AIN'T NOTHING LIKE THE REAL THING,1
,,LAINEY WILSON - GOOD HORSES,1
,,LAINEY WILSON - 4X4XU,1
,,MIRANDA LAMBERT - GOOD HORSES,1
,,MIRANDA LAMBERT - PINK SUNGLASSES,1
,,MIRANDA LAMBERT - LOOKING BACK ON LUCKENBACH,1
,,SUNNY SWEENEY - EASY AS HELLO,1
,,SUNNY SWEENEY - FIND IT WHERE I CAN,1
,,MIDLAND - WICKED GAME,1
,,ANITA HEGERLAND - INNOCENT,1
,,FLYNNVILLE TRAIN - 33 STEPS,1
,,BROTHERS OSBORNE - 21 SUMMER,1
,,BROTHERS OSBORNE - RUM,1
,,CHASE RICE - 50 SHADES OF CRAZY,1
,,CASSADEE POPE - 11,1
,,CASSADEE POPE - GOOD TIMES,1
,,TIM MCGRAW - TRAIN NR. 10,1
,,TIM MCGRAW - 40 DAYS AND 40 NIGHTS (FORTY DAYS AND FORTY NIGHTS),1
,,TIM MCGRAW - 7500 OBO,1
,,TIM MCGRAW - UNDIVIDED,1
,,RICKY SKAGGS - HIGHWAY 40 BLUES,1
,,CHRIS JANSON - 21 FOREVER,1
,,SLASH - 21 FOREVER,1
,,JAMEY JOHNSON - A-11,1
,,RONNIE DUNN - A-11,1
,,SARAH JAROSZ - COLUMBUS & 89TH,1
,,"BROOKS - 1, 2 MANY",1
,,BROOKS - THAT AIN'T NO WAY TO GO,1
,,BROOKS - ONLY IN AMERICA,1
,,"DUNN - 1, 2 MANY",1
,,DUNN - THAT AIN'T NO WAY TO GO,1
,,DUNN - ONLY IN AMERICA,1
,,ALAN JACKSON - BEER: 10,1
,,ALAN JACKSON - THE OLDER I GET,1
,,ALAN JACKSON - DRIVE (FOR DADDY GENE),1
,,ALAN JACKSON - CHATTAHOOCHEE,1
,,TOBY KEITH - AMERICAN RIDE,1
,,TOBY KEITH - BEER FOR MY HORSES,1
,,TONY ESPOSITO - KALIMBA DE LUNA,1
,,TOM PETTY; HEARTBREAKERS - MARY JANE'S LAST DANCE,1
,,DOOBIE BROTHERS - LISTEN TO THE MUSIC,1
,,DOOBIE BROTHERS - THE DOCTOR,1
,,ANNETTE HUMPE; INGA HUMPE - CARELESS LOVE,1
,,SOPHIE ELLIS BEXTOR - MURDER ON THE DANCEFLOOR,1
,,"WILL TO POWER - BABY, I LOVE YOUR WAY",1
,,GOLDIE HAWN - A HARD DAY'S NIGHT,1
,,SARAH BRIGHTMAN - A QUESTION OF HONOUR,1
,,JOHNNY NASH - I CAN SEE CLEARLY NOW,1
,,WILLY DEVILLE - STILL,1
,,WILLY DEVILLE - HEY! JOE,1
,,KEVIN COSTNER - DOWN IN NOGALES,1
,,KEVIN COSTNER - 90 MILES AN HOUR,1
,,MODERN WEST - DOWN IN NOGALES,1
,,MODERN WEST - 90 MILES AN HOUR,1
,,JIMMIE ALLEN - DOWN HOME,1
,,PATTY LOVELESS - CHAINS,1
,,ERIC CHURCH - BAD MOTHER TRUCKER,1
,,MARTY STUART AND HIS FABULOUS SUPERLATIVES - ALTITUDE,1
,,RILEY GREEN - YOU LOOK LIKE YOU LOVE ME,1
,,ELLA LANGLEY - YOU LOOK LIKE YOU LOVE ME,1
,,RANDY TRAVIS - HONKY TONK MOON,1
,,RANDY TRAVIS - THREE WOODEN CROSSES,1
,,HAYES CARLL - WE'RE ONLY HUMAN,1
,,SWAMP DOGG - UGLY MAN'S WIFE,1
,,COELY - MORE MESS,1
,,STEVE FORBERT - ROMEO'S TUNE (2008),1
,,HARPO - HOROSCOPE,1
,,LEO SAYER - YOU MAKE ME FEEL LIKE DANCING,1
,,THE CARTERS - SUMMER,1
,,MARLENA SHAW - CALIFORNIA SOUL,1
,,MARIO BIONDI AND THE HIGH FIVE QUINTET - THIS IS WHAT YOU ARE,1
,,CHI-LITES - I FOUND SUNSHINE,1
,,OMD (ORCHESTRAL MANOEUVRES IN THE DARK) - DREAMING,1
,,OMD (ORCHESTRAL MANOEUVRES IN THE DARK) - SECRET (SINGLE VERSION),1
,,OMD (ORCHESTRAL MANOEUVRES IN THE DARK) - PANDORA'S BOX,1
,,BEVERLEY CRAVEN - PROMISE ME,1
,,LITTLE NELL - THE TIME WARP,1
,,KRAFTWERK - AUTOBAHN,1
,,KRAFTWERK - NUMMERN,1
,,KRAFTWERK - TOUR DE FRANCE,1
,,KETTCAR - BALU,1
,,KETTCAR - AUSGETRUNKEN,1
,,KETTCAR - LANDUNGSBRÜCKEN RAUS,1
,,CHRISTIAN BRUHN - FEINDE GREIFEN AN,1
,,DRITTE WAHL - HALT MICH FEST,1
,,VICKY LEANDROS - ICH LIEBE DAS LEBEN,1
,,STOPPOK - JEDE STUNDE,1
,,STOPPOK - DAS MODEL,1
,,FAIRGROUND ATTRACTION - WALKING AFTER MIDNIGHT,1
,,GARCIA - VAMONOS (HEY CHICO ARE YOU READY),1
,,RACHEL O'DONNELL - RUNAWAY,1
,,MICHAEL BOLTON - A LOVE SO BEAUTIFUL,1
,,MICHAEL BOLTON - SOUL OF MY SOUL,1
,,JETHRO TULL - AQUALUNG,1
,,FLORIDA GEORGIA LINE - SUN DAZE,1
,,FLORIDA GEORGIA LINE - STAY,1
,,O'BRYANT - YOU ARE MY SUNSHINE,1
,,DEAN BRODY - SOGGY BOTTOM SUMMER,1
,,ALAN DOYLE - SOGGY BOTTOM SUMMER,1
,,DIERKS BENTLEY - SOUNDS OF SUMMER,1
,,DIERKS BENTLEY - 5-1-5-0,1
,,DIERKS BENTLEY - GOLD,1
,,DIERKS BENTLEY - EVERY MILE A MEMORY,1
,,ARTHUR BAKER - THE MESSAGE IS LOVE,1
,,CULK - OVERLOAD,1
,,GIGI MOTO - DÄR PAPA ISCH ÄS CHORBI GSI,1
,,SACHA OBERNHOLZER - DÄR PAPA ISCH ÄS CHORBI GSI,1
,,CAPITAL BRA - CHERRY LADY,1
,,CINDY - DER HUND VON BASKERVILLE,1
,,BERT - DER HUND VON BASKERVILLE,1
,,SEÑOR COCONUT Y SU CONJUNTO - THE ROBOTS,1
,,CRUCCHI GANG MIT FRANCESCO WILKING - IL MIO BUNGALOW,1
,,MR. ED JUMPS THE GUN - DON'T HA HA!,1
,,REBA - SHE'S TURNING 50 TODAY,1
,,DAVID KNOPFLER - 4 U (4U) (RABBIT SONG),1
,,LUKE BRYAN - ONE MARGARITA,1
,,KRIS KRISTOFFERSON - THE PILGRIM CHAPTER 33,1
,,THE BYRDS - TURN! TURN! TURN!,1
,,THE BYRDS - TURN! TURN! TURN! (TO EVERYTHING THERE IS A SEASON),1
,,JOE BONAMASSA - DRIVING TOWARDS THE DAYLIGHT,1
,,JOE BONAMASSA - I'D RATHER GO BLIND,1
,,DARYL HALL; JOHN OATES - KISS ON MY LIST,1
,,MATHOU - YOU NEVER WALK ALONE (TITELSONG),1
,,KAREL GOTT - ROT UND SCHWARZ,1
,,GARISH - JUNGE RÖMER,1
,,"THE HUNTERS - FUCHS, GEH' VORAN",1
,,CLAUDIA KORECK - IMMER WIEDER GEHT DIE SONNE AUF,1
,,AZE - MORE THAN THIS,1
,,PAUL MCCARTNEY; WINGS - WITH A LITTLE LUCK,1
,,KINKS - DANDY,1
,,KINKS - DON'T FORGET TO DANCE,1
,,KINKS - SUNNY AFTERNOON,1
,,BONNIE BIANCO - STAY,1
,,PIERRE COSSO - STAY,1
,,THREE DEGREES - WHEN WILL I SEE YOU AGAIN,1
,,MICHAEL LEARNS TO ROCK - WILD WOMEN,1
,,HUES CORPORATION - ROCK THE BOAT,1
,,MELANIE - RUBY TUESDAY,1
,,C. C. CATCH - I CAN LOSE MY HEART TONIGHT,1
,,COOPER - I'M EIGHTEEN,1
,,ALICE - I'M EIGHTEEN,1
,,ALICE - PER ELISA,1
,,BLUE SYSTEM - UNDER MY SKIN,1
,,"CHIC - DANCE, DANCE, DANCE (YOWSAH, YOWSAH, YOWSAH)",1
,,CHIC - SOUP FOR ONE,1
,,FISCHER-Z - MARLIESE,1
,,MICHAEL JACKSON; PAUL MCCARTNEY - THE GIRL IS MINE,1
,,HARRY CHAPIN - CATS IN THE CRADLE,1
,,THE MOODY BLUES - THE VOICE,1
,,TIMMY T - ONE MORE TRY,1
,,NICK STRAKER - A WALK IN THE PARK,1
,,SOULTANS - CAN'T TAKE MY HANDS OFF YOU,1
,,C.C. CATCH - BACK SEAT OF YOUR CADILLAC,1
,,BOB GELDOF - THE GREAT SONG OF INDIFFERENCE,1
,,HAPE KERKELING - X-MAS RAP,1
,,C + C MUSIC FACTORY - GONNA MAKE YOU SWEAT (EVERYBODY DANCE NOW),1
,,KIKI DEE - DON'T GO BREAKING MY HEART,1
,,MIRKO SANTOCONO - FEIERN LEBEN FEIERN,1
,,FRL. MENKE - TRETBOOT IN SEENOT,1
,,ORCHESTER JAMES LAST - BISCAYA,1
,,DAS LUMPENPACK - FORD FIESTA,1
,,DAS LUMPENPACK - 7 VON 10,1
,,UNITED BALLS - POGO IN TOGO,1
,,EROBIQUE - URLAUB IN ITALIEN,1
,,DESIREE KLAEUKENS - GROSSE PAUSE,1
,,DIE KLEINE CORNELIA - PACK' DIE BADEHOSE EIN,1
,,SPACE - MAGIC FLY,1
,,SPACE - MAGIC FLY (INSTR.),1
,,BOB SINCLAR PRESENTS GOLEO - LOVE GENERATION,1
,,"GARY ""NESTA"" PINE - LOVE GENERATION",1
,,FLASTER - GOLDGELBE FELDER,1
,,SWISS - PUNK IST TOT,1
,,DIE ANDERN - PUNK IST TOT,1
,,DONOTS - STOP THE CLOCKS,1
,,DONOTS - DO ONE,1
,,FAT LARRY'S BAND - ZOOM,1
,,LOUIS ARMSTRONG - ZIP-A-DEE-DOO-DAH,1
,,GLORIA JONES - TAINTED LOVE,1
,,GREGORY PORTER - SMILE,1
,,MAC BAND - ROSES ARE RED,1
,,GABRIELS - LOVE AND HATE IN A DIFFERENT TIME,1
,,TONY CAREY - ROOM WITH A VIEW (TITELMELODIE),1
,,B*WITCHED - BLAME IT ON THE WEATHERMAN,1
,,ELAIZA - IS IT RIGHT,1
,,ADIEMUS - ADIEMUS,1
,,MCFADDEN - AIN'T NO STOPPIN' US NOW,1
,,WHITEHEAD - AIN'T NO STOPPIN' US NOW,1
,,HOWARD CARPENDALE - HELLO AGAIN,1
,,NU SHOOZ - I CAN'T WAIT,1
,,GOOMBAY DANCE BAND - SUN OF JAMAICA,1
,,GOOMBAY DANCE BAND - SEVEN TEARS,1
,,CRACKERS - KLASSENFAHRT ZUM TITISEE,1
,,ORCHESTRAL MANOEUVRES IN THE DARK ( OMD ) - CALL MY NAME,1
,,GRETA VAN FLEET - WHEN THE CURTAIN FALLS,1
,,GRETA VAN FLEET - HIGHWAY TUNE,1
,,PIXIES - QUE SERA SERA,1
,,"STATUS QUO WITH THE THE BEACH BOYS - FUN, FUN, FUN",1
,,WIZO - ALL THAT SHE WANTS,1
,,WIZO - QUADRAT IM KREIS,1
,,WIZO - 9247,1
,,H-BLOCKX - CELEBRATE YOUTH,1
,,H-BLOCKX - THE POWER,1
,,TERRY HOAX - POLICY OF TRUTH,1
,,KILLSWITCH ENGAGE - HOLY DIVER,1
,,BLIND GUARDIAN - TITELFOLGE,1
,,UDO DIRKSCHNEIDER - WE WILL ROCK YOU,1
,,JESSE - HUMAN,1
,,JOY - HUMAN,1
,,"KC - SHAKE, SHAKE, SHAKE - SHAKE YOUR BOOTY",1
,,KC - THAT'S THE WAY (I LIKE IT),1
,,"THEM - IT'S ALL OVER NOW, BABY BLUE",1
,,SCHWOISSFUASS - OINR ISCH EMMR DR ARSCH,1
,,JOE DOLCE MUSIC THEATRE - SHADDAP YOU FACE,1
,,THE ALL STAR BLUES BAND - JAILHOUSE ROCK,1
,,QUATRO - STUMBLIN' IN,1
,,SUZI - STUMBLIN' IN,1
,,BYRDS - MR. TAMBOURINE MAN,1
,,BYRDS - TURN! TURN! TURN! (TO EVERYTHING THERE IS A SEASON),1
,,BYRDS - YOU AIN'T GOIN' NOWHERE,1
,,JETT - I LOVE ROCK'N'ROLL,1
,,INGA HUMPE - EIN HERZ KANN MAN NICHT REPARIEREN,1
,,IAN HOOPER - 2AM ROCKSTARS,1
,,JIGSAW - SKY HIGH,1
,,ROBERT PLANT - 29 PALMS,1
,,JACKIE GREENE - I WILL NEVER LET YOU GO,1
,,JOHN MORGAN - CRICKETS,1
,,JERRY REED - EAST BOUND AND DOWN,1
,,MINDY MCCREADY - YOU'LL NEVER KNOW,1
,,OLD DOMINION - BREAK UP WITH HIM,1
,,THE TENNESSEE TWO - FOLSOM PRISON BLUES,1
,,WHITEY MORGAN AND THE 78'S - ME AND THE WHISKEY,1
,,MARGO PRICE - DON'T WAKE ME UP,1
,,JESSE WELLES - DON'T WAKE ME UP,1
,,OLI P - FLUGZEUGE IM BAUCH,1
,,DIE ALPINKATZEN - HEAST AS NIT,1
,,SANDMAN - HOLIDAY,1
,,PURPLE SCHULZ - BIS ANS ENDE DER WELT,1
,,PURPLE SCHULZ - ÜBER 30,1
,,NOFX - CHAMPS ELYSEES,1
,,UPTOWN HORNS - SMALLTOWN BOY,1
,,THE KELLY FAMILY - AN ANGEL,1
,,THE KELLY FAMILY - ONE MORE SONG,1
,,DIE PRINZEN - MILLIONÄR,1
,,DIE PRINZEN - GABI UND KLAUS,1
,,TOTO CUTUGNO - L'ITALIANO,1
,,WILLIAM PITT - CITY LIGHTS,1
,,DIE FIRMA - DIE EINE 2005,1
,,ELEMENT OF CRIME - VIER STUNDEN VOR ELBE 1,1
,,ELEMENT OF CRIME - SHE BRINGS THE RAIN,1
,,"BELA B - 1. 2. 3. ... (ERSTENS, ZWEITENS, DRITTENS ...)",1
,,DANGER DAN - ICH VERPRÜGELTE DIE SEXTOURISTEN IN BANGKOK,1
,,N. N - SABAPHON TK 125,1
,,EAV - 300 PS (... AUTO),1
,,ROSE ROYCE - WISHING ON A STAR,1
,,"THE ISLEY BROTHERS - SUMMER BREEZE, PART 1",1
,,JAZZANOVA - SUMMER KEEPS ON PASSING ME BY,1
,,JAZZANOVA - I'M STILL HERE,1
,,BEN WESTBEECH - SUMMER KEEPS ON PASSING ME BY,1
,,RAY CHARLES - YOU ARE MY SUNSHINE,1
,,RAY CHARLES - WHAT'D I SAY (PART 1),1
,,RAY CHARLES - ELEANOR RIGBY,1
,,MARGIE HENDRIX - YOU ARE MY SUNSHINE,1
,,THE TEMPTATIONS - PAPA WAS A ROLLIN' STONE (PAPA WAS A ROLLING STONE),1
,,MOFRO - LOCHLOOSA,1
,,NICOLE MCCLOUD - NEW YORK EYES,1
,,RORY GALLAGHER - A MILLION MILES AWAY,1
,,KYLIE MINOGUE; ROB DAVIS - CAN'T GET YOU OUT OF MY HEAD,1
,,THE COMMITMENTS - MUSTANG SALLY,1
,,THE SCORPIONS - WHITE DOVE,1
,,THE EAGLES - TAKE IT EASY,1
,,HOLLIES - THE AIR THAT I BREATHE,1
,,MIKE OLDFIELD; ANITA HEGERLAND - INNOCENT,1
,,CHIIARA - BAD BOYS,1
,,PATTI SMITH GROUP - BECAUSE THE NIGHT,1
,,K2 - DER BERG RUFT,1
,,HULK HOGAN - REAL AMERCIAN,1
,,BAY CITY ROLLERS - IT'S A GAME,1
,,KRAVITZ - LOW,1
,,LENNY - LOW,1
,,HOLLYWOOD BEYOND - WHAT'S THE COLOUR OF MONEY?,1
,,GRATEFUL DEAD - TOUCH OF GREY,1
,,JEAN-JACQUES GOLDMAN - COMME TOI,1
,,MARSHALL HAIN - DANCING IN THE CITY,1
,,THE DEAD DAISIES - FORTUNATE SON,1
,,GUN - WORD UP,1
,,KORN - ANOTHER BRICK IN THE WALL,1
,,BADFINGER - COME AND GET IT,1
,,BRUCE WILLIS - UNDER THE BOARDWALK,1
,,ANNE CLARK - OUR DARKNESS,1
,,GIBSON BROTHERS - QUE SERA MI VIDA,1
,,THE MANHATTAN TRANSFER - SOUL FOOD TO GO,1
,,BONE THUGS-N-HARMONY - THA CROSSROADS,1
,,FATS DOMINO - LADY MADONNA,1
,,ANN NESBY - I'M GETTING READY,1
,,CYMANDE - BROTHERS ON THE SLIDE,1
,,QUINCY JONES - THE SECRET GARDEN (SWEET SEDUCTION SUITE),1
,,HÖHNER - VIVA COLONIA,1
,,GROVER WASHINGTON JR - JUST THE TWO OF US,1
,,BONNIE RAITT - NICK OF TIME,1
,,KAMAKAWIWO'OLE - SOMEWHERE OVER THE RAINBOW,1
,,ISRAEL - SOMEWHERE OVER THE RAINBOW,1
,,GÄNSEHAUT - KARL DER KÄFER,1
,,RONNIE JAMES DIO - HOLY DIVER,1
,,MONTY PYTHON - ALWAYS LOOK ON THE BRIGHT SIDE OF LIFE,1
,,MARIA MCKEE - SHOW ME HEAVEN,1
,,CARO TRISCHLER - NUVENS DE ACU´CAR,1
,,JACKSON BROWNE - STAY,1
,,JA RULE - AIN'T IT FUNNY,1
,,THE WHO - SUMMERTIME BLUES,1
,,THE WHO - BEHIND BLUE EYES,1
,,THE SOUNDS - LIVING IN AMERICA,1
,,VIOLENT FEMMES - BLISTER IN THE SUN,1
,,CANNED HEAT - ON THE ROAD AGAIN,1
,,THE ALLMAN BROTHERS BAND - MIDNIGHT RIDER,1
,,RUNRIG - LOCH LOMOND (LIVE),1
,,EDWIN BIRDSONG - COLA BOTTLE BABY,1
,,EDWIN STARR - WAR,1
,,ERYKAH BADU - DIDN'T CHA KNOW,1
,,DAVE - CHEATIN ON ME,1
,,YOUNG GUN SILVER FOX - YOU CAN FEEL IT,1
,,LIGHTNING SEEDS - THREE LIONS,1
,,SUGARLAND - ALREADY GONE,1
,,SUGARLAND - TENNESSEE,1
,,SARA EVANS - A REAL FINE PLACE TO START,1
,,SARA EVANS - SUDS IN THE BUCKET,1
,,RICK TREVIÑO - I WANT A GIRL IN A PICK-UP TRUCK,1
,,CHARLY MCCLAIN - WHO'S CHEATIN' WHO,1
,,CARLY PEARCE - I HOPE YOU'RE HAPPY NOW,1
,,LEE BRICE - I HOPE YOU'RE HAPPY NOW,1
,,PEZ - NEVER SEEN TENNESSEE,1
,,DEANA CARTER - WE DANCED ANYWAY,1
,,BLACKBERRY SMOKE - ONE HORSE TOWN,1
,,RANDALL KING - TAKIN' ME A HEARTBREAK,1
,,CARRIE UNDERWOOD - BEFORE HE CHEATS,1
,,CARRIE UNDERWOOD - I AIN'T IN CHECOTAH ANYMORE,1
,,TRANS-X - LIVING ON VIDEO,1
,,"TRIO - DA DA DA, ICH LIEB' DICH NICHT, DU LIEBST MICH NICHT, AHA AHA AHA",1
,,TRIO - ICH LIEB' DEN ROCK'N'ROLL,1
,,TRIO - TUTTI FRUTTI,1
,,BRANDON LAKE - HARD FOUGHT HALLELUJAH,1
,,CHARLES ESTEN - SANCTUARY,1
,,LENNON - SANCTUARY,1
,,MAISY - SANCTUARY,1
,,BILLY JOE SHAVER - WINNING AGAIN,1
,,EMILY ANN ROBERTS - SCRATCHING OUT A LIVING,1
,,GREYLAN JAMES - WATER AT A WEDDING,1
,,POETS OF THE FALL - CARNIVAL OF RUST,1
,,LAURA COX - TROUBLE COMING,1
,,LITA FORD - KISS ME DEADLY,1
,,GOJIRA - STRANDED,1
,,WITHIN TEMPTATION - WIRELESS,1
,,FRIDA - I KNOW THERE'S SOMETHING GOING ON,1
,,TON STEINE SCHERBEN - HALT DICH AN DEINER LIEBE FEST,1
,,PRINCE; THE REVOLUTION - PURPLE RAIN,1
,,MARK RONSON; MILEY CYRUS - NOTHING BREAKS LIKE A HEART,1
,,MOODY BLUES - NIGHTS IN WHITE SATIN,1
,,CHARLIE DORE - PILOT OF THE AIRWAVES,1
,,"POLARKREIS 18 - ALLEIN, ALLEIN",1
,,DER WOLF - GIBT'S DOCH GAR NICHT,1
,,CAVE - WHERE THE WILD ROSES GROW,1
,,NICK - WHERE THE WILD ROSES GROW,1
,,JULIEN CLERC - FAIS-MOI UNE PLACE,1
,,DRAKE REKLAWS - HONKY TONKIN' ABOUT,1
,,MILLIGAN - HONKY TONKIN' ABOUT,1
,,MCBRYDE - WHEN WILL I BE LOVED,1
,,ASHLEY - WHEN WILL I BE LOVED,1
,,CLARK - WHEN WILL I BE LOVED,1
,,HAMMACK - WHEN WILL I BE LOVED,1
,,CAYLEE - WHEN WILL I BE LOVED,1
,,STEVE 'N' SEAGULLS - YOU SHOOK ME ALL NIGHT LONG,1
,,LINDA DAVIS - I WANNA REMEMBER THIS,1
,,LITTLE BIG TOWN - ROCKET MAN,1
,,LITTLE BIG TOWN - SUMMER FEVER,1
,,"DARIUS RUCKER - YOU, ME AND MY GUITAR",1
,,JUDDS - DON'T BE CRUEL,1
,,ARNOLD SCHWARZENEGGER - I'LL BE BACK,1
,,THE O'JAYS - I LOVE MUSIC,1
,,FITZ AND THE TANTRUMS - WASTE MY TIME,1
,,AL GREEN - LET'S STAY TOGETHER,1
,,AL GREEN - EVERYBODY HURTS,1
,,LOYLE CARNER - AIN'T NOTHING CHANGED,1
,,LOYLE CARNER - HATE,1
,,LOYLE CARNER - YESTERDAY,1
,,LOYLE CARNER - NOBODY KNOWS,1
,,LOYLE CARNER - HOCUS POCUS,1
,,LOYLE CARNER - OTTOLENGHI,1
,,TOM MISCH - DAMSELFLY,1
,,TOM MISCH - SOUTH OF THE RIVER,1
,,HUBERT VON GOISERN UND DIE ALPINKATZEN - GOISERN,1
,,GIPSY KINGS - HOTEL CALIFORNIA,1
,,GIPSY KINGS - BAILA ME,1
,,THE MYSTERIOUS ART - DAS OMEN 1,1
,,THE MYSTERIOUS ART - DAS OMEN (TEIL 1),1
,,NINO DE ANGELO - JENSEITS VON EDEN,1
,,WAS NOT WAS - WALK THE DINOSAUR,1
,,DE BLÄCK FÖÖSS - MÄNNER,1
,,NORMAN GREENBAUM - SPIRIT IN THE SKY,1
,,GILBERT - BOTTOMS UP,1
,,BRANTLEY - BOTTOMS UP,1
,,TRISHA YEARWOOD - XXX'S AND OOO'S (AN AMERICAN GIRL),1
,,MARTINA MCBRIDE - VALENTINE,1
,,RYAN AND RORY - THEM BOOTS,1
,,"RACHEL WAMMACK - QUICK, FAST, IN A HURRY",1
,,KELSEA BALLERINI - PETER PAN,1
,,KEITH MARSHALL - ONLY CRYING,1
,,WISE GUYS - OHRWURM,1
,,NSYNC - TEARING UP MY HEART,1
,,BLOW MONKEYS - IT DOESN'T HAVE TO BE THIS WAY,1
,,LOCASH - BEACH BOYS,1
,,JAKE OWEN - BEACHIN',1
,,DAVID NAIL - HOTEL KEYS,1
,,DAVE BARNES - HOTEL KEYS,1
,,SAMMY KERSHAW - HONKY TONK AMERICA,1
,,DANIELLE BRADBERY - ENDLESS SUMMER,1
,,THE HIGHWAYMEN - CITY OF NEW ORLEANS,1
,,AARON WATSON - SUMMERTIME,1
,,KIMBERLY KELLY - SUMMERS LIKE THAT,1
,,EMERSON - LUCKY MAN,1
,,LAKE - LUCKY MAN,1
,,PALMER - LUCKY MAN,1
,,BILLY PAUL - YOUR SONG,1
,,ANTJE SCHOMAKER - NIE NACH PARIS,1
,,ANTJE SCHOMAKER - LOST INDIEBOY,1
,,ANTJE SCHOMAKER - SNACKS,1
,,ERSTE ALLGEMEINE VERUNSICHERUNG  (EAV) - AN DER COPACABANA,1
,,ACHIM REICHEL - ALOHA HEJA HE,1
,,THEES UHLMANN - & JAY-Z SINGT UNS EIN LIED,1
,,THEES UHLMANN - LAT: 53.7 LON: 9.11667,1
,,KIZ - DIE SENNERIN VOM KÖNIGSSEE,1
,,STEFAN RAAB - BITTE LASS DAS LICHT AN,1
,,STEFAN RAAB - HIER KOMMT DIE MAUS,1
,,STEFAN RAAB - WADDE HADDE DUDDE DA?,1
,,RICHIE SAMBORA - MADE IN AMERICA,1
,,THE HONEYDRIPPERS - SEA OF LOVE,1
,,THE HONEYDRIPPERS - WET DREAMZ,1
,,STEEL PULSE - BROWN EYED GIRL,1
,,INA MÜLLER - HIGH,1
,,PERCY SLEDGE - WHEN A MAN LOVES A WOMAN,1
,,SILLY - BATAILLON D' AMOUR,1
,,EROC - WOLKENREISE,1
,,CARMEL - NAPOLI,1
,,RAINHARD FENDRICH - STRADA DEL SOLE,1
,,RAINHARD FENDRICH - WEUS D'A HERZ HAST WIA A BERGWERK,1
,,LUCIO DALLA - WASHINGTON,1
,,FIRE WITH THE EMOTIONS - BOOGIE WONDERLAND,1
,,RUSS BALLARD - THE FIRE STILL BURNS,1
,,GEORGE THOROGOOD - BAD TO THE BONE,1
,,THE DESTROYERS - BAD TO THE BONE,1
,,DANNY VERA - ROLLER COASTER,1
,,HEINZ RÜHMANN - LA-LE-LU,1
,,"MATHEA - FUNKE, FLÄCHENBRAND",1
,,MATHEA - 2X,1
,,WOLFGANG AMBROS - ES LEBE DER ZENTRALFRIEDHOF,1
,,JISKA - GIRL NEXT DOOR,1
,,JISKA - IS IT WEIRD?,1
,,JISKA - AT THE DUCK POND,1
,,"VIKTOR LAZLO - SWEET, SOFT N' LAZY",1
,,ETTA JAMES - I'D RATHER GO BLIND,1
,,ETTA JAMES - TAKE IT TO THE LIMIT,1
,,JON BATISTE - FREEDOM,1
,,HOT 8 BRASS BAND - FREEDOM,1
,,LIONEL RICHIE WITH SHANIA TWAIN - ENDLESS LOVE,1
,,RAY CHARLES WITH LEELA JAMES - COMPARED TO WHAT,1
,,AFTER THE FIRE - 1980-F,1
,,RHEINGOLD - DREIKLANGSDIMENSIONEN,1
,,JENNY THIELE - NEHMT MICH MIT,1
,,INDUCTION - QUEEN OF LIGHT,1
,,MEGADETH - HANGAR 18,1
,,SHINEDOWN - SECOND CHANCE,1
,,SHINEDOWN - KILLING FIELDS,1
,,MANOWAR - NUMBER 1,1
,,JEFF BECK - PATIENT NUMBER 9,1
,,THE CATCH - 25 YEARS,1
,,WASHINGTON JR - JUST THE TWO OF US,1
,,GROVER - JUST THE TWO OF US,1
,,THE FAMILY - NOTHING COMPARES 2 U,1
,,CURTIS MAYFIELD - MOVE ON UP,1
,,"ULRICH ZEHFUSS - KOMM, SPRICH MIT MIR",1
,,TOM JONES; MOUSSE T - SEXBOMB,1
,,ARMANDO QUATTRONE - MARIA,1
,,LUCILECTRIC - HEY SÜSSER,1
,,FORSTER MARK - LIKE A LION (MARK FORSTER FEAT. GENTLEMAN),1
,,"SPARKS - WHEN DO I GET TO SING ""MY WAY""",1
,,TWISTED SISTER - I WANNA ROCK,1
,,TWISTED SISTER - COME OUT AND PLAY,1
,,ALICE IN CHAINS - DAM THAT RIVER,1
,,HELEN SCHNEIDER WITH THE KICK - HOT SUMMER NITES,1
,,DROPKICK MURPHYS - I'M SHIPPING UP TO BOSTON,1
,,ERSTE ALLGEMEINE VERUNSICHERUNG - 3 WEISSE TAUBEN,1
,,POCO - CALL IT LOVE,1
,,CURTIS HARDING - NEED YOUR LOVE,1
,,RUMER - SLOW,1
,,SAILOR - THE SECRETARY,1
,,THE VAMPIRE SOUND INC - DROGE CX 9,1
,,"ZANKI - VIERTEL VOR NEUN, VIERTEL VOR ZEHN",1
,,SAPHIR - THE WITCH-QUEEN OF NEW ORLEANS,1
,,CLUB NOUVEAU - LEAN ON ME,1
,,MENDES - SEÑORITA,1
,,SHAWN - SEÑORITA,1
,,LEISURE - DOMINOES,1
,,LEISURE - EASY WAY OUT,1
,,LEISURE - ABOVE ME,1
,,DURAND JONES - MORNING IN AMERICA,1
,,THE INDICATIONS - MORNING IN AMERICA,1
,,SHIRLEY BASSEY - HISTORY REPEATING,1
,,PROPELLERHEADS - HISTORY REPEATING,1
,,WOLFSHEIM - ONCE IN A LIFETIME,1
,,WOLFSHEIM - THE SPARROWS AND THE NIGHTINGALES,1
,,LULU - RELIGHT MY FIRE,1
,,LAKE STREET DIVE - HOW GOOD IT FEELS,1
,,SIMONE - BACKLASH BLUES,1
,,MINNIE RIPERTON - REASONS,1
,,FILMORCHESTER - GEBRÜNN GEBRÜNN,1
,,DIE LASSIE SINGERS - MEIN FREUND HAT MIT MIR SCHLUSS GEMACHT,1
,,BUT ALIVE - BESTE WAFFE,1
,,DIE STERNE - UNIVERSAL TELLERWÄSCHER,1
,,LZZY HALE - SEPARATE WAYS (WORLDS APART),1
,,TURBO B - THE POWER,1
,,WATT - NOTHING ELSE MATTERS,1
,,YO-YO MA - NOTHING ELSE MATTERS,1
,,ROBERT TRUJILLO - NOTHING ELSE MATTERS,1
,,CHAD SMITH - NOTHING ELSE MATTERS,1
,,BILLIE JOE ARMSTRONG - KIDS IN AMERICA,1
,,GHOST - JESUS HE KNOWS ME,1
,,SEETHER - CARELESS WHISPER,1
,,WILSON PICKETT - HEY JUDE,1
,,ROBIN MCKELLE - TO LOVE SOMEBODY,1
,,THE FLYTONES ( - TO LOVE SOMEBODY,1
,,LEE FIELDS) - TO LOVE SOMEBODY,1
,,NINA SIMONE - I SHALL BE RELEASED,1
,,NINA SIMONE - FEELING GOOD,1
,,DARYL BRAITHWAITE - ONE SUMMER,1
,,EMMELIE DE FOREST - ONLY TEARDROPS,1
,,MICHAEL JACKSON; SIEDAH GARRETT - I JUST CAN'T STOP LOVING YOU,1
,,BOYS TOWN GANG - CAN'T TAKE MY EYES OFF YOU,1
,,BENI HAFNER - WACKELKONTAKT,1
,,DIE GOLDENEN ZITRONEN - FÜR IMMER PUNK,1
,,LINA MALY - DEIN IST MEIN GANZES HERZ,1
,,ROGER CICERO - KÖNIG VON DEUTSCHLAND,1
,,"DENNIS DUBPLATE - IRGENDWIE, IRGENDWO, IRGENDWANN",1
,,HUNDREDS - WONDERFUL LIFE,1
,,HUNDREDS - READY SHAKING SILENT,1
,,HUNDREDS - CALLING,1
,,HUNDREDS - BODY OF WATER,1
,,"FINN - HEUTE HIER, MORGEN DORT",1
,,RIC OCASEK - EMOTION IN MOTION,1
,,THE BAND - THE WEIGHT,1
,,THE KNACK - MY SHARONA,1
,,HAINDLING - PFEIF' DRAUF,1
,,NORMAHL - TRÜMMERTANGO,1
,,NINA HAGEN - BORN IN XIXAX,1
,,MEUTE - YOU AND ME,1
,,CASPER - SCHWARZ,1
,,ZUPFGEIGENHANSEL - WALDFEST,1
,,HOLSTUONARMUSIGBIGBANDCLUB - VO MELLO BIS GE SCHOPPORNOU,1
,,THOMPSON - KING OF THE ROAD,1
,,TEDDY - KING OF THE ROAD,1
,,WAINWRIGHT - KING OF THE ROAD,1
,,RUFUS - KING OF THE ROAD,1
,,JOHN MICHAEL MONTGOMERY - BE MY BABY TONIGHT,1
,,KEITH URBAN - LONG HOT SUMMER,1
,,KEITH URBAN - YOU GONNA FLY,1
,,PARTON - POWERFUL WOMEN,1
,,DOLLY - POWERFUL WOMEN,1
,,GLS-UNITED - RAPPER'S DEUTSCH,1
,,THE PLATTERS - THE GREAT PRETENDER,1
,,BOYZ II MEN - END OF THE ROAD,1
,,ELIOTT - DANCING QUEEN,1
,,PREFAB SPROUT - CARNIVAL 2000,1
,,CAPTAIN - DO THAT TO ME ONE MORE TIME,1
,,TENNILLE - DO THAT TO ME ONE MORE TIME,1
,,DYNAMO 5 - THE LETTER,1
,,ERNST MOLDEN - I STEH IBAHAUBT NED MEA AUF DI,1
,,SEILER - I STEH IBAHAUBT NED MEA AUF DI,1
,,DAS FRAUENORCHESTER - I STEH IBAHAUBT NED MEA AUF DI,1
,,JÜRGEN DREWS - EIN BETT IM KORNFELD,1
,,VERIFIZIERT - PERFEKTE WELLE,1
,,DOG EAT DOG - NO FRONTS,1
,,SAM HUNT - BREAKING UP WAS EASY IN THE 90'S,1
,,SAM HUNT - SINGLE FOR THE SUMMER,1
,,SAM HUNT - HOUSE PARTY,1
,,"BOBBY BARE - $100,000 IN PENNIES",1
,,ROBERT EARL KEEN - 99 YEARS FOR ONE DARK DAY,1
,,ASLEEP AT THE WHEEL - (GET YOUR KICKS ON) ROUTE 66,1
,,JOHNNY PAYCHECK - 11 MONTHS AND 29 DAYS,1
,,JON PARDI WITH THE ALL-NIGHTERS - 400 HORSEPOWER SLEIGH,1
,,K. T. OSLIN - 80'S LADIES,1
,,DANIEL FOGELBERG - MAGIC EVERY MOMENT,1
,,MAX GAZZÈ - TAXI EUROPA,1
,,FUNNY VON DANNEN - URUGUAY,1
,,"EXTRABREIT - FLIEGER, GRÜSS MIR DIE SONNE",1
,,BLUE; ELTON JOHN - SORRY SEEMS TO BE THE HARDEST WORD,1
,,PHIL COLLINS; PHILIP BAILEY - EASY LOVER,1
,,ARCÁNGEL - DUELE EL CORAZON,1
,,JAVADA - DUELE EL CORAZON,1
,,REAL THING - YOU TO ME ARE EVERYTHING,1
,,TOMMY JAMES; THE SHONDELLS - CRIMSON AND CLOVER,1
,,EDDIE MURPHY - PARTY ALL THE TIME,1
,,COCKNEY REBEL - MAKE ME SMILE (COME UP AND SEE ME),1
,,TINA CHARLES - I LOVE TO LOVE,1
,,NICHT GENANNT - EIN FALL FÜR ZWEI (TITELMUSIK),1
,,BLUMFELD - TAUSEND TRÄNEN TIEF,1
,,MARIANNE ROSENBERG - ER GEHÖRT ZU MIR,1
,,DIE STERNE MIT THE DÜSSELDORF DÜSTERBOYS - DU MUSST GAR NIX,1
,,SHALAMAR - THE SECOND TIME AROUND,1
,,JONI MITCHELL - BIG YELLOW TAXI,1
,,THE EASYBEATS - FRIDAY ON MY MIND,1
,,GABRIELA CILMI - SWEET ABOUT ME,1
,,10 CC - DREADLOCK HOLIDAY,1
,,STS - FÜRSTENFELD,1
,,FRANK SINATRA - THEME FROM NEW YORK NEW YORK,1
,,FRANK SINATRA - MY WAY,1
,,FLORIAN KÜNSTLER - SO LANG NICHT MEHR GETANZT,1
,,BOSSHOSS - JOLENE,1
,,BOX TOPS - THE LETTER,1
,,PAUL YOUNG; ZUCCHERO - SENZA UNA DONNA (WITHOUT A WOMAN),1
,,THE SPINNERS - WORKING MY WAY BACK TO YOU,1
,,ELO (ELECTRIC LIGHT ORCHESTRA) - DON'T BRING ME DOWN,1
,,LEAH KATE - 10 THINGS I HATE ABOUT YOU,1
,,SAMMY HAGAR - I CAN'T DRIVE 55,1
,,AUDIOSLAVE - # 1 ZERO (NUMBER 10),1
,,ENSEMBLE DER AUGSBURGER PUPPENKISTE - DAS LUMMERLANDLIED,1
,,COSA ROSA - MILLIONENMAL,1
,,KASI - 25GRAD,1
,,KASI - TUT ES NOCH WEH?,1
,,KASI - HOOKMB - KASI X ANTONIUS - SCHWEIGEN UNS AN_V3,1
,,KASI - BEIFAHRERSITZ,1
,,ANTONIUS - 25GRAD,1
,,ANTONIUS - TUT ES NOCH WEH?,1
,,ANTONIUS - HOOKMB - KASI X ANTONIUS - SCHWEIGEN UNS AN_V3,1
,,ANTONIUS - BEIFAHRERSITZ,1
,,DAVID CASSIDY - ROCK ME BABY,1
,,PAM JACKSON - EVERY OTHER WOMAN (EVERY OTHER MAN),1
,,COLE SWINDELL - CHILLIN' IT,1
,,ASHLEY COOKE - THE HELL YOU ARE,1
,,JASON BLAINE - BOY MAMA,1
,,JASON ISBELL AND THE 400 UNIT - TUPELO,1
,,"JO DEE MESSINA - HEADS CALIFORNIA, TAILS CALIFORNIA",1
,,DELBERT - CALIFORNIA LIVIN',1
,,GLEN - CALIFORNIA LIVIN',1
,,THE SHIRES - NASHVILLE GREY SKIES,1
,,CONFEDERATE RAILROAD - QUEEN OF MEMPHIS,1
,,KIP MOORE - SWEET VIRGINIA,1
,,JOHN HIATT - MEMPHIS IN THE MEANTIME,1
,,JERMAINE - WHEN THE RAIN BEGINS TO FALL,1
,,TURTLES - HAPPY TOGETHER,1
,,GREGORY ABBOTT - SHAKE YOU DOWN,1
,,RAY CHARLES WITH RUBEN STUDDARD - IMAGINE,1
,,THE HARLEM GOSPEL SINGERS - IMAGINE,1
,,"HUCKNALL,MICK - LET ME DOWN EASY",1
,,JOHN ( - WAKE UP EVERYBODY,1
,,THE ROOTS) ( - WAKE UP EVERYBODY,1
,,COMMON - WAKE UP EVERYBODY,1
,,MELANIE FIONA) LEGEND - WAKE UP EVERYBODY,1
,,CASSIUS CLAY - STAND BY ME,1
,,VELILE - HELELE,1
,,PAUL STANLEY'S SOUL STATION - COULD IT BE I'M FALLING IN LOVE,1
,,JESSIE MURPH - DIRTY,1
,,AARON FRAZER - GIRL ON THE PHONE,1
,,VAN MORRISON - HAVE I TOLD YOU LATELY THAT I LOVE YOU?,1
,,THE BOLLOCK BROTHERS - HARLEY DAVID (SON OF A BITCH),1
,,CORRS - RADIO,1
,,KEITH LESLIE MARSHALL - ONLY CRYING,1
,,DEXY'S MIDNIGHT RUNNERS - COME ON EILEEN,1
,,WOOD - PRAYER IN C,1
,,LILLY - PRAYER IN C,1
,,LILLY ALLEN - NOT FAIR,1
,,HANK JR WILLIAMS - KAW-LIGA,1
,,JAMES OTTO - JUST GOT STARTED LOVIN' YOU,1
,,CARLENE CARTER - I FELL IN LOVE,1
,,JOE NICHOLS - GIMMIE THAT GIRL,1
,,LANIE GARDNER - FADED POLAROIDS,1
,,GABBY BARRETT - DANCE LIKE NO ONE'S WATCHING,1
,,DARRYL WORLEY - A GOOD DAY TO RUN,1
,,CANDELA AZUL - JUEGALO,1
,,BAHA MAN - WHO LET THE DOGS OUT,1
,,PAVEIER - LEEV MARIE,1
,,TELQUIST - TRASH TALK,1
,,TELQUIST - MOJO,1
,,TELQUIST - BLISS,1
,,49TH - UP TO SOMETHING,1
,,MAIN - UP TO SOMETHING,1
,,JORDAN RAKEI - ROLLING INTO ONE,1
,,JORDAN RAKEI - SHADOWS,1
,,JORDAN RAKEI - SAY SOMETHING,1
,,JORDAN RAKEI - WILDFIRE,1
,,JORDAN RAKEI - OTTOLENGHI,1
,,JORDAN RAKEI - SORCERESS,1
,,DILLA - TEEN,1
,,DILLA - STAR,1
,,MISO EXTRA - DONE.,1
,,LISSA - SKODA,1
,,LISSA - MORE & MORE,1
,,MOGLII - MONDLICHT,1
,,MOGLII - WHIITE OWL,1
,,MOGLII - SKODA,1
,,MOGLII - NOW OR NEVER,1
,,MOGLII - BEST OF ME,1
,,MOGLII - MORE & MORE,1
,,MOGLII - BLOOM,1
,,WINSTON SURFSHIRT - FOR THE RECORD,1
,,WINSTON SURFSHIRT - THERE'S ONLY ONE,1
,,OSCAR AND THE WOLF - WARRIOR,1
,,REMI WOLF - LIQUOR STORE,1
,,REMI WOLF - HELLO HELLO HELLO,1
,,REMI WOLF - STREET YOU LIVE ON,1
,,REMI WOLF - DISCO MAN,1
,,REMI WOLF - FIRED,1
,,UPSAHL - SCREAM,1
,,UPSAHL - KICKFLIP,1
,,UPSAHL - MELATONIN,1
,,UPSAHL - SICK PRETTY MIND,1
,,UPSAHL - THRIVING,1
,,AITCH - RAVING IN THE STUDIO,1
,,BAD SOUNDS - EVIL POWERS,1
,,KAE TEMPEST - DON’T FALL IN,1
,,ANNA OF THE NORTH - SWIRL,1
,,WARHAUS - POPCORN,1
,,WARHAUS - DESIRE,1
,,SHURA - ELEVATOR GIRL,1
,,NEUFUNDLAND - DISTELN,1
,,NEUFUNDLAND - VINO,1
,,NEUFUNDLAND - MÄNNLICH BLASS HETERO,1
,,NEUFUNDLAND - ALLES WAS BLEIBT,1
,,NEUFUNDLAND - LIEBE,1
,,NEUFUNDLAND - ALLES LÜGE,1
,,SHARKTANK - MUD,1
,,SHARKTANK - BLADE ON ME,1
,,C'EST KARMA - COFFEE,1
,,C'EST KARMA - BUBBLEGUM,1
,,C'EST KARMA - POOL PARTY,1
,,C'EST KARMA - HEARTS ON WINDOWS,1
,,C'EST KARMA - NO WORDS LEFT,1
,,PRINCESS NOKIA - DIVA,1
,,PRINCESS NOKIA - GET PAID,1
,,TOVE STYRKE - ON THE LOW,1
,,DIE HÖCHSTE EISENBAHN - WAS MACHST DU DANN,1
,,DAÐI FREYR - I'M FINE,1
,,DAÐI FREYR - SABADA,1
,,ADEKUNLE GOLD - ANTIDOTE,1
,,SPARKLING - NOT THE RIGHT PLACE,1
,,SPARKLING - CHAMPAGNE,1
,,SPARKLING - WE DON'T WANT IT,1
,,SPARKLING - THE SAME AGAIN,1
,,SPARKLING - C'EST MA VIE,1
,,DIGITALISM - 2 HEARTS,1
,,DIGITALISM - HOLOGRAMS,1
,,GRIMES - PYNK,1
,,G FLIP - YOU & I,1
,,G FLIP - GAY 4 ME,1
,,G FLIP - SCREAM,1
,,G FLIP - KILLING MY TIME,1
,,G FLIP - ABOUT YOU,1
,,G FLIP - NOT EVEN IN VEGAS,1
,,G FLIP - I AM NOT AFRAID,1
,,G FLIP - HYPERFINE,1
,,G FLIP - DRINK TOO MUCH,1
,,G FLIP - WAITING GAME,1
,,SOHN - CONRAD,1
,,SOHN - THE CHASE,1
,,SOHN - SIGNAL,1
,,SOHN - HARD LIQUOR,1
,,OBONGJAYAR - FLOOD,1
,,JADE BIRD - YOU'VE FALLEN IN LOVE AGAIN,1
,,KAKKMADDAFAKKA - YOUNG YOU,1
,,KAKKMADDAFAKKA - NEIGHBOURHOOD,1
,,KAKKMADDAFAKKA - SIN,1
,,KAKKMADDAFAKKA - NAKED BLUE,1
,,DRANGSAL - MEIN MONUMENT,1
,,DRANGSAL - LOVE ME OR LEAVE ME ALONE,1
,,DRANGSAL - LIFE IS A KILLER,1
,,DRANGSAL - MAGST DU MICH,1
,,DRANGSAL - WILL ICH NUR DICH,1
,,SOPHIA BLENDA - MEIN MONUMENT,1
,,LOUPE - 21,1
,,LOUPE - FOREST OF OUR MEMORIES,1
,,AU - STAY HAPPY,1
,,AU - IDEAS,1
,,AU - ASSASSIN,1
,,AU - PLZ DON'T WASTE MY YOUTH,1
,,AU - NICE TO MEET ME,1
,,AU - SCREW FEELINGS,1
,,AU - DANCE IN THE DARK,1
,,RA - STAY HAPPY,1
,,RA - IDEAS,1
,,RA - ASSASSIN,1
,,RA - PLZ DON'T WASTE MY YOUTH,1
,,RA - NICE TO MEET ME,1
,,RA - SCREW FEELINGS,1
,,RA - DANCE IN THE DARK,1
,,ALLI NEUMANN - BLUE,1
,,ALLI NEUMANN - BERLIN NIGHTLIFE,1
,,ALLI NEUMANN - PRIMETIME,1
,,ALUNAGEORGE - TOGETHER,1
,,PHILINE SONNY - SHAME,1
,,PHILINE SONNY - SAME LIGHT,1
,,SUDAN ARCHIVES - HOME MAKER,1
,,CLAIRO - BAGS,1
,,FUCK ART LET'S DANCE! - VICIOUS CIRCLE,1
,,FUCK ART LET'S DANCE! - FORWARD! FUTURE!,1
,,FUCK ART LET'S DANCE! - MENTHOL,1
,,JAMES HERSEY - FAKE LOVE,1
,,PAULWETZ - TRÄUMER,1
,,DOLORES FOREVER - CONCRETE,1
,,DOLORES FOREVER - NOT NOW KIDS,1
,,EDWIN ROSEN - 21 NÄCHTE WACH,1
,,EDWIN ROSEN - KONTROLLVERLUST,1
,,JORJA SMITH - BLUE LIGHTS,1
,,JORJA SMITH - THE WAY I LOVE YOU,1
,,JORJA SMITH - LAVENDER & RED ROSES,1
,,JORJA SMITH - LET ME DOWN,1
,,JORJA SMITH - COME OVER,1
,,JORJA SMITH - IN THE NIGHT,1
,,JORJA SMITH - ADDICTED,1
,,JORJA SMITH - LITTLE THINGS,1
,,JORJA SMITH - ALL OF THIS,1
,,JORJA SMITH - LOVING YOU,1
,,GENESIS OWUSU - GET INSPIRED,1
,,GENESIS OWUSU - THERE'S ONLY ONE,1
,,CHROMEO - BLUTOOTH,1
,,EMPRESS OF - CURA,1
,,YUMI ZOUMA - CRUSH,1
,,YUMI ZOUMA - BRUISE,1
,,SLØTFACE - STUFF,1
,,SLØTFACE - LEADING MAN,1
,,ÄTNA - GRINDING,1
,,ÄTNA - COME TO ME,1
,,INTERPOL - ALL THE RAGE BACK HOME,1
,,YUKNO - LAND OF CONFUS1ON,1
,,YUKNO - DIE STERNE VON UNTEN,1
,,YUKNO - COMIC RELIEF,1
,,YUKNO - NIE,1
,,YUKNO - RISSE,1
,,YUKNO - SCHWERKRAFT,1
,,YUKNO - EINE SEKTE,1
,,YUKNO - BLUT,1
,,YUKNO - DIE WAHRHEIT,1
,,YUKNO - SYNTHADELLA,1
,,YUKNO - DIE SEKUNDEN,1
,,DAYGLOW - BALCONY,1
,,DAYGLOW - DEEP END,1
,,DAYGLOW - SOMETHING,1
,,DAYGLOW - MEDICINE,1
,,DAYGLOW - CAN I CALL YOU TONIGHT?,1
,,POWER PLUSH - FEELZ,1
,,GIRL IN RED - BODY AND MIND,1
,,GIRL IN RED - DEAD GIRL IN THE POOL,1
,,GIRL IN RED - BAD IDEA,1
,,GIRL IN RED - YOU STUPID BITCH,1
,,GIRL IN RED - I'LL CALL YOU MINE,1
,,CHVRCHES - OVER,1
,,CHVRCHES - CALIFORNIA,1
,,MATT CORBY - TALK IT OUT,1
,,MATT CORBY - MONDAY,1
,,MATT CORBY - PROBLEMS,1
,,MATT CORBY - ALL THAT I SEE,1
,,ORLA GARTLAND - KISS UR FACE FOREVER,1
,,ORLA GARTLAND - MORE LIKE YOU,1
,,ORLA GARTLAND - CODEPENDENCY,1
,,ORLA GARTLAND - DO YOU MIND,1
,,VON WEGEN LISBETH - LIEFERANDOMANN,1
,,VON WEGEN LISBETH - MOMO,1
,,VON WEGEN LISBETH - WESTKREUZ,1
,,VON WEGEN LISBETH - AL MIO LOCALE,1
,,VON WEGEN LISBETH - AUGEN I,1
,,VON WEGEN LISBETH - ELON,1
,,VON WEGEN LISBETH - ALEXA GIB MIR MEIN GELD ZURÜCK!,1
,,VON WEGEN LISBETH - OPTI,1
,,VON WEGEN LISBETH - CHÉRIE,1
,,VON WEGEN LISBETH - FUNDBÜRO,1
,,VON WEGEN LISBETH - MEINE KNEIPE,1
,,FRIEDBERG - LIZZY,1
,,FRIEDBERG - GO WILD,1
,,FRIEDBERG - MY BEST FRIEND,1
,,MILLENIUMKID - SOMMERKLEID,1
,,MILLENIUMKID - FALL FÜR DICH,1
,,MILLENIUMKID - SCHMETTERLING,1
,,POM POM SQUAD - HEAD CHEERLEADER,1
,,ALFIE TEMPLEMAN - FOREVER ISN'T LONG ENOUGH,1
,,ALFIE TEMPLEMAN - EVERYBODY'S GONNA LOVE SOMEBODY,1
,,ALFIE TEMPLEMAN - LEAVING TODAY,1
,,BETTEROV - BERLIN IST KEINE STADT,1
,,BETTEROV - RISSE,1
,,LEYYA - THE PAPER,1
,,LEYYA - HEAT,1
,,LEYYA - HALF ASLEEP,1
,,JEREMIAS - LUNA,1
,,JEREMIAS - FIN,1
,,JEREMIAS - SCHON OKAY,1
,,JEREMIAS - PARIS,1
,,JEREMIAS - ALLES,1
,,JEREMIAS - ICH MAGS,1
,,JEREMIAS - BYE X3,1
,,CHANNEL TRES - 6AM,1
,,CHANNEL TRES - CACTUS WATER,1
,,CHANNEL TRES - CAFUNÉ,1
,,TORO Y MOI - SIDELINES,1
,,TORO Y MOI - THE DIFFERENCE,1
,,BIIG PIIG - DON'T TURN AROUND,1
,,BIIG PIIG - THIS IS WHAT THEY MEANT,1
,,METRONOMY - SALTED CARAMEL ICE CREAM,1
,,METRONOMY - NICE TOWN,1
,,METRONOMY - THINGS WILL BE FINE,1
,,METRONOMY - OLD SKOOL,1
,,METRONOMY - WEDDING BELLS,1
,,METRONOMY - LATELY,1
,,GIIRL - BLOODSHED,1
,,GIIRL - FIRE,1
,,GIIRL - ON THE TIP OF YOUR TONGUE,1
,,GIIRL - BLOOD ON THE WALLS,1
,,GIIRL - I WANT IT ALL,1
,,GIIRL - BLOOM,1
,,GIIRL - DRIVIN' ALL NIGHT,1
,,FLUME - LET YOU KNOW,1
,,FLUME - THE DIFFERENCE,1
,,FLUME - HOLDIN' ON,1
,,SPILL TAB - CRÈME BRÛLÉE!,1
,,NOMBE - BOYS LIKE ME,1
,,NOMBE - HOOK: NOMBE - DO WATCHU WANT TO ME,1
,,KITSCHKRIEG - MAD ABOUT YOU,1
,,LAUREL - LOVESICK,1
,,LAUREL - WILD SIDE,1
,,LAUREL - ADORED,1
,,LAUREL - YOU'RE THE ONE,1
,,LAUREL - KISSING WITH THE TOP DOWN,1
,,PORIJ - NOBODY SCARED,1
,,J. BERNARDT - THE OTHER MAN,1
,,J. BERNARDT - CALM DOWN,1
,,MALLRAT - TEETH,1
,,MALLRAT - GROCERIES,1
,,MALLRAT - SURPRISE ME,1
,,MALLRAT - BETTER,1
,,MALLRAT - ROCKSTAR,1
,,MALLRAT - YOUR LOVE,1
,,TYLER THE CREATOR - U SAY,1
,,TYLER THE CREATOR - NOID,1
,,ANDERSON .PAAK - LOCKDOWN,1
,,ANDERSON .PAAK - KING JAMES,1
,,ANDERSON .PAAK - 'TILL IT'S OVER,1
,,BABY OF THE BUNCH - JEANS,1
,,BABY OF THE BUNCH - HAPPY HERE,1
,,BABY OF THE BUNCH - I LIKE THAT,1
,,BABY OF THE BUNCH - LET'S GO SWIMMING,1
,,BABY OF THE BUNCH - UR MOM,1
,,BLVTH - NO SHAME,1
,,BLVTH - GORILLAS,1
,,BLVTH - DOMINO,1
,,LEONIDEN - RIVER,1
,,LEONIDEN - FREAKS,1
,,LEONIDEN - NEW 68,1
,,LEONIDEN - HOOKMB: LEONIEDEN - BALANCE OF LOVE,1
,,LEONIDEN - FUNERAL,1
,,LEONIDEN - BLUE HOUR,1
,,ROSIE LOWE - PHAROAH,1
,,HINDS - SPANISH BOMBS,1
,,SLOWTHAI - SOONER,1
,,SLOWTHAI - FEEL AWAY,1
,,SLOWTHAI - SELFISH,1
,,SLOWTHAI - TERMS,1
,,YOUNG FRANCO - GET YOUR MONEY,1
,,YOUNG FRANCO - SUN MOON,1
,,YOUNG FRANCO - JUICE,1
,,YOUNG FRANCO - LIKE THAT,1
,,YOUNG FRANCO - STUDIO 54,1
,,YOUNG FRANCO - UNDERNEATH,1
,,SKILLIBENG - SHAKE IT TO THE MAX,1
,,MISSY ELLIOT - TOYZ,1
,,DJANGO DJANGO - TIC TAC TOE,1
,,DJANGO DJANGO - GLOWING IN THE DARK,1
,,DJANGO DJANGO - FREE FROM GRAVITY,1
,,JACK HARLOW - SET YOU FREE,1
,,JACK HARLOW - DENVER,1
,,JACK HARLOW - JUST US,1
,,JACK HARLOW - FIRST CLASS,1
,,EKKSTACY - SHE WILL BE MISSED,1
,,PORTMONEE - PERFEKTE MENSCHEN,1
,,SABA - RICH DON'T STOP,1
,,SABA - COME MY WAY,1
,,SABA - ZIPLOCK,1
,,TIM BALDUS - SMOG,1
,,DYLYN - WOLF,1
,,DYLYN - WHAT A RIDE,1
,,MAC MILLER - BLUE WORLD,1
,,MAC MILLER - THERAPY PT. 2,1
,,MAC MILLER - COLORS AND SHAPES,1
,,COIN LOUIS THE CHILD - SELF CARE,1
,,STILL WOOZY - IPANEMA,1
,,HAIKU HANDS - JUPITER,1
,,ANGUS - CAPE FORESTIER,1
,,JULIA STONE - CAPE FORESTIER,1
,,GARDEN CITY MOVEMENT - SHE'S SO UNTOUCHABLE,1
,,GARDEN CITY MOVEMENT - FOREIGN AFFAIR,1
,,GARDEN CITY MOVEMENT - BITTER MOON,1
,,GARDEN CITY MOVEMENT - SUMMER NIGHT,1
,,DRÉ SIX - MAD ABOUT YOU,1
,,PIRI - SOFT SPOT,1
,,CHET FAKER - BEND,1
,,IDER - BORED,1
,,IDER - YOU'VE GOT YOUR WHOLE LIFE AHEAD OF YOU BABY,1
,,IDER - WU BABY,1
,,IDER - CROSS YOURSELF,1
,,IDER - GIRL,1
,,IDER - BODY LOVE,1
,,GOLF - < 3,1
,,GOLF - ITALIEN '97,1
,,RDGLDGRN - BAYOU,1
,,RDGLDGRN - PEOPLE DON'T DANCE,1
,,NILÜFER YANYA - LIKE I SAY,1
,,NILÜFER YANYA - HEAT RISES,1
,,NILÜFER YANYA - BOYS IN MOVIES,1
,,NILÜFER YANYA - IN YOUR HEAD,1
,,NILÜFER YANYA - MIDNIGHT SUN,1
,,NILÜFER YANYA - CRASH,1
,,NILÜFER YANYA - HEAVYWEIGHT CHAMPION OF THE YEAR,1
,,NILÜFER YANYA - METHOD ACTOR,1
,,NILÜFER YANYA - TEARS,1
,,NILÜFER YANYA - ANOTHERLIFE,1
,,SON MIEUX - DRIVE,1
,,JOLLE - SCHWARZES WASSER,1
,,JOLLE - ALLE MÄRCHEN SIND GELOGEN,1
,,JOLLE - GRUNDRAUSCHEN,1
,,JOLLE - LEERGETANZT,1
,,NAO - ANTIDOTE,1
,,NAO - NOSTALGIA,1
,,NAO - IF YOU EVER,1
,,THUNDERCAT - FUNNY THING,1
,,NOVAA - VITAMINS,1
,,NOVAA - TILTED,1
,,NOVAA - SCHOOL FRIENDS,1
,,NOVAA - I'M HUNGRY,1
,,NOVAA - HMLTM,1
,,NOVAA - TETRIS,1
,,NOVAA - I'LL QUIT MUSIC,1
,,NOVAA - AI AM IN LOVE,1
,,NOVAA - THE WORLD'S THING,1
,,NOVAA - CYBER ROOM,1
,,NOVAA - YOU CAN F WITH ME,1
,,MAX RAD - MOONSHINE,1
,,MAX RAD - SHUTDOWN,1
,,MAX RAD - PLAY DEAD,1
,,MAX RAD - SAVE ME FROM MYSELF,1
,,MAX RAD - BACK AROUND,1
,,LOW ISLAND - WHO'S HAVING THE GREATEST TIME,1
,,LOW ISLAND - I DO IT FOR YOU,1
,,LOW ISLAND - KID GLOVES,1
,,GEORGIA - WITH EVERY WAVE,1
,,GEORGIA - I MIGHT BE FAKE,1
,,JAMES BLAKE - FEEL AWAY,1
,,JAMES BLAKE - DO YOU EVER,1
,,JAMES BLAKE - LIFE IS NOT THE SAME,1
,,JAMES BLAKE - OUR LOVE COMES BACK,1
,,BRUCKNER - JUNGS,1
,,BRUCKNER - FUJI,1
,,BRUCKNER - FÜR IMMER HIER,1
,,BRUCKNER - WORST CASE BAND,1
,,BRUCKNER - IN DREI JAHREN,1
,,TOMMY RICHMAN - ACTIN UP,1
,,TOMMY RICHMAN - DEVIL IS A LIE,1
,,AMILLI - RARRI,1
,,AMILLI - WINGS,1
,,AMILLI - DIE FOR YOU,1
,,AMILLI - FOUR DAYS,1
,,AMILLI - I´M NOT TRYNA BE YOUR GIRL,1
,,"AMILLI - I KNOW, I KNOW",1
,,AMILLI - HAZY DAYS,1
,,AMILLI - ALONE IN THE RAIN,1
,,IBEYI - SISTER 2 SISTER,1
,,IBEYI - LAVENDER & RED ROSES,1
,,IBEYI - CLEO WHO TAKES CARE OF YOU,1
,,IBEYI - MADE OF GOLD,1
,,IBEYI - MOUNTAINS OF GOLD,1
,,SAMM HENSHAW - THE WORLD IS MINE,1
,,SAMM HENSHAW - CHICKEN WINGS,1
,,ROSE GRAY - HAPPINESS,1
,,RICH BRIAN - KIDS,1
,,RICH BRIAN - EDAMAME,1
,,RICH BRIAN - C’EST LA VIE,1
,,JAFUNK - LIKE THAT,1
,,NONAME - SONG 32,1
,,TKAY MAIDZA - 24K,1
,,TKAY MAIDZA - HAZY,1
,,BILBAO - MOJITO,1
,,BILBAO - PARASOLS,1
,,THE AMAZONS - BLACK MAGIC,1
,,TELE - MARIO,1
,,K.FLAY - FOUR LETTER WORDS,1
,,K.FLAY - NOTHING CAN KILL US,1
,,K.FLAY - YOU CAN GET IT,1
,,K.FLAY - DATING MY DAD,1
,,K.FLAY - IT'S BEEN SO LONG,1
,,K.FLAY - GOOD NEWS,1
,,K.FLAY - THE MUCK,1
,,K.FLAY - BAD VIBES,1
,,RHYS RICH - NO CONFETTI,1
,,MOGLI - ANIMAL,1
,,MOGLI - PETIT JOUR,1
,,MOGLI - MIRROR,1
,,MOGLI - BONES,1
,,RAY BLK - MY HOOD,1
,,STORMZY - MY HOOD,1
,,STORMZY - LET ME DOWN,1
,,STORMZY - VOSSI BOP,1
,,STORMZY - THE WEEKEND,1
,,STORMZY - BIG FOR YOUR BOOTS,1
,,RY X - ONLY,1
,,RY X - MOTHS,1
,,RY X - FOREIGN TIDES,1
,,MAGGIE ROGERS - CELADON & GOLD,1
,,MAGGIE ROGERS - FALLINGWATER,1
,,MAGGIE ROGERS - ALASKA,1
,,MAGGIE ROGERS - ON + OFF,1
,,JASCHA - PANZERGLAS,1
,,JASCHA - KLEINER JASCHA,1
,,JASCHA - CHLODWIGPLATZ,1
,,MAVI PHOENIX - NOTHING GOOD,1
,,MAVI PHOENIX - BABE,1
,,MAVI PHOENIX - JANET JACKSON,1
,,MAVI PHOENIX - BITE,1
,,MAVI PHOENIX - PRIME,1
,,MAVI PHOENIX - IBIZA,1
,,MAVI PHOENIX - YELLOW,1
,,RIKAS - DANCING IN MY ROOM,1
,,RIKAS - NEVER LEAVING THE HOUSE,1
,,RIKAS - SUPERSTITIOUS,1
,,RIKAS - GOODBYE SUNSHINE,1
,,BANKS - GIANT,1
,,BANKS - THE DEVIL,1
,,BANKS - SKINNYDIPPED,1
,,KRAYZIE BONE - COME MY WAY,1
,,SWIMMING GIRLS - BACK OF YOUR CAR,1
,,BLUSH ALWAYS - BIGGER PICTURE,1
,,BLUSH ALWAYS - VIRTUAL FOR YOU,1
,,BLUSH ALWAYS - DIVERS,1
,,BLUSH ALWAYS - MY MUM'S BIRTHDAY,1
,,HIPPO CAMPUS - RIDE OR DIE,1
,,SURFACES - LET ME KNOW,1
,,SURFACES - BLOOM,1
,,SURFACES - I CAN'T HELP BUT FEEL,1
,,THE DRUMS - BODY CHEMISTRY,1
,,THE DRUMS - MEET ME IN MEXICO,1
,,THE DRUMS - 626 BEDFORD AVENUE,1
,,AMINÉ - CAROLINE,1
,,AVEC - LOVE,1
,,MULAY - IVORY,1
,,MULAY - FAKE LOVE,1
,,DVR - MUSCLES,1
,,DVR - STUPID,1
,,AB SYNDROM - COVER ME,1
,,AB SYNDROM - TUT MIR GUT TUT MIR LEID,1
,,AB SYNDROM - SPIEGELBILD,1
,,AB SYNDROM - U8,1
,,AB SYNDROM - SUPERMOND,1
,,TRILLE - DU KOMMST & DU GEHST,1
,,TRILLE - GOLF,1
,,TRILLE - KEINE LUST,1
,,LAURA GROVES - LOSING YOU,1
,,YAZZ AHMED - LOSING YOU,1
,,RE6CE - BROWN EYES,1
,,RE6CE - KÖLN,1
,,BLOWSOM - NOVEMBRE,1
,,LAUREN SANDERSON - GAY 4 ME,1
,,DRAMAS - BLOODBATH,1
,,DRAMAS - BLAH BLAH,1
,,PIXEY - MELODY,1
,,PIXEY - JUST MOVE,1
,,PIXEY - SUNSHINE STATE,1
,,SIGGI - NUR NACHTS,1
,,SIGGI - KAFF,1
,,SIGGI - SUCHEN,1
,,LLUCID - DON'T COME BY,1
,,LLUCID - FAKE LOVE,1
,,LLUCID - HIGHER ENERGY,1
,,LLUCID - HABITS,1
,,KÄPTN PENG - WOBWOBWOB,1
,,DIE TENTAKEL VON DELPHI - WOBWOBWOB,1
,,COURTNEY BARNETT - NEED A LITTLE TIME,1
,,COURTNEY BARNETT - CHARITY,1
,,COURTNEY BARNETT - SUNDAY ROAST,1
,,RAT BOY - GET OVER IT,1
,,JACK GARRATT - JUST HOW I LIKE IT,1
,,PAULA HARTMANN - 3 SEKUNDEN,1
,,LOUIS THE CHILD - PASSION,1
,,LOUIS THE CHILD - HERE COMES A FEELING,1
,,LOUIS THE CHILD - EVERY COLOR,1
,,LOUIS THE CHILD - DON'T MIND,1
,,DARWIN DEEZ - TOO SHY TO TAKE A SHINE,1
,,DARWIN DEEZ - THE BIRTHDAY SONG,1
,,RÜFÜS DU SOL - SAY A PRAYER FOR ME,1
,,PIP BLOM - YOU DON'T WANT THIS,1
,,PIP BLOM - I LOVE THE CITY,1
,,PIP BLOM - RED,1
,,PIP BLOM - DADDY ISSUES,1
,,BLUMENGARTEN - TUT ES NOCH WEH?,1
,,ROSALÍA - DESPECHÁ,1
,,ROSALÍA - AUTE CUTURE,1
,,MYKKET MORTON - COVER ME,1
,,JAWNY - BEST THING,1
,,SERIOUS KLEIN - DIE FOR YOU,1
,,SERIOUS KLEIN - THURSDAY,1
,,ROSSVANBOSS - COSA FAI,1
,,ROSSVANBOSS - IO E TE,1
,,AMBER-SIMONE - THINK ABOUT GIRLS SOMETIMES,1
,,AMBER-SIMONE - ONLY YOU,1
,,HONNE - JUST DANCE,1
,,HONNE - DAY 1,1
,,"HONNE - 1,000,000 X BETTER",1
,,HONNE - WHAT WOULD YOU DO?,1
,,BUSH.IDA - MONDLICHT,1
,,RXSEBOY - SHADE OF BLUE,1
,,RXSEBOY - NICE TO MEET ME,1
,,TIA TIA - SHADE OF BLUE,1
,,PISH - PRICE,1
,,PISH - CRIME,1
,,THE KNOCKS - BEDROOM EYES,1
,,THE KNOCKS - NOBODY BUT ME,1
,,STUDIO KILLERS - BEDROOM EYES,1
,,MOUNT KIMBIE - FEEL AWAY,1
,,SYLVAN ESSO - THE GLOW,1
,,SYLVAN ESSO - RADIO,1
,,SYLVAN ESSO - JUST DANCING,1
,,SYLVAN ESSO - DIDN'T CARE,1
,,SYLVAN ESSO - SIGNAL,1
,,DECLAN MCKENNA - ISOMBARD,1
,,DOPE LEMON - GOLDEN WOLF,1
,,DOPE LEMON - ROSE PINK CADILLAC,1
,,WOODES - QUEEN OF THE NIGHT,1
,,WOODES - RUN FOR IT,1
,,K.ZIA - SANCTUARY,1
,,ANTILOPEN GANG - ARMY PARKA,1
,,ERROR - XY,1
,,TAYO SOUND - SOMEONE NEW,1
,,TAYO SOUND - CONFIDENCE,1
,,OK KID - E08 SCHWIMMEN,1
,,OK KID - BUBBLEGUM,1
,,OK KID - DIE KIDS SIND ALRIGHT,1
,,OK KID - BOMBAY CALLING,1
,,OK KID - MR. MARY POPPINS,1
,,OK KID - COLD BREW,1
,,CATT - DREAM OF A SUN HAT,1
,,CATT - SEA,1
,,CATT - SPELL ME FREE,1
,,PANTHA - NUR EIN BISSCHEN,1
,,PANTHA - WAS ICH WILL,1
,,PANTHA - INSTABIL,1
,,PANTHA - NEURÖSCHEN,1
,,YRRRE - SCHLANGENLINIEN,1
,,YRRRE - SHOTS,1
,,YRRRE - DILEMMA,1
,,JOESEF - THINK THAT I DON'T NEED YOUR LOVE,1
,,JOESEF - DOES IT MAKE YOU FEEL GOOD,1
,,JOESEF - IT'S BEEN A LITTLE HEAVY LATELY,1
,,JOESEF - LOVERBOY,1
,,JOESEF - JOE,1
,,JOESEF - FIRE,1
,,JOESEF - JUST COME HOME WITH ME TONIGHT,1
,,JOESEF - CYNICAL,1
,,FRAEN - STUCK IN MY MIND,1
,,MILLIE TURNER - RIDE THIS TRAIN,1
,,MILLIE TURNER - MADE A VOW,1
,,MILLIE TURNER - JUNGLE,1
,,MILLIE TURNER - EYE OF THE STORM,1
,,THE LAST SHADOW PUPPETS - AVIATION,1
,,EVAN KLAR - I DO,1
,,BBNO$ - EDAMAME,1
,,BBNO$ - MATHEMATICS,1
,,BBNO$ - C’EST LA VIE,1
,,SHELTER BOY - CALM ME DOWN,1
,,SHELTER BOY - GAZEBACK,1
,,SHELTER BOY - ATMOSPHERE,1
,,PABST - FREAKS,1
,,PABST - LOCKER ROOM,1
,,"PABST - COOL CAR, STUPID DECISIONS",1
,,PABST - MY APOCALYPSE,1
,,PABST - CRUSHED,1
,,REGINA SPEKTOR - YOU'VE GOT TIME,1
,,TWO YEAR VACATION - BETTER OFF ALONE,1
,,TWO YEAR VACATION - CAN'T TAKE MY EYES OFF YOU,1
,,SALT CATHEDRAL - NO LOVE,1
,,SG LEWIS - VIBE LIKE THIS,1
,,SG LEWIS - CALL ON ME,1
,,SG LEWIS - COMING UP,1
,,SG LEWIS - WARRIOR,1
,,SG LEWIS - LOST IN SPACE,1
,,JULIE KUHL - DAMAGE,1
,,TIGERMILCH - BERGE,1
,,TIGERMILCH - 7 TAGE,1
,,LOU PHELPS - COME INSIDE,1
,,JAZZ CARTIER - COME INSIDE,1
,,EASY EASY - HIER RAUS,1
,,CASSIA - DON'T MAKE A SCENE,1
,,CASSIA - MOVERS & SHAPERS,1
,,CASSIA - POWERLINES,1
,,CASSIA - SLOW,1
,,CASSIA - CONFIDENCE,1
,,CASSIA - DRIFTING,1
,,CASSIA - DREAMS OF MY PAST,1
,,CASSIA - SMALL SPACES,1
,,KARMIC - BOOMERANG,1
,,SAINT SISTER - TWIN PEAKS,1
,,TASH SULTANA - GREED,1
,,TASH SULTANA - TALK IT OUT,1
,,TASH SULTANA - WILLOW TREE,1
,,TASH SULTANA - JUNGLE,1
,,TASH SULTANA - BITTER LOVERS,1
,,TASH SULTANA - MYSTIK,1
,,TASH SULTANA - SALVATION,1
,,PAN AMSTERDAM - NICE TOWN,1
,,BLONDSHELL - SALAD,1
,,BELTERS ONLY - MY MIND,1
,,BECKY SIKASA - WORK OF LOVE,1
,,FARHOT - KISHMISH,1
,,ELIZA ROSE - BUSINESS AS USUAL,1
,,MJ COLE - BUSINESS AS USUAL,1
,,CLAUD - GUARD DOWN,1
,,CLAUD - GOLD,1
,,BERWYN - RUBBER BANDS,1
,,ERIKA DE CASIER - ICE,1
,,ERIKA DE CASIER - CRUSH,1
,,THEY HATE CHANGE - ICE,1
,,DEXTER - FEELING,1
,,DIXIE - THE REAL THING,1
,,DUA SALEH WITH AMAARAE - FITT,1
,,JASMYN - FIND THE LIGHT,1
,,PAULA CAROLINA - EXTRA,1
,,PAULA CAROLINA - OTTO NORMAL,1
,,PAULA CAROLINA - OFFIZIELL GLÜCKLICH,1
,,SEEB - SWEET DREAMS & DYNAMITE,1
,,NINA NESBITT - SWEET DREAMS & DYNAMITE,1
,,LUCIUS - NEXT TO NORMAL,1
,,ZOOT WOMAN - A HABIT I CAN'T BREAK,1
,,CIGARETTES AFTER SEX - MOTION PICTURE SOUNDTRACK,1
,,CIGARETTES AFTER SEX - SESAME SYRUP,1
,,COSHA - DO YOU WANNA DANCE,1
,,COSHA - WANT YOU BACK,1
,,NAKHANE - CLAIRVOYANT,1
,,EUT - COOL.,1
,,EUT - PARTY TIME,1
,,EUT - STEP BY STEP,1
,,EUT - PLEASE DON'T LOOK AT ME,1
,,EUT - CAN'T STOP ME,1
,,EUT - WHAT GIVES YOU THE KICKS,1
,,FKA TWIGS - KILLER,1
,,KOKO - SO NICE TO MEET YOU,1
,,KOKO - EYES SO WIDE,1
,,JOMIE - WATCH ME MISS,1
,,LADYHAWKE - MIXED EMOTIONS,1
,,RAURY - UFO,1
,,RAURY - 2020 VISION,1
,,WILL JOSEPH COOK - GUMMY,1
,,BALTHAZAR - ENTERTAINMENT,1
,,BALTHAZAR - HALFWAY,1
,,BALTHAZAR - I'M NEVER GONNA LET YOU DOWN,1
,,JAPANESE BREAKFAST - BE SWEET,1
,,JAPANESE BREAKFAST - SLIDE TACKLE,1
,,LITTLE DRAGON - GLOW,1
,,LITTLE DRAGON - DEPLOYED,1
,,LITTLE DRAGON - TIMOTHY,1
,,LITTLE DRAGON - HOLD ON,1
,,MOLA - VINO BIANCO,1
,,HANNAH GRAE - IT COULD'VE BEEN YOU,1
,,MURA MASA - MOVE ME,1
,,MURA MASA - BBYCAKES,1
,,MURA MASA - WHAT IF I GO,1
,,MURA MASA - 2GETHER,1
,,OCTAVIAN - MOVE ME,1
,,GREENTEA PENG - ONE FOOT,1
,,GREENTEA PENG - STUCK IN THE MIDDLE,1
,,GREENTEA PENG - WHAT MORE,1
,,SOCCER MOMMY - ABIGAIL,1
,,SOCCER MOMMY - SHOTGUN,1
,,SOCCER MOMMY - DRIVER,1
,,TEDDY FAILURE - FAILURE,1
,,TEDDY FAILURE - KING OF EMPTY CONVERSATIONS,1
,,J. COLE - WET DREAMZ,1
,,FAMILY CIRCLE - WET DREAMZ,1
,,BISHOP BRIGGS - TEMPT MY TROUBLE,1
,,SAN CISCO - MESSAGES,1
,,SAN CISCO - DISTANCE,1
,,LUCKY LUKE - COCOON,1
,,ANOTHER SKY - FELL IN LOVE WITH THE CITY,1
,,VENBEE - MESSY IN HEAVEN,1
,,BLU DETIGER - GO BAD,1
,,BLU DETIGER - BLUTOOTH,1
,,MARI - AIN'T THINKING BOUT YOU,1
,,LION BABE - AIN'T THINKING BOUT YOU,1
,,LION BABE - THE WAVE,1
,,BIG WILD - MAKER,1
,,JAYDA G - MEANT TO BE,1
,,JAYDA G - FEELING ALIVE,1
,,SCHORL3 - ICH HASSE ALLES,1
,,SCHORL3 - FIEBER,1
,,FUTUREBAE - ICH HASSE ALLES,1
,,FUTUREBAE - FIEBER,1
,,FUTUREBAE - MONSTER UNTERM BETT,1
,,"FUTUREBAE - COMME CI, COMME ÇA",1
,,KAWALA - HEAVY IN THE MORNING,1
,,KAWALA - WHO’D YOU RATHER,1
,,AZIYA - PARTY'S OVER,1
,,AZIYA - CRUSH,1
,,CHRISTOPHER ANNEN - DILEMMA,1
,,SIR WAS - IN THE MIDST,1
,,SIR WAS - DEPLOYED,1
,,SIR WAS - ALL I HAVE,1
,,CARLO5 - WOLKEN AM ABEND,1
,,MY UGLY CLEMENTINE - I'M BORING,1
,,MY UGLY CLEMENTINE - MY DEAREST FRIEND,1
,,MY UGLY CLEMENTINE - PLAYGROUND,1
,,MY UGLY CLEMENTINE - THE GOOD THE BAD THE UGLY,1
,,MY UGLY CLEMENTINE - WHO,1
,,FLORENCE + THE MACHINE - ST JUDE,1
,,BERHANA - I BEEN,1
,,CRUSH - I BEEN,1
,,DAS PARADIES - ROSA LUFT,1
,,DAS PARADIES - DIE STROBOSKOPEN JAHRE,1
,,DAS PARADIES - WENN'S DRAUSSEN GRÜN WIRD,1
,,DAS PARADIES - WENN ICH DIR ENTKOMMEN WILL,1
,,"DAS PARADIES - ES GAB SO VIEL, WAS ZU TUN WAR",1
,,DAS PARADIES - EIN SCHÖNES UNENTSCHIEDEN,1
,,DAS PARADIES - EIS AUF EINER SCHOLLE,1
,,DAS PARADIES - DISCOSCOOTER,1
,,COACH PARTY - SHIT TV,1
,,POPPY AJUDHA - STRONG WOMAN,1
,,POPPY AJUDHA - HOLIDAY FROM REALITY,1
,,POPPY AJUDHA - PLAYGOD,1
,,TORA - TIGER,1
,,TORA - MISPLACED,1
,,TORA - MORPHINE,1
,,TORA - WHEN WILL I LEARN,1
,,ST. VINCENT - MASSEDUCTION,1
,,ST. VINCENT - FAST SLOW DISCO,1
,,ST. VINCENT - BROKEN MAN,1
,,BANGERFABRIQUE - DUMM,1
,,JESSIE WARE - MEET ME IN THE MIDDLE,1
,,MINDCHATTER - BRAIN PILLS,1
,,MINDCHATTER - ANSWER ME,1
,,MINDCHATTER - TRIPPY,1
,,MAECKES - CALIPPO VIVALDI,1
,,MAECKES - EMILIA,1
,,MAECKES - STOIK & GRANDEZZA,1
,,MAECKES - TILT,1
,,MAECKES - DILEMMA,1
,,POOL - 2 CLOSE,1
,,POOL - TAKE ME OUT,1
,,POOL - ELLIOT,1
,,BROCKHOFF - BIGGER PICTURE,1
,,CHILDREN - JULIAN,1
,,TIERRA WHACK - BODY OF WATER,1
,,ILGEN-NUR - MATTER OF TIME,1
,,ILGEN-NUR - IN MY HEAD,1
,,PUDDLE OF MUDD - BLURRY,1
,,PUDDLE OF MUDD - SHE HATES ME,1
,,MARIBOU STATE - KINGDOM,1
,,NORTH DOWNS - KINGDOM,1
,,SAY YES DOG - LIES,1
,,KLLO - DISSOLVE,1
,,KLLO - STILL HERE,1
,,GURR - HOT SUMMER,1
,,GURR - #1985,1
,,GURR - FAKE NEWS,1
,,SAMPA THE GREAT - FREEDOM,1
,,SAMPA THE GREAT - LANE,1
,,SAMPA THE GREAT - FINAL FORM,1
,,SAMPA THE GREAT - OMG,1
,,"YUNGBLUD - HELLO HEAVEN, HELLO",1
,,GOLDLINK - TOGETHER,1
,,GOLDLINK - U SAY,1
,,GOLDLINK - DUNYA,1
,,GOLDLINK - LOUD,1
,,THE LINDA LINDAS - OH!,1
,,THE LINDA LINDAS - TOO MANY THINGS,1
,,RHYE - BEAUTIFUL,1
,,RHYE - PHOENIX,1
,,STEELZ - GIANT,1
,,WILLOW - CURIOUS/FURIOUS,1
,,BONOBO - BAMBRO KOYO GANDA,1
,,BONOBO - SHADOWS,1
,,BONOBO - NIGHTLIFE,1
,,BONOBO - KERALA,1
,,BONOBO - FROM YOU,1
,,INNOV GNAWA - BAMBRO KOYO GANDA,1
,,SOKO LINX - JETLAG,1
,,WARGIRL - MESS AROUND,1
,,WARGIRL - HANG ON,1
,,FAZERDAZE - COME APART,1
,,FAZERDAZE - MISREAD,1
,,MOS DEF - STYLO,1
,,BOBBY WOMACK - STYLO,1
,,MATTIEL - JEFF GOLDBLUM,1
,,HALF·ALIVE - EVERYTHING MACHINE,1
,,TENNIS - I MISS THAT FEELING,1
,,FERDINAND FKA LEFT BOY - 2STEP,1
,,JOY BOGAT - WHOSE FAULT,1
,,JOY BOGAT - SLOWLY,1
,,BOMFUNK MCS - FREESTYLER,1
,,EVERYTHING EVERYTHING - I WANT A LOVE LIKE THIS,1
,,EVERYTHING EVERYTHING - BREADWINNER,1
,,EVERYTHING EVERYTHING - CAN'T DO,1
,,EVERYTHING EVERYTHING - BAD FRIDAY,1
,,WEEKEND PLAYERS - 21ST CENTURY,1
,,DIE LIEFERANTEN - REALITÄT,1
,,"OSKA - MONA LISA, A GIRL'S BEST FRIEND",1
,,HANA VU - HAMMER,1
,,CHARLOTTE LAWRENCE - WHY DO YOU LOVE ME,1
,,FEWJAR - PAY ME,1
,,ALUNA - ENVIOUS,1
,,ALUNA - BODY PUMP,1
,,ALUNA - WARRIOR,1
,,ALUNA - GET PAID,1
,,CHLOE MORIONDO - NOT OKAY,1
,,MAZIE - NOT OKAY,1
,,MAZIE - GIRLS JUST WANNA HAVE SEX,1
,,NOAH SLEE - RADAR,1
,,NOAH SLEE - STILL,1
,,NOAH SLEE - MAYBE,1
,,NOAH SLEE - HERE FOR IT ALL,1
,,VØR - UNSPOKEN,1
,,LET'S EAT GRANDMA - LEVITATION,1
,,LET'S EAT GRANDMA - HAPPY NEW YEAR,1
,,GOAT GIRL - CRACKER DROOL,1
,,GOAT GIRL - THE MAN,1
,,GOAT GIRL - THE CRACK,1
,,SUNFLOWER BEAN - MOMENT IN THE SUN,1
,,SUNFLOWER BEAN - COME FOR ME,1
,,FREEKIND - HAPPINESS,1
,,FREEKIND - VISUALIZE,1
,,FREEKIND - BRIGHT LIGHT,1
,,PHILIPP POISEL - BIS NACH TOULOUSE,1
,,OH WONDER - ROLLERCOASTER BABY,1
,,OH WONDER - 22 MAKE,1
,,CÉLINE - 3 SEKUNDEN,1
,,THEOPHILUS LONDON - GET YOUR MONEY,1
,,THE HUNNA - NEVER ENOUGH,1
,,THE HUNNA - HIDE & SEEK,1
,,LOKOY - MURDER IN MY MIND,1
,,MOYKA - MURDER IN MY MIND,1
,,MOYKA - KANAZAWA,1
,,ALL WE ARE - BAD ADVICE,1
,,LYRAH - IN THE LEAVES,1
,,KARIN ANN - I'M A LOSER,1
,,SHY LUV - TIME,1
,,CABU - SUN MOON,1
,,NOÉ - SUN MOON,1
,,COSBY - UNDER THE SURFACE,1
,,COSBY - BETTER VERSION OF MYSELF,1
,,COSBY - CALLING OUT,1
,,COSBY - GET UP,1
,,COSBY - SAVIOR,1
,,COSBY - SPACESHIP,1
,,EUGÉNIE - BLUE,1
,,EUGÉNIE - PRINCESS,1
,,PVRIS - DEAD WEIGHT,1
,,PVRIS - USE ME,1
,,PVRIS - GOOD ENEMY,1
,,PELL - JUICE,1
,,PELL - LIKE THAT,1
,,ANTILOPEN GANG MIT FATONI - LIEBE GRÜSSE,1
,,SUKIE - SOBER,1
,,DANNY BROWN - UKNOWHATIMSAYIN',1
,,DENZEL CURRY - LANE,1
,,DENZEL CURRY - TERMS,1
,,HARRISON BROME - MIDNIGHT ISLAND,1
,,ALEX LAHEY - THEY WOULDN'T LET ME IN,1
,,CRUCCHI GANG - AL MIO LOCALE,1
,,TOTALLY ENORMOUS EXTINCT DINOSAURS - NEVER SEEN YOU DANCE,1
,,BANJI - DOGBREATH,1
,,BANJI - CORNFLAKES,1
,,RAC - PASSION,1
,,FIEH - STREAMLINE,1
,,FIEH - 25,1
,,FIEH - GRENDEHUS FUNKADELIC,1
,,SOPHIE ALICE - WHIITE OWL,1
,,MELVV - BABE,1
,,MELVV - BLANK,1
,,JENOBI - MAKEUP,1
,,WOMAN - CONTROL,1
,,BEACH BUNNY - ENTROPY,1
,,BEACH BUNNY - CLOUD 9,1
,,UNKNOWN MORTAL ORCHESTRA - EVERYONE ACTS CRAZY NOWADAYS,1
,,BRYDE - PAPER CUPS,1
,,COIN - CHAPSTICK,1
,,COIN - HOW IT FEELS,1
,,COIN - I THINK I MET YOU IN A DREAM,1
,,COIN - CUTIE,1
,,JAY PRINCE - U SAY,1
,,KING HANNAH - BIG BIG BABY,1
,,ALBRECHT SCHRADER - WENN'S DRAUSSEN GRÜN WIRD,1
,,SWINDLE - WHAT MORE,1
,,EMILIE NICOLAS - WHO'S GONNA LOVE YOU,1
,,ALVVAYS - NOT MY BABY,1
,,ARKELLS - YOU CAN GET IT,1
,,ARKELLS - DANCE WITH YOU,1
,,THE EDIACARAN - WITH EVERY WAVE,1
,,BASTIDO - WITH EVERY WAVE,1
,,DONATA - LEMONADE,1
,,DONATA - MOON WILL FALL,1
,,LAZLO BANE - SUPERMAN,1
,,WARPAINT - CHAMPION,1
,,NIA ARCHIVES - SO TELL ME,1
,,NIA ARCHIVES - CONVENIENCY,1
,,KAT FRANKIE - SHINY THINGS,1
,,KAT FRANKIE - DU/ICH,1
,,KARA MARNI - MOVE,1
,,TOMMY VILLIERS - SOFT SPOT,1
,,VINCE STAPLES - PASS THE SALT,1
,,FLØRE - BIKES,1
,,CRASSE - TILTED,1
,,NOSOYO - 6 OR 7 WEEKS,1
,,NAOMI WILD - HERE COMES A FEELING,1
,,COUROS - HERE COMES A FEELING,1
,,BILLIE MARTEN - CREATURE OF MINE,1
,,BILLIE MARTEN - FEELING,1
,,YARD ACT - WHEN THE LAUGHTER STOPS,1
,,CODY CHESTNUTT - THE SEED,1
,,TEMS - NO.1,1
,,ANDREW APPLEPIE - FOOL,1
,,ANDREW APPLEPIE - YOU SHOULD TEXT ME MORE OFTEN,1
,,ANDREW APPLEPIE - BALL BUSTER,1
,,ANDREW APPLEPIE - SALTED CARAMEL,1
,,ANDREW APPLEPIE - DON'T FUCK THIS UP,1
,,PALACE - NO OTHER,1
,,SUFJAN STEVENS - LOVE YOURSELF,1
,,LANCE FERGUSON - DREAM DIARY,1
,,THE BAMBOOS - DREAM DIARY,1
,,MATTHEW E. WHITE - ONE OF THESE DAYS,1
,,ARNY MARGRET - THE WORLD BETWEEN US,1
,,KLANGSTOF - RESUME,1
,,KLANGSTOF - OCEAN VIEW,1
,,KLANGSTOF - PHANTOMS,1
,,BRIJEAN - OCEAN,1
,,DANIELLE HAIM - IF ONLY I COULD WAIT,1
,,SOLEY - GROW,1
,,NAARI - PAIN IS A FAITHFUL LOVER,1
,,JHENÉ AIKO - SUN/SON,1
,,JHENÉ AIKO - NONE OF YOUR CONCERN,1
,,FAUNA FLASH - TEL AVIV,1
,,OOI - IN THE DARK,1
,,BRITTANY HOWARD - STAY HIGH,1
,,ROISIN MURPHY - HAIRLESS TOYS,1
,,DREAM WIFE - AFTER THE RAIN,1
,,DREAM WIFE - HASTA LA VISTA,1
,,SYML - BETTER PART OF ME,1
,,SYML - CLEAN EYES,1
,,SYML - STAY CLOSE,1
,,BRUNO MAJOR - OLD SOUL,1
,,BRUNO MAJOR - TAPESTRY,1
,,BRUNO MAJOR - I'LL SLEEP WHEN I'M OLDER,1
,,SIRIUSMO - LIU,1
,,WHITNEY - POLLY,1
,,WHITNEY - GIVING UP,1
,,SANTPOORT - FEATHER LIGHT MELODIES,1
,,FOSTER THE PEOPLE - EVERY COLOR,1
,,VÖK - NO COFFEE AT THE FUNERAL,1
,,VÖK - SKIN,1
,,VÖK - LOSE CONTROL,1
,,LALA LALA - DIVER,1
,,AZEALIA BANKS - SURPRISE ME,1
,,BLINKER - TRUE LOVE,1
,,YELLOWSTRAPS - GOLDRESS,1
,,PEKING DUK - SPEND IT,1
,,PIP MILLETT - SLOW,1
,,PIP MILLETT - HEAL,1
,,PIP MILLETT - WALK AWAY,1
,,PIP MILLETT - SAD GIRLS,1
,,ROY BIANCO - VINO BIANCO,1
,,CARAVAN PALACE - SUPERSONICS,1
,,CARAVAN PALACE - MIRACLE,1
,,TSHA - RENEGADE,1
,,SCOOTY - BUS STOP BLUES,1
,,SHYGIRL - SHLUT,1
,,SHYGIRL - BBYCAKES,1
,,SHYGIRL - CRUSH,1
,,SHYGIRL - HOLIER,1
,,JENNIE - EXTRAL,1
,,BABYMETAL - RATATATA,1
,,ELECTRIC CALLBOY - RATATATA,1
,,GUNDELACH - CYNICAL MIND,1
,,BLACKWAVE - PERFUME,1
,,BLACKWAVE - GOOD DAY,1
,,CALEBORATE - PERFUME,1
,,FIIO - IDGAF,1
,,LÅPSLEY - TELL ME THE TRUTH,1
,,LÅPSLEY - LIGNE 3,1
,,LÅPSLEY - SADNESS IS A SHADE OF BLUE,1
,,DJ SHADOW - NOBODY SPEAK,1
,,RUN THE JEWELS - NOBODY SPEAK,1
,,ZIMMER90 FT. BALU BRIGADA - LEARN TO LET YOU GO,1
,,SUPERORGANISM - IT'S RAINING,1
,,SUPERORGANISM - TEENAGER,1
,,SUPERORGANISM - NIGHT TIME,1
,,SUPERORGANISM - REFLECTIONS ON THE SCREEN,1
,,SUPERORGANISM - CRUSHED.ZIP,1
,,STEPHEN MALKMUS - IT'S RAINING,1
,,DYLAN CARTLIDGE - IT'S RAINING,1
,,POPCAAN - COME OVER,1
,,BINKI - CLAY PIGEON,1
,,IDA KUDO - GOLD,1
,,IDA KUDO - GHOST,1
,,IDA KUDO - PARADISE,1
,,IDA KUDO - BORN IN THE SUN,1
,,KINGS OF CONVENIENCE - BOAT BEHIND,1
,,TEDLO - CONNECTED,1
,,LUKEYWORLD - DUNYA,1
,,MAYA JANE COLES - NIGHT CREATURE,1
,,MAYA JANE COLES - WEAK,1
,,GRASSY SPARK - THE CANDY,1
,,GRASSY SPARK - FLOW,1
,,GRASSY SPARK - ARE YOU TALKING,1
,,BECKS - KLIPPE AUS GEFÜHLEN,1
,,VON WEGEN LISBETH CRUCCHI GANG MIT FRANCESCO WILKING SVEN REGENER - IL MIO BUNGALOW,1
,,CLOSE COUNTERS YOUNG FRANCO - ROLLOUT,1
,,JAY PRINCE SCRUFIZZER - ROLLOUT,1
,,BACHELOR - STAY IN THE CAR,1
,,LEIKELI47 - THE WAVE,1
,,SYCCO - TOUCHING AND TALKING,1
,,SILK CITY - LOUD,1
,,DESIIGNER - LOUD,1
,,NAAZ - IT'S NOT YOU IT'S ME,1
,,COEUR DE PIRATE - DANCE WITH YOU,1
,,ALY - DANCE WITH YOU,1
,,EVERGREEN - THE FOREIGNER,1
,,LUKE NOA - FEEDBACK,1
,,JEROME FARAH - WILLOW TREE,1
,,KAMOOS - ICE CREAM,1
,,SCHMYT - ICH LIEB DICH KAPUTT,1
,,SCHMYT - STERNENSTAUB,1
,,GODDARD - MESSY IN HEAVEN,1
,,MADANII - DON'T COME BY,1
,,MADANII - WVTERWINE,1
,,AGAJON - THURSDAY,1
,,AGAJON - ROMEO & JULIET,1
,,2 CHAINZ - NO PROBLEM,1
,,GET WELL SOON - MARTYRS,1
,,JASON POLLUX - WALK IN THE PARK,1
,,MOON MATES - SWIM WITH ME,1
,,TELEVISION AGE - EGO,1
,,THE ANXIETY - MEET ME AT OUR SPOT,1
,,GENGAHR - NEVER A LOW,1
,,CHAI - ACTION,1
,,CHAI - TEENAGER,1
,,CHAI - NOBODY KNOWS WE ARE FUN,1
,,PA SALIEU - MADE OF GOLD,1
,,TRAVIS BARKER - DATING MY DAD,1
,,AKA KELZZ - FLY,1
,,BAS - ROMEO,1
,,MIYA FOLICK - SHAME,1
,,SEINABO SEY - I OWE YOU NOTHING,1
,,ST. LUCIA - A BRIGHTER LOVE,1
,,DAMONA - WOMAN,1
,,SOME SPROUTS - SOMEONE YOU LOVE,1
,,SOME SPROUTS - TOMORROW,1
,,SOME SPROUTS - BLISS,1
,,CAMP CLAUDE - NOW THAT YOU'RE GONE,1
,,CAMP CLAUDE - HERO,1
,,WHOISWELANSKI - URLAUB AUF HAWAII,1
,,KYTES - REMEDY,1
,,KYTES - MISTER BURNS,1
,,KYTES - ANY BETTER,1
,,KYTES - AS WE ROW,1
,,ELL MURPHY - RENEGADE,1
,,PI JA MA - TEENAGER,1
,,YUNA - PINK YOUTH,1
,,THOMAS HEADON - NOT EVEN IN VEGAS,1
,,TEMMIS - SUPERHOT,1
,,PUSHA T - ALL EYES ON ME,1
,,MILD MINDS - I NEED U,1
,,MARCUS MARR - THE TROUBLE WITH US,1
,,BDRMM - BE CAREFUL,1
,,SCHRAMM - SUMMERRAIN,1
,,"SONN - SOMETHING, SAFE",1
,,PRESSYES - YEARS,1
,,SNAIL MAIL - THE 2ND MOST BEAUTIFUL GIRL IN THE WORLD,1
,,NAND - HALT MICH,1
,,NAND - APEROL SPRITZ,1
,,VYNK - GOLDRESS,1
,,ELOISE - HUNGOVER,1
,,SL - GENES,1
,,CHIP - GENES,1
,,U3000 - ICH BIN EIN TEIL VON DIR,1
,,U3000 - TOMMY,1
,,L.A. SALAMI - JEAN IS GONE,1
,,L.A. SALAMI - GENERATION L,1
,,L.A. SALAMI - I NEED ANSWERS,1
,,CATFISH AND THE BOTTLEMEN - LONGSHOT,1
,,RACHEL CHINOURIRI - IT IS WHAT IT IS,1
,,GEORGE FITZGERALD + LIL SILVA - ROLL BACK,1
,,RAHEL - SCHWERKRAFT,1
,,JON BRYANT - PARADISE,1
,,DELUSION - MAYBE,1
,,SAMY DELUXE - WECK MICH AUF,1
,,LIL UZI VERT - BBYCAKES,1
,,SAY LOU LOU - ALL LOVE TO ME,1
,,HENJILA - SLOW,1
,,DILLON - 3CORE,1
,,ODESZA - WIDE AWAKE,1
,,ODESZA - BETTER NOW,1
,,CHARLIE HOUSTON - WIDE AWAKE,1
,,BENNY SINGS - ROLLED UP,1
,,BENNY SINGS - WAIT FOR THE SUMMER,1
,,SURMA - PLASS,1
,,BLACK ZONE ENSEMBLE - BUBBLES,1
,,TENTENDO - MOTIVE,1
,,FEDERICO ALBANESE - THE BLUE HOUR,1
,,SARA WATKINS - BETTER PART OF ME,1
,,REINEL BAKOLE - SILVER ARMOUR,1
,,CRAYON - MISPLACED,1
,,GRACY HOPKINS - MISPLACED,1
,,MARSMOBIL - RUN,1
,,BELAU - FINALLY HOME,1
,,SAYA NOÉ - FINALLY HOME,1
,,MOOMIN - ALONE,1
,,JUPITER FLYNN - SUNSCREEN & SALT,1
,,EEE GEE - PERFECT 10,1
,,HARVEY SUTHERLAND - PERFECT 10,1
,,SEAROWS - FUNNY,1
,,POPPY FUSÉE - FOR BETTER AND FOR WORSE,1
,,DAMON ALBARN - GLOW,1
,,DAMON ALBARN - HEAVEN,1
,,YOSTE - BLUE,1
,,BJ THE CHICAGO KID - BITTER LOVERS,1
,,BSÍ - 25LUE,1
,,ZIGGY ALBERTS - HEARTBEAT,1
,,THE BIG MOON - TROUBLE,1
,,THE BIG MOON - YOUR LIGHT,1
,,IMPORT EXPORT - TETRIS,1
,,THE BUGGS - ANOTHER SIDE OF ME,1
,,NI'JAH - BIG WORLD,1
,,KIRBY - BIG WORLD,1
,,LILLY AMONG CLOUDS - LOVE U 4EVER,1
,,LILLY AMONG CLOUDS - THE ONLY ONE,1
,,THE HOWL - MANEA,1
,,THE HUM - MANEA,1
,,SIR SLY - CHANGE,1
,,TAM - NOW OR NEVER,1
,,NIHILS - DREAMING,1
,,NIHILS - HALFMOON,1
,,NIHILS - BREATHING - RADIO EDIT,1
,,COLD WAR KIDS - NOBODY BUT ME,1
,,BAE.CON - WOULDN'T KNOW,1
,,ANDERSON. PAAK - TINTS,1
,,DRUNKEN MASTERS - DRUCKER,1
,,FILOUS - SABADA,1
,,CHRISTINE - CHRISTINE,1
,,THE QUEENS - CHRISTINE,1
,,ANOKI - IS OK,1
,,GABRIEL BLACK - JUMP,1
,,SOFI DE LA TORRE - JUMP,1
,,BÜLOW - REVOLVER,1
,,MXMTOON - WALK BUT IN A GARDEN,1
,,NAIKE - AGAIN,1
,,ADIA - AGAIN,1
,,JESSE5K - AGAIN,1
,,BOY SODA - BIG,1
,,FYFE - GOLD,1
,,ISKRA STRINGS - GOLD,1
,,H.E.R - LOST SOULS,1
,,H.E.R - MINE LUV,1
,,DJ SCRATCH - LOST SOULS,1
,,EBONY BONES - NO BLACK IN THE UNION JACK,1
,,BICEP - CHROMA 001 HELIUM,1
,,ROBERT GLASPER - THERAPY PT. 2,1
,,DJ SEINFELD - WALKING WITH UR SMILE,1
,,LISS - BOYS IN MOVIES,1
,,ANIMAL HOUSE - LEGS OUT FOR SUMMER,1
,,ANIMAL HOUSE - SOUR,1
,,PINKPIRATE - I STILL FEEL DOWN,1
,,PINKPIRATE - CAN WE TALK ABOUT THE PAST INSTEAD?,1
,,PINKPIRATE - DAISY,1
,,MANSIONAIR - ASTRONAUT,1
,,JULIANNA TOWNSEND - YOU SHOULD TEXT ME MORE OFTEN,1
,,ANDREW HUANG - YOU SHOULD TEXT ME MORE OFTEN,1
,,LYRIC JONES - SHOW YOU HOW,1
,,VIC MENSA - SHOW YOU HOW,1
,,THE MAGIC GANG - HOW CAN I COMPETE,1
,,THE MAGIC GANG - THINK,1
,,EZRA COLLECTIVE - STREETS IS CALLING,1
,,M.ANIFEST - STREETS IS CALLING,1
,,MOONCHILD SANELLY - STREETS IS CALLING,1
,,MOONCHILD SANELLY - FLOOD,1
,,EIVØR - ONLY LOVE,1
,,ÁSGEIR - ONLY LOVE,1
,,ARY - MY AWE SUSTAINS,1
,,ARY - BLEEDING HEARTS,1
,,ARY - CHILDHOOD DREAMS,1
,,EAU ROUGE - SATURATION,1
,,EAU ROUGE - VIENNA,1
,,LANA LUBANY - STANNA,1
,,BLANKS - NEVER HAVE I EVER,1
,,BLANKS - WHAT YOU DO TO ME,1
,,BLANKS - OK TO CRY,1
,,SIAMESE ELEPHANTS - DANCING IN THE CITY,1
,,SIAMESE ELEPHANTS - FEW PROBLEMS,1
,,BROKEN SOCIAL SCENE - HALFWAY HOME,1
,,CLAIRE ROSINKRANZ - DON'T MISS ME,1
,,BLVK JVCK - MINE LUV,1
,,MIDDLE KIDS - ON MY KNEES,1
,,PARQUET COURTS - WIDE AWAKE,1
,,FEWS - MORE THAN EVER,1
,,MUSTBEJOHN - MOTIVE,1
,,ALLIGATOAH - SO RAUS,1
,,FRED DURST - SO RAUS,1
,,MIA MORGAN - JENNIFER CHECK,1
,,UNKNOWN T - HOCUS POCUS,1
,,BAD OMENS - THE DEATH OF PEACE OF MIND,1
,,LAKE MALAWI - SPINNING,1
,,VANJESS - DYSFUNCTIONAL,1
,,WE WILL KALEID - THE HURT REWORK,1
,,WE WILL KALEID - ADRIFT,1
,,KYLE DION - HAZY,1
,,AILBHE REDDY - A MESS,1
,,MAIA WRIGHT - QUIT YOUR JOB,1
,,FOLAMOUR - LOST IN SPACE,1
,,L:LUCID - WVTERWINE,1
,,THE REGRETTES - MONDAY,1
,,NAROU WITH AT THE CRIB - CHECK ON ME,1
,,TTRRUUCES - THE DISCO,1
,,SAN HOLO - THE FUTURE,1
,,JAMES VINCENT MCMORROW - THE FUTURE,1
,,JAMES VINCENT MCMORROW - PLANES IN THE SKY,1
,,JAMES VINCENT MCMORROW - ALL POINTS,1
,,HELGEN - 300 NONNEN,1
,,HELGEN - WORAN HAT ES GELEGEN,1
,,YUNG BAE - STRAIGHT UP RELAXIN',1
,,LIZA ANNE - SMALL TALKS,1
,,PAPER IDOL - BRIGHT SIDE BABY,1
,,KELE - GUAVA RUBICON,1
,,DORNIK - RETAIL THERAPY,1
,,BARNEY ARTIST - RETAIL THERAPY,1
,,KORDZ - MORE & MORE,1
,,KUOKO - WORLDS APART,1
,,LET’S EAT GRANDMA - HALL OF MIRRORS,1
,,TRIBEZ - FLIPPIN',1
,,J.LAMOTTA - FLIPPIN',1
,,KELELA - HOLIER,1
,,TOSCA - HEATWAVE,1
,,OWEN - LOST,1
,,NNOA - LAST GOODBYE,1
,,EDWARD VANZET - I'M STILL HERE,1
,,THE PLANETOIDS - BACK IN TIME,1
,,THE PLANETOIDS - DRUNK,1
,,THE PLANETOIDS - FALLING GENTLY,1
,,FRANCIS AND THE LIGHTS - DEAR THEODOSIA,1
,,TALKING TO TURTLES - GRAPEFRUIT KNIFE,1
,,AGNES OBEL - GOLDEN GREEN,1
,,AGNES OBEL - FAMILIAR,1
,,JAMIE ISAAC - FOOL’N,1
,,KESHAVARA - SATORI,1
,,CALEXICO - BLACK HEART,1
,,SLOWDIVE - KISSES - RADIO EDIT,1
,,LÙISA - BELONG,1
,,JOE GODDARD - SO LONG,1
,,JOE GODDARD - ORDINARY MADNESS,1
,,MALTA MINA - GRAVITY,1
,,LEYLA BLUE - STUDIO 54,1
,,6LACK - IF YOU EVER,1
,,6LACK - NOTHING MORE TO SAY,1
,,ELLIPHANT - EMILY,1
,,THE M MACHINE - WE HAD IT ALL,1
,,ANTIHELD - BERLIN AM MEER,1
,,HILDEGARD KNEF - FÜR MICH SOLL'S ROTE ROSEN REGNEN,1
,,$UICIDEBOY$ - NOT EVEN GHOSTS ARE THIS EMPTY,1
,,AMADOU - COULIBALY,1
,,MARIAM - COULIBALY,1
,,TV GIRL - LOVING MACHINE,1
,,DEVO - BEAUTIFUL WORLD,1
,,LALOBA - HALT MICH,1
,,ALEX MAYR - MARGARITAS,1
,,BARRY CAN'T SWIM - KIMPTON,1
,,BARRY CAN'T SWIM - STILL RIDING,1
,,BARRY CAN'T SWIM - SUNSLEEPER,1
,,RIN - STERNENSTAUB,1
,,MIKSU - STERNENSTAUB,1
,,MIKSU - STREIT,1
,,MACLOUD - STERNENSTAUB,1
,,MACLOUD - STREIT,1
,,ROYA - CRUISE - HOOK,1
,,LINUS - FÜR IMMER,1
,,LINUS - WENN DU WEINST,1
,,LINUS - ROSAROT,1
,,TIM TAUTORAT - FÜR IMMER,1
,,MURA MASA FT. A$AP ROCKY - LOVESICK,1
,,GOLDEN VESSEL - UNDERNEATH,1
,,KENNEDI - BLANK,1
,,JOSH - KEIN EIS,1
,,ERTHLINGS - BRIDGES,1
,,DIVES - BURGER,1
,,KAREEM KALOKOH - GORILLAS,1
,,SUPERFOOD - WHERE’S THE BASS AMP?,1
,,SUPERFOOD - UNSTOPPABLE,1
,,CATFISH - KATHLEEN,1
,,THE BOTTLEMEN - KATHLEEN,1
,,SATARII - JACK SPARROW,1
,,CHARLOTTE OC - MEXICO,1
,,CHARLOTTE OC - BAD NEWS,1
,,PRESS CLUB - TO ALL THE ONES THAT I LOVE,1
,,MISHA - ACCORDING TO YOU,1
,,JORDAN ASTRA - ACCORDING TO YOU,1
,,KAPOK - ACCORDING TO YOU,1
,,COLD SPECKS - BLANK MAPS,1
,,HONNY - TANGER BEI NACHT,1
,,ELLE VALENCI - PERFECT BLUE,1
,,KATHA PAUER - HEIMWEG,1
,,KATHA PAUER - NIE ALLEINE,1
,,CHRIS JAMES - HEY IT'S ME,1
,,CONNIE CONSTANCE - HURT YOU,1
,,CONNIE CONSTANCE - KIDS LIKE US,1
,,DOM MCALLISTER - MG,1
,,VIOLA BEACH - BOYS THAT SING,1
,,DIZZY - THE MAGICIAN,1
,,IDK - 24,1
,,SOAK - LAST JULY,1
,,"GRIFF - 1,000,000 X BETTER",1
,,TIM AYRE - MEXICAN HOLIDAY,1
,,DARJEELING - EARLY SUNDAY MORNING,1
,,BONZAI - WHAT IF I GO,1
,,RUM FOR BREAKFAST - LISTEN TO THE MUSIC,1
,,MY IDEA - CRUTCH,1
,,ROBBIE MILLER - THE COME DOWN,1
,,GRETA STANLEY - THE COME DOWN,1
,,LERICHE - CONNECTED,1
,,PANAMA - HOW LONG,1
,,BILLY VENA - RABBIT HOLE,1
,,JETTA - NO FIRE,1
,,YOUNG THE GIANT - SUPERPOSITION,1
,,CHAMPYONS - SERGIO'S DREAM,1
,,ELA MINUS - UPWARDS,1
,,MERCI MERCY - SICK TO MY STOMACH,1
,,STEAL A TAXI - RAPUNZEL,1
,,PURPLE ZIPPERS - RAPUNZEL,1
,,SAM GELLAITRY - PICTURE IN MY MIND,1
,,PINK SWEAT$ - WHAT WOULD YOU DO?,1
,,THE FRANKLIN ELECTRIC - MADE IT UP IN YOUR HEAD,1
,,GUILTYBEATZ - ALL OF THIS,1
,,GAIDAA - SAD GIRLS,1
,,KURTIS WELLS - A SONG ABOUT THE SUN,1
,,TINPAN ORANGE - RICH MAN,1
,,GASPAR NARBY - SO BORED,1
,,JOJI - FROM YOU,1
,,TIGA - TELL ME YOUR SECRET,1
,,PARTYNEXTDOOR - FUE MEJOR,1
,,GARETH DONKIN - NOTHING WE CAN'T GET THROUGH,1
,,APPARAT - BLACK WATER,1
,,SON LUX - VACANCY,1
,,KIAH VICTORIA - VACANCY,1
,,HIATUS KAIYOTE - RED ROOM,1
,,OMAR APOLLO - IPANEMA,1
,,ELUJAY - IPANEMA,1
,,PORCHES - LATELY,1
,,ED PROSEK - DON'T FUCK THIS UP,1
,,RAY NOVACANE - SWEET LIAR,1
,,SOPHIE MEIERS - COLLAR,1
,,LEVEN KALI - DO U WRONG,1
,,SYD - DO U WRONG,1
,,RUBY - POLARBEAR,1
,,HAZEL - POLARBEAR,1
,,STINA HOLMQUIST - BACK WHERE WE STARTED,1
,,VICTOR SOLF - HOW DID WE?,1
,,ZEFIRE - HOW DID WE?,1
,,TOMMY NEWPORT - ULTRA MANGO,1
,,GEORGE THE POET AND MAVERICK SABRE - FOLLOW THE LEADER,1
,,ANNA HAUSS - HURT,1
,,YUNO - NO GOING BACK,1
,,WESLEY JOSEPH - MONSOON,1
,,KAH-LO - WOOF,1
,,KAINALU - ALWAYS SILVER,1
,,DRENS - HONEY,1
,,WIKI - MOUNTAINS OF GOLD,1
,,KAMASI WASHINGTON EVERYTHING IS RECORDED - MOUNTAINS OF GOLD,1
,,KATY J PEARSON - WHEN THE LAUGHTER STOPS,1
,,CHILDCARE - LITTLE SECRET,1
,,LISER - GURLIES SAUER,1
,,LANIKAI - WINDFALL,1
,,VIJI - SEDATIVE,1
,,NINJA KIDSOUL - ROMEO & JULIET,1
,,MIA WRAY - STAY AWAKE,1
,,LOW HUMMER - PANIC CALLS,1
,,SOFTEE - ISN'T ENOUGH,1
,,HORST WEGENER - FLUGMODUS,1
,,HALLER - BITTER,1
,,COSMO'S MIDNIGHT - STRAIGHT UP RELAXIN',1
,,KAI - NEVER BE LIKE YOU,1
,,ELI PREISS - WEIN IN WIEN,1
,,HEARTWORMS - EXTRAORDINARY WINGS,1
,,LOUS AND THE YAKUZA - LA MONEY,1
,,MIKE NASA - HERE FOR IT ALL,1
,,JOYCE WRICE - ICED TEA,1
,,STANOVSKY - LEERGETANZT,1
,,TÓKE - BROWN FACE,1
,,LONGUS MONGUS - FUNDBÜRO,1
,,HISTORY OF SUGAR - GENERATION KILL,1
,,IVY SOLE - ELEVATOR GIRL,1
,,FRUM - THE ONLY WAY,1
,,MASKED WOLF - SWEETER,1
,,ANNE SUU - TOGETHER,1
,,ISLAND - OCTOPUS,1
,,MIRADOR - FEELS LIKE GOLD,1
,,HARRY DEAN LEWIS - FIZZ,1
,,JOE TRAXLER - FIZZ,1
,,NEON NEET - LIES,1
,,ISLAND FOX - BLOOM,1
,,YUNG GRAVY - C’EST LA VIE,1
,,DONKEY KID - DEEP BLUE,1
,,DONKEY KID - APPETITE,1
,,ELENA STERI - NO WORDS LEFT,1
,,TUVABAND - SOMETHING GOOD,1
,,AGES AND AGES - DAY FROM NIGHT,1
,,LLUSION - WALK BUT IN A GARDEN,1
,,ROSA LEE LUNA - MORE THAN THAT,1
,,BROTHERS OF SANTA CLAUS - FIGURE IT OUT,1
,,FRANKIE COSMOS - AFTERSHOOK,1
,,WILLIAM FITZSIMMONS - THE TIDE PULLS FROM THE MOON,1
,,SCOTCH - FEAR,1
,,WATER - FEAR,1
,,LAMBCHOP - EVERYTHING FOR YOU,1
,,ORBIT - SHINING,1
,,MILES BONY - STILL MILES,1
,,WOODEN PEAK - POINT,1
,,CHARLOTTE BRANDI - TWO ROWS,1
,,THE UNDERCOVER DREAM LOVERS WITH DEADMEN - CHARDONNAY,1
,,KOMMODE - CAPTAIN OF YOUR SINKING SHIP,1
,,EMMA BALE - AMSTERDAM,1
,,MATIJA - ULTRASUEDE,1
,,AZEKEL - CAN WE HAVE FUN,1
,,JADA KINGDOM - GET PAID,1
,,OSCAR LANG - YEAH!,1
,,KÖLSCH - GREY/GRAU,1
,,WILEY - BOASTY,1
,,STEFFLON DON - BOASTY,1
,,BOU - RAVING IN THE STUDIO,1
,,GENE - OLYMPIAN,1
,,AMARU - BLONDE CHAYA - SPED UP,1
,,GRINGO BAMBA - BLONDE CHAYA - SPED UP,1
,,CHRIS LAKE - 1LIVE DJ-SESSION,1
,,ZAH1DE - BALLERT AUF LAUTLOS,1
,,ZAH1DE - KOTTI D‘AZUR,1
,,1LIVE DJ SESSION - NORA EN PURE,1
,,AMO - YERINDE DUR - REMIX,1
,,MARTEN LOU - YOUR BODY,1
,,APHEX TWIN - MINIPOPS 67 [120.2][SOURCE FIELD MIX] (INSTR),1
,,DJ HEARTSTRING - BAE,1
,,VICTONY - SOWETO,1
,,TEMPOE - SOWETO,1
,,ASAKE - ORGANISE,1
,,RÜFÜS - LIKE AN ANIMAL,1
,,Y 68 - ELECTRISIZE 2025,1
,,ODYMEL - MY FAVOURITE GAME,1
,,ARGY - VOICES IN MY HEAD (AMELIE LENS REMIX),1
,,TINLICKER - BECAUSE YOU MOVE ME,1
,,HELSLOOT - BECAUSE YOU MOVE ME,1
,,JENEVIEVE - HVN HIGH,1
,,DAVID PUENTEZ NIKLAS DEE - ILLUSION,1
,,INDY - IDOL,1
,,PARIS HILTON - STARS ARE BLIND,1
,,BECKY G - MAMIII,1
,,"STÜBA PHILHARMONIE - SANDMANN, LIEBER SANDMANN",1
,,NOIZU - SUMMER 91 (LOOKING BACK),1
,,DJ TONKA - SHE KNOWS YOU,1
,,SWIM DJ HEARTSTRING - FOREVER (IF U NEED IT),1
,,METRO BOOMIN' - CREEPIN',1
,,INK - ADDICTED,1
,,MOGUAI - 1LIVE DJ-SESSION,1
,,SALUTE - SYSTEM,1
,,SUPERMODE - TELL ME WHY (MEDUZA REMIX),1
,,DONAE'O - NOTHING MORE TO SAY,1
,,CUPIDO - I'M GOOD (BLUE),1
,,ELLA EYRE ALOK - DEEP DOWN,1
,,NEVER DULL - DEEP DOWN,1
,,MARTEN HØRGER - 1LIVE DJ-SESSION,1
,,SON OF SON ANYMA - VOICES IN MY HEAD (AMELIE LENS REMIX),1
,,DJ KOZE - PICK UP,1
,,JVKE; TILLY BIRDS; JOHN MICHAEL HOWELL - COLORS,1
,,ANTDOT MAZ - JOLIE FILLE,1
,,GINTON - JOLIE FILLE,1
,,LAYEFA - JOLIE FILLE,1
,,JOSI MILLER - THE NIGHT (BAD MOVES),1
,,ZAK ABEL - MIDNIGHT LOVER,1
,,UNDERCOVER - BAKER STREET,1
,,GUNS N´ ROSES - SWEET CHILD O' MINE,1
,,MOONLIGHT - THERE SHE GOES,1
,,TWENTY 4 SEVEN - IS IT LOVE?,1
,,DEAN LEWIS ZOE WEES - LEARN TO LOVE,1
,,MARC RONSON - VALERIE,1
,,SOPHIE B HAWKINS - RIGHT BESIDE YOU,1
,,MARC SCIBILIA - UNFORGETTABLE,1
,,ROLF ZUCKOWSKI - DU DA IM RADIO,1
,,NIELS - DU DA IM RADIO,1
,,PAUL VAN DYK TOPIC - IN YOUR ARMS (FOR AN ANGEL),1
,,CHAKA DEMUS AND PLIERS WITH JACK RADICS - TWIST AND SHOUT,1
,,TAXI GANG - TWIST AND SHOUT,1
,,MASON RAMSEY - OLD TOWN ROAD (REMIX),1
,,2 UNLIMITED - NO LIMIT,1
,,THE MAVERICKS - DANCE THE NIGHT AWAY,1
,,WIND EARTH - LET'S GROOVE,1
,,LUCENZO DON OMAR - DANZA KUDURO,1
,,BRYN CHRISTOPHER - SWEET LOVIN',1
,,THE CAESARS - JERK IT OUT,1
