Artist,Times Played,Artist - Song,Times Played
ED SHEERAN,144,GRACIE ABRAMS - THAT'S SO TRUE,67
MYLES SMITH,123,DANA - LOW TIDE,66
MILEY CYRUS,115,RIANA - DIS LÜCHTE,66
NICO SANTOS,112,ANNA ROSSINELLI - HEAT,66
LOLA YOUNG,98,MICHAEL PATRICK KELLY - THE ONE,65
STEFANIE HEINZMANN,94,LOLA YOUNG - MESSY,64
DUA LIPA,91,ZOE ME - MILLION DE MOIS,64
ALEX WARREN,89,MARK RONSON - SUZANNE,63
NAOMI LAREINE,88,RAYE - SUZANNE,63
HECHT,88,MATILDE - GUAI,62
ANNA ROSSINELLI,84,TOM GREGORY - WRECK,62
JOYA MARLEEN,81,NAOMI LAREINE - STRANGER,61
PEGASUS,81,DUA LIPA - THESE WALLS,61
COLDPLAY,80,PIERRE DE MAERE - THESE WALLS,61
LO UND LEDUC,78,MILEY CYRUS - END OF THE WORLD,60
RIANA,76,ED SHEERAN - AZIZAM,60
TOM GREGORY,76,BENSON BOONE - MR ELECTRIC BLUE,60
KINGS ELLIOT,75,HALUNKE - DATE NIGHT MENÜ,59
LEONY,75,LUCA HÄNNI - LOVE IS A LIE,59
ZOE ME,75,MYLES SMITH - GOLD,59
BRAINCHILD,72,CONAN GRAY - VODKA CRANBERRY,59
MICHAEL PATRICK KELLY,72,JOYA MARLEEN - DIFFICULT,58
DANA,71,HEERA - PICKING FLOWERS,58
LUCA HÄNNI,69,LEONY - BY YOUR SIDE,58
HEERA,68,NICO SANTOS - RAY OF LIGHT,57
SABRINA CARPENTER,67,COLDPLAY - WE PRAY,57
ARGYLE,67,LITTLE SIMZ - WE PRAY,57
GRACIE ABRAMS,67,BURNA BOY - WE PRAY,57
HALUNKE,66,ELYANNA - WE PRAY,57
MARK RONSON,65,TINI - WE PRAY,57
BENSON BOONE,65,MYLES SMITH - NICE TO MEET YOU,57
RAYE,64,HENRY MOODIE - COMEDOWN,56
TOM GRENNAN,64,KINGS ELLIOT - THE PROMISE,56
MATILDE,63,PEGASUS - HOW MUCH CAN A HEART BREAK,56
HENRY MOODIE,62,ARGYLE - RELEASE ME,56
PIERRE DE MAERE,61,MILEY CYRUS - MORE TO LOSE,54
DAMIANO DAVID,61,SEAFRET - FIVE MORE SECONDS,54
MARIUS BEAR,60,KT TUNSTALL - FIVE MORE SECONDS,54
SOMBR,60,DANA-ROSE - LIGHTHOUSE,53
ANDRYY,59,PICTURE THIS - A THOUSAND TIMES,53
CONAN GRAY,59,NICO SANTOS - HOME PT. 2,53
PICTURE THIS,58,TOM GRENNAN - FULL ATTENTION,53
LITTLE SIMZ,58,ED SHEERAN - SAPPHIRE,53
BURNA BOY,58,STEFANIE HEINZMANN - POWER,52
ELYANNA,57,ANDRYY - CHURZSICHTIG,52
TINI,57,LEWIS CAPALDI - SURVIVE,50
LEWIS CAPALDI,57,SOMBR - WE NEVER DATED,50
NICK MELLOW,57,NICK MELLOW - AFTERGLOW,50
STRESS,55,BRAINCHILD - STORY OF YOU AND I,49
NEMO,55,LO UND LEDUC - SO GUET WIE NIE,47
SEAFRET,54,MAX GIESINGER - WIMPERNSCHLAG,47
KT TUNSTALL,54,JOHANNES OERDING - WIMPERNSCHLAG,47
DANA-ROSE,53,HECHT - MON AMOUR,46
MAX GIESINGER,49,RAVYN LENAE - LOVE ME NOT,43
VERONICA FUSARO,49,CLUESO - MINIMUM,39
JOHANNES OERDING,47,JOE JONAS - HEART BY HEART,39
ONEREPUBLIC,46,ALEX WARREN - ORDINARY,37
ZÜRI WEST,44,MARIUS BEAR - TOXIC LOVE,37
JAMES GRUNTZ,44,PAULA DALLA CORTE - RUSTY SKIES,35
RAVYN LENAE,43,NINA VALOTTI - WARTE,35
BASTIAN BAKER,43,DAMIANO DAVID - BORN WITH A BROKEN HEART,34
CLUESO,42,SABRINA CARPENTER - MANCHILD,33
PAULA DALLA CORTE,40,OLIVIA DEAN - NICE TO EACH OTHER,32
LOVEBUGS,40,LOLA YOUNG - DEALER,31
CHILD,40,SABRINA CARPENTER - TASTE,30
NINA VALOTTI,40,CHILD - SOMETHING NEW,30
JOE JONAS,39,DAMIANO DAVID - NEXT SUMMER,27
PINK,38,ALEX WARREN - ETERNITY,27
JAN SEVEN DETTWYLER,37,STEFANIE HEINZMANN - GOOD,24
DAVID GUETTA,35,ALEX WARREN - ON MY MIND,24
ROSE,35,ROSE - ON MY MIND,24
AVA MAX,35,ROOFTOP SAILORS - ROLLERCOASTER,23
CALVIN HARRIS,35,LUIZA - SOLEIL BLEU,21
PATENT OCHSNER,34,AMAYA GLOOR - NEVER LET ME GO,20
NICKLESS,34,VERONICA FUSARO - NO RAIN NO TEARS,19
SEAN PAUL,33,SOLEROY - CALL IT,18
LOCO ESCRITO,33,LADY BAZAAR - MY HEART IS BUMPING OUT,18
VALENTINO VIVACE,32,MARLIN - WANTED TO KNOW,18
DABU FANTASTIC,32,STAIN OF LIGHT - COME ON,18
OLIVIA DEAN,32,BLEU SOLEIL - SOLEIL BLEU,17
BASCHI,32,LIV AVA - LONELY AGAIN,17
LADY GAGA,31,MARINE - COEUR MALADROIT,17
LADINA,30,STEVANS - BLUE LAGOON,16
THE WEEKND,30,SAM FENDER - TYRANTS,15
PURPLE DISCO MACHINE,30,SINPLUS - WHO'S TO SAY,15
SAM FENDER,30,BRAINCHILD - OXYGEN,14
LOST FREQUENCIES,30,DJ MATTHIAS VÖLLM - SRF 3 MINIMIX,14
STEVANS,30,ED SHEERAN - A LITTLE MORE,14
ROBBIE WILLIAMS,30,CHAPPELL ROAN - THE SUBWAY,14
BABA SHRIMPS,29,THE BIRTHDAY GIRLS - GIVE ME REASONS,14
ROOFTOP SAILORS,29,VALENTINO VIVACE - HULAHOOP,14
JUSTIN TIMBERLAKE,29,EDB - BÄRN U NID BERLIN,14
CRIMER,29,HUS-BAND - CAUGHT IN THE RAIN,14
RIHANNA,29,LAVAI - CHERRY TASTE,13
SIA,28,ROBBIE WILLIAMS - FORBIDDEN ROAD,13
BRUNO MARS,27,PATO - LIEBI LEONIE,13
ILIRA,27,TO ATHENA - WEIRD KID,12
THE SOULS,27,BRUNO MARS - APT,11
PAT BURGENER,27,ROSE - APT,11
PHENOMDEN,27,NEMO - CASANOVA,11
THE BLACK KEYS,27,SAM HIMSELF - BACKSTREETS,11
OASIS,26,MAROON 5 - LOVE IS LIKE,11
THE BIRTHDAY GIRLS,26,LIL WAYNE - LOVE IS LIKE,11
LINA BUTTON,26,NAOMI LAREINE - FORBIDDEN FRUIT,10
RAY DALTON,26,BENJAMIN AMARU - THE FOOL,10
TAYLOR SWIFT,26,TRINIX - VAITIMBORA,10
BENJAMIN AMARU,26,ALFA - A ME MI PIACE,10
IMAGINE DRAGONS,25,MANU CHAO - A ME MI PIACE,10
AL PRIDE,25,KANTEREIT - THE FOOL,10
WOLF ALICE,25,PAULA MIA - OCEAN,10
MAROON 5,24,LADINA - SCARS ON YOUR HEART,9
SHAWN MENDES,23,THE WEEKND - BLINDING LIGHTS,9
CHAPPELL ROAN,23,PHENOMDEN - MIT MIR USE,9
JUSTIN BIEBER,22,THE BLACK KEYS - A LITTLE TOO HIGH,9
PEDESTRIANS,22,EILEEN ALISTER - DRAMA BABY,9
ARIANA GRANDE,22,GIL GLAZE - GOLD,8
SOFT LOFT,22,JOVANOTTI - ESTATE,8
JOVANOTTI,21,LUNIK - STATIC,8
LUIZA,21,DAVID GUETTA - BEAUTIFUL PEOPLE,8
KATY PERRY,21,PNAU - ALL THE TIME,8
JAMES BLUNT,21,WEEZER - FEELS LIKE SUMMER,8
AMAYA GLOOR,21,HECHT - KAWASAKI,8
SOPHIE HUNGER,21,TWO AND THE SUN - STAY WITH ME,8
MARLIN,21,AL PRIDE - SOMETHING,8
JASON DERULO,21,AL PRIDE - HEAR THE CHILDREN SING,8
STEREO LUCHS,21,CHILD - STORIES,8
STEFF LA CHEFFE,21,FROM KID - NORTH LIGHT,8
DAMIAN LYNN,21,ILIRA - FLOATING WITH THE SHARKS,8
GIL GLAZE,20,ALINA AMURI - I MADE UP MY MIND,8
CARROUSEL,20,JAMES GRUNTZ - THING OR TWO,8
FROM KID,20,SIA - BEAUTIFUL PEOPLE,8
GEORGE EZRA,20,MIGHTY DUB KATZ - MAGIC CARPET RIDE,8
RED HOT CHILI PEPPERS,20,THE HOMESTORIES - BETTER THAN THIS,8
BLIGG,20,ELLE - CRAZY,8
SAM HIMSELF,20,ELI GRAF - SCHACHMATT,8
BRUCE SPRINGSTEEN,20,CELINE HALES - THE WAY IT GOES,8
DODO,20,KOOLKID - GOLD,8
KYGO,19,VIVO - REGARDEZ-MOI,8
ROBIN SCHULZ,19,JOYA MARLEEN - FIRE,7
ALVARO SOLER,19,BABA SHRIMPS - I DON'T WANNA HIDE,7
77 BOMBAY STREET,19,BOB SINCLAR - OUTRO LUGAR,7
SOFIA KOURTESIS,19,SALOME DE BAHIA - OUTRO LUGAR,7
SHUTTLE,18,STRESS - LIBERE,7
BILLIE EILISH,18,OFENBACH - FEELINGS DON'T LIE,7
MANILLIO,18,DAN AUERBACH - SHINE ON ME,7
U2,18,OMC - HOW BIZARRE,7
SOLEROY,18,2RAUMWOHNUNG - 36 GRAD,7
LADY BAZAAR,18,CHIARA CASTELLI - WATER TO ME,7
SENS UNIK,18,LINA BUTTON - LITTLE TIN GOD,7
OPEN SEASON,18,JAMES GRUNTZ - YOU,7
CHARLIE PUTH,18,BEYONCE - TEXAS HOLD 'EM,7
MARTIN GARRIX,18,JAWSH 685 - SAVAGE LOVE,7
BOY,18,JASON DERULO - SAVAGE LOVE,7
THE HOMESTORIES,18,MOUSSE T - HORNY '98,7
SINPLUS,18,HOT'N'JUICY - HORNY '98,7
STAIN OF LIGHT,18,NEMO - UNEXPLAINABLE,7
ELLIE GOULDING,18,ZOE WEES - NEVER BE LONELY,7
KPOP DEMON HUNTERS CAST,18,WAMDUE PROJECT - KING OF MY CASTLE,7
PABLO NOUVELLE,17,MY NAME IS GEORGE - THE BEGINNING,7
ALISON GOLDFRAPP,17,HEIDI HAPPY - THE BEGINNING,7
BLEU SOLEIL,17,ANIMOR - BIG SHOT,7
MADONNA,17,ELECTRIC BLANKET - YOUR SONG,7
QUEEN,17,MAREA - GIRLFRIEND,7
DERMOT KENNEDY,17,SOFT LOFT - IS IT ME,7
ALINA AMURI,17,ALLE FARBEN - CALL MY NAME,7
FLORENCE AND THE MACHINE,17,JAX JONES - NEVER BE LONELY,7
PITBULL,17,GLOCKENBACH - MAGIC MOMENT,7
BRYAN ADAMS,17,CHRIS DE SARANDY - MAGIC MOMENT,7
LIV AVA,17,THE CHAINSMOKERS - DON'T LIE,7
MARINE,17,KIM PETRAS - DON'T LIE,7
DEFTONES,17,SALEM ILESE - FEELINGS DON'T LIE,7
SOPHIE AND THE GIANTS,17,SOFILOUD - CALL MY NAME,7
ADELE,17,DISTURBED - THE SOUND OF SILENCE,6
RADIOHEAD,17,NAOMI LAREINE - LIFETIME,6
ROXETTE,16,GIL GLAZE - LIFETIME,6
LUNIK,16,ALISON GOLDFRAPP - CINNAMON LIGHT,6
THE KILLERS,16,BILLIE EILISH - BAD GUY,6
TWO AND THE SUN,16,JUSTIN TIMBERLAKE - SUMMER LOVE,6
R.E.M,16,ROXETTE - JUNE AFTERNOON,6
DADDY YANKEE,16,LUNIK - LITTLE BIT,6
ZIAN,16,HECHT - CHARLOTTA,6
INDIGO DE SOUZA,16,SUPER-HI - FOLLOWING THE SUN,6
PATO,16,NEEKA - FOLLOWING THE SUN,6
LENNY KRAVITZ,15,LO UND LEDUC - 079,6
EDB,15,PANIC! AT THE DISCO - HIGH HOPES,6
TROUBAS KATER,15,GABRIELLA CILMI - SWEET ABOUT ME,6
MANU CHAO,15,COLDPLAY - HIGHER POWER,6
ENRIQUE IGLESIAS,15,"CHAPPELL ROAN - GOOD LUCK, BABE!",6
EILEEN ALISTER,15,MYLES SMITH - STARGAZING,6
DJ MATTHIAS VÖLLM,14,SAM FENDER - WILL WE TALK?,6
BAD BUNNY,14,MATTIU - MIDADA,6
OFENBACH,14,VALENTINO VIVACE - ORSO BIANCO,6
CHIARA CASTELLI,14,OPEN SEASON - TONIGHT,6
PRIYA RAGU,14,CRIMER - BROTHERLOVE,6
ANNA KÄNZIG,14,FLORENCE AND THE MACHINE - EVERYBODY SCREAM,6
BEYONCE,14,TYLER BALLGAME - GOT A NEW CAR,6
HARRY STYLES,14,JUSTIN BIEBER - DAISIES,6
GIMS,14,ANN LEE - 2 TIMES,6
POST MALONE,14,PITBULL - ON THE FLOOR,6
HUS-BAND,14,NINA SKY - MOVE YA BODY,6
DACHS,13,JABBA - MOVE YA BODY,6
GOTTHARD,13,DABU FANTASTIC - ANGELINA,6
MATTIU,13,JENNIFER LOPEZ - ON THE FLOOR,6
LAVAI,13,BLIGG - MUSIGG I DÄ SCHWIIZ,6
JEANS FOR JESUS,13,MARTIN GARRIX - WE ARE THE PEOPLE,6
PHARRELL WILLIAMS,13,MARTIN GARRIX - SMILE,6
J. BALVIN,13,BONO - WE ARE THE PEOPLE,6
CAROLINE ALVES,13,THE EDGE - WE ARE THE PEOPLE,6
KYLIE MINOGUE,13,ME.MAN.MACHINE - SALLY SAD,6
SELENA GOMEZ,13,STEREO LUCHS - LOVE RELOAD,6
ZOE WEES,13,WILL SMITH - WILD WILD WEST,6
ADRIAN SIEBER,13,DRU HILL - WILD WILD WEST,6
THE CURE,13,THE HOMESTORIES - ELEMENTS,6
DIE FANTASTISCHEN VIER,13,NEMO - EUROSTAR,6
THE DROPS,13,LIL NAS X - THAT'S WHAT I WANT,6
CAMILA CABELLO,13,SOPHIE AND THE GIANTS - SHUT UP AND DANCE,6
CLOCKCLOCK,13,NEK - LAURA NON C'È,6
DEPECHE MODE,13,ROOSEVELT - IN THE DARK,6
STEPHAN EICHER,12,DENNIS KISS - SILHOUETTE,6
NELLY FURTADO,12,BRADLEY SIMPSON - FAVOURITE BAND,6
BILLY IDOL,12,NIEVE ELLA - FAVOURITE BAND,6
BON JOVI,12,HUNTR - GOLDEN,6
GINNY LOON,12,X - GOLDEN,6
NICOLE BERNEGGER,12,EJAE - GOLDEN,6
JAMIROQUAI,12,AUDREY NUNA - GOLDEN,6
JAMES ARTHUR,12,REI AMI - GOLDEN,6
DEATH BY CHOCOLATE,12,KPOP DEMON HUNTERS CAST - GOLDEN,6
TIM FREITAG,12,ELDERBROOK - GLAD I FOUND YOU,6
TOBIAS CARSHEY,12,GEORGE FITZGERALD - GLAD I FOUND YOU,6
DELILAHS,12,ERNIA - PARAFULMINI,6
NOGA EREZ,12,BRESH - PARAFULMINI,6
BIFFY CLYRO,12,FABRI FIBRA - PARAFULMINI,6
TO ATHENA,12,AEIOU - DRIFTING AWAY,6
ELECTRIC BLANKET,12,TRETTMANN - LOVE RELOAD,6
LIL WAYNE,12,SKYSCRAPER STEREO - LOVE RELOAD,6
TOPIC,12,PRONTO - LOVE RELOAD,6
CELINE HALES,12,CAROLINA LIAR - SMILE,6
SHAKEDOWN,12,LILY COSTA - NOT LIKE YOU,6
GHOSTFACE KILLAH,11,THE PUSSYCAT DOLLS - BUTTONS,6
AVICII,11,JOYA MARLEEN - NIGHTMARE,5
REA GARVEY,11,ZÜRI WEST - FISCHE VERSÄNKE,5
SHAKIRA,11,ZÜRI WEST - LUE ZERSCH WOHÄR DASS DR WIND WÄÄIT,5
PANDA LUX,11,ZÜRI WEST - SOFA,5
RAG'N'BONE MAN,11,PABLO NOUVELLE - SUNSHINE IN STEREO,5
INXS,11,OASIS - LITTLE BY LITTLE,5
SHEM THOMAS,11,ETHEL CAIN - FUCK ME EYES,5
IRA MAY,11,DAENS - DELUSION,5
JACK SLAMER,11,LISA ORIBASI - DELUSION,5
THE GARDENER AND THE TREE,11,ONEREPUBLIC - WEST COAST,5
PABLOPOLAR,11,ONEREPUBLIC - RUN,5
ROOSEVELT,11,GENTE DE ZONA - LA GOZADERA,5
MILUNE,11,MARC ANTHONY - LA GOZADERA,5
YOKKO,11,BILLIE EILISH - BIRDS OF A FEATHER,5
NATIV,11,THE WEEKND - OPEN HEARTS,5
TEDDY SWIMS,11,STRESS - TOUS LES MEMES,5
BIBI VAPLAN,11,ANNE-MARIE - 2002,5
LINDA ELYS,11,ARGYLE - LOSING MY MIND,5
JAX JONES,11,NELLY FURTADO - FORCA,5
PNAU,10,LUCA HÄNNI - SHE GOT ME,5
SAM SMITH,10,PURPLE DISCO MACHINE - IN THE DARK,5
BACKSTREET BOYS,10,TWO AND THE SUN - RUNAWAY,5
EMINEM,10,MADONNA - LA ISLA BONITA,5
KUNGS,10,LEONY - SOMEWHERE IN BETWEEN,5
MACKLEMORE,10,LEONY - ROCK N ROLL,5
ELLE,10,DERMOT KENNEDY - KISS ME,5
DAVID BOWIE,10,BASTIAN BAKER - DANCING WITHOUT YOU,5
MARYNE,10,JUSTIN WELLINGTON - IKO IKO,5
HEIDI HAPPY,10,SMALL JAM - IKO IKO,5
TRINIX,10,LOVEBUGS - A LOVE LIKE TIDES,5
GAVIN JAMES,10,LOVEBUGS - COFFEE AND CIGARETTES,5
ALFA,10,NICKLESS - WAITING,5
ANIMOR,10,NICKLESS - LOOKING FOR YOUR LOVE,5
KANTEREIT,10,PANDA LUX - OBEN,5
BASTILLE,10,LINA BUTTON - CHASING,5
WILLIAM WHITE,10,SENS UNIK - C'EST LA VIE,5
SAMUIL LEE,10,BENSON BOONE - BEAUTIFUL THINGS,5
KEVIN WOO,10,GINNY LOON - RAY,5
DANNY CHUNG,10,OPEN SEASON - YOU LOOK GOOD,5
NECKWAV,10,LADY GAGA - ALEJANDRO,5
ANDREW JOON CHOI,10,LADY GAGA - RAIN ON ME,5
SAJA BOYS,10,ILIRA - EASY,5
ALLE FARBEN,10,ALINA AMURI - WHERE TO GO NOW,5
PAULA MIA,10,KAROLYN - TOUS LES MEMES,5
GLOCKENBACH,10,THE SOULS - NIGHTINGALE,5
FELIX JAEHN,9,ANNA KÄNZIG - MILLION WAYS,5
DON'T KILL THE BEAST,9,NICKY JAM - X,5
BOB SINCLAR,9,J. BALVIN - X,5
PRINCE,9,DABU FANTASTIC - ALINE,5
ANNE-MARIE,9,IRAMA - MEDITERRANEA,5
WEEZER,9,MILKY CHANCE - SYNCHRONIZE,5
MUMFORD AND SONS,9,GEORGE EZRA - GREEN GREEN GRASS,5
JUANES,9,LOST FREQUENCIES - WHERE ARE YOU NOW,5
MEDUZA,9,KUNGS - NEVER GOING HOME,5
KAROLYN,9,CHARLIE PUTH - LIGHT SWITCH,5
OZUNA,9,CHARLIE PUTH - SUMMER FEELINGS,5
NIRVANA,9,RAY DALTON - IN MY BONES,5
FRANZ FERDINAND,9,ALVARO SOLER - LA LIBERTAD,5
HOWLONG WOLF,9,DADDY YANKEE - DURA,5
PETER FOX,9,BLIGG - MANHATTAN,5
THE 1975,9,PETER FOX - TOSCANA FANBOYS,5
THE BLACK EYED PEAS,9,ADRIANO CELENTANO - TOSCANA FANBOYS,5
JAMILA,9,SEAN PAUL - SUMMER PARADISE,5
MUSE,9,SEAN PAUL - DANGEROUS LOVE,5
MY NAME IS GEORGE,9,TOMMY CASH - ESPRESSO MACCHIATO,5
REMO FORRER,9,HARRY STYLES - AS IT WAS,5
AC,9,"JASON DERULO - 1, 2, 3",5
DC,9,TAYLOR SWIFT - ANTI-HERO,5
BLUR,9,BOY - LITTLE NUMBERS,5
NOTHING BUT THIEVES,9,IRA MAY - RAM PAM PAM,5
KOOLKID,9,LENNON STELLA - SUMMER FEELINGS,5
THE BIANCA STORY,9,ZIAN - WAITING,5
THE CHAINSMOKERS,9,SILVANA ESTRADA - DIME,5
SIMPLE MINDS,9,SOFIA KOURTESIS - SISTERS,5
RICKY MARTIN,8,SOFIA KOURTESIS - UNIDOS,5
ALOK,8,DAPHNI - UNIDOS,5
ETHEL CAIN,8,BRYAN ADAMS - SUMMER OF '69,5
BLACK HONEY,8,SELENA GOMEZ - BACK TO YOU,5
KABRIO,8,FREYA RIDINGS - CASTLES,5
BILLY OTTO,8,OLIVIA RODRIGO - GOOD 4 U,5
CAT BURNS,8,JUNIOR SENIOR - MOVE YOUR FEET,5
EURYTHMICS,8,BOB MARLEY - SUN IS SHINING,5
LINKIN PARK,8,FUNK STAR DELUXE - SUN IS SHINING,5
DAN AUERBACH,8,BASCHI - ALLS UM DICH,5
MARK FORSTER,8,VENDREDI SUR MER - MALABAR PRINCESS,5
BRITNEY SPEARS,8,THE KOLORS - ITALODISCO,5
JULIE MELETTA,8,SOPHIE AND THE GIANTS - IN THE DARK,5
MALUMA,8,LOU BEGA - MAMBO NO. 5,5
MILKY CHANCE,8,MARIANA FROES - VAITIMBORA,5
FOO FIGHTERS,8,AVA MAX - KINGS AND QUEENS,5
JENNIFER LOPEZ,8,PINK - TRUSTFALL,5
MIGHTY DUB KATZ,8,GRAUZONE - EISBÄR,5
ANDREA BIGNASCA,8,POST MALONE - I HAD SOME HELP,5
GREIS,8,MORGAN WALLEN - I HAD SOME HELP,5
AL-BERTO AND THE FRIED BIKINIS,8,GAVIN JAMES - HEARTS ON FIRE,5
OK COOL,8,ELLIE GOULDING - CLOSE TO ME,5
PET SHOP BOYS,8,SIMPLE PLAN - SUMMER PARADISE,5
ELI GRAF,8,DIE FANTASTISCHEN VIER - LASS DIE SONNE REIN,5
LIL NAS X,8,ANDREYA TRIANA - SUNSHINE IN STEREO,5
JONAS BLUE,8,ANNIE TAYLOR - WHERE THE GRASS IS GREENER,5
ANGELE,8,HNO - I DON'T CARE,5
TEXAS,8,ROOSEVELT - UNDER THE SUN,5
FUSE ODG,8,MILUNE - BLONDE,5
TWO DOOR CINEMA CLUB,8,KOJEY RADICAL - CONVERSATION,5
JONAS BROTHERS,8,STEFF LA CHEFFE - HA KE AHNIG,5
BRADLEY SIMPSON,8,ARIANA GRANDE - RAIN ON ME,5
WIZTHEMC,8,JANELLE MONÁE - LIPSTICK LOVER,5
BEES,8,FUSE ODG - DANGEROUS LOVE,5
HONEY,8,SOOLKING - SUAVEMENTE,5
HUNTR,8,SHABOOZEY - A BAR SONG,5
X,8,DASHA - AUSTIN,5
EJAE,8,ACE OF BASE - ALL THAT SHE WANTS,5
AUDREY NUNA,8,WIZTHEMC - SHOW ME LOVE,5
REI AMI,8,BEES - SHOW ME LOVE,5
BLONDIE,8,HONEY - SHOW ME LOVE,5
RAUW ALEJANDRO,8,KPOP DEMON HUNTERS CAST - YOUR IDOL,5
AEROTIQUE,8,KPOP DEMON HUNTERS CAST - SODA POP,5
VIVO,8,ADAM PORT - MOVE,5
MONET192,8,STRYV - MOVE,5
DJ ANTOINE,8,KEINEMUSIK - MOVE,5
GREEN DAY,8,ORSO - MOVE,5
MERCEE,8,MALACHIII - MOVE,5
PULL N WAY,8,BLACKPINK - JUMP,5
CLEMENTINE DOUGLAS,7,SAMUIL LEE - YOUR IDOL,5
JOHN BÜRGIN,7,SAMUIL LEE - SODA POP,5
CHANCE THE RAPPER,7,KEVIN WOO - YOUR IDOL,5
CASS MCCOMBS,7,KEVIN WOO - SODA POP,5
GOLDFRAPP,7,DANNY CHUNG - YOUR IDOL,5
SALOME DE BAHIA,7,DANNY CHUNG - SODA POP,5
PANIC! AT THE DISCO,7,NECKWAV - YOUR IDOL,5
OMC,7,NECKWAV - SODA POP,5
2RAUMWOHNUNG,7,ANDREW JOON CHOI - YOUR IDOL,5
MO BLANC,7,ANDREW JOON CHOI - SODA POP,5
THE BANGLES,7,SAJA BOYS - YOUR IDOL,5
MARC SWAY,7,SAJA BOYS - SODA POP,5
JAWSH 685,7,GIORGIO MORODER - I WANNA ROCK,5
HEJ FRANCIS!,7,SHAKEDOWN - I WANNA ROCK,5
LENNON STELLA,7,TINIE TEMPAH - MAMACITA,5
PASCAL GAMBONI,7,WIZKID - MAMACITA,5
MOUSSE T,7,THE ASTEROIDS GALAXY TOUR - THE GOLDEN AGE,5
HOT'N'JUICY,7,LINDA ELYS - MAGGIE,5
THE NEW EVES,7,YOLANDA BE COOL - WE NO SPEAK AMERICANO,5
DOJA CAT,7,DCUP - WE NO SPEAK AMERICANO,5
BÜNE HUBER,7,CALUM SCOTT - WHERE ARE YOU NOW,5
BOB MARLEY,7,"SOFIA REYES - 1, 2, 3",5
WAMDUE PROJECT,7,"DE LA GHETTO - 1, 2, 3",5
AVRIL LAVIGNE,7,MARI FROES - VAITIMBORA,5
NEK,7,SWAE LEE - CLOSE TO ME,5
ELTON JOHN,7,G-EAZY - ROCK N ROLL,5
TAME IMPALA,7,THE TEMPER TRAP - SWEET DISPOSITION,5
CHRISTINA AGUILERA,7,DIPLO - CLOSE TO ME,5
LIZZO,7,CRYSTAL FIGHTERS - PLAGE,5
SPOON,7,SHUTTLE - SWEPT UP,4
MAREA,7,BABA SHRIMPS - PICK UP THE PHONE,4
SHABOOZEY,7,LADINA - HIGH HOPES,4
SIDO,7,LADINA - MILESTONE,4
DANITSA,7,LADINA - FRIENDS,4
PAU MUELLER,7,ALOK - BODY TALK,4
JOEL CORRY,7,CLEMENTINE DOUGLAS - BODY TALK,4
STROMAE,7,GIL GLAZE - NOT LIKE THIS,4
FAVEZ,7,ANNA REY - UNITY,4
PATRICK BISHOP,7,OASIS - LIVE FOREVER,4
PABLO INFERNAL,7,BLACK HONEY - DEAD,4
YELLO,7,ROOFTOP SAILORS - SHIVERS,4
USHER,7,DACHS - ES REIMT SICH UF,4
SOFIA REYES,7,KABRIO - MIRACLE,4
CHRIS DE SARANDY,7,BILLY OTTO - MIRACLE,4
PRONTO,7,RITON - TURN ME ON,4
KIM PETRAS,7,OLIVER HELDENS - TURN ME ON,4
SALEM ILESE,7,VULA - TURN ME ON,4
SOFILOUD,7,KYGO - CHASING PARADISE,4
DIJON,7,ONEREPUBLIC - CHASING PARADISE,4
A7S,7,ONEREPUBLIC - RESCUE ME,4
BOB MARLEY AND THE WAILERS,7,ONEREPUBLIC - CONNECTION,4
THE TEMPER TRAP,7,ONEREPUBLIC - I AIN'T WORRIED,4
DISTURBED,6,FELIX JAEHN - CALL IT LOVE,4
HAIM,6,DUA LIPA - HOUDINI,4
LISA ORIBASI,6,PICTURE THIS - GET ON MY LOVE,4
AVENTURA,6,JOVANOTTI - THE SOUND OF SUNSHINE,4
SUPER-HI,6,CAT BURNS - ALL THIS LOVE,4
NEEKA,6,STEFANIE HEINZMANN - CARRY THE WORLD,4
GABRIELLA CILMI,6,SHAWN MENDES - SUMMER OF LOVE,4
HURTS,6,SHAWN MENDES - IF I CAN'T HAVE YOU,4
SNOOP DOGG,6,TAINY - SUMMER OF LOVE,4
TRAVIS,6,SOFI TUKKER - SUMMER IN NEW YORK,4
ROOTWORDS,6,THE WEEKND - TAKE MY BREATH,4
MONOTALES,6,MANILLIO - SUNNY SIDE UP,4
AYA NAKAMURA,6,JUSTIN TIMBERLAKE - SOULMATE,4
WEDNESDAY,6,CYRIL - STUMBLIN' IN,4
TYLER BALLGAME,6,MELANIE FIONA - GIVE IT TO ME RIGHT,4
ANN LEE,6,STRESS - GIVE IT TO ME RIGHT,4
NINA SKY,6,STRESS - SI LOIN,4
JABBA,6,STRESS - AVENUE,4
FARRUKO,6,STRESS - LOVE YOU WHEN I'M HIGH,4
BONO,6,STRESS - RELAXTRA,4
THE EDGE,6,BAD BUNNY - NUEVAYOL,4
RIVAL KINGS,6,BAD BUNNY - DTMF,4
ME.MAN.MACHINE,6,DAVID GUETTA - FLAMES,4
THE SCRUCIALISTS,6,JAXOMY - PEDRO,4
WILL SMITH,6,AGATINO ROMERO - PEDRO,4
DRU HILL,6,RAFFAELLA CARRA - PEDRO,4
SIRENS OF LESBOS,6,BRUNO MARS - DIE WITH A SMILE,4
THE BETHS,6,JORIS - HEART OVER HEAD,4
IDLES,6,THIS PICTURE - HEART OVER HEAD,4
DAPHNI,6,SHAKIRA - RABIOSA,4
FREYA RIDINGS,6,TOM GRENNAN - DON'T BREAK THE HEART,4
MATTIU DEFUNS,6,"GOTTHARD - ONE LIFE, ONE SOUL",4
ADEL TAWIL,6,GOTTHARD - JANIE'S NOT ALONE,4
STING,6,PURPLE DISCO MACHINE - HONEY BOY,4
MIDNIGHT OIL,6,PURPLE DISCO MACHINE - FIREWORKS,4
SNOW PATROL,6,OFENBACH - OVERDRIVE,4
SIVILIAN,6,NORMA JEAN MARTINE - OVERDRIVE,4
ORPHELINE,6,R.E.M - SHINY HAPPY PEOPLE,4
MALUMMI,6,JAMES BLUNT - THE TRUTH,4
LORDE,6,JAMES BLUNT - LOVE UNDER PRESSURE,4
EL MICHELS AFFAIR,6,RIANA - LOSLOH,4
CHARLY JUNA,6,CARROUSEL - PLUS DE COULEURS,4
THE KOLORS,6,QUEEN - ANOTHER ONE BITES THE DUST,4
THE CLASH,6,QUEEN - CRAZY LITTLE THING CALLED LOVE,4
O.M.D,6,JUANES - LA CAMISA NEGRA,4
SCOUTING FOR GIRLS,6,JUANES - A DIOS LE PIDO,4
SIMPLE PLAN,6,BILLY IDOL - WHITE WEDDING,4
JAY-Z,6,ANNA ROSSINELLI - LET IT GO,4
DENNIS KISS,6,MEDUZA - PARADISE,4
KOJEY RADICAL,6,DERMOT KENNEDY - PARADISE,4
LEILA,6,DERMOT KENNEDY - POWER OVER ME,4
TATE MCRAE,6,BASTIAN BAKER - CAN'T BE LOVED,4
TINA TURNER,6,BASTIAN BAKER - EVERYTHING WE DO,4
DESTINY'S CHILD,6,BASTIAN BAKER - FIVE FINGERS,4
POLICE,6,PRAS MICHEL - GHETTO SUPASTAR,4
AMY MACDONALD,6,OL' DIRTY BASTARD - GHETTO SUPASTAR,4
LONG TALL JEFFERSON,6,MYA - GHETTO SUPASTAR,4
MAC DEMARCO,6,SOMBR - BACK TO FRIENDS,4
GUNS N' ROSES,6,BRITNEY SPEARS - HOLD ME CLOSER,4
DASHA,6,LOVEBUGS - MUSIC MAKES MY WORLD GO ROUND,4
KEANE,6,LOVEBUGS - ANGEL HEART,4
ALAS THE SUN,6,LOVEBUGS - FLAVOUR OF THE DAY,4
NIEVE ELLA,6,LOVEBUGS - BITTER MOON,4
ROSALIA,6,CHIARA CASTELLI - LOOK SO GOOD,4
SHENSEEA,6,VERONICA FUSARO - WEEKEND,4
ELDERBROOK,6,THE BIRTHDAY GIRLS - TIGER GIRL,4
GEORGE FITZGERALD,6,PATENT OCHSNER - TRYBGUET,4
NOAH KAHAN,6,PATENT OCHSNER - FÜR IMMER UF DI,4
JULIA MICHAELS,6,PATENT OCHSNER - MAMA BE,4
THE KID LAROI,6,PATENT OCHSNER - SUNNY SIDE UP,4
ERNIA,6,NICKLESS - ALREADY GONE,4
BRESH,6,NICKLESS - ROSEMARY,4
FABRI FIBRA,6,NICKLESS - DON'T STOP THE CAR,4
JOY CROOKES,6,BANANARAMA - CRUEL SUMMER,4
THE REMBRANDTS,6,PRIYA RAGU - ONE WAY TICKET,4
EMPIRE OF THE SUN,6,LINA BUTTON - HARD TO UNDERSTAND,4
YOLANDA BE COOL,6,VALENTINO VIVACE - METEORITI,4
NICKI MINAJ,6,SOPHIE HUNGER - TRICKS,4
BEBE REXHA,6,SOPHIE HUNGER - LIKE LIKE LIKE,4
CALUM SCOTT,6,FROM KID - COME IN,4
DAFT PUNK,6,SENS UNIK - ORIGINAL,4
AEIOU,6,MARIE JAY - FOMO,4
ROYEL OTIS,6,OPEN SEASON - KEEP MY FIRE BURNING,4
ALOE BLACC,6,LADY GAGA - DIE WITH A SMILE,4
TRETTMANN,6,KAROLYN - AVENUE,4
SKYSCRAPER STEREO,6,CRIMER - EYES OFF ME,4
SWAE LEE,6,CRIMER - LOVE KILLS,4
CAROLINA LIAR,6,OZUNA - CARAMELO,4
LILY COSTA,6,WOLF ALICE - THE SOFA,4
CLEAN BANDIT,6,WOLF ALICE - BREAD BUTTER TEA SUGAR,4
THE PUSSYCAT DOLLS,6,SPIRITUAL CRAMP - YOUNG OFFENDERS,4
LANA DEL REY,5,NICOLE BERNEGGER - ALCHEMY,4
KAYTRANADA,5,NIRVANA - COME AS YOU ARE,4
JOEY BADA$$,5,J. BALVIN - GINZA,4
DAENS,5,FRANZ FERDINAND - TAKE ME OUT,4
RITON,5,ROBIN SCHULZ - ALL WE GOT,4
GENTE DE ZONA,5,ROBIN SCHULZ - ALANE,4
MARC ANTHONY,5,KIDDO - ALL WE GOT,4
KODALINE,5,MICHAEL FRANTI - THE SOUND OF SUNSHINE,4
THE WOMBATS,5,RAG'N'BONE MAN - ALL YOU EVER WANTED,4
CARDI B,5,PITBULL - RABIOSA,4
IGGY POP,5,PITBULL - I KNOW YOU WANT ME,4
JORIS,5,GEORGE EZRA - ANYONE FOR YOU,4
MARY J. BLIGE,5,GEORGE EZRA - PARADISE,4
ALANIS MORISSETTE,5,LOST FREQUENCIES - LOVE IS THE ONLY THING,4
JUSTIN WELLINGTON,5,LOST FREQUENCIES - SWEET DISPOSITION,4
SMALL JAM,5,NAMIKA - JE NE PARLE PAS FRANCAIS,4
PHIL COLLINS,5,BLACK M - JE NE PARLE PAS FRANCAIS,4
SNAP,5,SIA - FLAMES,4
DEAN LEWIS,5,PEDRO CAPO - CALMA,4
BANANARAMA,5,FARRUKO - CALMA,4
ARMA JACKSON,5,RAY DALTON - MANILA,4
HERMANOS GUTIÉRREZ,5,RAY DALTON - GOOD TIMES HARD TIMES,4
QUEENS OF THE STONE AGE,5,RAY DALTON - THE BEST IS YET TO COME,4
NICKY JAM,5,RAY DALTON - CALL IT LOVE,4
IRAMA,5,ALVARO SOLER - MANILA,4
RUDIMENTAL,5,DADDY YANKEE - GASOLINA,4
X AMBASSADORS,5,DADDY YANKEE - DESPACITO,4
GOODBOYS,5,MARK AMBOR - BELONG TOGETHER,4
ADRIANO CELENTANO,5,BLIGG - RELAXTRA,4
TOMMY CASH,5,JAMES ARTHUR - BLINDSIDE,4
JARED LEMBO,5,SEAN PAUL - BAILANDO,4
SHEILA SHE LOVES YOU,5,SEAN PAUL - GET BUSY,4
LUCA LITTLE,5,SEAN PAUL - LAY YOU DOWN EASY,4
SILVANA ESTRADA,5,PEDESTRIANS - MATERIAL,4
OLIVIA RODRIGO,5,JARED LEMBO - COUNTING DAYS,4
LIAM PAYNE,5,WHAM! - CLUB TROPICANA,4
GJON'S TEARS,5,TROUBAS KATER - BENYO,4
JUNIOR SENIOR,5,77 BOMBAY STREET - LOW ON AIR,4
METALLICA,5,77 BOMBAY STREET - ONCE & ONLY,4
FUNK STAR DELUXE,5,REMA - CALM DOWN,4
ALVIN ZEALOT,5,THE HOMESTORIES - LOUD & CLEAR,4
VENDREDI SUR MER,5,GIMS - NINAO,4
HERMANOS GUTIERREZ,5,NEMO - DU,4
TOM PETTY,5,NEMO - THE CODE,4
THE XX,5,NEMO - BLOCKBUSTER,4
GEORGE MICHAEL,5,CAROLINE ALVES - STICKS AND STONES,4
STEREOPHONICS,5,THE BETHS - STRAIGHT LINE WAS A LIE,4
JESS GLYNNE,5,INDIGO DE SOUZA - BE LIKE THE WATER,4
LOU BEGA,5,BRYAN ADAMS - CLOUD NUMBER 9,4
MARIANA FROES,5,KYLIE MINOGUE - SOMEONE FOR ME,4
GRAUZONE,5,BENJI - DOVE E QUANDO,4
MORGAN WALLEN,5,FEDE - DOVE E QUANDO,4
NICKELBACK,5,DOJA CAT - SAY SO,4
SMASH MOUTH,5,KROKUS - BEDSIDE RADIO,4
THE CRANBERRIES,5,GJON'S TEARS - TOUT L'UNIVERS,4
MAJOR LAZER,5,MIDNIGHT OIL - BLUE SKY MINE,4
ALICIA KEYS,5,DAVID BOWIE - HEROES,4
SUZANNE VEGA,5,LOCO ESCRITO - MI CULPA,4
ANDREYA TRIANA,5,LOCO ESCRITO - AMAME,4
ANNIE TAYLOR,5,MAÎTRE GIMS - EST-CE QUE TU M'AIMES ?,4
HNO,5,PAT BURGENER - LIVING FOR THE DAY,4
DADA ANTE PORTAS,5,BASCHI - KENNSCH MI NO ODER LIEBSCH MI SCHO..?!,4
FOLK BITCH TRIO,5,BASCHI - GIB MER Ä CHANCE,4
AMY WINEHOUSE,5,BASCHI - FÜRS VOLK,4
ASDIS,5,ROBBIE WILLIAMS - HUMAN,4
MARINA AND THE DIAMONDS,5,ORPHELINE - SHY BOY,4
JANELLE MONÁE,5,GUAYNAA - CUMBIA A LA GENTE,4
HEDGEHOG,5,LOS ANGELES AZULES - CUMBIA A LA GENTE,4
TA'SHAN,5,DELILAHS - IDEAL,4
ADMIRAL JAMES T,5,DEFTONES - INFINITE SOURCE,4
TATUM RUSH,5,NAEEM - BANKROLL PEELERS,4
CMAT,5,SPANK ROCK - BANKROLL PEELERS,4
SOOLKING,5,TOM PETTY - LEARNING TO FLY,4
SHANIA TWAIN,5,THE HEARTBREAKERS - LEARNING TO FLY,4
WHITNEY HOUSTON,5,PHENOM MELODY - BADI BADI,4
LOI,5,MARCO MENGONI - STO BENE AL MARE,4
SHAGGY,5,SAYF - STO BENE AL MARE,4
WINCENT WEISS,5,RKOMI - STO BENE AL MARE,4
ACE OF BASE,5,JONAS BLUE - FAST CAR,4
HALSEY,5,DAKOTA - FAST CAR,4
ADAM PORT,5,MORY KANTÉ - YEKE YEKE,4
STRYV,5,THE CURE - FRIDAY I'M IN LOVE,4
KEINEMUSIK,5,THE CLASH - LONDON CALLING,4
ORSO,5,AVA MAX - MILLION DOLLAR BABY,4
MALACHIII,5,AVA MAX - SO AM I,4
BLACKPINK,5,AVA MAX - MY HEAD AND MY HEART,4
APACHE 207,5,SCOUTING FOR GIRLS - SUMMERTIME IN THE CITY,4
WE INVENTED PARIS,5,CORONA - THE RHYTHM OF THE NIGHT,4
GIORGIO MORODER,5,POST MALONE - CHEMICAL,4
CORY HANSON,5,GUSTTAVO LIMA - BALADA,4
VANCE JOY,5,ELLIE GOULDING - FREE,4
NO DOUBT,5,DIE FANTASTISCHEN VIER - ORIGINAL,4
JOHN NEWMAN,5,ENRIQUE IGLESIAS - BAILANDO,4
OF MONSTERS AND MEN,5,LUCA DIRISIO - CALMA E SANGUE FREDDO,4
TINIE TEMPAH,5,PAUL RUSSELL - LIL BOO THANG,4
WIZKID,5,PABLOPOLAR - A THOUSAND YEARS,4
DE LA SOUL,5,BROTHERTUNES - SINCERELY YOURS,4
THE ASTEROIDS GALAXY TOUR,5,THE DROPS - TILL I SEE THE SUN AGAIN,4
NNAVY,5,ELTON JOHN - HOLD ME CLOSER,4
DCUP,5,MAKE PLAIN - THE RUN,4
KINGS OF LEON,5,DADA ANTE PORTAS - SHE CRIES FOR SOMEONE ELSE,4
THE CARDIGANS,5,JESPER JENSET - NOT LIKE THIS,4
DAVEY6000,5,LEILA - LOVE THE GAME,4
ANASTACIA,5,SWEAR I LOVE YOU - UNDER THE PINES,4
LUIS FONSI,5,TATE MCRAE - JUST KEEP WATCHING,4
MARPHIL,5,BRUCE SPRINGSTEEN - HUNGRY HEART,4
ELIAS BERTINI,5,BRUCE SPRINGSTEEN - HUMAN TOUCH,4
DE LA GHETTO,5,CALVIN HARRIS - FREE,4
ZARA LARSSON,5,CHUMBAWAMBA - TUBTHUMPING,4
SUGABABES,5,AMY MACDONALD - THIS IS THE LIFE,4
MARI FROES,5,SPOON - GUESS I'M FALLIN IN LOVE,4
ME AND MARIE,5,SPIN DOCTORS - TWO PRINCES,4
CHARLI XCX,5,CAMILA CABELLO - DON'T GO YET,4
ANNALISA,5,SHANIA TWAIN - MAN I FEEL LIKE A WOMAN,4
THE FAIM,5,SWAY CLARKE II - LOVE YOU WHEN I'M HIGH,4
LASKAAR,5,THE RAVENERS - BOY YOU WANNA,4
DR. DRE,5,ALEJANDRO REYES - BYE BYE,4
G-EAZY,5,TOPIC - BREAKING ME,4
MATT SIMONS,5,SOFT LOFT - ROSE COLORED,4
SUNRISE AVENUE,5,ALAS THE SUN - ABSENCE OF TIME,4
PASSENGER,5,PAU MUELLER - TURISTA,4
SKOR,5,CLOCKCLOCK - SOMEONE ELSE,4
ARTICOLO 31,5,EDWYN COLLINS - A GIRL LIKE YOU,4
MAGIC!,5,W SOUND - LA PLENA,4
REGARD,5,BEELE - LA PLENA,4
VAMPIRE WEEKEND,5,OVY ON THE DRUMS - LA PLENA,4
DIPLO,5,SOLEIL BLEU - SOLEIL BLEU,4
NOTI WÜMIE,5,TEDDY SWIMS - BAD DREAMS,4
CRYSTAL FIGHTERS,5,TEDDY SWIMS - THE DOOR,4
ANNA REY,4,R2 - RUINART,4
OLIVER HELDENS,4,TOM ODELL - ANOTHER LOVE,4
VULA,4,SHENSEEA - HONEY BOY,4
CHURCHHILL,4,PETER ANDRE - MYSTERIOUS GIRL,4
TAINY,4,BUBBLER RANX - MYSTERIOUS GIRL,4
SOFI TUKKER,4,BIBI VAPLAN - VAPLAN,4
HOZIER,4,CARLOS LEAL - VAPLAN,4
CYRIL,4,SHAKEDOWN - FUNKY & YOU KNOW IT,4
MELANIE FIONA,4,VANCE JOY - MISSING PIECE,4
JAXOMY,4,NOAH KAHAN - HURT SOMEBODY,4
AGATINO ROMERO,4,JULIA MICHAELS - HURT SOMEBODY,4
RAFFAELLA CARRA,4,REMADY - HOLIDAYS,4
MICHAEL JACKSON,4,MANU-L - HOLIDAYS,4
TIZIANO FERRO,4,BENEE - SUPALONELY,4
THIS PICTURE,4,GUS DAPPERTON - SUPALONELY,4
NORMA JEAN MARTINE,4,JOY CROOKES - I KNOW YOU'D KILL,4
RITA ORA,4,DJ TATANA - WORDS,4
BELL BARONETS,4,LEXX - RELAXTRA,4
FUN,4,NNAVY - COME AND GET IT,4
PRAS MICHEL,4,THE REMBRANDTS - JUST THE WAY IT IS BABY,4
OL' DIRTY BASTARD,4,JOAN JETT AND THE BLACKHEARTS - I LOVE ROCK'N'ROLL,4
MYA,4,VAN HALEN - JUMP,4
MARIE JAY,4,SOUL ASYLUM - RUNAWAY TRAIN,4
JEFF TWEEDY,4,BENJAMIN INGROSSO - HONEY BOY,4
SPIRITUAL CRAMP,4,NILE RODGERS - HONEY BOY,4
NOEL GALLAGHER'S HIGH FLYING BIRDS,4,YELLO - THE RACE,4
KIDDO,4,FRIENDLY FIRES - SILHOUETTES,4
MICHAEL FRANTI,4,WES - ALANE,4
DIE ÄRZTE,4,LAURELL - HABIT,4
ELLEY DUHE,4,LUIS FONSI - DESPACITO,4
NAMIKA,4,MERCEE - A MI MANERA,4
BLACK M,4,ROYEL OTIS - SAY SOMETHING,4
PEDRO CAPO,4,MICHEL TELO - AI SE EU TE PEGO,4
THE STROKES,4,TARRUS RILEY - LIV UP,4
BIRDY,4,DJ JAZZY JEFF AND THE FRESH PRINCE - SUMMERTIME,4
MARK AMBOR,4,BAKERMAT - LION,4
KELLY ROWLAND,4,A7S - BREAKING ME,4
WHAM!,4,MOSS KENA AND THE KNOCKS - FIREWORKS,4
REMA,4,OFF KEY JUNIOR - TASTE LIKE SUMMERTIME,4
FAMARA,4,LOVESPEAKE - TASTE LIKE SUMMERTIME,4
MJ LENDERMAN,4,CHAEL - DANCE TO MY HEARTBEAT,4
BENJI,4,MOUGLETA - DANCE TO MY HEARTBEAT,4
FEDE,4,BREITBILD - GIMMER AS MIC,4
KROKUS,4,SHOUSE - LOVE TONIGHT,4
NOAH PARKS,4,MATT SIMONS - WE CAN DO BETTER,4
TWENTY ONE PILOTS,4,PULP - DISCO 2000,4
MAÎTRE GIMS,4,BOOTSY COLLINS - FUNKY & YOU KNOW IT,4
MARY MIDDLEFIELD,4,TWO AND YUNA - NEWLAND,4
THE ANIMEN,4,SKOR - DE SUMMER ISCH EUS,4
GUAYNAA,4,THE KING'S SON - I'M NOT RICH,4
LOS ANGELES AZULES,4,MAGIC! - LAY YOU DOWN EASY,4
NAEEM,4,PANIC SHACK - GIRL BAND STARTER PACK,4
SPANK ROCK,4,REGARD - RIDE IT,4
JAY SOM,4,OUTLANDISH - AICHA,4
THE HEARTBREAKERS,4,BLACK SEA DAHU - IN CASE I FALL FOR YOU,4
BEASTIE BOYS,4,NEA - SOME SAY,4
PHENOM MELODY,4,RICKY MARTIN - LIVIN' LA VIDA LOCA,3
CHER,4,RICKY MARTIN - MARÍA,3
MARCO MENGONI,4,SHUTTLE - DAYDREAMIN',3
SAYF,4,JOYA MARLEEN - DRIVER,3
RKOMI,4,BABA SHRIMPS - BY THE WINDOW,3
DAKOTA,4,BABA SHRIMPS - ROAD TO ROME,3
MORY KANTÉ,4,HENRY MOODIE - SUNDAY MORNING,3
CORONA,4,LADINA - YOU HURT ME BITCH,3
GUSTTAVO LIMA,4,ZÜRI WEST - GERI GAGARIN,3
THE POINTER SISTERS,4,ZÜRI WEST - IDIOT,3
LUCA DIRISIO,4,ZÜRI WEST - DR ARTURO BANDINI UN'I,3
WIZ KHALIFA,4,ZÜRI WEST - JOHNNY & MARY,3
PAUL RUSSELL,4,ZÜRI WEST - FINGT DS GLÜCK EIM,3
BROTHERTUNES,4,ZÜRI WEST - I HA DI GÄRN GHA,3
MAKE PLAIN,4,ZÜRI WEST - I SCHÄNKE DR MIS HÄRZ,3
TOBIAS JENSEN,4,BRAINCHILD - IN THE DARKNESS,3
JESPER JENSET,4,K-MARO - FEMME LIKE YOU,3
ANAND WILDER,4,ALOK - LAST NIGHT I DREAMT I FELL IN LOVE,3
SWEAR I LOVE YOU,4,CLEMENTINE DOUGLAS - BLESSINGS,3
WELSHLY ARMS,4,OASIS - DON'T LOOK BACK IN ANGER,3
MARSHMELLO,4,GHOSTFACE KILLAH - METAPHYSICS,3
CHUMBAWAMBA,4,CHANCE THE RAPPER - THE HIGHS & THE LOWS,3
IVO,4,JOEY BADA$$ - THE HIGHS & THE LOWS,3
MABEL,4,ALISON GOLDFRAPP - HEY HI HELLO,3
COOKIE THE HERBALIST,4,GOLDFRAPP - ROCKET,3
BUBI EIFACH,4,KINGS ELLIOT - BITTER TONIC,3
PILAR VEGA,4,DACHS - TOTI CHATZ,3
JP COOPER,4,DACHS - SELECTA AUTOMAT,3
BRIGHT EYES,4,KYGO - BORN TO BE YOURS,3
JEHNNY BETH,4,ONEREPUBLIC - SUNSHINE,3
GARBAGE,4,ONEREPUBLIC - RUNAWAY,3
SPIN DOCTORS,4,FELIX JAEHN - JENNIE,3
KELLY CLARKSON,4,DUA LIPA - BE THE ONE,3
MANIC STREET PREACHERS,4,DUA LIPA - COLD HEART,3
JESSIE J,4,DUA LIPA - PHYSICAL,3
BLOSSOMS,4,CHURCHHILL - NENENENENENEI,3
BLINK-182,4,CAT BURNS - KNOW THAT YOU'RE NOT ALONE,3
SWAY CLARKE II,4,PEGASUS - METROPOLITANS,3
KAROL G,4,PEGASUS - NOTHING HOLDING ME DOWN,3
THE RAVENERS,4,PEGASUS - BETTER MAN,3
ALEJANDRO REYES,4,SHAWN MENDES - SENORITA,3
LEVIN,4,SHAWN MENDES - WHY WHY WHY,3
SANTANA,4,STEPHAN EICHER - COMBIEN DE TEMPS,3
WYCLEF JEAN,4,STEPHAN EICHER - LE PLUS LEGER AU MONDE,3
FABER,4,STEPHAN EICHER - DEJEUNER EN PAIX,3
EDWYN COLLINS,4,THE WEEKND - SAVE YOUR TEARS,3
W SOUND,4,THE WEEKND - DANCING IN THE FLAMES,3
BEELE,4,MANILLIO - AUES GLOGE,3
OVY ON THE DRUMS,4,AVICII - SOS,3
SOLEIL BLEU,4,JUSTIN TIMBERLAKE - STAY WITH ME,3
R2,4,HOZIER - TOO SWEET,3
LORD HURON,4,STRESS - RESTER SOI-MÊME,3
TOM ODELL,4,STRESS - ON N'A QU'UNE TERRE,3
MARIAH CAREY,4,STRESS - AGAIN,3
ALPHAVILLE,4,STRESS - ACCROCHE-TOI,3
PETER ANDRE,4,MICHAEL PATRICK KELLY - THROWBACK,3
BUBBLER RANX,4,REA GARVEY - TALK TO YOUR BODY,3
SNOOK,4,REA GARVEY - FREE LIKE THE OCEAN,3
CARLOS LEAL,4,ANDRYY - JULIA,3
FAR CASPIAN,4,ROXETTE - FADING LIKE A FLOWER,3
REMADY,4,AVENTURA - VOLVI,3
MANU-L,4,AVENTURA - OBSESION,3
GOSSIP,4,BAD BUNNY - VOLVI,3
BENEE,4,KHALID - SATELLITE,3
GUS DAPPERTON,4,BECK - LOSER,3
DJ TATANA,4,PAULA DALLA CORTE - GOOD GIRL KILLER,3
LEXX,4,DAVID GUETTA - WHEN LOVE TAKES OVER,3
BARON.E,4,DAVID GUETTA - IF YOU REALLY LOVE ME,3
THE VERVE,4,DAVID GUETTA - FOREVER YOUNG,3
JOAN JETT AND THE BLACKHEARTS,4,EURYTHMICS - WHEN TOMORROW COMES,3
VAN HALEN,4,HECHT - HEICHO,3
NATASHA BEDINGFIELD,4,HECHT - GHEIE,3
SOUL ASYLUM,4,HECHT - SURFER,3
TRUMMER,4,HECHT - BESCH READY FÜR DIE LIEBI VO MER?,3
BEN BÖHMER,4,ARGYLE - RAIN,3
BENJAMIN INGROSSO,4,ARGYLE - RELENTLESS,3
NILE RODGERS,4,LINKIN PARK - THE EMPTINESS MACHINE,3
FRIENDLY FIRES,4,CARDI B - GIRLS LIKE YOU,3
TIESTO,4,TIZIANO FERRO - DESTINAZIONE MARE,3
WES,4,LO UND LEDUC - HALB SO SCHWÄR,3
MILOW,4,LO UND LEDUC - JUNG VERDAMMT,3
LAURELL,4,IGGY POP - THE PASSENGER,3
ALOIS,4,HURTS - WONDERFUL LIFE '25,3
SZA,4,COLDPLAY - PARADISE,3
KT GORIQUE,4,COLDPLAY - MY UNIVERSE,3
BATBAIT,4,THE KILLERS - BLOWBACK,3
MANDO DIAO,4,ALPHABEAT - FASCINATION,3
HUCK FINN,4,MARIUS BEAR - GOOD LOVE,3
YES I'M VERY TIRED NOW,4,MARIUS BEAR - AGAIN,3
MICHEL TELO,4,MARIUS BEAR - EVERGREEN,3
TY DOLLA SIGN,4,KATY PERRY - FIREWORK,3
THE VACCINES,4,KATY PERRY - LAST FRIDAY NIGHT,3
MARLON ROUDETTE,4,KATY PERRY - HOT N COLD,3
KADEBOSTANY,4,GOTTHARD - HEAVEN,3
SENSU,4,DANTE THOMAS - MISS CALIFORNIA,3
TARRUS RILEY,4,FOREIGNER - URGENT,3
DJ JAZZY JEFF AND THE FRESH PRINCE,4,PURPLE DISCO MACHINE - DOPAMINE,3
RISE AGAINST,4,PURPLE DISCO MACHINE - PARADISE,3
BAKERMAT,4,PURPLE DISCO MACHINE - WONDERFUL LIFE '25,3
MOSS KENA AND THE KNOCKS,4,PURPLE DISCO MACHINE - HYPNOTIZED,3
ASENDORF,4,PURPLE DISCO MACHINE - BEAT OF YOUR HEART,3
THE TWO ROMANS,4,EYELAR - DOPAMINE,3
OFF KEY JUNIOR,4,TWO AND THE SUN - COASTLINE,3
LOVESPEAKE,4,R.E.M - THE ONE I LOVE,3
TACCHI,4,R.E.M - THE SIDEWINDER SLEEPS TONITE,3
CHAEL,4,JAMES BLUNT - MELODY,3
MOUGLETA,4,LEWIS CAPALDI - FORGET ME,3
GORILLAZ,4,THE UNDERDOG PROJECT - SUMMER JAM,3
BREITBILD,4,MADONNA - MUSIC,3
SHOUSE,4,U2 - MYSTERIOUS WAYS,3
SILK SONIC,4,U2 - DESIRE,3
THE ROOTS,4,BELL BARONETS - YOUNG MAN'S DREAM,3
PULP,4,ED SHEERAN - BAD HABITS,3
GENTLEMAN,4,ED SHEERAN - PERFECT,3
BOOTSY COLLINS,4,SAM SMITH - DIAMONDS,3
TWO AND YUNA,4,LENNY KRAVITZ - FLY AWAY,3
THE KING'S SON,4,LENNY KRAVITZ - ALWAYS ON THE RUN,3
MEGHAN TRAINOR,4,LENNY KRAVITZ - ARE YOU GONNA GO MY WAY,3
LP,4,CARROUSEL - EN ÉQUILIBRE,3
THE YOUNG GODS,4,CARROUSEL - LE MANQUE DE PLACE,3
DEZABEL,4,CARROUSEL - C'EST LA VIE,3
GWEN STEFANI,4,CARROUSEL - ITINERANT,3
PANIC SHACK,4,QUEEN - YOU DON'T FOOL ME,3
OUTLANDISH,4,QUEEN - A KIND OF MAGIC,3
MELANIE C,4,LEONY - REMEDY,3
SUNNAN,4,BILLY IDOL - REBEL YELL,3
BLACK SEA DAHU,4,ANNA ROSSINELLI - SOMEBODY LIKE YOU,3
NEA,4,MEDUZA - LOSE CONTROL,3
K-MARO,3,BASTIAN BAKER - LUCKY,3
SAINT-ÉTIENNE,3,BASTIAN BAKER - STAY,3
DARIUSH,3,BASTIAN BAKER - TATTOO ON MY BRAIN,3
KLEOPATRA WEIN,3,SOMBR - UNDRESSED,3
JASMINE THOMPSON,3,MARK FORSTER - ÜBERMORGEN,3
KHALID,3,BON JOVI - KEEP THE FAITH,3
NELLY,3,ALANIS MORISSETTE - IRONIC,3
BECK,3,ZOE ME - VOYAGE,3
ANDREAS BOURANI,3,ZOE ME - LISTE DES INTERDITS,3
ZID,3,SAM FENDER - GETTING STARTED,3
ALPHABEAT,3,SNAP - RHYTHM IS A DANCER,3
DANTE THOMAS,3,LOVEBUGS - THE KEY,3
FOREIGNER,3,LOVEBUGS - UNDER MY SKIN,3
EYELAR,3,LOVEBUGS - LAND HO!,3
KESHA,3,ALANNAH MYLES - BLACK VELVET,3
THE UNDERDOG PROJECT,3,IMAGINE DRAGONS - BORN TO BE YOURS,3
KING CHARLES,3,LOUANE - PARDONNE-MOI,3
JAMES BAY,3,CHIARA CASTELLI - RAIN,3
EELS,3,MO BLANC - SONG FOR THE FUTURE,3
ALANNAH MYLES,3,JAN SEVEN DETTWYLER - MAKE U HAPPY,3
LOUANE,3,JAN SEVEN DETTWYLER - LISA,3
WE ARE AVA,3,AL PRIDE - RED GLASSES,3
TIEKS,3,MATTIU - VA LUNSCH,3
DAN HARKNA,3,MATTIU - EI VA BEIN,3
ELIJAH SALOMON,3,VERONICA FUSARO - BEACH,3
THE FRAY,3,VERONICA FUSARO - DRAGON,3
MIKA,3,VERONICA FUSARO - OFF YOU,3
TALKING HEADS,3,VERONICA FUSARO - SLOT MACHINE,3
BECKY HILL,3,VERONICA FUSARO - PLUTO,3
CUTTING CREW,3,VERONICA FUSARO - MAKE YOU FEEL THE SAME,3
J. REY SOUL,3,THE BIRTHDAY GIRLS - LUCKY ONE,3
LO,3,THE BIRTHDAY GIRLS - WHAT'S YOUR FATE,3
LEDUC,3,PATENT OCHSNER - AUSKLAAR,3
GYPSY AND THE CAT,3,NICKLESS - PRINCESS,3
NEW RADICALS,3,PRIYA RAGU - GOOD LOVE 2.0,3
NADA SURF,3,JULIE MELETTA - QUE DES VIBES,3
CRIS WICKY,3,JULIE MELETTA - CHIC!,3
CALI Y EL DANDEE,3,ROOTWORDS - A MATTER OF TIME,3
LIRICAS ANALAS,3,ROOTWORDS - FREEDOM OF SPEECH,3
MAGIC AND NAKED,3,VALENTINO VIVACE - COME MAI,3
KARAVANN,3,SOPHIE HUNGER - ROUND AND ROUND,3
ENNY,3,SOPHIE HUNGER - LOVE IS NOT THE ANSWER,3
MGMT,3,SOPHIE HUNGER - SPAGHETTI MIT SPINAT,3
THE FRATELLIS,3,SENS UNIK - LAISSE-TOI ALLER,3
MIN KING,3,SENS UNIK - TO THE MOON PLEASE,3
PAOLA E CHIARA,3,GINNY LOON - ANTI-HERO,3
THE BELOVED,3,GINNY LOON - JOSEPHINE,3
CELLA,3,ILIRA - EVOLUTION,3
NOEMI BEZA,3,ILIRA - CLEAN BREAK,3
BLIGG'N'LEXX,3,ALINA AMURI - TURN TO GOLD,3
KHRUANGBIN,3,ARMA JACKSON - FLASH,3
COURTING,3,JAMES GRUNTZ - EVERYTHING IS GONE,3
MILITARIE GUN,3,JAMES GRUNTZ - GOOD TIMES,3
MINI TREES,3,JAMES GRUNTZ - HEART KEEPS DANCING,3
ILAJAN,3,JAMES GRUNTZ - CLOSER,3
LÖWENZAHNHONIG,3,THE SOULS - WHO YOU REALLY ARE,3
ROGÊ,3,THE SOULS - BREAKOUT,3
LOONA,3,THE SOULS - SALLY,3
DOUBLE PACT,3,THE SOULS - CLOSE MY EYES,3
BALTIMORA,3,THE SOULS - MOVE ON,3
LENA-LISA,3,MONOTALES - THE SECOND TIME,3
EUROPE,3,AYA NAKAMURA - DJADJA,3
ROACHFORD,3,AYA NAKAMURA - JOLIE NANA,3
TRAIN,3,MALUMA - DJADJA,3
DON OMAR,3,MALUMA - HOLA SENORITA,3
LUCENZO,3,WE ARE AVA - HAPPY,3
KAOMA,3,CRIMER - SPORTSCAR,3
LA BOUCHE,3,TIEKS - SUNSHINE,3
SOPHIE ELLIS-BEXTOR,3,DAN HARKNA - SUNSHINE,3
MO,3,JEANS FOR JESUS - L.A.,3
DESCEMER BUENO,3,JEANS FOR JESUS - DR LETSCHT POPSONG,3
ZION,3,MARLIN - SHE DON'T WANNA,3
LENNOX,3,ANNA KÄNZIG - DRIVE ALL NIGHT,3
ADRY,3,ANNA KÄNZIG - LION'S HEART,3
JS3,3,OZUNA - MAMACITA,3
MUNA,3,WOLF ALICE - DON'T DELETE THE KISSES,3
COSSMO,3,WOLF ALICE - THORNS,3
GENEMO,3,FLORENCE AND THE MACHINE - SHAKE IT OUT,3
DAVID KUSHNER,3,WEDNESDAY - ELDERBERRY WINE,3
THE RUMOURS,3,PHARRELL WILLIAMS - STAY WITH ME,3
FLOCK OF DIMES,3,QUEENS OF THE STONE AGE - THE WAY YOU USED TO DO,3
JOURNEY,3,NICOLE BERNEGGER - CRESCENT MOON,3
SNOW,3,ELIJAH SALOMON - DRIVE,3
IKAN HYU,3,NIRVANA - SMELLS LIKE TEEN SPIRIT,3
THE SCRIPT,3,HOWLONG WOLF - SOMETHING THAT I USED TO KNOW,3
ELLE KING,3,ROBIN SCHULZ - SUN WILL SHINE,3
WARREN G,3,JAMIROQUAI - CANNED HEAT,3
EVE,3,RAG'N'BONE MAN - GIANT,3
LILY ALLEN,3,DABU FANTASTIC - UNDER EM SCHIRM,3
CULTURE BEAT,3,DABU FANTASTIC - VO VORN,3
THE HEAD AND THE HEART,3,INXS - NEED YOU TONIGHT,3
ALICE COOPER,3,INXS - DISAPPEAR,3
LAID BACK,3,MILKY CHANCE - STOLEN DANCE,3
FUNKSTAR DELUXE,3,GEORGE EZRA - BLAME IT ON ME,3
BELINDA CARLISLE,3,LOST FREQUENCIES - BACK TO YOU,3
TOTO,3,LOST FREQUENCIES - MELODY,3
ILSEY,3,LOST FREQUENCIES - QUESTIONS,3
CHARLIE ROE AND THE WASHING MACHINES,3,ELLEY DUHE - BACK TO YOU,3
LUCA!,3,X AMBASSADORS - BACK TO YOU,3
MOONRAISERS,3,SIA - ELASTIC HEART,3
LUCA APRILE,3,RED HOT CHILI PEPPERS - CALIFORNICATION,3
ROCKY WOOD,3,RED HOT CHILI PEPPERS - OTHERSIDE,3
INHALER,3,CHARLIE PUTH - LIPSTICK,3
BLOOD ORANGE,3,TOM GREGORY - RIVER,3
NIGHTBUS,3,TOM GREGORY - FORGET SOMEBODY,3
M.O.P,3,TOM GREGORY - FINGERTIPS,3
MAHMOOD,3,RAY DALTON - CAN'T HOLD US,3
SURF MESA,3,ALVARO SOLER - MANANA,3
EMILEE,3,DADDY YANKEE - CON CALMA,3
TYLA,3,BLIGG - LEGÄNDÄ & HELDÄ,3
PORTUGAL. THE MAN,3,BECKY HILL - LOSE CONTROL,3
YAZOO,3,GOODBOYS - LOSE CONTROL,3
NECKLESS,3,CUTTING CREW - I JUST DIED IN YOUR ARMS,3
DENHAM SMITH,3,JAMES ARTHUR - QUESTIONS,3
STAHLBERGER,3,THE BLACK EYED PEAS - MAMACITA,3
URSINA,3,J. REY SOUL - MAMACITA,3
SABRINA,3,KELLY ROWLAND - WHEN LOVE TAKES OVER,3
A-HA,3,HARRY STYLES - WATERMELON SUGAR,3
HUGEL,3,SHEM THOMAS - COASTLINE,3
ARASH,3,SHEM THOMAS - CROSSROADS,3
DAECOLM,3,PEDESTRIANS - APPLE,3
FLOYYMENOR,3,PEDESTRIANS - BREAKDOWN TUESDAYS,3
CRIS MJ,3,PEDESTRIANS - BELIEF,3
ZARTMANN,3,GYPSY AND THE CAT - JONA VARK,3
WILL.I.AM,3,MACKLEMORE - CAN'T HOLD US,3
KAMRAD,3,NEW RADICALS - YOU GET WHAT YOU GIVE,3
RICK SPRINGFIELD,3,MARC SWAY - BEAT OF MY HEART,3
ASWAD,3,JASON DERULO - SWALLA,3
LAURA BILGERI,3,JASON DERULO - TAKE YOU DANCING,3
SKYLER,3,TAYLOR SWIFT - BLANK SPACE,3
SPLIFF,3,TAYLOR SWIFT - ME!,3
LUCIO CORSI,3,TAYLOR SWIFT - CRUEL SUMMER,3
ARCTIC MONKEYS,3,HEJ FRANCIS! - DE LA PART DE NOVEMBRE,3
CRO,3,CRIS WICKY - DE LA PART DE NOVEMBRE,3
THE KOOKS,3,JAMILA - KEEP YOU WAITING,3
HOOSIERS,3,ANDREA BIGNASCA - MOONSHINING,3
MISTAJAM,3,BOY - WAITRESS,3
THE CARS,3,BOY - HIT MY HEART,3
NATALIE IMBRUGLIA,3,BOY - DRIVE DARLING,3
BRENDON URIE,3,STEVANS - I'LL ALWAYS FEAR GOODBYES,3
MASSIVE ATTACK,3,STEVANS - BROOKLYN & ME,3
PEACHY,3,CALI Y EL DANDEE - MANANA,3
THE CHARLATANS,3,TROUBAS KATER - LATVIA,3
ROBERT PALMER,3,TROUBAS KATER - UNGERHOSE AM BRUNNE,3
PARAMORE,3,77 BOMBAY STREET - DRIFTERS IN THE WIND,3
CRAIG DAVID,3,77 BOMBAY STREET - UP IN THE SKY,3
FUSION SQUARE GARDEN,3,STEREO LUCHS - SIE WÄND E PALME,3
KATE YANAI,3,STEREO LUCHS - DAME,3
HETHER,3,THE SCRUCIALISTS - SIE WÄND E PALME,3
FUTURE ISLANDS,3,THE SCRUCIALISTS - RADIO,3
JEREMY LOOPS,3,IRA MAY - LET YOU GO,3
FLEETWOOD MAC,3,BENJAMIN AMARU - NOT HIGH ON DRUGZ,3
NAUGHTY BOY,3,DEATH BY CHOCOLATE - STRAYING THROUGH THE STREETS,3
KALLES KAVIAR,3,DEATH BY CHOCOLATE - ANIMAL KEEPER,3
ALESSIA CARA,3,GIMS - HOLA SENORITA,3
R3HAB,3,"SHEILA SHE LOVES YOU - DON'T GIVE US POETS, GIVE US BREAD",3
SURVIVOR,3,LUCA LITTLE - AUTUMN IN MAY,3
HANRETI,3,AL-BERTO AND THE FRIED BIKINIS - SURF EAT SLEEP,3
NULL,3,AL-BERTO AND THE FRIED BIKINIS - DIVE,3
VOID,3,MAGIC AND NAKED - BRING ME THE MOON,3
DAVE GAHAN,3,PASCAL GAMBONI - QUEI VALA BEN BIE,3
JENS LEKMAN,3,ZIAN - SHOW YOU,3
VANITY FAIRY,3,ZIAN - WE NEED TIME,3
LUCY DACUS,3,NEMO - USSERIRDISCH,3
BON IVER,3,CAROLINE ALVES - PAPER THIN,3
TOM WALKER,3,SIRENS OF LESBOS - RUN RUN RUN,3
BENNETT,3,OK COOL - JEANS,3
BARENAKED LADIES,3,INDIGO DE SOUZA - HEARTTHROB,3
DEMI LOVATO,3,INDIGO DE SOUZA - PASS IT BY,3
EMILÍANA TORRINI,3,THE NEW EVES - RIVERS RUN RED,3
CIRCA WAVES,3,ENNY - CABIN FEVA,3
EARL SWEATSHIRT,3,MGMT - TIME TO PRETEND,3
LILA IKÉ,3,KYLIE MINOGUE - LAST NIGHT I DREAMT I FELL IN LOVE,3
REX ORANGE COUNTY,3,KYLIE MINOGUE - LIGHTS CAMERA ACTION,3
SIMEON,3,SELENA GOMEZ - BAILA CONMIGO,3
BOYZONE,3,SELENA GOMEZ - SINGLE SOON,3
HIM,3,ADEL TAWIL - 1000 GUTE GRÜNDE,3
TONES AND I,3,ADEL TAWIL - TU M'APPELLES,3
LIQUIDO,3,NOAH PARKS - SOMETHING TO FEEL,3
EVERLAST,3,MIN KING - BLUEMEWEG,3
JAN DELAY,3,METALLICA - ENTER SANDMAN,3
COLIBRI,3,PAOLA E CHIARA - VAMOS A BAILAR,3
R.CITY,3,MARYNE - YOU SHOULD KNOW,3
BORI,3,MARYNE - COACHELLA,3
SUPERTRAMP,3,LOCO ESCRITO - ADIOS,3
TANANAI,3,LOCO ESCRITO - SIN TI,3
OUTKAST,3,LOCO ESCRITO - ESTA BIEN ASI,3
ADEN FOYER,3,SIVILIAN - GROWING UP HURTS,3
DURAN DURAN,3,PAT BURGENER - MAKE IT HOME,3
ALAN WALKER,3,PAT BURGENER - MEXICO,3
MOTHERS PRIDE,3,PAT BURGENER - DAYS LIKE THESE,3
MINUS 8,3,PAT BURGENER - OUT OF HAND,3
REDONE,3,PAT BURGENER - DOLLAR,3
RETO BURRELL,3,BÜNE HUBER - AUES GLOGE,3
TYLER,3,TIM FREITAG - UNDERWATER,3
THE CREATOR,3,JACK SLAMER - SUN SOUL HEALING,3
ROXY MUSIC,3,JACK SLAMER - BROTHER,3
ATB,3,JACK SLAMER - ENTIRE FORCE,3
ERA ISTREFI,3,THE BELOVED - SWEET HARMONY,3
SAMANTHA FOX,3,BASCHI - APPLAUS,3
LEN SANDER,3,BASCHI - WENN DU DAS LIED GHÖRSCH,3
ROCCO HUNT,3,BASCHI - WENN D WÄLT 1986,3
ZAHO DE SAGAZAN,3,BASCHI - IRGENDWIE WUNDERBAR,3
BIG THIEF,3,NOEMI BEZA - HEAD UP HIGH,3
ZAYN,3,BLIGG'N'LEXX - WÄNN,3
JOHN LEGEND,3,PHENOMDEN - STREUNENDI HÜND,3
WHEN THEY WAKE,3,PHENOMDEN - UPLIFTMENT BOSS,3
ADRIAN WEYERMANN,3,PHENOMDEN - RADIO,3
AYMEN,3,MARY MIDDLEFIELD - THIS ONE'S FOR YOU,3
OSKAR MED K,3,TOBIAS CARSHEY - MICHELE,3
BARRIO COLETTE,3,TOBIAS CARSHEY - BYE BYE,3
BTS,3,TOBIAS CARSHEY - LOCAL ROCKSTAR,3
SHERYL CROW,3,HEIDI HAPPY - ON THE HILLS,3
SAWEETIE,3,REMO FORRER - HEAVEN OR HELL,3
MR. MIKE,3,REMO FORRER - OUT LOUD,3
THE GUESS WHO,3,PATO - FERIE I DR SCHWIIZ,3
MR. MISTER,3,DELILAHS - COMING CLOSER,3
KASABIAN,3,MALUMMI - CLOVER & CAMELIA,3
FUGEES,3,COURTING - THE TWINS,3
DIE TOTEN HOSEN,3,DEFTONES - MILK OF THE MADONNA,3
AUSTRA,3,JAY SOM - CARDS ON THE TABLE,3
UB40,3,MINI TREES - CARDS ON THE TABLE,3
HAYLEY WILLIAMS,3,ILAJAN - SNOOZE SONG,3
MADCON,3,LÖWENZAHNHONIG - ZEITHORIZONT,3
EIFFEL 65,3,THE BLACK KEYS - THE NIGHT BEFORE,3
TERENCE TRENT D'ARBY,3,"THE BLACK KEYS - NO RAIN, NO FLOWERS",3
THE ROLLING STONES,3,SAM HIMSELF - NOTHING LIKE THE NIGHT,3
MOLOKO,3,SAM HIMSELF - NOBODY,3
TAWNEE,3,LOONA - BAILANDO,3
PINK BUTTER,3,DOUBLE PACT - AU REVOIR,3
LILY CLAIRE,3,BALTIMORA - TARZAN BOY,3
RED SPIDER LILLIES,3,LENA-LISA - FÖR MECH,3
DENNIS LLOYD,3,CHER - IF I COULD TURN BACK TIME,3
MICHAEL VON DER HEIDE,3,EUROPE - THE FINAL COUNTDOWN,3
EVE GALLAGHER,3,ADRIAN SIEBER - SOMEBODY PICK UP THE PHONE,3
JUSTIN JESSO,3,AC - YOU SHOOK ME ALL NIGHT LONG,3
SAM RYDER,3,DC - YOU SHOOK ME ALL NIGHT LONG,3
LUUK,3,BIFFY CLYRO - BUBBLES,3
OPERATION ZERO,2,BIFFY CLYRO - MANY OF HORROR,3
CASSANDRA JENKINS,2,SOPHIE AND THE GIANTS - PARADISE,3
STEVE LACY,2,SOPHIE AND THE GIANTS - HYPNOTIZED,3
MALUMMÍ,2,THE CURE - BOYS DON'T CRY,3
WU-TANG CLAN,2,AVA MAX - THE MOTTO,3
JAMILA WOODS,2,AVA MAX - WEAPONS,3
ONYX KAYN,2,AVA MAX - SWEET BUT PSYCHO,3
SEULFA,2,AVA MAX - FOREVER YOUNG,3
TRACY CHAPMAN,2,PINK - ALL I KNOW SO FAR,3
EMF,2,PINK - RUNAWAY,3
50 CENT,2,"TRAIN - HEY, SOUL SISTER",3
COI LERAY,2,DON OMAR - DANZA KUDURO,3
FAUL,2,LUCENZO - DANZA KUDURO,3
WAD AD,2,GAVIN JAMES - GREATEST HITS,3
CROWDED HOUSE,2,ELLIE GOULDING - LIGHTS,3
DR. ALBAN,2,KAOMA - LAMBADA,3
FLO RIDA,2,SMASH MOUTH - ALL STAR,3
TOVE LO,2,LA BOUCHE - BE MY LOVER,3
TOKIO HOTEL,2,THE CRANBERRIES - ANALYSE,3
JANELLE MONAE,2,SOPHIE ELLIS-BEXTOR - MURDER ON THE DANCEFLOOR,3
TARKAN,2,ENRIQUE IGLESIAS - SUBEME LA RADIO,3
MICHA SPORTELLI,2,ENRIQUE IGLESIAS - CAN YOU HEAR ME,3
ANNA ERHARD,2,DESCEMER BUENO - SUBEME LA RADIO,3
SILVER GORE,2,ZION - SUBEME LA RADIO,3
HAND HABITS,2,LENNOX - SUBEME LA RADIO,3
CUSP,2,ANGELE - SEMPRE / JAMAIS,3
TALKTALK,2,MAROON 5 - PAYPHONE,3
COLBY O'DONIS,2,MAROON 5 - GIRLS LIKE YOU,3
EMELI SANDE,2,WIZ KHALIFA - PAYPHONE,3
KISS,2,PABLOPOLAR - ANY MINUTE NOW,3
MONIE LOVE,2,ANIMOR - A LITTLE TOO LOUD,3
ALEXIS JORDAN,2,ADRY - A LITTLE TOO LOUD,3
ACHILLE LAURO,2,JS3 - A LITTLE TOO LOUD,3
TRANSVISION VAMP,2,THE DROPS - ELEANOR,3
SPILLER,2,THE DROPS - WE CAN'T HIDE,3
LUKAS GRAHAM,2,THE DROPS - KO SAMUI,3
ROSA LINN,2,ELTON JOHN - COLD HEART,3
ECHOSMITH,2,MUNA - ONE THAT GOT AWAY,3
MEN AT WORK,2,COSSMO - BE SOMEBODY,3
ROBYN,2,GENEMO - BE SOMEBODY,3
JAMIE LIDELL,2,DAVID KUSHNER - DAYLIGHT,3
SHANICE,2,MILUNE - RABBIT HOLES,3
YEARS AND YEARS,2,THE RUMOURS - MANITU,3
JAEL,2,BLUR - COUNTRY HOUSE,3
SUMA COVJEK,2,TAME IMPALA - END OF SUMMER,3
MÜSLÜM,2,FOLK BITCH TRIO - THAT'S ALL SHE WROTE,3
LABRADOR CITY,2,JOURNEY - DON'T STOP BELIEVIN',3
LULU JAMES,2,SNOW - CON CALMA,3
ALICE PHOEBE LOU,2,ASDIS - BEAT OF YOUR HEART,3
MASTER PEACE,2,TEXAS - SUMMER SON,3
SIXPENCE NONE THE RICHER,2,ELLE KING - EX'S & OH'S,3
MISSY ELLIOTT,2,MARINA AND THE DIAMONDS - PRIMADONNA,3
TWOCOLORS,2,YOKKO - FEVER,3
IMANBEK,2,BRUCE SPRINGSTEEN - BORN TO RUN,3
BYOR,2,STEFF LA CHEFFE - ANNABELLE,3
THE DANDY WARHOLS,2,STEFF LA CHEFFE - HOLUNDER,3
BRYAN FERRY,2,STEFF LA CHEFFE - IM MOMÄNT,3
MORCHEEBA,2,CULTURE BEAT - MR. VAIN,3
DJ BOBO,2,THE HEAD AND THE HEART - VIRGINIA,3
JAKE BUGG,2,CALVIN HARRIS - BLESSINGS,3
THE ROMANTICS,2,CALVIN HARRIS - SUMMER,3
JANIECK,2,CALVIN HARRIS - STAY WITH ME,3
K'NAAN,2,CALVIN HARRIS - GIANT,3
FIRST AID KIT,2,BASTILLE - SHUT OFF THE LIGHTS,3
PETER TOSH,2,ALICE COOPER - POISON,3
KILL COCO,2,"ARIANA GRANDE - YES, AND?",3
ONE LUCKY SPERM,2,ARIANA GRANDE - WE CAN'T BE FRIENDS,3
THE BEAUTY OF GEMINA,2,ARIANA GRANDE - GOOD AS HELL,3
SAINT WKND,2,LIZZO - GOOD AS HELL,3
SYDNEY SPRAGUE,2,LAID BACK - SUNSHINE REGGAE,3
THE LAST DINNER PARTY,2,FUNKSTAR DELUXE - SUNSHINE REGGAE,3
FCUKERS,2,BELINDA CARLISLE - HEAVEN IS A PLACE ON EARTH,3
BOMBAY BICYCLE CLUB,2,POLICE - MESSAGE IN A BOTTLE,3
FLORENCE ADOONI,2,NOTHING BUT THIEVES - REAL LOVE SONG,3
SORT OF SAD,2,DAMIAN LYNN - MEMORIES,3
TAKE THIS,2,DAMIAN LYNN - FEEL THE HEAT,3
MATTAFIX,2,DAMIAN LYNN - BLINK OF AN EYE,3
ALLIANCE ETHNIK,2,CHARLIE ROE AND THE WASHING MACHINES - LIKE A KID,3
DAN CAPLEN,2,WILLIAM WHITE - MISFIT,3
SOUP DRAGONS,2,WILLIAM WHITE - TAKE IT OR LEAVE IT,3
JUNIOR REID,2,HEDGEHOG - LUFTGITARRA,3
THE LUMINEERS,2,LUCA! - KEEP YOU WAITING,3
ARRESTED DEVELOPMENT,2,EILEEN ALISTER - KING BED,3
UGLY KID JOE,2,EILEEN ALISTER - PAPERHEARTS,3
TOPLOADER,2,PILAR VEGA - GLOW,3
STEREO MCS,2,ADMIRAL JAMES T - I'M A GONNA BE READY,3
DJ SNAKE,2,ELECTRIC BLANKET - CITY LIGHTS,3
DNA,2,TATUM RUSH - GOTTA GOOD CHANCE,3
PHATS AND SMALL,2,LUCA APRILE - HEAD UP HIGH,3
BLAY,2,ROCKY WOOD - ENOUGH,3
HOLLIE COOK,2,KELLY CLARKSON - MY LIFE WOULD SUCK WITHOUT YOU,3
FRANK OCEAN,2,TWO DOOR CINEMA CLUB - LUCKY,3
PARSON JAMES,2,MAHMOOD - SEMPRE / JAMAIS,3
MR. PRESIDENT,2,SURF MESA - ILY,3
IMANY,2,EMILEE - ILY,3
NATE DOGG,2,CAMILA CABELLO - LIAR,3
YOUNG THUG,2,CAMILA CABELLO - SENORITA,3
FAITHLESS,2,TYLA - WATER,3
IRON MAIDEN,2,PORTUGAL. THE MAN - FEEL IT STILL,3
JAMES LAST UND ORCHESTER,2,ADELE - RUMOUR HAS IT,3
SKYLAR GREY,2,LOI - GOLD,3
NOAH VERAGUTH,2,DANITSA - CAPTAIN,3
THE STRUMBELLAS,2,WINCENT WEISS - WER WENN NICHT WIR,3
MIDGE URE,2,KAROL G - SI ANTES TE HUBIERA CONOCIDO,3
LINDSEY BUCKINGHAM,2,HALSEY - STAY WITH ME,3
KINGFISHR,2,DODO - WAS DU LIEBST,3
CAROLINE POLACHEK,2,DODO - HIPPIE-BUS,3
DANIEL CAESAR,2,DODO - ZÜRIMAA,3
MIDLAKE,2,TOPIC - I ADORE YOU,3
MADI DIAZ,2,TOPIC - YOUR LOVE,3
HURRAY FOR THE RIFF RAFF,2,NECKLESS - SALAD DAYS,3
SLOW CRUSH,2,NATIV - SIRA,3
NOMUEL,2,NATIV - JORJA SMITH,3
ROYAL BLOOD,2,LEVIN - RUNAWAYS,3
MONACO,2,DENHAM SMITH - FREEDOM OF SPEECH,3
MARK MORRISON,2,SANTANA - MARIA MARIA,3
FOUNTAINS OF WAYNE,2,WYCLEF JEAN - MARIA MARIA,3
THE OFFSPRING,2,STAHLBERGER - IMMER WIEDER USE,3
OWL CITY,2,CELINE HALES - NOT YOUR PROBLEM,3
OLLY MURS,2,PAU MUELLER - LOKERA,3
RIZZLE KICKS,2,URSINA - TUT SEMIDA,3
JAMES MORRISON,2,CLOCKCLOCK - OVER,3
SUGAR RAY,2,CLOCKCLOCK - BROOKLYN,3
LAUREN SPENCER-SMITH,2,RADIOHEAD - CREEP,3
WORLD PARTY,2,RADIOHEAD - 2 2 = 5,3
KELIS,2,SABRINA - BOYS,3
THE STRANGLERS,2,ROSALIA - BLINDING LIGHTS,3
JAYMES YOUNG,2,ROSALIA - BESO,3
THE AVENER,2,HUGEL - I ADORE YOU,3
FINE YOUNG CANNIBALS,2,ARASH - I ADORE YOU,3
ALICE MERTON,2,DAECOLM - I ADORE YOU,3
BRANDAO,2,WIZTHEMC - TAKE MY MIND,3
HUNGER,2,BEES - TAKE MY MIND,3
CHRIS STAPLETON,2,HONEY - TAKE MY MIND,3
FATBOY SLIM,2,TEDDY SWIMS - LOSE CONTROL,3
MOLIY,2,FLOYYMENOR - GATA ONLY,3
SILENT ADDY,2,CRIS MJ - GATA ONLY,3
BLACK SABBATH,2,LORD HURON - THE NIGHT WE MET,3
TABOO,2,JOEL CORRY - OUT OUT,3
KEHLANI,2,BLONDIE - CALL ME,3
THE BEAUTIFUL SOUTH,2,BLONDIE - MARIA,3
AMANDA MARSHALL,2,ALPHAVILLE - FOREVER YOUNG,3
NATALIA LAFOURCADE,2,KAMRAD - I BELIEVE,3
DOTAN,2,RICK SPRINGFIELD - JESSIE'S GIRL,3
ZOÉ BASHA,2,RAUW ALEJANDRO - BAILA CONMIGO,3
BLOODPOP,2,RAUW ALEJANDRO - BESO,3
ELIJAH,2,ASWAD - DON'T TURN AROUND,3
WURZEL 5,2,AEROTIQUE - HIT THE GROUND,3
TOMPAUL,2,LAURA BILGERI - WAS DU LIEBST,3
DYNORO,2,SKYLER - DON'T NEED YOUR LOVE,3
GIGI D'AGOSTINO,2,SNOOK - BAZEGNER BOUNZZA,3
POLAR,2,SPLIFF - CARBONARA,3
RED SHOES,2,LUCIO CORSI - VOLEVO ESSERE UN DURO,3
ODD BEHOLDER,2,SHAKEDOWN - AT NIGHT,3
SUEDE,2,FAR CASPIAN - DITCH,3
SOULWAX,2,NO DOUBT - DON'T SPEAK,3
THE LA'S,2,MISTAJAM - IF YOU REALLY LOVE ME,3
THE HOOTERS,2,JOHN NEWMAN - IF YOU REALLY LOVE ME,3
EDDIE VEDDER,2,OF MONSTERS AND MEN - LITTLE TALKS,3
HEATHER NOVA,2,THE CARS - YOU MIGHT THINK,3
MIKE POSNER,2,NATALIE IMBRUGLIA - TORN,3
INNA,2,BRENDON URIE - ME!,3
THE LIBERTINES,2,GOSSIP - HEAVY CROSS,3
ELLAS,2,PEACHY - TU M'APPELLES,3
SAD,2,LINDA ELYS - HOUSE ON FIRE,3
PATTI SMITH,2,THE BIANCA STORY - NEON SAND,3
SAINTSENECA,2,THE BIANCA STORY - LAZY BOY,3
FONTAINES D.C,2,THE BIANCA STORY - FLY,3
NEW ORDER,2,BARON.E - DANSER DANS LE NOIR,3
VOLBEAT,2,KATE YANAI - SUMMER DREAMIN',3
MODJO,2,HETHER - FALLING FOR THE FEELING,3
ARROW BENJAMIN,2,THE VERVE - BITTER SWEET SYMPHONY,3
AARON ROWE,2,FAVEZ - LIVING IN THE PAST,3
SIGMA,2,EMPIRE OF THE SUN - WALKING ON A DREAM,3
NATHANIEL RATELIFF AND THE NIGHT SWEATS,2,NATASHA BEDINGFIELD - UNWRITTEN,3
KID ROCK,2,JEREMY LOOPS - WAVES,3
GOTYE,2,KALLES KAVIAR - OOH OOH YEAH YEAH,3
KIMBRA,2,NICKI MINAJ - SWALLA,3
ADRIAN TACCHI,2,SURVIVOR - EYE OF THE TIGER,3
RIGHEIRA,2,PATRICK BISHOP - JULIA,3
ALEC BENJAMIN,2,PABLO INFERNAL - THE END,3
SUNDARA KARMA,2,HANRETI - SONGBIRD,3
MICHAEL SCHULTE,2,NULL - WHERE I WAIT,3
GAMEBOIS,2,VOID - WHERE I WAIT,3
MARTIN VAN LECTRO,2,DAVE GAHAN - WHERE I WAIT,3
TAMARA OLORGA,2,VANITY FAIRY - QUEEN OF QUEENS,3
MIMI WEBB,2,TOM WALKER - SUN WILL SHINE,3
LYKKE LI,2,BENNETT - VOIS SUR TON CHEMIN,3
GAB FERREIRA,2,THE CARDIGANS - MY FAVOURITE GAME,3
MIGUEL BALLUMBROSIO,2,TIESTO - THE MOTTO,3
ZACH BRYAN,2,DAVEY6000 - COOL KIDS,3
LUKE COMBS,2,BARENAKED LADIES - IT'S ALL BEEN DONE,3
PLEASE MADAME,2,JAX JONES - OUT OUT,3
JONAH,2,EMILÍANA TORRINI - JUNGLE DRUM,3
MIKE AND THE MECHANICS,2,MARPHIL - HIT THE GROUND,3
THE PROCLAIMERS,2,CIRCA WAVES - CARRY YOU HOME,3
DUCK SAUCE,2,ELIAS BERTINI - AWKWARD,3
AALIYAH,2,BATBAIT - IN THE PIT,3
PATRICK STUMP,2,REX ORANGE COUNTY - KEEP IT UP,3
JACK JOHNSON,2,GLOCKENBACH - BROOKLYN,3
THE GASLIGHT ANTHEM,2,SIMEON - FURT VO HIE,3
MC SOLAAR,2,BOYZONE - PICTURE OF YOU,3
PAT BENATAR,2,HIM - JOIN ME,3
INCUBUS,2,TONES AND I - DANCE MONKEY,3
BRANDI CARLILE,2,LIQUIDO - NARCOTIC,3
EAGLE-EYE CHERRY,2,ALOE BLACC - SOS,3
AUDRA MAE,2,EVERLAST - WHAT IT'S LIKE,3
EDDY GRANT,2,YES I'M VERY TIRED NOW - SHINING LIGHTS,3
COLD BATH,2,COLIBRI - ON & ON,3
SAM WILLS,2,R.CITY - JENNIE,3
HERMANN,2,BORI - JENNIE,3
SUPERCHUNK,2,ME AND MARIE - ANOTHER PLACE TO GO,3
NINA PERSSON,2,CHARLI XCX - OUT OUT,3
PEARL JAM,2,TY DOLLA SIGN - SWALLA,3
ERIC CLAPTON,2,TANANAI - STORIE BREVI,3
GLASS ANIMALS,2,ANNALISA - STORIE BREVI,3
ZONDERLING,2,SIMPLE MINDS - SHE'S A RIVER,3
LEONA LEWIS,2,THE FAIM - SUMMER IS A CURSE,3
LAURYN HILL,2,MINUS 8 - TELL ME,3
COLBIE CAILLAT,2,REDONE - DON'T YOU NEED SOMEBODY,3
TAKAGI E KETRA,2,RETO BURRELL - COUNTING MILES,3
GIUSY FERRERI,2,ATB - YOUR LOVE,3
SEAN KINGSTON,2,A7S - YOUR LOVE,3
MARTIN SOLVEIG,2,ERA ISTREFI - PRISONER,3
DRAGONETTE,2,SAMANTHA FOX - TOUCH ME,3
ICE SPICE,2,THE TWO ROMANS - WE'LL BE YOUNG,3
FAST BOY,2,SUNRISE AVENUE - HEARTBREAK CENTURY,3
BRADLEY COOPER,2,ROCCO HUNT - MUSICA ITALIANA,3
PINGUINI TATTICI NUCLEARI,2,WHEN THEY WAKE - SATELLITES,3
REPUBLICA,2,MEGHAN TRAINOR - ALL ABOUT THAT BASS,3
ALEX HEPBURN,2,AYMEN - 30 MAL AM TAG,3
OAK STREET,2,OSKAR MED K - MAKE ME FEEL,3
KYLAN ROAD,2,BARRIO COLETTE - FILLES GARCONS,3
PABLO ILL,2,BTS - MY UNIVERSE,3
YURI,2,PULL N WAY - ANYTHING,3
MURPHY,2,PULL N WAY - YOU AND ME,3
BABASTREET,2,SAWEETIE - OUT OUT,3
CAMILA KOLLER,2,MR. MIKE - TO THE MOON PLEASE,3
MERCHANDISE,2,THE GUESS WHO - AMERICAN WOMAN,3
THE CRIBS,2,MR. MISTER - KYRIE,3
WOLFMOTHER,2,DEZABEL - WHEN IT COMES TO YOU,3
EVERYTHING IS RECORDED,2,EIFFEL 65 - BLUE,3
SAMPHA,2,THE ROLLING STONES - START ME UP,3
DANIELLE PONDER,2,TAWNEE - UNTIED,3
JAH WOBBLE,2,LILY CLAIRE - BRETAGNE,3
DJ PREMIER,2,NOTI WÜMIE - DIE STRASS WON I DRAN WOHNE,3
ROC MARCIANO,2,MICHAEL VON DER HEIDE - HOLE IN MY HEART,3
TRINIDAD CARDONA,2,EVE GALLAGHER - HOLE IN MY HEART,3
FRANCESCO YATES,2,JUSTIN JESSO - GETTING CLOSER,3
THE BOOMTOWN RATS,2,RICKY MARTIN - LA COPA DE LA VIDA,2
S'EXPRESS,2,OPERATION ZERO - ROSE,2
EMELI SANDÉ,2,DANA - FUTURE DAUGHTERS,2
BIG SEAN,2,DANA - COMING HOME,2
B.O.B,2,SHUTTLE - DESTINATION NOWHERE,2
ZUCCHERO,2,SHUTTLE - JUNGLE,2
VANIA SOUSA,2,SHUTTLE - JAPANESE JOURNEY,2
GLORIA AMELIA,2,SHUTTLE - YOUR SHOE IS TIED TO THE OTHER,2
DARDAN,2,SHUTTLE - A LITTLE SOMETHING,2
SONIQUE,2,NAOMI LAREINE - TELL ME,2
SALT-N-PEPA,2,NAOMI LAREINE - COLORBLIND,2
ASAF AVIDAN AND THE MOJOS,2,NAOMI LAREINE - LIMITLESS,2
2PAC,2,NAOMI LAREINE - GET IT,2
OZZY OSBOURNE,2,NAOMI LAREINE - ISSA VIBE,2
3 DOORS DOWN,2,JOYA MARLEEN - TERRIBLE THINGS,2
DAVID GUETTA FT. JAMIE,2,BABA SHRIMPS - GRIZZLY HEART,2
WOMACK AND WOMACK,2,BABA SHRIMPS - SMALL TOWN KING,2
WESTLIFE,2,BABA SHRIMPS - BACK TO WHERE THE LIGHT IS,2
ANNIE LENNOX,2,BABA SHRIMPS - ALL THE CITY LIGHTS,2
BASEMENT SAINTS,2,HALUNKE - HALUNKE,2
CURDIN NICOLAY,2,HALUNKE - SCHIFFBRUCH,2
MIMIKS,2,HENRY MOODIE - PICK UP THE PHONE,2
PINA PALAU,2,LADINA - HAUNT ME,2
THE WAR ON DRUGS,2,LADINA - SO WHAT,2
NEKO CASE,2,LADINA - SAD SONGS,2
FEDEZ,2,ZÜRI WEST - WENN I DI NID CHA ÜBERREDE,2
DON HENLEY,2,ZÜRI WEST - 7:7,2
NEON TREES,2,ZÜRI WEST - LOCH DÜR ZYT,2
THOMAS D,2,PABLO NOUVELLE - NOTHING EVER REALLY ENDS,2
NYLA,2,PABLO NOUVELLE - WIRED,2
THE TING TINGS,2,PABLO NOUVELLE - MOONLIGHT DRIVE,2
ONE DIRECTION,2,PABLO NOUVELLE - I WILL,2
BEN HARPER,2,PABLO NOUVELLE - ICE,2
SEEED,2,OASIS - WHATEVER,2
WILLOW SAGE HART,2,OASIS - WONDERWALL,2
SPICE GIRLS,2,LANA DEL REY - SUMMERTIME SADNESS,2
HUEY LEWIS AND THE NEWS,2,MALUMMÍ - CLOVER & CAMELIA,2
NIK KERSHAW,2,HAIM - ALL OVER ME,2
ELVETT,2,HAIM - FOREVER,2
LIME,2,KAYTRANADA - HOME,2
BLACKBOOK,2,KAYTRANADA - SPACE INVADER,2
ELISA,2,GHOSTFACE KILLAH - RAP KINGPIN,2
THIRTY SECONDS TO MARS,2,GHOSTFACE KILLAH - SAMPLE 420,2
DISCO LINES,2,CASS MCCOMBS - ASPHODEL,2
TINASHE,2,CASS MCCOMBS - PEACE,2
LA MANO 1.9,2,ALISON GOLDFRAPP - FIND XANADU,2
MACHINE GUN KELLY,2,SAINT-ÉTIENNE - GLAD,2
BADCHIEFF,2,BLACK HONEY - SOAK,2
BAILEY ZIMMERMAN,2,DARIUSH - RUN.WAV,2
ASIA,2,KLEOPATRA WEIN - WHEN IT FEELS RIGHT,2
ARLO PARKS,2,ROOFTOP SAILORS - RUNNING ACROSS THE LONELY NIGHT,2
KAREN LANO,2,KINGS ELLIOT - BUTTERFLY PEN,2
GEORGE HARRISON,2,KINGS ELLIOT - ASHES BY THE MORNING,2
FREDDY FAADA,2,KINGS ELLIOT - STARCROSSED,2
ELVIS PRESLEY,2,KINGS ELLIOT - I'M GETTING TIRED OF ME,2
JXL,2,KINGS ELLIOT - LIKE I WAS NEVER HERE,2
SHED SEVEN,2,KINGS ELLIOT - CALL ME A DREAMER,2
JULDEM,2,DACHS - DÜDADO,2
COOKIN' ON 3 BURNERS,2,SEULFA - GERN GESCHEHEN,2
DEL AMITRI,2,KABRIO - SKYLINE,2
BILLIE BIRD,2,KABRIO - FLY AWAY,2
ELLU,2,BILLY OTTO - SKYLINE,2
MEMOZA,2,BILLY OTTO - FLY AWAY,2
JOHNOSSI,2,KYGO - STOLE THE SHOW,2
PISO 21,2,KYGO - WHAT'S LOVE GOT TO DO WITH IT,2
JULIA MESTRE,2,KYGO - STARS WILL ALIGN,2
COUNTING CROWS,2,KYGO - HIGHER LOVE,2
MARO,2,KYGO - FIRESTONE,2
ALUNE WADE,2,ONEREPUBLIC - WHEREVER I GO,2
YOA,2,ONEREPUBLIC - LOVE RUNS OUT,2
KAUFMANN,2,ONEREPUBLIC - KIDS,2
TRUE,2,JASMINE THOMPSON - SUN GOES DOWN,2
WHITE DUPPY,2,DUA LIPA - DANCE THE NIGHT,2
BELINDA MYRA,2,DUA LIPA - FEVER,2
JULIAN BROWN,2,DUA LIPA - ONE KISS,2
SPIDERGAWD,2,DUA LIPA - NO LIE,2
YANNICK,2,DUA LIPA - LOVE AGAIN,2
PINK FLOYD,2,JOVANOTTI - L'OMBELICO DEL MONDO,2
KIM WILDE,2,JOVANOTTI - L' ESTATE ADDOSSO,2
M.C. MIKER G,2,STEFANIE HEINZMANN - UNBREAKABLE,2
DEEJAY SVEN,2,STEFANIE HEINZMANN - MOTHER'S HEART,2
ABU,2,STEFANIE HEINZMANN - JUST LIKE I LOVE YOU,2
BEA1991,2,STEFANIE HEINZMANN - SHADOWS,2
GEESE,2,DON'T KILL THE BEAST - ANXIETY,2
DIVORCE,2,DON'T KILL THE BEAST - JOHNNY CASH,2
OFFSET,2,DON'T KILL THE BEAST - Q AND A,2
THE WHITE STRIPES,2,DON'T KILL THE BEAST - HONESTY,2
BLOODHOUND GANG,2,MARK RONSON - UPTOWN FUNK,2
LIMP BIZKIT,2,PEGASUS - LAY LOW,2
KLANGKARUSSELL,2,PEGASUS - FRAGMENTS,2
THE WALLFLOWERS,2,PEGASUS - GET OVER YOU,2
BLU CANTRELL,2,PEGASUS - LOST TO BE FOUND,2
PHOENIX,2,PEGASUS - COME HOME,2
COMA COSE,2,PEGASUS - TECHNOLOGY,2
FRANTIC,2,SHAWN MENDES - STITCHES,2
DEATH CAB FOR CUTIE,2,SHAWN MENDES - THERE'S NOTHING HOLDIN' ME BACK,2
ALABAMA SHAKES,2,SHAWN MENDES - TREAT YOU BETTER,2
BILLY RAY CYRUS,2,BILLIE EILISH - EVERYTHING I WANTED,2
TAKE THAT,2,BILLIE EILISH - THEREFORE I AM,2
CASH CASH,2,STEPHAN EICHER - LES FILLES DU LIMMATQUAI,2
SALT'N'PEPA,2,EMF - UNBELIEVABLE,2
EN VOGUE,2,THE WEEKND - IN YOUR EYES,2
MYSTERY JETS,2,MANILLIO - MONBIJOU,2
NUIT INCOLORE,2,MANILLIO - BITTE,2
JASON MRAZ,2,MANILLIO - LIEBLINGSSONG,2
NINA CHUBA,2,MANILLIO - SCHALL UND RAUCH,2
MAKKO,2,MANILLIO - I MIM CHOPF,2
BLUE WEDNESDAY,2,AVICII - LEVELS,2
GENESIS,2,AVICII - ADDICTED TO YOU,2
YES,2,JUSTIN TIMBERLAKE - MIRRORS,2
BLVMENKIND,2,JUSTIN TIMBERLAKE - SAY SOMETHING,2
TOM WAVY,2,JUSTIN TIMBERLAKE - CAN'T STOP THE FEELING!,2
ALI GATIE,2,JUSTIN TIMBERLAKE - SELFISH,2
WET LEG,2,PRINCE - WHEN DOVES CRY,2
HOWARD JONES,2,PRINCE - CREAM,2
SUGAR,2,STRESS - BACK IN MY LIFE,2
HOOTIE AND THE BLOWFISH,2,STRESS - ELLE,2
MARILLION,2,STRESS - GOD KNOWS,2
MK.GEE,2,STRESS - JUST LIKE I LOVE YOU,2
SCREAM,2,MICHAEL PATRICK KELLY - BEAUTIFUL MADNESS,2
ERIC ZAYNE,2,REA GARVEY - KISS ME,2
JIMMI THE DEALER,2,ANDRYY - GEISTERFAHRER,2
REEL 2 REAL,2,ANDRYY - WÄNN DU DA BISCH,2
ABSOLUTE BEGINNER,2,ROXETTE - JOYRIDE,2
RAZORLIGHT,2,ROXETTE - THE LOOK,2
STAKKA BO,2,BAD BUNNY - EL BANO,2
ERIC LUMIERE,2,LUNIK - THROUGH YOUR EYES,2
THE RAMBLING WHEELS,2,NICO SANTOS - SAFE,2
LEON BRIDGES,2,PAULA DALLA CORTE - HEAVY HEART,2
STELLA,2,DAVID GUETTA - BABY DON'T HURT ME,2
JAMIE XX,2,DAVID GUETTA - SAY MY NAME,2
DRAKE,2,DAVID GUETTA - TITANIUM,2
DIRE STRAITS,2,DAVID GUETTA - I'M GOOD,2
BAZE,2,DAVID GUETTA - LET'S LOVE,2
AURORA,2,ANNE-MARIE - BABY DON'T HURT ME,2
DON WEST,2,ANNE-MARIE - ROCKABYE,2
MICHAEL KIWANUKA,2,COI LERAY - BABY DON'T HURT ME,2
SHAED,2,FAUL - CHANGES,2
NIALL HORAN,2,WAD AD - CHANGES,2
WALK THE MOON,2,PNAU - CHANGES,2
MIKKY EKKO,2,EURYTHMICS - THORN IN MY SIDE,2
PAOLO NUTINI,2,HECHT - TANZE TANZE,2
CONRAD,2,HECHT - ADAM & EVA,2
OZONE,2,HECHT - AUERBACH,2
BLACK TROPICS,2,HECHT - 24 BILDER,2
MARK KELLY,2,HECHT - SEE SPRINGE,2
THE MOCK TURTLES,2,KODALINE - BRAND NEW DAY,2
CLARA LUCIANI,2,ANDREAS BOURANI - ASTRONAUT,2
JULI,2,THE WOMBATS - TOKYO,2
J. GEILS BAND,2,THE WOMBATS - THIS CAR DRIVES ALL BY ITSELF,2
OMI,2,LOLA YOUNG - D£ALER,2
ATC,2,BRUNO MARS - JUST THE WAY YOU ARE,2
TEN TONNES,2,BRUNO MARS - LOCKED OUT OF HEAVEN,2
WALKING ON CARS,2,BRUNO MARS - THE LAZY SONG,2
MNEK,2,BRUNO MARS - UPTOWN FUNK,2
ART OF NOISE,2,BRUNO MARS - TREASURE,2
TOM JONES,2,LO UND LEDUC - PLUTO,2
GUERILLA TOSS,2,LO UND LEDUC - MIS HUUS DIS HUUS,2
OG FLORIN,2,LO UND LEDUC - AFFOGATO,2
TIMBALAND,2,LO UND LEDUC - 1,2
JOHN WILLIAMS,2,LO UND LEDUC - DAMEVELO,2
MATTO RULES,2,LO UND LEDUC - BLAUI PEPERONI,2
MÄLT,2,CLUESO - ZUSAMMEN,2
FASTBALL,2,ZID - 90 SUMMERNÄCHT,2
CACHITA,2,HURTS - STAY,2
ALEX PRICE,2,COLDPLAY - VIVA LA VIDA,2
GEORGIA HARMER,1,COLDPLAY - FEELSLIKEIMFALLINGINLOVE,2
POOL KIDS,1,THE KILLERS - THE MAN,2
RACING MOUNT PLEASANT,1,THE KILLERS - CAUTION,2
YUNEKI,1,THE KILLERS - HUMAN,2
TREE HOUSE MILANO,1,THE KILLERS - BRIGHT LIGHTS,2
THE GREAT STOYAN DUO,1,THE KILLERS - MR. BRIGHTSIDE,2
SHELTER 12,1,HEERA - BIANCA,2
MAGNOLIA PINK,1,HEERA - CARRY AWAY,2
NAVENI,1,HEERA - HER WORLD,2
ALVA LEAVES,1,HEERA - WHEN IT FEELS RIGHT,2
ANOTHER ME,1,MARIUS BEAR - I WANNA DANCE WITH SOMEBODY,2
ESKOBAR,1,MARIUS BEAR - FOREVER,2
AUDREY HOBERT,1,MARIUS BEAR - WAITING FOR LOVE,2
OFENBACH VS. NICK WATERHOUSE,1,MARIUS BEAR - HIGHWAY WALL,2
ALEXANDRA STAN,1,TOM GRENNAN - REMIND ME,2
JANET JACKSON,1,TOM GRENNAN - SOMEWHERE ONLY WE GO,2
SHINEHEAD,1,TOM GRENNAN - COOL WITH THAT,2
HIPPIE SABOTAGE,1,NELLY FURTADO - POWERLESS,2
SOPHIE B. HAWKINS,1,LUCA HÄNNI - POWDER,2
ANA WHITEROSE,1,LUCA HÄNNI - WONDERFUL,2
STREETS OF ROYA,1,KATY PERRY - CALIFORNIA GURLS,2
GRAN NOIR,1,KATY PERRY - CON CALMA,2
PATRICK HARBOR,1,KATY PERRY - NEVER REALLY OVER,2
GOODBYE FAIRBANKS,1,KATY PERRY - FEELS,2
DR. MO,1,KATY PERRY - I KISSED A GIRL,2
TEED,1,SNOOP DOGG - CALIFORNIA GURLS,2
FOXWARREN,1,SNOOP DOGG - BEAUTIFUL,2
CLIPSE,1,GOTTHARD - BURNING BRIDGES,2
KENDRICK LAMAR,1,PURPLE DISCO MACHINE - SUBSTITUTION,2
WIRE,1,DR. ALBAN - IT'S MY LIFE,2
GOOD FLYING BIRDS,1,OFENBACH - BE MINE,2
WISHY,1,MAX GIESINGER - WENN SIE TANZT,2
WILCO,1,R.E.M - LOSING MY RELIGION,2
KAREN BLACK,1,JAMES BLUNT - BONFIRE HEART,2
BELLE,1,RITA ORA - I WILL NEVER LET YOU DOWN,2
SEBASTIAN,1,LEWIS CAPALDI - SOMEONE YOU LOVED,2
HEART,1,KESHA - TIMBER,2
BRAND NEW HEAVIES,1,RIANA - I HA MÖSSE GO,2
TEARS FOR FEARS,1,MADONNA - LIKE A PRAYER,2
CRAZY TOWN,1,MADONNA - VOGUE,2
TLC,1,MADONNA - MATERIAL GIRL,2
JIMMY EAT WORLD,1,KING CHARLES - THE BRIGHTEST LIGHTS,2
BIG MOUNTAIN,1,MUMFORD AND SONS - THE BRIGHTEST LIGHTS,2
CARL BARAT,1,MUMFORD AND SONS - DITMAS,2
PETER GABRIEL,1,MUMFORD AND SONS - LOVER OF THE LIGHT,2
BOYS LIKE GIRLS,1,U2 - PRIDE,2
FRANK TURNER,1,U2 - NEW YEAR'S DAY,2
FRANK POPP ENSEMBLE,1,ED SHEERAN - THE A TEAM,2
DARIO AND SPINFIRE,1,ED SHEERAN - SING,2
ACRAZE,1,SAM SMITH - I'M NOT THE ONLY ONE,2
CHERISH,1,SAM SMITH - PROMISES,2
SADBOI,1,LENNY KRAVITZ - THE CHAMBER,2
KABUSA ORIENTAL CHOIR,1,CARROUSEL - J'AVAIS RENDEZ-VOUS,2
CAMILLA SPARKSSS,1,CARROUSEL - DE L'AUTRE COTE,2
DEBBY FRIDAY,1,QUEEN - UNDER PRESSURE,2
SKULLCRUSHER,1,LEONY - FADED LOVE,2
LOW GIRL,1,TRAVIS - WHY DOES IT ALWAYS RAIN ON ME,2
GOLDEN APPLES,1,BILLY IDOL - DANCING WITH MYSELF,2
LCD SOUNDSYSTEM,1,BILLY IDOL - TO BE A LOVER,2
ANIMAL COLLECTIVE,1,ANNA ROSSINELLI - DADDY ISN'T HOME,2
PANDA BEAR,1,ANNA ROSSINELLI - OVER,2
KY-MANI MARLEY,1,ANNA ROSSINELLI - THE WORLD IS YOURS,2
SEX WEEK,1,ANNA ROSSINELLI - FOREVERMORE,2
HAZEL BRUGGER,1,ANNA ROSSINELLI - BROKEN HEARTED,2
SANDRA STUDER,1,BACKSTREET BOYS - EVERYBODY,2
PETRA MEDE,1,TOKIO HOTEL - DURCH DEN MONSUN,2
ELIE ZOE,1,MEDUZA - PIECE OF YOUR HEART,2
CONCRETE BLONDE,1,DERMOT KENNEDY - GIANTS,2
JOHN MILES,1,FUN - WE ARE YOUNG,2
SIMPLY RED,1,FUN - SOME NIGHTS,2
SINA,1,JANELLE MONAE - WE ARE YOUNG,2
PLASTIC BERTRAND,1,BASTIAN BAKER - BACK IN MY LIFE,2
MICHAEL GRAY,1,BASTIAN BAKER - NOBODY SHOULD DIE ALONE,2
SUBZONIC,1,BASTIAN BAKER - CALL ME IN L.A.,2
SKIP,1,BASTIAN BAKER - 79 CLINTON STREET,2
LAFA,1,BASTIAN BAKER - TOMORROW MAY NOT BE BETTER,2
MARTIN SCHENKEL,1,BASTIAN BAKER - ANOTHER DAY,2
KONTRA.CANT,1,SOMBR - 12 TO 12,2
AY WING,1,EMINEM - FORGOT ABOUT DRE,2
CHUUWEE,1,EMINEM - LOVE THE WAY YOU LIE,2
SHUKO,1,MARK FORSTER - ZEITMASCHINE,2
RUMPELSTILZ,1,MARK FORSTER - WIR SIND GROSS,2
R. CITY,1,BON JOVI - YOU GIVE LOVE A BAD NAME,2
ADAM LEVINE,1,BON JOVI - LIVIN' ON A PRAYER,2
TAXI,1,BON JOVI - RUNAWAY,2
A BOOGIE WIT DA HOODIE,1,TARKAN - SIMARIK,2
KAISER CHIEFS,1,CHAPPELL ROAN - HOT TO GO!,2
INDIA.ARIE,1,PHIL COLLINS - SUSSUDIO,2
CHRIS WILLIS,1,PHIL COLLINS - DON'T LOSE MY NUMBER,2
JUNGLE,1,ZOE ME - OVERDOSE,2
SORRY,1,ZOE ME - DURCH DIE NACHT,2
HOT CHIP,1,SAM FENDER - THE BORDERS,2
CHARLOTTE GAINSBOURG,1,SAM FENDER - HYPERSONIC MISSILES,2
MOMMA,1,SAM FENDER - SEVENTEEN GOING UNDER,2
OAKLAND,1,BRITNEY SPEARS - BORN TO MAKE YOU HAPPY,2
STACY N.K.R,1,LOVEBUGS - CORALINE,2
KALI UCHIS,1,LOVEBUGS - 72,2
JUSTICE,1,IMAGINE DRAGONS - BELIEVER,2
CHARLOTTE DAY WILSON,1,IMAGINE DRAGONS - NEXT TO ME,2
CLEO SOL,1,IMAGINE DRAGONS - STARS WILL ALIGN,2
SHINTARO SAKAMOTO,1,IMAGINE DRAGONS - IT'S TIME,2
DRUGDEALER,1,IMAGINE DRAGONS - BIRDS,2
KATE BOLLINGER,1,IMAGINE DRAGONS - BONES,2
MARVIN GAYE,1,IMAGINE DRAGONS - RADIOACTIVE,2
WYE OAK,1,IMAGINE DRAGONS - BAD LIAR,2
ROCHELLE JORDAN,1,MO BLANC - DEEP,2
STILL BLANK,1,MO BLANC - HUNGRY MAN,2
SAY SHE SHE,1,JAN SEVEN DETTWYLER - ON & ON,2
CAST,1,JAN SEVEN DETTWYLER - THANK YOU PAIN,2
P.P. ARNOLD,1,JAN SEVEN DETTWYLER - THE ART IS KING,2
ARTHUR RUSSELL,1,JAN SEVEN DETTWYLER - WALKING WITH YOU,2
FETTES BROT,1,JAN SEVEN DETTWYLER - ON AND ON,2
CRASH TEST DUMMIES,1,JAN SEVEN DETTWYLER - FRIENDS,2
MARC ALMOND,1,AL PRIDE - POPSONG,2
COLLECTIVE SOUL,1,VERONICA FUSARO - JEALOUSY,2
NATE RUESS,1,CHILD - DRAW THE LINE,2
LIAM GALLAGHER,1,NICK MELLOW - WHO I AM,2
ONE NIGHT ONLY,1,NICK MELLOW - MORE OF YOU,2
NEIL DIAMOND,1,NICK MELLOW - FATAL,2
DIRTY VEGAS,1,NINA VALOTTI - RAUCH IM WIND,2
TAKE ME HOME,1,NINA VALOTTI - TAXI,2
THE DURUTTI COLUMN,1,DEAN LEWIS - HOW DO I SAY GOODBYE,2
TARIQ AL-SABIR,1,DEAN LEWIS - BE ALRIGHT,2
BASEMENT JAXX,1,PATENT OCHSNER - SCHARLACHROT,2
LIGHTSPEED CHAMPION,1,PATENT OCHSNER - STÄFFISBURG,2
NATASCHA POLKE,1,PATENT OCHSNER - W. NUSS VO BÜMPLIZ,2
ELIAS RØNNENFELT,1,PATENT OCHSNER - BÄLPMOOS,2
ICEAGE,1,PATENT OCHSNER - GRÜENS LIECHT,2
FIME,1,PATENT OCHSNER - FISCHER,2
DAVID BYRNE,1,MICHA SPORTELLI - MORE LOVE NO WAR,2
GHOST TRAIN ORCHESTRA,1,NICKLESS - CLOUDS,2
BELLE AND SEBASTIAN,1,NICKLESS - POPCORN,2
FANCLUBWALLET,1,NICKLESS - GROOVIN',2
MY BLOODY VALENTINE,1,NICKLESS - ALL MY LIFE,2
ESMERALDA GALDA,1,PRIYA RAGU - FORGOT ABOUT,2
ZECK,1,PRIYA RAGU - LEAF HIGH,2
THE LIGHTNING SEEDS,1,PRIYA RAGU - CHICKEN LEMON RICE,2
ALEJANDRO SANZ,1,PANDA LUX - ROLLSCHUHE,2
KWABS,1,PANDA LUX - GLANZ,2
MIA AEGERTER,1,JULIE MELETTA - SAUVAGE,2
LUUT UND TÜÜTLI,1,LINA BUTTON - OUT OF SIGHT,2
THE STREETS,1,LINA BUTTON - MISTY MIND,2
ZZ TOP,1,LINA BUTTON - HIDDEN LAND,2
FEMI LUNA,1,VALENTINO VIVACE - L'EQUILIBRIO,2
TAY OSKEE,1,VALENTINO VIVACE - HIGH LIFE,2
ODDBOX,1,SOPHIE HUNGER - SHE MAKES PRESIDENT,2
ADAM LAMBERT,1,FROM KID - COLORS,2
SIOUXSIE AND THE BANSHEES,1,FROM KID - SUN,2
NICKY JAM AND ENRIQUE IGLESIAS,1,FROM KID - UNDERGROUND,2
MAJESTIC,1,FROM KID - TALK TO TREES,2
TAJ MAHAL,1,SENS UNIK - PAQUITO,2
KEB' MO',1,OPEN SEASON - STEP BY STEP,2
WENDY MOTEN,1,LADY GAGA - JUST DANCE,2
DEE DEE BRIDGEWATER,1,LADY GAGA - MILLION REASONS,2
TAGUA TAGUA,1,LADY GAGA - THE EDGE OF GLORY,2
NONONO,1,LADY GAGA - ALWAYS REMEMBER US THIS WAY,2
ADINA HOWARD,1,LADY GAGA - SHALLOW,2
FRANK POWERS,1,LADY GAGA - BORN THIS WAY,2
SCHWELLHEIM,1,LADY GAGA - PAPARAZZI,2
THE ANTLERS,1,ILIRA - LOOK AT ME NOW,2
ORIGINAL KOFFEE,1,ILIRA - YOU,2
THE JESUS AND MARY CHAIN,1,ARMA JACKSON - LE VIDE,2
BAXTER DURY,1,JAMES GRUNTZ - PLUTO,2
LOU REED,1,JAMES GRUNTZ - TOO MUCH TO SAY,2
HARRY NILSSON,1,JAMES GRUNTZ - LIEBLINGSSONG,2
MAX HERRE,1,JAMES GRUNTZ - HÄRZ UF DR ZUNGE,2
BLUEBOY,1,JAMES GRUNTZ - ONE-NIGHT-STAND,2
AMERICAN AUTHORS,1,JAMES GRUNTZ - JUNG VERDAMMT,2
LIL KIM,1,THE SOULS - FIGHTING IN THE MOONLIGHT,2
SPORTFREUNDE STILLER,1,THE SOULS - FOREVER,2
VILLAGERS,1,THE SOULS - AWAKENING,2
NATION OF LANGUAGE,1,MONOTALES - IT'S ALRIGHT,2
POLIÇA,1,MALUMA - BRONCEADOR,2
FLOORBROTHERS,1,CRIMER - FOLLOWER,2
FORMER CHAMP,1,CRIMER - HOURS,2
MITSKI,1,CRIMER - FIRST DANCE,2
THE VELVET UNDERGROUND,1,CRIMER - SORROW,2
NICO,1,CRIMER - HIGH LIFE,2
ZISKA STAUBLI,1,JEANS FOR JESUS - 2000 UND IRGENDWO,2
WIDOWSPEAK,1,JEANS FOR JESUS - ESTAVAYEAH,2
LUCE,1,ANNA KÄNZIG - GET OUT,2
ORBITAL,1,OZUNA - BAILA BAILA BAILA,2
SAINT ETIENNE,1,WOLF ALICE - WHITE HORSES,2
SKUNK ANANSIE,1,FLORENCE AND THE MACHINE - HUNGER,2
EMMA STEINBAKKEN,1,FLORENCE AND THE MACHINE - WEAR & TEAR,2
GOO GOO DOLLS,1,SILVER GORE - ALL THE GOOD MEN,2
INSPIRAL CARPETS,1,WEDNESDAY - BITTER EVERYDAY,2
CYNDI LAUPER,1,PHARRELL WILLIAMS - CHAINS & WHIPS,2
STARSHIP,1,PHARRELL WILLIAMS - GET LUCKY,2
THE FARM,1,PHARRELL WILLIAMS - FEELS,2
DISCIPLES,1,PHARRELL WILLIAMS - HAPPY,2
JUAN LUIS GUERRA,1,PHARRELL WILLIAMS - BEAUTIFUL,2
PETER BJORN AND JOHN,1,HAND HABITS - BLUEBIRD OF HAPPINESS,2
STRAY KIDS,1,CUSP - FOLLOW ALONG,2
EVERYTHING BUT THE GIRL,1,JEFF TWEEDY - FEEL FREE,2
SKI AGGU,1,JEFF TWEEDY - OUT IN THE DARK,2
THE FEELING,1,HERMANOS GUTIÉRREZ - UNTIL WE MEET AGAIN,2
BUMBLEBEES,1,NICOLE BERNEGGER - DON'T STAY AWAY,2
DANIEL FABREGA,1,NIRVANA - ABOUT A GIRL,2
TEETHE,1,JUSTIN BIEBER - BAD GUY,2
GORDI,1,JUSTIN BIEBER - FRIENDS,2
AMAARAE,1,JUSTIN BIEBER - LOVE YOURSELF,2
ADA LEA,1,JUSTIN BIEBER - STAY,2
WESTSIDE COWBOY,1,JUSTIN BIEBER - DESPACITO,2
BABYBIRD,1,J. BALVIN - SAY MY NAME,2
MASSIVEDRUM,1,J. BALVIN - FAMILIAR,2
LOUD LUXURY,1,THE BANGLES - ETERNAL FLAME,2
BRANDO,1,THE BANGLES - MANIC MONDAY,2
END,1,THE BANGLES - WALK LIKE AN EGYPTIAN,2
PRETENDERS,1,NOEL GALLAGHER'S HIGH FLYING BIRDS - IN THE HEAT OF THE MOMENT,2
ROGER SANCHEZ,1,NOEL GALLAGHER'S HIGH FLYING BIRDS - BLACK STAR DANCING,2
99 SOULS,1,FRANZ FERDINAND - CURIOUS,2
BRANDY,1,HOWLONG WOLF - WASTING TIME AGAIN,2
BILL MEDLEY,1,HOWLONG WOLF - DON'T LOOK AT 'EM,2
JENNIFER WARNES,1,HOWLONG WOLF - COLD SPELL,2
BRANDON FLOWERS,1,ROBIN SCHULZ - HEADLIGHTS,2
ARETHA FRANKLIN,1,ROBIN SCHULZ - SUN GOES DOWN,2
DEEE-LITE,1,ROBIN SCHULZ - SUGAR,2
CORAL,1,JAMIROQUAI - RUNAWAY,2
THE HUMAN LEAGUE,1,JAMIROQUAI - WHEN YOU GONNA LEARN,2
RANDY NEWMAN,1,JAMIROQUAI - COSMIC GIRL,2
MC HAMMER,1,RAG'N'BONE MAN - HUMAN,2
RODRIGO AMARANTE,1,PITBULL - TIMBER,2
BONAPARTE,1,RIHANNA - ONLY GIRL,2
LANDRO,1,RIHANNA - REHAB,2
SEKTION KUCHIKÄSCHTLI,1,RIHANNA - DISTURBIA,2
WINTER,1,RIHANNA - WE FOUND LOVE,2
MASTODON,1,RIHANNA - LOVE THE WAY YOU LIE,2
KING HÜSKY,1,RIHANNA - LIFT ME UP,2
NOURISHED BY TIME,1,RIHANNA - WHAT'S MY NAME?,2
TEYANA TAYLOR,1,RIHANNA - STAY,2
TOPS,1,RIHANNA - S&M,2
JAMES YORKSTON,1,RIHANNA - THIS IS WHAT YOU CAME FOR,2
DEAN JOHNSON,1,THE FRAY - HOW TO SAVE A LIFE,2
SPLENDID,1,DABU FANTASTIC - NOMAL SONE NACHT,2
JIREEN,1,DABU FANTASTIC - MIIN ORT,2
LEONARD MAVI,1,DABU FANTASTIC - HALLO HUND,2
VERSEAU BELLEPIERRE,1,DABU FANTASTIC - IN ORNIG,2
SUPERWEAK,1,COLBY O'DONIS - JUST DANCE,2
JURASSIC 5,1,RUDIMENTAL - FREE,2
FLORENCIA YUNIS,1,RUDIMENTAL - THESE DAYS,2
THE GO-BETWEENS,1,EMELI SANDE - FREE,2
NIGHTCRAWLERS,1,DIE ÄRZTE - SCHREI NACH LIEBE,2
MUFASA,1,GEORGE EZRA - DON'T MATTER NOW,2
HYPEMAN,1,LOST FREQUENCIES - REALITY,2
NAS,1,LOST FREQUENCIES - CRAZY,2
METRO STATION,1,LOST FREQUENCIES - THE FEELING,2
HADDAWAY,1,LOST FREQUENCIES - HEAD DOWN,2
PUDDLE OF MUD,1,X AMBASSADORS - RENEGADES,2
NE-YO,1,SIA - CHEAP THRILLS,2
AFROJACK,1,SIA - GIMME LOVE,2
NAYER,1,SIA - TITANIUM,2
THE NOTORIOUS B.I.G,1,SIA - LET'S LOVE,2
TECHNOTRONIC,1,SIA - UNSTOPPABLE,2
BENNY BENASSI,1,FARRUKO - ME PASE,2
FRENCH MONTANA,1,KISS - I WAS MADE FOR LOVING YOU,2
LUTRICIA MCNEAL,1,KUNGS - SUBSTITUTION,2
ICONA POP,1,KUNGS - THIS GIRL,2
SMOKE CITY,1,MIKA - GRACE KELLY,2
CREED,1,RED HOT CHILI PEPPERS - UNDER THE BRIDGE,2
PHILIPP ALBRECHT,1,RED HOT CHILI PEPPERS - DANI CALIFORNIA,2
BRANDHÄRD,1,RED HOT CHILI PEPPERS - BLACK SUMMER,2
JAKUB ONDRA,1,CHARLIE PUTH - ATTENTION,2
WESTERMAN,1,MONIE LOVE - IT'S A SHAME,2
ALGERNON CADWALLADER,1,FOO FIGHTERS - SAINT CECILIA,2
JOYCE MANOR,1,FOO FIGHTERS - LEARN TO FLY,2
SYLVIE KREUSCH,1,FOO FIGHTERS - WHEELS,2
GANG STARR,1,THE STROKES - UNDER COVER OF DARKNESS,2
BLACK THOUGHT,1,TALKING HEADS - ROAD TO NOWHERE,2
SON LITTLE,1,TOM GREGORY - NEVER LOOK BACK,2
JID FT. CLIPSE,1,RAY DALTON - DON'T WORRY,2
JID FT. CIARA,1,ALVARO SOLER - SOLO PARA TI,2
EARTHGANG,1,ALVARO SOLER - LA CINTURA,2
CLIPSE FT. JOHN LEGEND,1,ALVARO SOLER - MUERO,2
VOICES OF FIRE,1,BIRDY - WINGS,2
CLIPSE FT. KENDRICK LAMAR,1,BLIGG - B.L.I. DOPPEL G,2
SMINO,1,GOODBOYS - PIECE OF YOUR HEART,2
CHILDISH GAMBINO,1,PETER FOX - WEISSE FAHNEN,2
ENA VERA,1,PETER FOX - HAUS AM SEE,2
YET TO FIND,1,MARTIN GARRIX - SUMMER DAYS,2
BJÖRK,1,MARTIN GARRIX - IN THE NAME OF LOVE,2
THE RASMUS,1,MARTIN GARRIX - SO FAR AWAY,2
PALOMA FAITH,1,SEAN PAUL - GOT 2 LUV U,2
KLINGANDE,1,SEAN PAUL - CHEAP THRILLS,2
LISA,1,SEAN PAUL - NO LIE,2
JACK SAVORETTI,1,SEAN PAUL - BREATHE,2
STARSAILOR,1,SEAN PAUL - ROCKABYE,2
WOODKID,1,ALEXIS JORDAN - GOT 2 LUV U,2
MICHAEL FRANTI AND SPEARHEAD,1,ACHILLE LAURO - AMOR,2
MIGHTY OAKS,1,THE 1975 - THE SOUND,2
INNER CIRCLE,1,THE 1975 - GIRLS,2
ELLA HENDERSON,1,THE 1975 - SETTLE DOWN,2
MR. PROBZ,1,THE 1975 - CHOCOLATE,2
MEGAN THEE STALLION,1,BEYONCE - IRREPLACEABLE,2
KNÄCK,1,BEYONCE - HALO,2
THOMPSON TWINS,1,THE BLACK EYED PEAS - I GOTTA FEELING,2
CHAD KROEGER,1,LO - SO GUET WIE NIE,2
JOSEY SCOTT,1,LEDUC - SO GUET WIE NIE,2
SEXION D'ASSAUT,1,TRANSVISION VAMP - I WANT YOUR LOVE,2
SHAKRA,1,HARRY STYLES - LATE NIGHT TALKING,2
GIANT ROOKS,1,HARRY STYLES - SIGN OF THE TIMES,2
CHIEN BLEU,1,HARRY STYLES - ADORE YOU,2
A TOUCH OF CLASS,1,SHEM THOMAS - DO IT,2
DUCKS LTD,1,SPILLER - GROOVEJET,2
YVES TUMOR,1,LUKAS GRAHAM - 7 YEARS,2
NINA,1,ROSA LINN - SNAP,2
A TRIBE CALLED QUEST,1,PEDESTRIANS - FUTURE PAST MEMORIES,2
LARAAJI,1,PEDESTRIANS - FEELING GOOD,2
CUT COPY,1,PEDESTRIANS - IS IT LOVE,2
MATCHBOX TWENTY,1,PEDESTRIANS - BAD SIDE,2
JOE JACKSON,1,ECHOSMITH - COOL KIDS,2
US3,1,MEN AT WORK - DOWN UNDER,2
DUFFY,1,MACKLEMORE - THESE DAYS,2
MADS LANGER,1,MACKLEMORE - GLORIOUS,2
EL PROFESOR,1,MACKLEMORE - SUMMER DAYS,2
SKEE-LO,1,MARC SWAY - WAY BACK HOME,2
JOAN,1,MARC SWAY - WHY,2
CHELAN,1,ROBYN - DANCING ON MY OWN,2
SARA DIAMOND,1,JAMIE LIDELL - ANOTHER DAY,2
FUN LOVIN' CRIMINALS,1,NADA SURF - I LIKE WHAT YOU SAY,2
CAMEO,1,JASON DERULO - IN MY HEAD,2
DJ KHALED,1,SHANICE - I LOVE YOUR SMILE,2
BRYSON TILLER,1,TAYLOR SWIFT - MR. PERFECTLY FINE,2
SUM 41,1,TAYLOR SWIFT - I KNEW YOU WERE TROUBLE,2
LEVKA,1,TAYLOR SWIFT - KARMA,2
MELDAY,1,TAYLOR SWIFT - YOU NEED TO CALM DOWN,2
MYKEL COSTA,1,TAYLOR SWIFT - WE ARE NEVER EVER GETTING BACK TOGETHER,2
ALTA,1,YEARS AND YEARS - KING,2
ROBERT FALCON,1,JAEL - UNTOUCHED BY GREY AND RAIN,2
CHAKA KHAN,1,HEJ FRANCIS! - DES SENS CONTRAIRES,2
ABBA,1,HEJ FRANCIS! - IGNORANT MALGRE LE MONDE,2
POIRIER,1,JAMILA - SILVER LINING,2
RAMON CHICHARRON,1,JAMILA - ANTIDOTE,2
SOFFIE,1,JAMILA - INDIFFERENT,2
GLOW,1,ANDREA BIGNASCA - EVERY BEAT OF EVERY SONG,2
CORNERSHOP,1,ANDREA BIGNASCA - THE BURNING & THE FLOOD,2
MOES ANTHILL,1,BOY - FEAR,2
LE ROI ANGUS,1,BOY - FIT BACK IN,2
SINA LARK,1,STEVANS - WHEN THE LIGHT IS GONE,2
RODRY-GO!,1,STEVANS - THE BACKYARD,2
ALT-J,1,STEVANS - DIAMOND RAIN,2
WHITE TOWN,1,TROUBAS KATER - MACH FÄHLER,2
TRAUFFER,1,TROUBAS KATER - AM NE TAG IM APRIL,2
PAULA ENGELS,1,77 BOMBAY STREET - KARAOKE GIRL,2
LEA KAMPMANN,1,77 BOMBAY STREET - YELLOW BUS,2
NASAYA,1,RIVAL KINGS - DROWN,2
FOALS,1,RIVAL KINGS - 25,2
IMPERIEUX,1,RIVAL KINGS - WAR,2
KING PRINCESS,1,STEREO LUCHS - 2BLAUI,2
DELETEROLF,1,STEREO LUCHS - IDE STRASS,2
GIANNI BRINI,1,SUMA COVJEK - BOUGE TON COEUR,2
WIR SIND HELDEN,1,IRA MAY - COLD,2
ANDREAS JOHNSON,1,LENNON STELLA - POLAROID,2
DANIEL MERRIWEATHER,1,BENJAMIN AMARU - WHEN I WAS YOUNGER,2
KATE PIERSON,1,BENJAMIN AMARU - BERLIN OFFLINE,2
SOULSISTER,1,BENJAMIN AMARU - MOONLIGHT LEMONADE,2
LILLY WOOD AND THE PRICK,1,BENJAMIN AMARU - DANCING ALL NIGHT,2
VILLE VALO,1,DEATH BY CHOCOLATE - GIVE US A REASON,2
NATALIA AVELON,1,DEATH BY CHOCOLATE - TWO PATHS,2
ELLA ON THE RUN,1,DEATH BY CHOCOLATE - FAMILY,2
RAMZ,1,GIMS - RESTE,2
MELTING STEINE,1,GIMS - PARISIENNE,2
RUNO PLUM,1,MÜSLÜM - SÜPERVITAMIN,2
FOUSHEÉ,1,LIRICAS ANALAS - IN EN DUS,2
JID,1,FAMARA - ROOTSABA FAMILY,2
JOEY BADASS,1,FAMARA - THE TALISMAN,2
RAEKWON,1,SHEILA SHE LOVES YOU - EMMA WATSON,2
METHOD MAN,1,LUCA LITTLE - THE ONLY ONE,2
GZA,1,ELLE - SOLO RIDER,2
REEK DA VILLIAN,1,LABRADOR CITY - THE SHELL,2
PILLS,1,GREIS - I WEISS I BI GUET,2
RZA,1,GREIS - TOUJOURS ENSEMBLES,2
BUSTA RHYMES,1,GREIS - NUR EIN TROPFE,2
TEFLON,1,GREIS - TEMPS PASSE,2
REMY MARTIN,1,AL-BERTO AND THE FRIED BIKINIS - CRAZY PEOPLE,2
OLIVER SIM,1,PASCAL GAMBONI - DA MAI SE,2
SAYBIA,1,PASCAL GAMBONI - LIUNG UNVIERN,2
ATHLETE,1,ZIAN - GRATEFUL,2
ASH,1,ZIAN - WASTELAND,2
HOUSE OF PAIN,1,LULU JAMES - WIRED,2
ASHLEE SIMPSON,1,KARAVANN - 2083,2
MICHELLE BRANCH,1,NEMO - 365,2
ULTRA NATÉ,1,NEMO - VIDEO GAMES,2
TAWARA,1,NEMO - DANCE WITH ME,2
LAGIQUE,1,NEMO - KE BOCK,2
ENDOR,1,NEMO - THIS BODY,2
SAVAGES,1,NEMO - GOD'S A RAVER,2
FRED AGAIN,1,CAROLINE ALVES - ALRIGHT,2
SKEPTA,1,SINPLUS - FEEL LOVE,2
PLAQUEBOYMAX,1,SIRENS OF LESBOS - EASY,2
GUEDRA GUEDRA,1,ALICE PHOEBE LOU - PRETENDER,2
GYAKIE,1,OK COOL - WAAWOOWEEWAA,2
TIWA SAVAGE,1,THE NEW EVES - HIGHWAY MAN,2
MUSTAFA,1,IDLES - RABBIT RUN,2
EVA TOLKIN,1,MASTER PEACE - SHAKE ME DOWN,2
IAN ISIAH,1,SOFIA KOURTESIS - NITZAN AND AMINAA,2
YO LA TENGO,1,SOFIA KOURTESIS - CORAZÓN,2
THE BEACHES,1,SOFIA KOURTESIS - BALLUMBROSIO,2
THE HIVES,1,SOFIA KOURTESIS - CANELA PURA,2
ANIKK,1,MUSE - SOMETHING HUMAN,2
FRITZ KALKBRENNER,1,MUSE - MERCY,2
SUPERGRASS,1,SIXPENCE NONE THE RICHER - KISS ME,2
LISA LEFT EYE LOPEZ,1,BRYAN ADAMS - CAN'T STOP THIS THING WE STARTED,2
KATE NASH,1,BRYAN ADAMS - WHEN YOU'RE GONE,2
DESIRELESS,1,THE FRATELLIS - SEVEN NIGHTS SEVEN DAYS,2
MUGEEZ,1,TWOCOLORS - LOVEFOOL,2
RHODES,1,IMANBEK - BELLY DANCER,2
MOBY,1,BYOR - BELLY DANCER,2
BLÜMCHEN,1,THE DANDY WARHOLS - BOHEMIAN LIKE YOU,2
PHOEBE BRIDGERS,1,BRYAN FERRY - DON'T STOP THE DANCE,2
ALIOCHA SCHNEIDER,1,DOJA CAT - IN YOUR EYES,2
ORSONS,1,MATTIU DEFUNS - MIA OLMA,2
GRAHAM CANDY,1,MATTIU DEFUNS - UNDER THE SAME OLD TREE,2
BEARD SCIENCE,1,MORCHEEBA - ROME WASN'T BUILT IN A DAY,2
NENEH CHERRY,1,PET SHOP BOYS - WEST END GIRLS,2
"10,000 MANIACS",1,PET SHOP BOYS - IT'S A SIN,2
GARY PINE,1,PET SHOP BOYS - LONELINESS,2
ROBERTA FLACK,1,THE ROMANTICS - TALKING IN YOUR SLEEP,2
HAINAN,1,LIAM PAYNE - POLAROID,2
SPAGNA,1,LIAM PAYNE - FAMILIAR,2
KLAIN KAROO,1,JANIECK - REALITY,2
LIVING HOUR,1,STING - DREAMING,2
TYGAPAW,1,STING - RESTE,2
TITANIC,1,TWENTY ONE PILOTS - RIDE,2
MERZBOW,1,TWENTY ONE PILOTS - STRESSED OUT,2
FORSISSIES,1,K'NAAN - WAVIN' FLAG,2
NALA SINEPHRO,1,FIRST AID KIT - OUT OF MY HEAD,2
REA,1,MIDNIGHT OIL - BEDS ARE BURNING,2
BEAKS,1,METALLICA - NOTHING ELSE MATTERS,2
JIM WHITE,1,SNOW PATROL - CALLED OUT IN THE DARK,2
CHRIS IMLER,1,DAVID BOWIE - BLUE JEAN,2
GRRL,1,DAVID BOWIE - UNDER PRESSURE,2
MADE OF OAK,1,MARYNE - WATERPROOF,2
KASSIE KRUT,1,LOCO ESCRITO - MARIA,2
AMYL AND THE SNIFFERS,1,LOCO ESCRITO - SALIR BIEN,2
FUGAZI,1,LOCO ESCRITO - MAMACITA,2
COILGUNS,1,LOCO ESCRITO - TU CARITA,2
CHRIS CORNELL,1,LOCO ESCRITO - TRISTE,2
FAITH NO MORE,1,LOCO ESCRITO - UIUI,2
KAJ,1,SIVILIAN - DEAD INSIDE,2
THE SHAPESHIFTERS,1,KILL COCO - DEAD INSIDE,2
WHITESNAKE,1,ZOE WEES - THIRD WHEEL,2
TAL BACHMAN,1,ZOE WEES - GIRLS LIKE US,2
SAINT MOTEL,1,PAT BURGENER - LOW,2
EROS RAMAZZOTTI,1,PAT BURGENER - WORK IT OUT,2
NACIM,1,PAT BURGENER - NOTHING ELSE,2
JEAN MICHEL JARRE,1,BÜNE HUBER - SCHIFFBRUCH,2
THE B-52'S,1,BÜNE HUBER - 1,2
DAVID GUETTA REMIX,1,TIM FREITAG - HOLD ON,2
UDO LINDENBERG,1,TIM FREITAG - BRICK BY BRICK,2
THE CORDS,1,"TIM FREITAG - HOT, COLD, WITH AND WITHOUT YOU",2
FALLE NIOKE,1,TIM FREITAG - BY YOUR SIDE,2
SHAME,1,ALVIN ZEALOT - FLUX,2
FOXYGEN,1,ALVIN ZEALOT - TIMELINE & GLASSES,2
LEITH ROSS,1,JACK SLAMER - BIGGEST MANE,2
ECHO,1,BASCHI - HÄRZ UF DR ZUNGE,2
THE BUNNYMEN,1,THE BEAUTY OF GEMINA - END,2
ANNIE,1,CELLA - TELL ME,2
CRISTINA HART,1,SAINT WKND - WHEN I WAS YOUNGER,2
VERNISAGE,1,PHENOMDEN - NAH GIVE UP,2
Z THE FRESHMAN,1,PHENOMDEN - IDE STRASS,2
AEROSMITH,1,PHENOMDEN - LIED IM OHR,2
BELLINI,1,PHENOMDEN - STAH DA,2
BRONSKI BEAT,1,ROBBIE WILLIAMS - RUDEBOX,2
ALMA,1,ROBBIE WILLIAMS - MILLENNIUM,2
SWEDISH HOUSE MAFIA,1,ROBBIE WILLIAMS - SPIES,2
TAYNA,1,ROBBIE WILLIAMS - LET ME ENTERTAIN YOU,2
KOOL SAVAS,1,TOBIAS CARSHEY - KIND-HEARTED MEN,2
KALEO,1,ORPHELINE - WHAT TIME IS IT,2
THE SHINS,1,MY NAME IS GEORGE - IT'S GOOD TO BE LONELY,2
DAN TYMINSKI,1,THE ANIMEN - NOT A SINGLE TIME,2
THE CALLING,1,THE ANIMEN - MODERN NOSTALGIA,2
LENE MARLIN,1,DELILAHS - DANNY'S SONG,2
PETER SCHILLING,1,DELILAHS - QUEEN,2
NORMANI,1,MALUMMI - BONES,2
GIANNA NANNINI,1,SYDNEY SPRAGUE - LONG ISLAND,2
DNCE,1,THE LAST DINNER PARTY - THIS IS THE KILLER SPEAKING,2
JEFF,1,LORDE - SOLAR POWER,2
PETER DOHERTY,1,LORDE - ROYALS,2
MEN I TRUST,1,NOGA EREZ - WATCH THE NEWS,2
PJ HARVEY,1,DEFTONES - MY MIND IS A MOUNTAIN,2
PREWN,1,MILITARIE GUN - B A D I D E A,2
ELIAS RONNENFELT,1,EL MICHELS AFFAIR - MÁGICA,2
EZRA KOENIG,1,EL MICHELS AFFAIR - SAY GOODBYE,2
JORDANA,1,ROGÊ - MÁGICA,2
HONEY DIJON,1,FLORENCE ADOONI - SAY GOODBYE,2
RADIOKIJADA,1,THE BLACK KEYS - ALL MY LIFE,2
CARIBOU,1,THE BLACK KEYS - MAN ON A MISSION,2
FICTION FACTORY,1,THE BLACK KEYS - FEVER,2
COOLIO,1,THE BLACK KEYS - GOLD ON THE CEILING,2
40 THEVZ,1,HERMANOS GUTIERREZ - CERCA DE TI,2
THE BUGGLES,1,SAM HIMSELF - WHAT IT'S WORTH,2
JAMELIA,1,CHARLY JUNA - ACHILLESVERSE,2
DANNY WILDE,1,CHARLY JUNA - KLEBER,2
T.I,1,SORT OF SAD - RUN.WAV,2
FIL BO RIVA,1,TAKE THIS - JUNG VERDAMMT,2
ECHT,1,BEASTIE BOYS - INTERGALACTIC,2
SHIFTY,1,BEASTIE BOYS - FIGHT FOR YOUR RIGHT,2
MARTERIA,1,THE XX - SUNSET,2
BROGEAL,1,MATTAFIX - BIG CITY LIFE,2
SCREAMING FEMALES,1,LIL NAS X - OLD TOWN ROAD,2
THE DISTILLERS,1,THE GARDENER AND THE TREE - REBEL OF THE NIGHT,2
TARANJA WU,1,THE GARDENER AND THE TREE - YOUNG AND BOLD,2
YUSSEF DAYES,1,THE GARDENER AND THE TREE - POSTCARDS,2
BADBADNOTGOOD,1,THE GARDENER AND THE TREE - MEANTIME LOVER,2
SAMUEL T. HERRING,1,THE GARDENER AND THE TREE - OUT TO SEA,2
DANGER MOUSE,1,GEORGE MICHAEL - FREEDOM '90,2
MORMOR,1,STEREOPHONICS - INNOCENT,2
BIG SPECIAL,1,AVRIL LAVIGNE - COMPLICATED,2
LAS PALABRAS,1,AVRIL LAVIGNE - SKATER BOY,2
REYNA TROPICAL,1,ALLIANCE ETHNIK - RESPECT,2
OVERMONO,1,ADRIAN SIEBER - OVER MY HEAD,2
THE NATIONAL,1,ADRIAN SIEBER - LILIGER,2
UV-TV,1,ADRIAN SIEBER - WHEN WE WERE FRIENDS,2
XTC,1,ADRIAN SIEBER - IT'S SERIOUS,2
IBIBIO SOUND MACHINE,1,ADRIAN SIEBER - LUV U,2
BAND OF HORSES,1,AC - BACK IN BLACK,2
TEGAN AND SARA,1,AC - THUNDERSTRUCK,2
M83,1,DC - BACK IN BLACK,2
JOY DIVISION,1,DC - THUNDERSTRUCK,2
WILLIAM SINGE,1,BIFFY CLYRO - SPACE,2
DES'REE,1,ROACHFORD - ONLY TO BE WITH YOU,2
WANG CHUNG,1,JONAS BLUE - POLAROID,2
ISELIN SOLHEIM,1,JESS GLYNNE - THESE DAYS,2
ROBERT FRANCIS,1,DAN CAPLEN - THESE DAYS,2
FRANKIE GOES TO HOLLYWOOD,1,SOUP DRAGONS - I'M FREE,2
PHANTOM PLANET,1,JUNIOR REID - I'M FREE,2
LOS DEL RÍO,1,THE CURE - JUST LIKE HEAVEN,2
ORISHAS,1,THE CURE - CLOSE TO ME,2
4 NON BLONDES,1,AVA MAX - WHO'S LAUGHING NOW,2
LAURA BRANIGAN,1,AVA MAX - SALT,2
JOHNNY CASH,1,THE LUMINEERS - HO HEY,2
FIFTH HARMONY,1,PINK - WALK ME HOME,2
SKIP MARLEY,1,PINK - IRRELEVANT,2
LL COOL J,1,PINK - DREAMING,2
ROONEY,1,PINK - FUNHOUSE,2
LAUV,1,PINK - COVER ME IN SUNSHINE,2
TROYE SIVAN,1,PINK - NEVER GONNA NOT DANCE AGAIN,2
AYU,1,PINK - SO WHAT,2
TOO MAD,1,PINK - GET THE PARTY STARTED,2
DARIO G,1,PINK - CAN WE PRETEND,2
THE SMILE,1,ARRESTED DEVELOPMENT - MR. WENDAL,2
WATER FROM YOUR EYES,1,UGLY KID JOE - CATS IN THE CRADLE,2
BAR ITALIA,1,O.M.D - ENOLA GAY,2
SECRET WORLD,1,O.M.D - LIVE AND DIE,2
BEATSTEAKS,1,O.M.D - WALKING ON THE MILKY WAY,2
MADNESS,1,SCOUTING FOR GIRLS - THIS AINT A LOVE SONG,2
FREDDIE MERCURY,1,POST MALONE - BETTER NOW,2
KATRINA AND THE WAVES,1,POST MALONE - CIRCLES,2
GIVEON,1,TOPLOADER - DANCING IN THE MOONLIGHT,2
DELINQUENT HABITS,1,NICKELBACK - FAR AWAY,2
TACABRO,1,NICKELBACK - I'D COME FOR YOU,2
OSCAR FARRELL,1,ELLIE GOULDING - LOVE ME LIKE YOU DO,2
YAYA BEY,1,ELLIE GOULDING - OUTSIDE,2
AUTOMATIC,1,ELLIE GOULDING - STILL FALLING FOR YOU,2
RILO KILEY,1,STEREO MCS - CONNECTED,2
AMBER MARK,1,MANU CHAO - ME GUSTAS TU,2
CROSBY,1,MANU CHAO - JE NE T'AIME PLUS BONGO BONG,2
STILLS,1,THE CRANBERRIES - ZOMBIE,2
NASH,1,DIE FANTASTISCHEN VIER - ZUSAMMEN,2
LOU BARLOW,1,MAJOR LAZER - LEAN ON,2
ELIO RICCA,1,MAJOR LAZER - LIGHT IT UP,2
HOLLY HUMBERSTONE,1,DJ SNAKE - LEAN ON,2
WANDA,1,MO - LEAN ON,2
MAVERICK SABRE,1,THE POINTER SISTERS - JUMP FOR MY LOVE,2
DIDO,1,THE POINTER SISTERS - I'M SO EXCITED,2
DEICHKIND,1,ENRIQUE IGLESIAS - ME PASE,2
SAMANTHA J,1,ENRIQUE IGLESIAS - EL BANO,2
OPM,1,JAY-Z - EMPIRE STATE OF MIND,2
THE GHOSTS,1,ALICIA KEYS - EMPIRE STATE OF MIND,2
REO SPEEDWAGON,1,SUZANNE VEGA - TOM'S DINER,2
DIANA ROSS,1,DNA - TOM'S DINER,2
MANESKIN,1,PHATS AND SMALL - TURN AROUND,2
VIZE,1,ANGELE - OUI OU NON,2
GALA,1,ANGELE - FEVER,2
SIGALA,1,PABLOPOLAR - MOUNTAIN OF SNOW,2
ARMIN VAN BUUREN,1,BLAY - DENKMAL,2
TREVOR GUTHRIE,1,MILUNE - HEARTS LUST,2
LEN,1,TOBIAS JENSEN - ALL THE OTHER BOYS,2
HYPHEN HYPHEN,1,BLUR - SONG 2,2
ZANUSSI DJ,1,ANAND WILDER - BOG PEOPLE,2
SAFRI DUO,1,FLOCK OF DIMES - DAY ONE,2
BOMFUNK MC'S,1,HOLLIE COOK - SHY GIRL,2
ONE-T AND COOL-T,1,PARSON JAMES - STOLE THE SHOW,2
JAMIE N COMMONS,1,AMY WINEHOUSE - CUPID,2
THE PRETENDERS,1,THE SCRIPT - FOR THE FIRST TIME,2
ETERNAL,1,TEXAS - BLACK EYED BOY,2
BEBE WINANS,1,MR. PRESIDENT - COCO JAMBOO,2
BELL BOOK AND CANDLE,1,IMANY - DON'T BE SO SHY,2
SHAKESPEARS SISTER,1,WELSHLY ARMS - SANCTUARY,2
A FLOCK OF SEAGULLS,1,WELSHLY ARMS - LEGENDARY,2
FILTER,1,WARREN G - REGULATE,2
DEAD OR ALIVE,1,NATE DOGG - REGULATE,2
CIAN DUCROT,1,MARINA AND THE DIAMONDS - HOLLYWOOD,2
FREUNDESKREIS,1,YOKKO - LOADED DICE,2
JOY DENALANE,1,YOKKO - TALK,2
LADY BLACKBIRD,1,YOKKO - DREAMER,2
WANKELMUT,1,EVE - WHO'S THAT GIRL,2
EMMA LOUISE,1,BRUCE SPRINGSTEEN - DANCING IN THE DARK,2
VANESSA CARLTON,1,BRUCE SPRINGSTEEN - BORN IN THE U.S.A.,2
C AND C MUSIC FACTORY,1,BRUCE SPRINGSTEEN - TOUGHER THAN THE REST,2
NATEL,1,TINA TURNER - WHAT'S LOVE GOT TO DO WITH IT,2
DAMSO,1,TINA TURNER - STEAMY WINDOWS,2
JJ,1,LILY ALLEN - NOT FAIR,2
YLL LIMANI,1,STEFF LA CHEFFE - HABIBI,2
EAZ,1,CALVIN HARRIS - MY WAY,2
OEHL,1,CALVIN HARRIS - WE FOUND LOVE,2
WYATT FLORES,1,CALVIN HARRIS - ONE KISS,2
BAHAMAS,1,CALVIN HARRIS - OUTSIDE,2
HERBIE HANCOCK,1,CALVIN HARRIS - FEELS,2
LIVING COLOUR,1,CALVIN HARRIS - PROMISES,2
MAD HONEY,1,CALVIN HARRIS - SMOKE THE PAIN AWAY,2
LUNIZ,1,CALVIN HARRIS - THIS IS WHAT YOU CAME FOR,2
C. TANGANA,1,CHRISTINA AGUILERA - GENIE IN A BOTTLE,2
GEORGE BENSON,1,MARSHMELLO - HAPPIER,2
MSOKE,1,MARSHMELLO - DREAMING,2
SLOW PULP,1,BASTILLE - HAPPIER,2
JOYER,1,BASTILLE - HEAD DOWN,2
FROST CHILDREN,1,BASTILLE - POMPEII,2
PINKPANTHERESS,1,DESTINY'S CHILD - SURVIVOR,2
CLIPPING,1,"ARIANA GRANDE - THANK U, NEXT",2
COUNTERFEIT MADISON,1,ARIANA GRANDE - SIDE TO SIDE,2
KID KOALA,1,ARIANA GRANDE - NO TEARS LEFT TO CRY,2
ANNAHSTASIA,1,LIZZO - ABOUT DAMN TIME,2
MARUJA,1,JAMES LAST UND ORCHESTER - BISCAYA,2
UZI FREYJA,1,SKYLAR GREY - GLORIOUS,2
STEAM DOWN,1,NOTHING BUT THIEVES - IMPOSSIBLE,2
MELODIESINFONIE,1,NOTHING BUT THIEVES - IS EVERYBODY GOING CRAZY?,2
BUDS,1,DAMIAN LYNN - WHEN WE DO IT,2
ANTONY SZMIEREK,1,DAMIAN LYNN - BETWEEN THE LINES,2
STILLER HAS,1,DAMIAN LYNN - TWO FENCES,2
PLACEBO,1,AMY MACDONALD - MR ROCK & ROLL,2
FALL OUT BOY,1,NOAH VERAGUTH - ELLE,2
CAESARS,1,THE STRUMBELLAS - SPIRITS,2
ALL SAINTS,1,TOTO - HOLD THE LINE,2
MR. BIG,1,MIDGE URE - BREATHE,2
CRYSTAL WATERS,1,LINDSEY BUCKINGHAM - CAUTION,2
ARTFUL DODGER,1,ILSEY - HEADLIGHTS,2
FUNKY GREEN DOGS,1,LONG TALL JEFFERSON - ALEXANDER,2
MARIE DAVIDSON,1,LONG TALL JEFFERSON - FIGURE IT OUT,2
FREDDIE GIBBS,1,IVO - PEACE & FREEDOM,2
THE ALCHEMIST,1,IVO - SOMEBODY NEW,2
ANDERSON.PAAK,1,WILLIAM WHITE - CAN'T STOP LOVING YOU,2
CATE LE BON,1,WILLIAM WHITE - CLOSE YOUR EYES,2
CLEO REED,1,HEDGEHOG - SELFIE,2
ELIE ZOÉ,1,MABEL - MAD LOVE,2
SPRINTS,1,MABEL - TURN ME UP,2
GOLOMB,1,COOKIE THE HERBALIST - A GIRL LIKE YOU,2
DIRTY SOUND MAGNET,1,COOKIE THE HERBALIST - MOVE ON,2
RYAN DAVIS AND THE ROADHOUSE BAND,1,KINGFISHR - MAN ON THE MOON,2
SILVER JEWS,1,TA'SHAN - HIGH,2
STARLEY,1,TA'SHAN - DRIFT AWAY,2
JET,1,BUBI EIFACH - MEISCHTENS,2
JAN DELAY A. K. A. EISSFELDT,1,BUBI EIFACH - DIE ANGERE,2
EDITORS,1,ADMIRAL JAMES T - WARDROBE LADY,2
SOUNDGARDEN,1,FUSE ODG - LIGHT IT UP,2
ADAM CLAYTON,1,MOONRAISERS - RISE UP,2
LARRY MULLEN,1,ELECTRIC BLANKET - MY EYES MY HEART,2
CALANDABOI,1,TATUM RUSH - LUNA NERA,2
BIBA,1,JP COOPER - GOD KNOWS,2
JULIAN PFÖRTNER,1,INHALER - ICE CREAM SUNDAE,2
LYAM,1,NIGHTBUS - ASCENSION,2
ALICE DEEJAY,1,M.O.P - SAMPLE 420,2
REDNEX,1,MIDLAKE - THE GHOULS,2
STEALERS WHEEL,1,MAC DEMARCO - NOTHING AT ALL,2
LIL' JON,1,CMAT - EURO-COUNTRY,2
LUDACRIS,1,CMAT - TAKE A SEXY PICTURE OF ME,2
ROBIN S,1,BRIGHT EYES - 1ST WORLD BLUES,2
MUSICAL YOUTH,1,JEHNNY BETH - HIGH RESOLUTION SADNESS,2
KERI HILSON AND D.O.E,1,SLOW CRUSH - THIRST,2
LLOYD COLE,1,GARBAGE - STUPID GIRL,2
SANDRO CAVAZZA,1,MONACO - WHAT DO YOU WANT FROM ME,2
AKON,1,TWO DOOR CINEMA CLUB - HAPPY CUSTOMERS,2
FRESHLYGROUND,1,TWO DOOR CINEMA CLUB - SOMETHING GOOD CAN WORK,2
COOLIO AND L.V,1,MARK MORRISON - RETURN OF THE MACK,2
OLYMPIC ANTIGUA,1,JESSIE J - MASTERPIECE,2
TRAKTORKESTAR,1,FOUNTAINS OF WAYNE - RED DRAGON TATTOO,2
SIMON JAEGGI,1,THE OFFSPRING - PRETTY FLY,2
OTIS JUNIOR,1,GUNS N' ROSES - SWEET CHILD O' MINE,2
DJANE NORDLICHT,1,GUNS N' ROSES - PARADISE CITY,2
ALESSO,1,OWL CITY - FIREFLIES,2
CECE PENISTON,1,OLLY MURS - HEART SKIPS A BEAT,2
MARSHALL JEFFERSON,1,RIZZLE KICKS - HEART SKIPS A BEAT,2
SOLARDO,1,SUGAR RAY - EVERY MORNING,2
CYPRESS HILL,1,LAUREN SPENCER-SMITH - FINGERS CROSSED,2
ROB THOMAS,1,YAZOO - DON'T GO,2
CHRIS MALINCHAK,1,WORLD PARTY - PUT THE MESSAGE IN THE BOX,2
WAS (NOT WAS),1,ADELE - ROLLING IN THE DEEP,2
RYAN LEWIS,1,ADELE - CHASING PAVEMENTS,2
WANZ,1,ADELE - SOMEONE LIKE YOU,2
HERBERT GRÖNEMEYER,1,ADELE - SEND MY LOVE,2
UNCLE KRACKER,1,WHITNEY HOUSTON - I WANNA DANCE WITH SOMEBODY,2
IRINA MOSSI,1,WHITNEY HOUSTON - HIGHER LOVE,2
THIRTY-THR33,1,KELIS - TRICK ME,2
,,SIDO - ASTRONAUT,2
,,SIDO - SCHÖNER TAG,2
,,LOI - AM I ENOUGH,2
,,BLOSSOMS - CHARLEMAGNE,2
,,BLOSSOMS - PERFECT ME,2
,,DANITSA - SECRET EMOTIONS,2
,,JAYMES YOUNG - INFINITY,2
,,SHAGGY - ANGEL,2
,,SHAGGY - OH CAROLINA,2
,,BLINK-182 - WHAT'S MY AGE AGAIN?,2
,,WINCENT WEISS - MUSIK SEIN,2
,,THE AVENER - FADE OUT LINES,2
,,KEANE - SOMEWHERE ONLY WE KNOW,2
,,KEANE - THIS IS THE LAST TIME,2
,,JONAS BROTHERS - LOVED YOU BETTER,2
,,JONAS BROTHERS - ONLY HUMAN,2
,,JONAS BROTHERS - WHAT A MAN GOTTA DO,2
,,DODO - ONE-NIGHT-STAND,2
,,DODO - CLOSE YOUR EYES,2
,,DODO - SCHWERELOS,2
,,DODO - STURM,2
,,DODO - NAGELLACK,2
,,TOPIC - SOLO PARA TI,2
,,NATIV - KOSMOS,2
,,SOFT LOFT - LITTLE LESS,2
,,SOFT LOFT - SUMMER SADNESS,2
,,ALAS THE SUN - FEELS HONEY-LACED,2
,,FABER - SO SOLL ES SEIN,2
,,BRADLEY SIMPSON - CARPET BURN,2
,,CLOCKCLOCK - BORN AGAIN,2
,,CHRIS STAPLETON - SAY SOMETHING,2
,,FATBOY SLIM - PRAISE YOU,2
,,A-HA - TAKE ON ME,2
,,MOLIY - SHAKE IT TO THE MAX,2
,,SILENT ADDY - SHAKE IT TO THE MAX,2
,,BLACK SABBATH - PARANOID,2
,,ZARTMANN - TAU MICH AUF,2
,,JOEL CORRY - I LOVE UR GF,2
,,JOEL CORRY - HEAD & HEART,2
,,WILL.I.AM - EAST LA,2
,,TABOO - EAST LA,2
,,MARIAH CAREY - SUGAR SWEET,2
,,MARIAH CAREY - DREAMLOVER,2
,,SHENSEEA - SUGAR SWEET,2
,,KEHLANI - SUGAR SWEET,2
,,APACHE 207 - MANN MUSS,2
,,APACHE 207 - WOLKEN,2
,,THE BEAUTIFUL SOUTH - PERFECT 10,2
,,AMANDA MARSHALL - BELIEVE IN YOU,2
,,STROMAE - L'ENFER,2
,,STROMAE - SANTE,2
,,BLOODPOP - FRIENDS,2
,,RAUW ALEJANDRO - BUENOS TÉRMINOS,2
,,BIBI VAPLAN - CAPTAIN FLAMINGO,2
,,BIBI VAPLAN - 60 MINUTS,2
,,BIBI VAPLAN - IRON B,2
,,AEROTIQUE - SLOW DOWN,2
,,AEROTIQUE - IN MY DROPTOP,2
,,WURZEL 5 - FÜR DI,2
,,TOMPAUL - MOONLIGHT DRIVE,2
,,DYNORO - IN MY MIND,2
,,GIGI D'AGOSTINO - IN MY MIND,2
,,POLAR - ASSEZ POUR NOUS,2
,,WE INVENTED PARIS - BUBBLETREES,2
,,WE INVENTED PARIS - LOOKING BACK,2
,,RED SHOES - CALIFORNIA,2
,,ODD BEHOLDER - ALEXANDER,2
,,CORY HANSON - BIRD ON A SWING,2
,,CRO - TRAUM,2
,,THE KOOKS - SHINE ON,2
,,NOAH KAHAN - STICK SEASON,2
,,JULIA MICHAELS - ISSUES,2
,,NO DOUBT - IT'S MY LIFE,2
,,THE LA'S - THERE SHE GOES,2
,,THE HOOTERS - JOHNNY B,2
,,EDDIE VEDDER - LONG WAY,2
,,HEATHER NOVA - WALK THIS WORLD,2
,,THE KID LAROI - WITHOUT YOU,2
,,THE KID LAROI - STAY,2
,,THE KID LAROI - LOST,2
,,DEPECHE MODE - EVERYTHING COUNTS,2
,,DEPECHE MODE - NEVER LET ME DOWN AGAIN,2
,,DEPECHE MODE - PERSONAL JESUS,2
,,DEPECHE MODE - ENJOY THE SILENCE,2
,,MIKE POSNER - I TOOK A PILL IN IBIZA,2
,,THE CHARLATANS - THE ONLY ONE I KNOW,2
,,DE LA SOUL - RING RING RING,2
,,ROBERT PALMER - JOHNNY AND MARY,2
,,LINDA ELYS - HURRY,2
,,PARAMORE - HARD TIMES,2
,,INNA - SUN IS UP,2
,,THE LIBERTINES - MUSTANG,2
,,ELLAS - SEVEN BILLION,2
,,FUSION SQUARE GARDEN - MEITSCHI,2
,,MONET192 - 21 GRAMM,2
,,MONET192 - NIEMALSLAND,2
,,MONET192 - SOSO,2
,,MONET192 - T'ES PAS TOI-MEME,2
,,SAD - 1,2
,,SAINTSENECA - SWEET NOTHING,2
,,FAVEZ - NAKED AND GASOLINED,2
,,FAVEZ - CLOSET ASTRONAUT,2
,,EMPIRE OF THE SUN - ALIVE,2
,,FUTURE ISLANDS - SEASONS,2
,,VOLBEAT - HEAVEN NOR HELL,2
,,MODJO - LADY,2
,,NAUGHTY BOY - RUNNIN',2
,,ARROW BENJAMIN - RUNNIN',2
,,AARON ROWE - TALKING WITH YOU,2
,,SIGMA - NOBODY TO LOVE,2
,,KID ROCK - ALL SUMMER LONG,2
,,GOTYE - SOMEBODY THAT I USED TO KNOW,2
,,KIMBRA - SOMEBODY THAT I USED TO KNOW,2
,,ADRIAN TACCHI - SCHWERELOS,2
,,RIGHEIRA - VAMOS A LA PLAYA,2
,,ALEC BENJAMIN - LET ME DOWN SLOWLY,2
,,ALESSIA CARA - LET ME DOWN SLOWLY,2
,,SUNDARA KARMA - SHE SAID,2
,,MICHAEL SCHULTE - BETTER ME,2
,,R3HAB - BETTER ME,2
,,NICKI MINAJ - SIDE TO SIDE,2
,,TRUMMER - NEON LIECHT MEITSCHI,2
,,TRUMMER - ANYTHING BUT STRAIGHT,2
,,GAMEBOIS - SOULFOOD,2
,,DJ ANTOINE - GLOW,2
,,DJ ANTOINE - MA CHÉRIE,2
,,DJ ANTOINE - LOVED ME ONCE,2
,,DJ ANTOINE - THANK YOU,2
,,MARTIN VAN LECTRO - GLOW,2
,,TAMARA OLORGA - GLOW,2
,,MIMI WEBB - GOOD WITHOUT,2
,,PATRICK BISHOP - GOLDEN,2
,,PATRICK BISHOP - STEPS,2
,,PABLO INFERNAL - HOWLIN' WOLF,2
,,BEBE REXHA - SAY MY NAME,2
,,BEBE REXHA - IN THE NAME OF LOVE,2
,,BEBE REXHA - I'M GOOD,2
,,JENS LEKMAN - WEDDING IN LEIPZIG,2
,,BEN BÖHMER - BEST LIFE,2
,,GAB FERREIRA - LAW OF NATURE,2
,,MIGUEL BALLUMBROSIO - BALLUMBROSIO,2
,,BON IVER - DAY ONE,2
,,LUKE COMBS - ALL OVER AGAIN,2
,,PLEASE MADAME - WHAT KEEPS ME UP,2
,,JONAH - BEST LIFE,2
,,THE PROCLAIMERS - I'M GONNA BE,2
,,THE CARDIGANS - LOVEFOOL,2
,,YELLO - LIMBO,2
,,DUCK SAUCE - BARBRA STREISAND,2
,,PATRICK STUMP - SUMMER DAYS,2
,,THE GASLIGHT ANTHEM - OLD WHITE LINCOLN,2
,,GREEN DAY - BOBBY SOX,2
,,GREEN DAY - KNOW YOUR ENEMY,2
,,DAVEY6000 - 1000MÖNSCHE,2
,,USHER - MORE,2
,,USHER - YOU MAKE ME WANNA,2
,,MILOW - YOU DON'T KNOW,2
,,ANASTACIA - PAID MY DUES,2
,,DAFT PUNK - GET LUCKY,2
,,BRANDI CARLILE - THE STORY,2
,,DEMI LOVATO - SOLO,2
,,EAGLE-EYE CHERRY - SAVE TONIGHT,2
,,AUDRA MAE - ADDICTED TO YOU,2
,,MARPHIL - IN MY DROPTOP,2
,,EDDY GRANT - GIMME HOPE JO'ANNA,2
,,ELIAS BERTINI - WONDERFUL,2
,,COLD BATH - FIRE IN THE JUNGLE,2
,,MERCEE - LET ME LOVE YOU,2
,,MERCEE - SOLITA,2
,,ALOIS - FLOWERS,2
,,ALOIS - AFTER LIFE,2
,,SZA - KILL BILL,2
,,SAM WILLS - I WILL,2
,,SOFIA REYES - CUANDO ESTAS TU,2
,,HERMANN - PLAKAT,2
,,KT GORIQUE - CRY,2
,,EARL SWEATSHIRT - INFATUATION,2
,,LILA IKÉ - FRY PLANTAIN,2
,,SUPERCHUNK - CUE,2
,,ZONDERLING - CRAZY,2
,,LEONA LEWIS - BLEEDING LOVE,2
,,SUGABABES - PUSH THE BUTTON,2
,,MANDO DIAO - DANCE WITH SOMEBODY,2
,,JAN DELAY - DISKO,2
,,COLBIE CAILLAT - FALLIN' FOR YOU,2
,,HUCK FINN - SOFIA,2
,,TAKAGI E KETRA - AMORE E CAPOEIRA,2
,,GIUSY FERRERI - AMORE E CAPOEIRA,2
,,SEAN KINGSTON - AMORE E CAPOEIRA,2
,,ME AND MARIE - SAD SONG TO DANCE,2
,,MARTIN SOLVEIG - HELLO,2
,,DRAGONETTE - HELLO,2
,,ICE SPICE - KARMA,2
,,ANNALISA - DISCO PARADISE,2
,,OUTKAST - HEY YA!,2
,,ADEN FOYER - THE BALLET GIRL,2
,,FAST BOY - BORN AGAIN,2
,,THE VACCINES - POST BREAK-UP SEX,2
,,THE VACCINES - HEARTBREAK KID,2
,,BRADLEY COOPER - SHALLOW,2
,,ALAN WALKER - ALONE,2
,,PINGUINI TATTICI NUCLEARI - RUBAMI LA NOTTE,2
,,REPUBLICA - READY TO GO,2
,,SIMPLE MINDS - ALIVE AND KICKING,2
,,SIMPLE MINDS - SANCTIFY YOURSELF,2
,,SIMPLE MINDS - DON'T YOU,2
,,ALEX HEPBURN - UNDER,2
,,MARLON ROUDETTE - NEW AGE,2
,,MARLON ROUDETTE - WHEN THE BEAT DROPS OUT,2
,,OAK STREET - TSCHEL BLOV,2
,,THE FAIM - ME BECAUSE OF YOU,2
,,KYLAN ROAD - ICE,2
,,MOTHERS PRIDE - OLD ENOUGH TO DIE YOUNG,2
,,PABLO ILL - SHOW ME HOW YOU MOVE,2
,,KADEBOSTANY - MIND IF I STAY,2
,,KADEBOSTANY - CASTLE IN THE SNOW,2
,,YURI - LIMIT,2
,,SENSU - MOONLIGHT LEMONADE,2
,,MURPHY - BANGO TE,2
,,BABASTREET - BANGO TE,2
,,CAMILA KOLLER - WONDERFUL,2
,,MERCHANDISE - YOU SHOT ME DOWN,2
,,DIJON - DAY ONE,2
,,DIJON - YAMAHA,2
,,EVERYTHING IS RECORDED - WEAR & TEAR,2
,,SAMPHA - WEAR & TEAR,2
,,DANIELLE PONDER - WEAR & TEAR,2
,,JAH WOBBLE - WEAR & TEAR,2
,,TYLER - SUGAR ON MY TONGUE,2
,,THE CREATOR - SUGAR ON MY TONGUE,2
,,TRINIDAD CARDONA - DINERO,2
,,FRANCESCO YATES - SUGAR,2
,,ROXY MUSIC - MORE THAN THIS,2
,,THE BOOMTOWN RATS - I DON'T LIKE MONDAYS,2
,,CLEAN BANDIT - ROCKABYE,2
,,CLEAN BANDIT - SOLO,2
,,S'EXPRESS - THEME FROM S'EXPRESS,2
,,BIG SEAN - FEELS,2
,,BOB MARLEY AND THE WAILERS - IS THIS LOVE,2
,,BOB MARLEY AND THE WAILERS - COULD YOU BE LOVED,2
,,BOB MARLEY AND THE WAILERS - WAITING IN VAIN,2
,,ZUCCHERO - BAILA,2
,,ASENDORF - TOO GOOD TO BE ALONE,2
,,ASENDORF - BITTERSWEET,2
,,VANIA SOUSA - BY YOUR SIDE,2
,,LASKAAR - NEVER MET YOU,2
,,LASKAAR - TRAICION,2
,,TACCHI - 1001 NACHT,2
,,TACCHI - SUPERMERCATO,2
,,GLORIA AMELIA - CALL ME,2
,,DARDAN - SOSO,2
,,SONIQUE - IT FEELS SO GOOD,2
,,ASAF AVIDAN AND THE MOJOS - ONE DAY / RECKONING SONG,2
,,DR. DRE - FORGOT ABOUT DRE,2
,,GORILLAZ - CLINT EASTWOOD,2
,,GORILLAZ - FEEL GOOD INC,2
,,SILK SONIC - LEAVE THE DOOR OPEN,2
,,SILK SONIC - SKATE,2
,,THE ROOTS - THE SEED,2
,,DAVID GUETTA FT. JAMIE - SO FAR AWAY,2
,,SUNRISE AVENUE - I HELP YOU HATE ME,2
,,WOMACK AND WOMACK - TEARDROPS,2
,,PASSENGER - LET HER GO,2
,,PASSENGER - ANYWHERE,2
,,WESTLIFE - UPTOWN GIRL,2
,,ANNIE LENNOX - WALKING ON BROKEN GLASS,2
,,GENTLEMAN - SCHÖNER TAG,2
,,LEN SANDER - WOMAN ON THE RUN,2
,,BASEMENT SAINTS - NIGHT OWL,2
,,CURDIN NICOLAY - LAT DA CHAVRA,2
,,THE TEMPER TRAP - FALL TOGETHER,2
,,MIMIKS - MILLION,2
,,PINA PALAU - OUTDOOR GUY,2
,,FEDEZ - DISCO PARADISE,2
,,ARTICOLO 31 - DISCO PARADISE,2
,,ARTICOLO 31 - UNA COSA BENE,2
,,DON HENLEY - THE BOYS OF SUMMER,2
,,NEON TREES - ANIMAL,2
,,THOMAS D - RÜCKENWIND,2
,,NYLA - LIGHT IT UP,2
,,THE TING TINGS - THAT'S NOT MY NAME,2
,,ONE DIRECTION - WHAT MAKES YOU BEAUTIFUL,2
,,WILLOW SAGE HART - COVER ME IN SUNSHINE,2
,,HUEY LEWIS AND THE NEWS - THE POWER OF LOVE,2
,,NIK KERSHAW - WOULDN'T IT BE GOOD,2
,,ELVETT - NO WORDS,2
,,ADRIAN WEYERMANN - ECHO,2
,,LIME - REMAIN,2
,,BLACKBOOK - LOVE IS A CRIME,2
,,ELISA - BIRDS,2
,,DISCO LINES - NO BROKE BOYS,2
,,TINASHE - NO BROKE BOYS,2
,,LA MANO 1.9 - PARISIENNE,2
,,MACHINE GUN KELLY - MISS SUNSHINE,2
,,BADCHIEFF - HEUTE ODER GESTERN,2
,,BAILEY ZIMMERMAN - LOST,2
,,ASIA - HEAT OF THE MOMENT,2
,,GEORGE HARRISON - GOT MY MIND SET ON YOU,2
,,ELVIS PRESLEY - A LITTLE LESS CONVERSATION,2
,,JXL - A LITTLE LESS CONVERSATION,2
,,SHED SEVEN - TALK OF THE TOWN,2
,,COOKIN' ON 3 BURNERS - THIS GIRL,2
,,DEL AMITRI - ALWAYS THE LAST TO KNOW,2
,,BILLIE BIRD - LES DEFERLANTES,2
,,ELLU - WAITING,2
,,MEMOZA - FEELINGS,2
,,LP - LOST ON YOU,2
,,LP - GIRLS GO WILD,2
,,JOHNOSSI - BIG BUCK,2
,,SHERYL CROW - ALL I WANNA DO,2
,,PISO 21 - CUANDO ESTAS TU,2
,,COUNTING CROWS - MR. JONES,2
,,YOA - CHANSON TRISTE,2
,,PULL N WAY - LOOKING AT YOU,2
,,KAUFMANN - LISA,2
,,TRUE - HOLIDAY TICKETS,2
,,WHITE DUPPY - CHASING THE TIME,2
,,BELINDA MYRA - CHASING THE TIME,2
,,JULIAN BROWN - WALLS,2
,,THE YOUNG GODS - BLACKWATER,2
,,YANNICK - CES SOIREES LA,2
,,PINK FLOYD - WISH YOU WERE HERE,2
,,"FUGEES - NO WOMAN, NO CRY",2
,,GWEN STEFANI - SOMEBODY ELSE'S,2
,,KIM WILDE - KIDS IN AMERICA,2
,,M.C. MIKER G - HOLIDAY RAP,2
,,DEEJAY SVEN - HOLIDAY RAP,2
,,ABU - ONE DAY,2
,,AUSTRA - MATH EQUATION,2
,,THE WHITE STRIPES - SEVEN NATION ARMY,2
,,BLOODHOUND GANG - THE BAD TOUCH,2
,,KLANGKARUSSELL - SONNENTANZ,2
,,THE WALLFLOWERS - ONE HEADLIGHT,2
,,UB40 - KINGSTON TOWN,2
,,BLU CANTRELL - BREATHE,2
,,MADCON - DON'T WORRY,2
,,COMA COSE - UNA COSA BENE,2
,,FRANTIC - HERE YOU ARE,2
,,TERENCE TRENT D'ARBY - WISHING WELL,2
,,BILLY RAY CYRUS - OLD TOWN ROAD,2
,,TAKE THAT - BACK FOR GOOD,2
,,CASH CASH - CAN WE PRETEND,2
,,MELANIE C - WHEN YOU'RE GONE,2
,,SALT'N'PEPA - WHATTA MAN,2
,,EN VOGUE - WHATTA MAN,2
,,MYSTERY JETS - BUBBLEGUM,2
,,MOLOKO - THE TIME IS NOW,2
,,NUIT INCOLORE - DEPASSE,2
,,JASON MRAZ - I'M YOURS,2
,,BLUE WEDNESDAY - BIRTHDAY GIRL,2
,,YES - OWNER OF A LONELY HEART,2
,,BLVMENKIND - WANNA GO,2
,,TOM WAVY - WANNA GO,2
,,ALI GATIE - IT'S YOU,2
,,HOWARD JONES - WHAT IS LOVE,2
,,SUGAR - IF I CAN'T CHANGE YOUR MIND,2
,,HOOTIE AND THE BLOWFISH - ONLY WANNA BE WITH YOU,2
,,MARILLION - KAYLEIGH,2
,,VAMPIRE WEEKEND - HARMONY HALL,2
,,VAMPIRE WEEKEND - THIS LIFE,2
,,SCREAM - AQUARIUM,2
,,ERIC ZAYNE - LOVED ME ONCE,2
,,JIMMI THE DEALER - LOVED ME ONCE,2
,,DENNIS LLOYD - ANXIOUS,2
,,REEL 2 REAL - I LIKE TO MOVE IT,2
,,ABSOLUTE BEGINNER - LIEBESLIED,2
,,STAKKA BO - HERE WE GO,2
,,ERIC LUMIERE - THANK YOU,2
,,THE RAMBLING WHEELS - WE ARE ALL HERE,2
,,DRAKE - WHAT'S MY NAME?,2
,,NOTI WÜMIE - DAS ÄSSE,2
,,BAZE - VO NÜT US,2
,,DON WEST - SEND IT BACK,2
,,SHAED - TRAMPOLINE,2
,,NIALL HORAN - HEAVEN,2
,,WALK THE MOON - SHUT UP & DANCE,2
,,MIKKY EKKO - STAY,2
,,CONRAD - FIRESTONE,2
,,OZONE - DRAGOSTEA DIN TEI,2
,,BLACK TROPICS - BLACK TROPICS,2
,,MARK KELLY - ONE FINE DAY,2
,,THE MOCK TURTLES - CAN YOU DIG IT?,2
,,CLARA LUCIANI - LE RESTE,2
,,JULI - DIESES LEBEN,2
,,J. GEILS BAND - CENTERFOLD,2
,,OMI - CHEERLEADER,2
,,ATC - AROUND THE WORLD,2
,,TEN TONNES - COUNTING DOWN,2
,,WALKING ON CARS - SPEEDING CARS,2
,,SAM RYDER - JULY,2
,,MNEK - HEAD & HEART,2
,,ART OF NOISE - KISS,2
,,TOM JONES - KISS,2
,,JOHN WILLIAMS - HARRY POTTER - HEDWIG'S THEME JOHN WILLIAMS,2
,,MATTO RULES - TONIGHT,2
,,"MÄLT - MON AMOUR, MON AMOUR",2
,,FASTBALL - THE WAY,2
,,ALEX PRICE - UNTOLD,2
,,DANA - KALE JUICE,1
,,SHUTTLE - ANXIOUS,1
,,NAOMI LAREINE - STARS GLOW,1
,,JOYA MARLEEN - TIRED OF WAITING,1
,,JOYA MARLEEN - I THINK I'M IN LOVE,1
,,JOYA MARLEEN - NEXT TO YOU,1
,,JOYA MARLEEN - OXYGEN,1
,,JOYA MARLEEN - IT'S BEEN A WHILE,1
,,JOYA MARLEEN - PROFESSIONAL,1
,,BABA SHRIMPS - SUMMER 97,1
,,BABA SHRIMPS - ENDLESSLY,1
,,BABA SHRIMPS - CALLING OUT FOR YOU,1
,,BABA SHRIMPS - WALK A MILE,1
,,HALUNKE - LAS VEGAS SYDNEY KAPSTADT,1
,,HALUNKE - MI TAG,1
,,HALUNKE - BI GENG DA WO DU NID BISCH,1
,,HENRY MOODIE - BEAT UP CAR,1
,,SABRINA CARPENTER - WE ALMOST BROKE UP AGAIN LAST NIGHT,1
,,SABRINA CARPENTER - HOUSE TOUR,1
,,SABRINA CARPENTER - TEARS,1
,,SABRINA CARPENTER - ESPRESSO,1
,,ZÜRI WEST - DR SUMMER ISCH VRBII,1
,,ZÜRI WEST - WINTERHALE,1
,,BRAINCHILD - THE DAY YOU LEAVE,1
,,BRAINCHILD - MORNING LIGHT,1
,,BRAINCHILD - JOANNA,1
,,BRAINCHILD - THERE'S A LIGHT,1
,,BRAINCHILD - LOVING AGAIN,1
,,BRAINCHILD - MUSIC FOR A LIVING,1
,,PABLO NOUVELLE - OH WOULD YOU BE THERE,1
,,PABLO NOUVELLE - NOBODY AS TIGHT,1
,,ALOK - LOVE HAS GONE,1
,,GIL GLAZE - AFTERGLOW,1
,,GIL GLAZE - WANTED,1
,,JOHN BÜRGIN - SOUNDS!MXTP138: INTERNATIONAL SOUND OF NOW - CONNAISSEUR EDITION,1
,,JOHN BÜRGIN - SOUNDS!MXTP135: SWITZERLAND SOUND OF NOW,1
,,JOHN BÜRGIN - SOUNDS!MXTP137: STREETPARADE 2025,1
,,JOHN BÜRGIN - SOUNDS!MXTP139: FUTURE SOUND OF SWANA,1
,,JOHN BÜRGIN - SOUNDS!MXTP126: MIT DJ KOZE IN DER PAMPA,1
,,JOHN BÜRGIN - SOUNDS!MXTP140: SWITZERLAND'S SOUND OF NOW,1
,,JOHN BÜRGIN - SOUNDS!MXTP136: INTERNATIONAL SOUND OF NOW - DAYRAVE EDITION,1
,,CASSANDRA JENKINS - ONLY RELAXATION,1
,,CASSANDRA JENKINS - CLAMS CASINO,1
,,GEORGIA HARMER - EYE OF THE STORM,1
,,STEVE LACY - NICE SHOES,1
,,STEVE LACY - BAD HABIT,1
,,POOL KIDS - LEONA STREET,1
,,RACING MOUNT PLEASANT - RACING MOUNT PLEASANT,1
,,OASIS - THE HINDU TIMES,1
,,OASIS - MARRIED WITH CHILDREN,1
,,OASIS - THE MASTERPLAN,1
,,OASIS - CHAMPAGNE SUPERNOVA,1
,,OASIS - STAND BY ME,1
,,OASIS - ROLL WITH IT,1
,,OASIS - GO LET IT OUT,1
,,OASIS - THE SHOCK OF THE LIGHTNING,1
,,OASIS - HALF THE WORLD AWAY,1
,,OASIS - SUPERSONIC,1
,,YUNEKI - BABY TEETH,1
,,ETHEL CAIN - AMERICAN TEENAGER,1
,,ETHEL CAIN - DUST BOWL,1
,,"ETHEL CAIN - WACO, TEXAS",1
,,"LANA DEL REY - HENRY, COME ON",1
,,LANA DEL REY - BLUEBIRD,1
,,LANA DEL REY - VIDEO GAMES,1
,,HAIM - SUMMER GIRL,1
,,HAIM - TAKE ME BACK,1
,,KAYTRANADA - STILL,1
,,WU-TANG CLAN - C.R.E.A.M.,1
,,WU-TANG CLAN - PROTECT YA NECK,1
,,GHOSTFACE KILLAH - IRON MAN,1
,,GHOSTFACE KILLAH - WINDOWS,1
,,GHOSTFACE KILLAH - THE TRIAL,1
,,GHOSTFACE KILLAH - NUTMEG,1
,,CHANCE THE RAPPER - BLESSINGS,1
,,CHANCE THE RAPPER - NO MORE OLD MEN,1
,,CHANCE THE RAPPER - TREE,1
,,CHANCE THE RAPPER - FAVORITE SONG,1
,,JOEY BADA$$ - FRY PLANTAIN,1
,,JOEY BADA$$ - STILL,1
,,JAMILA WOODS - BLESSINGS,1
,,JAMILA WOODS - NO MORE OLD MEN,1
,,CASS MCCOMBS - PRIESTESS,1
,,CASS MCCOMBS - MISS MABEE,1
,,CASS MCCOMBS - DREAMS-COME-TRUE-GIRL,1
,,ALISON GOLDFRAPP - PLAY IT,1
,,ALISON GOLDFRAPP - ORDINARY DAY,1
,,ALISON GOLDFRAPP - REVERBEROTIC,1
,,ALISON GOLDFRAPP - STRANGE THINGS HAPPEN,1
,,ALISON GOLDFRAPP - SOUND & LIGHT,1
,,ALISON GOLDFRAPP - ULTRASKY,1
,,SAINT-ÉTIENNE - TAKE ME TO THE PILOT,1
,,BLACK HONEY - PSYCHO,1
,,BLACK HONEY - CHARLIE BRONSON,1
,,GOLDFRAPP - TRAIN,1
,,GOLDFRAPP - NUMBER 1,1
,,GOLDFRAPP - OOH LA LA,1
,,GOLDFRAPP - UTOPIA,1
,,TREE HOUSE MILANO - WAKE ME UP,1
,,THE GREAT STOYAN DUO - WHEN YOU LOOK AT ME,1
,,SHELTER 12 - IPHONE 13 MINI,1
,,MAGNOLIA PINK - IPHONE 13 MINI,1
,,DARIUSH - IPHONE 13 MINI,1
,,KLEOPATRA WEIN - ECHOES OF JULY,1
,,ONYX KAYN - I LOVE WHEN I'M NAKED,1
,,ONYX KAYN - OUT OF LINE,1
,,NAVENI - I LOVE WHEN I'M NAKED,1
,,LISA ORIBASI - OSCILLATION,1
,,KINGS ELLIOT - WHAT IF THIS WORLD,1
,,KINGS ELLIOT - COLOUR,1
,,KINGS ELLIOT - 'TIL I DIE,1
,,KINGS ELLIOT - NEVER BE MINE,1
,,DACHS - HALLO MUETER,1
,,ALVA LEAVES - COME AROUND,1
,,ANOTHER ME - COME AROUND,1
,,RITON - FRIDAY,1
,,KYGO - IT AIN'T ME,1
,,KYGO - LOSE SOMEBODY,1
,,ONEREPUBLIC - LOSE SOMEBODY,1
,,ONEREPUBLIC - DIDN'T I,1
,,ONEREPUBLIC - ALL THE RIGHT MOVES,1
,,ONEREPUBLIC - GOOD LIFE,1
,,ONEREPUBLIC - COUNTING STARS,1
,,ONEREPUBLIC - SECRETS,1
,,ONEREPUBLIC - LET'S HURT TONIGHT,1
,,ONEREPUBLIC - APOLOGIZE,1
,,FELIX JAEHN - AIN'T NOBODY,1
,,FELIX JAEHN - BANG BANG,1
,,JASMINE THOMPSON - AIN'T NOBODY,1
,,DUA LIPA - POTION,1
,,DUA LIPA - HOTTER THAN HELL,1
,,DUA LIPA - TRAINING SEASON,1
,,DUA LIPA - WE'RE GOOD,1
,,DUA LIPA - DON'T START NOW,1
,,DUA LIPA - NEW RULES,1
,,DUA LIPA - ILLUSION,1
,,CHURCHHILL - UNIVERSELL,1
,,TRACY CHAPMAN - FAST CAR,1
,,TRACY CHAPMAN - TALKIN' BOUT A REVOLUTION,1
,,PICTURE THIS - SOMEWHERE CLOSE TO HEAVEN,1
,,JOVANOTTI - SABATO,1
,,JOVANOTTI - TUTTO L'AMORE CHE HO,1
,,JOVANOTTI - RAGAZZO FORTUNATO,1
,,JOVANOTTI - SERENATA RAP,1
,,JOVANOTTI - CIAO MAMMA,1
,,CAT BURNS - PEOPLE PLEASER,1
,,STEFANIE HEINZMANN - WOULD YOU STILL LOVE ME,1
,,STEFANIE HEINZMANN - MY MAN IS A MEAN MAN,1
,,STEFANIE HEINZMANN - IN THE END,1
,,STEFANIE HEINZMANN - ON FIRE,1
,,STEFANIE HEINZMANN - BUILD A HOUSE,1
,,STEFANIE HEINZMANN - COLORS,1
,,ESKOBAR - YOU GOT ME,1
,,DON'T KILL THE BEAST - SPOOKY SELF,1
,,RAYE - YOU DON'T KNOW ME,1
,,PEGASUS - LAST NIGHT ON EARTH,1
,,PEGASUS - RISE UP,1
,,PEGASUS - GREATEST SHOW ON EARTH,1
,,PEGASUS - MAN ON MARS,1
,,SHAWN MENDES - IN MY BLOOD,1
,,SHAWN MENDES - WHEN YOU'RE GONE,1
,,SHAWN MENDES - MERCY,1
,,BILLIE EILISH - NO TIME TO DIE,1
,,BILLIE EILISH - GUESS,1
,,BILLIE EILISH - WHEN THE PARTY'S OVER,1
,,STEPHAN EICHER - NE ME DITES PAS NON,1
,,THE WEEKND - STARBOY,1
,,THE WEEKND - LOVE ME HARDER,1
,,THE WEEKND - I FEEL IT COMING,1
,,THE WEEKND - CAN'T FEEL MY FACE,1
,,MANILLIO - MOND,1
,,MILEY CYRUS - MIDNIGHT SKY,1
,,BOB SINCLAR - WORLD HOLD ON,1
,,BOB SINCLAR - LOVE GENERATION,1
,,AVICII - HEY BROTHER,1
,,AVICII - WAKE ME UP,1
,,AVICII - WITHOUT YOU,1
,,AVICII - WAITING FOR LOVE,1
,,50 CENT - AYO TECHNOLOGY,1
,,50 CENT - IN DA CLUB,1
,,JUSTIN TIMBERLAKE - AYO TECHNOLOGY,1
,,JUSTIN TIMBERLAKE - SENORITA,1
,,JUSTIN TIMBERLAKE - WHAT GOES AROUND...COMES AROUND,1
,,JUSTIN TIMBERLAKE - LIKE I LOVE YOU,1
,,JUSTIN TIMBERLAKE - ROCK YOUR BODY,1
,,JUSTIN TIMBERLAKE - SEXYBACK,1
,,JUSTIN TIMBERLAKE - CRY ME A RIVER,1
,,JUSTIN TIMBERLAKE - MY LOVE,1
,,HOZIER - TAKE ME TO CHURCH,1
,,PRINCE - WHEN YOU WERE MINE,1
,,PRINCE - MONEY DON'T MATTER 2 NIGHT,1
,,PRINCE - PURPLE RAIN,1
,,PRINCE - SIGN O' THE TIMES,1
,,PRINCE - LET'S GO CRAZY,1
,,STRESS - HORIZON,1
,,STRESS - BE MY LIGHT,1
,,STRESS - BYE,1
,,AUDREY HOBERT - THIRST TRAP,1
,,MICHAEL PATRICK KELLY - AN ANGEL,1
,,MICHAEL PATRICK KELLY - BLURRY EYES,1
,,REA GARVEY - SOMEWHERE CLOSE TO HEAVEN,1
,,REA GARVEY - IS IT LOVE,1
,,REA GARVEY - HALO,1
,,OFENBACH VS. NICK WATERHOUSE - KATCHI,1
,,ROXETTE - HOW DO YOU DO!,1
,,ROXETTE - LISTEN TO YOUR HEART,1
,,ROXETTE - SLEEPING IN MY CAR,1
,,BAD BUNNY - ALAMBRE PÚA,1
,,ALEX WARREN - CARRY YOU HOME,1
,,NELLY - HOT IN HERRE,1
,,NELLY - DILEMMA,1
,,NELLY - RIDE WITH ME,1
,,DAVID GUETTA - LOVE DON'T LET ME GO,1
,,DAVID GUETTA - CLUB CAN'T HANDLE ME,1
,,DAVID GUETTA - WITHOUT YOU,1
,,DAVID GUETTA - BANG MY HEAD,1
,,WEEZER - SAY IT AIN'T SO,1
,,EURYTHMICS - HERE COMES THE RAIN AGAIN,1
,,EURYTHMICS - SWEET DREAMS,1
,,EURYTHMICS - IT'S ALRIGHT BABY'S COMING BACK,1
,,HECHT - MON AMOUR PUBLIKUMS-CHOR,1
,,HECHT - BRFDLVM?,1
,,HECHT - NUR 1 MINUTE,1
,,HECHT - ITALIA,1
,,HECHT - SOMMERVÖGEL,1
,,HECHT - NIMM MECH I ARM,1
,,MATILDE - FOTO HOT,1
,,KODALINE - BROTHER,1
,,KODALINE - HONEST,1
,,KODALINE - LOVE LIKE THIS,1
,,ANDREAS BOURANI - NUR IN MEINEM KOPF,1
,,CROWDED HOUSE - WEATHER WITH YOU,1
,,CROWDED HOUSE - DON'T DREAM IT'S OVER,1
,,THE WOMBATS - 1996,1
,,ALEXANDRA STAN - MR. SAXOBEAT,1
,,LINKIN PARK - CASTLE OF GLASS,1
,,LINKIN PARK - WHAT I'VE DONE,1
,,LINKIN PARK - NUMB-ENCORE,1
,,LINKIN PARK - NUMB,1
,,LINKIN PARK - BURN IT DOWN,1
,,MICHAEL JACKSON - WANNA BE STARTIN' SOMETHIN',1
,,MICHAEL JACKSON - THRILLER,1
,,MICHAEL JACKSON - BAD,1
,,MICHAEL JACKSON - BEAT IT,1
,,LOLA YOUNG - NOT LIKE THAT ANYMORE,1
,,BRUNO MARS - FINESSE,1
,,BRUNO MARS - 24K MAGIC,1
,,CARDI B - FINESSE,1
,,CARDI B - SOUTH OF THE BORDER,1
,,TIZIANO FERRO - STOP! DIMENTICA,1
,,LO UND LEDUC - CHAPEAU,1
,,LO UND LEDUC - SNOOZE,1
,,LO UND LEDUC - TRIBUT,1
,,LO UND LEDUC - ALL DIE BÜECHER,1
,,LO UND LEDUC - BLESSINGS & BLESSURE,1
,,LO UND LEDUC - MELODIE,1
,,LO UND LEDUC - IM ERSCHTE TRAM,1
,,PANIC! AT THE DISCO - NINE IN THE AFTERNOON,1
,,IGGY POP - CANDY,1
,,IGGY POP - LUST FOR LIFE,1
,,CLUESO - FÜHLT SICH WIE FLIEGEN AN,1
,,ZID - OMG,1
,,HURTS - WONDERFUL LIFE,1
,,JORIS - HERZ ÜBER KOPF,1
,,COLDPLAY - ORPHANS,1
,,COLDPLAY - A SKY FULL OF STARS,1
,,COLDPLAY - YELLOW,1
,,COLDPLAY - ALL MY LOVE,1
,,COLDPLAY - HYMN FOR THE WEEKEND,1
,,COLDPLAY - SOMETHING JUST LIKE THIS,1
,,COLDPLAY - ADVENTURE OF A LIFETIME,1
,,LITTLE SIMZ - LOTUS,1
,,BURNA BOY - CHANGE YOUR MIND,1
,,JANET JACKSON - TOGETHER AGAIN,1
,,THE KILLERS - READ MY MIND,1
,,THE KILLERS - SOMEBODY TOLD ME,1
,,THE KILLERS - MY OWN SOUL'S WARNING,1
,,SHAKIRA - UNDERNEATH YOUR CLOTHES,1
,,SHAKIRA - LA TORTURA,1
,,SHAKIRA - BEAUTIFUL LIAR,1
,,SHAKIRA - OBJECTION TANGO,1
,,SHAKIRA - WHENEVER WHEREVER,1
,,SHAKIRA - DON'T BOTHER,1
,,SHAKIRA - WAKA WAKA,1
,,HEERA - SUNDOWN,1
,,HEERA - YOU AGAIN,1
,,SHINEHEAD - JAMAICAN IN NEW YORK,1
,,MARIUS BEAR - HEART ON YOUR DOORSTEP,1
,,MARIUS BEAR - BLOOD OF MY HEARTBEAT,1
,,MARIUS BEAR - KISS ME IN THE MORNING,1
,,MARIUS BEAR - MY CROWN,1
,,MARIUS BEAR - BOULDERS,1
,,MARIUS BEAR - BOYS DO CRY,1
,,TOM GRENNAN - ALL THESE NIGHTS,1
,,NELLY FURTADO - I'M LIKE A BIRD,1
,,NELLY FURTADO - TURN OFF THE LIGHT,1
,,NELLY FURTADO - BROKEN STRINGS,1
,,NELLY FURTADO - MANEATER,1
,,NELLY FURTADO - MANOS AL AIRE,1
,,LUCA HÄNNI - NIE MEHR ALLEIN,1
,,KATY PERRY - ROAR,1
,,KATY PERRY - CHAINED TO THE RHYTHM,1
,,SNOOP DOGG - STILL DRE,1
,,SNOOP DOGG - THE NEXT EPISODE,1
,,OFENBACH - WASTED LOVE,1
,,R.E.M - STAND,1
,,R.E.M - STRANGE CURRENCIES,1
,,R.E.M - MAN ON THE MOON,1
,,R.E.M - EVERYBODY HURTS,1
,,JAMES BLUNT - COLD,1
,,JAMES BLUNT - YOU'RE BEAUTIFUL,1
,,JAMES BLUNT - HIGH,1
,,JAMES BLUNT - HEART TO HEART,1
,,JAMES BLUNT - BESIDE YOU,1
,,JAMES BLUNT - STAY THE NIGHT,1
,,JAMES BLUNT - 1973,1
,,JAMES BLUNT - OK,1
,,RITA ORA - YOUR SONG,1
,,RITA ORA - LET YOU LOVE ME,1
,,LEWIS CAPALDI - BRUISES,1
,,LEWIS CAPALDI - WISH YOU THE BEST,1
,,FLO RIDA - RIGHT ROUND,1
,,FLO RIDA - CLUB CAN'T HANDLE ME,1
,,KESHA - RIGHT ROUND,1
,,RIANA - HEWEH,1
,,RIANA - SCHÖNSTE FLECK,1
,,RIANA - FRAGMENTS,1
,,RIANA - FÖ EU,1
,,MADONNA - INTO THE GROOVE,1
,,MADONNA - PAPA DON'T PREACH,1
,,MADONNA - HUNG UP,1
,,KING CHARLES - MISSISSIPPI ISABEL,1
,,MUMFORD AND SONS - BELIEVE,1
,,MUMFORD AND SONS - I WILL WAIT,1
,,MUMFORD AND SONS - THE CAVE,1
,,JAMES BAY - EASY DISTRACTION,1
,,JAMES BAY - IF YOU EVER WANT TO BE IN LOVE,1
,,JAMES BAY - HOLD BACK THE RIVER,1
,,MARY J. BLIGE - ONE,1
,,MARY J. BLIGE - NO MORE DRAMA,1
,,MARY J. BLIGE - 911,1
,,MARY J. BLIGE - FAMILY AFFAIR,1
,,MARY J. BLIGE - AS,1
,,U2 - ONE,1
,,U2 - BAD,1
,,U2 - CITY OF BLINDING LIGHTS,1
,,U2 - WHERE THE STREETS HAVE NO NAME,1
,,U2 - WITH OR WITHOUT YOU,1
,,U2 - SWEETEST THING,1
,,U2 - BEAUTIFUL DAY,1
,,U2 - WALK ON,1
,,BELL BARONETS - BLAME IT ON ME,1
,,ED SHEERAN - GALWAY GIRL,1
,,ED SHEERAN - BAM BAM,1
,,ED SHEERAN - I DON'T CARE,1
,,ED SHEERAN - SHAPE OF YOU,1
,,ED SHEERAN - BOA ME,1
,,ED SHEERAN - CASTLE ON THE HILL,1
,,ED SHEERAN - SOUTH OF THE BORDER,1
,,SAM SMITH - LA LA LA,1
,,SAM SMITH - DANCING WITH A STRANGER,1
,,SAM SMITH - TOO GOOD AT GOODBYES,1
,,LENNY KRAVITZ - MR. CAB DRIVER,1
,,LENNY KRAVITZ - I'LL BE WAITING,1
,,LENNY KRAVITZ - WHERE ARE WE RUNNIN',1
,,LENNY KRAVITZ - CALIFORNIA,1
,,QUEEN - I WANT TO BREAK FREE,1
,,JUANES - ME ENAMORA,1
,,LEONY - SIMPLE LIFE,1
,,LEONY - BANG BANG,1
,,TRAVIS - SELFISH JEAN,1
,,TRAVIS - SIDE,1
,,TRAVIS - FLOWERS IN THE WINDOW,1
,,TRAVIS - SING,1
,,TOVE LO - STAY HIGH,1
,,TOVE LO - HEROES,1
,,HIPPIE SABOTAGE - STAY HIGH,1
,,BILLY IDOL - FLESH FOR FANTASY,1
,,ANNA ROSSINELLI - HOLD YOUR HEAD UP,1
,,BACKSTREET BOYS - QUIT PLAYING GAMES,1
,,BACKSTREET BOYS - WE'VE GOT IT GOIN' ON,1
,,BACKSTREET BOYS - SHAPE OF MY HEART,1
,,BACKSTREET BOYS - INCOMPLETE,1
,,BACKSTREET BOYS - AS LONG AS YOU LOVE ME,1
,,BACKSTREET BOYS - JUST WANT YOU TO KNOW,1
,,BACKSTREET BOYS - LARGER THAN LIFE,1
,,BACKSTREET BOYS - I WANT IT THAT WAY,1
,,DAN AUERBACH - TRES HERMANOS,1
,,DERMOT KENNEDY - SOMETHING TO SOMEONE,1
,,DERMOT KENNEDY - OUTNUMBERED,1
,,BASTIAN BAKER - FOLLOW THE WIND,1
,,BASTIAN BAKER - THE WAY IT IS,1
,,BASTIAN BAKER - DIRTY THIRTY,1
,,BASTIAN BAKER - I'D SING FOR YOU,1
,,BASTIAN BAKER - NEVER HITS YOU TWICE,1
,,SOMBR - I WISH I KNEW HOW TO QUIT YOU,1
,,EMINEM - MY NAME IS,1
,,EMINEM - WITHOUT ME,1
,,EMINEM - JUST LOSE IT,1
,,EMINEM - THE MONSTER,1
,,EMINEM - THE REAL SLIM SHADY,1
,,EMINEM - STAN,1
,,MARK FORSTER - AU REVOIR,1
,,BON JOVI - BAD MEDICINE,1
,,BON JOVI - HAVE A NICE DAY,1
,,BON JOVI - WHAT DO YOU GOT?,1
,,EELS - MISTER E'S BEAUTIFUL BLUES,1
,,EELS - MY BELOVED MONSTER,1
,,EELS - HEY MAN,1
,,ALANIS MORISSETTE - THANK U,1
,,ALANIS MORISSETTE - HANDS CLEAN,1
,,CHAPPELL ROAN - PINK PONY CLUB,1
,,PHIL COLLINS - YOU CAN'T HURRY LOVE,1
,,MYLES SMITH - BLINK TWICE,1
,,ZOE ME - SWISS MEDLEY,1
,,BRITNEY SPEARS - TOXIC,1
,,BRITNEY SPEARS - OOPS!... I DID IT AGAIN,1
,,SNAP - THE FIRST THE LAST ETERNITY,1
,,SNAP - THE POWER,1
,,SOPHIE B. HAWKINS - RIGHT BESIDE YOU,1
,,LOVEBUGS - THE REFUSAL,1
,,IMAGINE DRAGONS - WRECKED,1
,,IMAGINE DRAGONS - FOLLOW YOU,1
,,IMAGINE DRAGONS - DEMONS,1
,,IMAGINE DRAGONS - WHATEVER IT TAKES,1
,,IMAGINE DRAGONS - NATURAL,1
,,IMAGINE DRAGONS - THUNDER,1
,,ANA WHITEROSE - BEHIND THE MOON,1
,,JAN SEVEN DETTWYLER - COOL GUY,1
,,JAN SEVEN DETTWYLER - LO & LEDUC - SUNDAY SERVICE,1
,,JAN SEVEN DETTWYLER - MICHAEL PATRICK KELLY - I'M ON FIRE,1
,,JAN SEVEN DETTWYLER - NOAH VERAGUTH - LAY LOW,1
,,JAN SEVEN DETTWYLER - DABU BUCHER - NOMAL SONE NACHT,1
,,JAN SEVEN DETTWYLER - DABU BUCHER - ALINE,1
,,"JAN SEVEN DETTWYLER - DABU BUCHER - CIAO BABY, CIAO",1
,,JAN SEVEN DETTWYLER - JALIL - VIER,1
,,JAN SEVEN DETTWYLER - LO & LEDUC - BLESSINGS UND BLESSURE,1
,,JAN SEVEN DETTWYLER - LO & LEDUC - CHAPEAU,1
,,JAN SEVEN DETTWYLER - PARTYTOWN,1
,,JAN SEVEN DETTWYLER - SUNDAY SERVICE,1
,,JAN SEVEN DETTWYLER - NOBODY WANTS TO DANCE,1
,,JAN SEVEN DETTWYLER - ATTITUDE,1
,,JAN SEVEN DETTWYLER - CHAPEAU,1
,,JAN SEVEN DETTWYLER - SIGN,1
,,JAN SEVEN DETTWYLER - DAFÜR MUSST DU WAS TUN,1
,,JAN SEVEN DETTWYLER - GAME OF LOVE,1
,,JAN SEVEN DETTWYLER - I DON'T GIVE UP,1
,,AL PRIDE - ANOTHER VIBE,1
,,AL PRIDE - VERSUS,1
,,AL PRIDE - LEAF,1
,,AL PRIDE - KALIF ONYA,1
,,MATTIU - MARIA,1
,,VERONICA FUSARO - LIE TO ME,1
,,VERONICA FUSARO - WRECK ME,1
,,VERONICA FUSARO - HOTLINE BLING,1
,,VERONICA FUSARO - SUMMER LIGHTNING,1
,,VERONICA FUSARO - HELLO OLD FRIEND,1
,,VERONICA FUSARO - BETTER IF I GO,1
,,NICK MELLOW - PAPER HEART,1
,,NINA VALOTTI - HEB MI,1
,,THE BIRTHDAY GIRLS - STANDING TALL,1
,,THE BIRTHDAY GIRLS - SO SERIOUS,1
,,DEAN LEWIS - TRUST ME MATE,1
,,STREETS OF ROYA - MOTION,1
,,GRAN NOIR - ON AND ON,1
,,PATENT OCHSNER - W.NUSS VO BÜMPLIZ,1
,,PATENT OCHSNER - VILLECHLANISOLASY,1
,,PATENT OCHSNER - LUDMILLA,1
,,NICKLESS - LET YOU DOWN,1
,,BANANARAMA - VENUS,1
,,AMAYA GLOOR - WALK ALONE,1
,,PRIYA RAGU - KAMALI,1
,,PATRICK HARBOR - WHAT IF I FLY,1
,,PANDA LUX - HONG KONG,1
,,PANDA LUX - THERAPIE,1
,,LINA BUTTON - HOMESICK,1
,,LINA BUTTON - LILLY,1
,,LINA BUTTON - SOMETHING MISSING,1
,,LINA BUTTON - DANCE INTO FREEDOM,1
,,VALENTINO VIVACE - INSIEME,1
,,SOPHIE HUNGER - MAD MILES,1
,,SOPHIE HUNGER - EVERYTHING IS GOOD,1
,,SENS UNIK - ZAK ET LOLY,1
,,GINNY LOON - HAPPY STILL,1
,,OPEN SEASON - BOOMBAY,1
,,LADY GAGA - HOLD MY HAND,1
,,LADY GAGA - BAD ROMANCE,1
,,LADY GAGA - POKER FACE,1
,,ILIRA - FLOWERS,1
,,ILIRA - ROYALTY,1
,,ILIRA - BE MY LIGHT,1
,,ILIRA - TRUMAN SHOW,1
,,ALINA AMURI - MODIFIED VIBRATION,1
,,EDB - BUTTERKUCHEN,1
,,GOODBYE FAIRBANKS - RISE,1
,,DR. MO - LA MI NID LOS,1
,,JAMES GRUNTZ - WO BISCH?,1
,,JAMES GRUNTZ - SPEECHLESS,1
,,JAMES GRUNTZ - OH LOOK AT US,1
,,JAMES GRUNTZ - ALWAYS NEVER,1
,,JAMES GRUNTZ - FREIGHT TRAIN,1
,,THE SOULS - THE CHAIN,1
,,MONOTALES - THE BALLAD OF ANNA LEE,1
,,CRIMER - CARDS,1
,,CRIMER - BOIS CRY,1
,,JEANS FOR JESUS - JEDI BERÜEHRIG,1
,,JEANS FOR JESUS - WOSCH NO CHLI BLIBÄ,1
,,JEANS FOR JESUS - BLATT IM WIND,1
,,ANNA KÄNZIG - BONNIE & CLYDE,1
,,TEED - DESIRE,1
,,FOXWARREN - YVONNE,1
,,WOLF ALICE - MIDNIGHT SONG,1
,,WOLF ALICE - SAFE IN THE WORLD,1
,,WOLF ALICE - PLAY IT OUT,1
,,WOLF ALICE - YUK FOO,1
,,WOLF ALICE - BROS,1
,,WOLF ALICE - PASSENGER SEAT,1
,,WOLF ALICE - LEANING AGAINST THE WALL,1
,,WOLF ALICE - JUST TWO GIRLS,1
,,WOLF ALICE - BLOOM BABY BLOOM,1
,,FLORENCE AND THE MACHINE - YOU'VE GOT THE LOVE,1
,,FLORENCE AND THE MACHINE - SHIP TO WRECK,1
,,FLORENCE AND THE MACHINE - MODERATION,1
,,FLORENCE AND THE MACHINE - DOG DAYS ARE OVER,1
,,ANNA ERHARD - BOTANICAL GARDEN,1
,,ANNA ERHARD - THIS IS IT,1
,,WEDNESDAY - PICK UP THAT KNIFE,1
,,CLIPSE - CHAINS & WHIPS,1
,,KENDRICK LAMAR - CHAINS & WHIPS,1
,,WIRE - HEARTBEAT,1
,,GOOD FLYING BIRDS - FALL AWAY,1
,,WISHY - TRIPLE SEVEN,1
,,WILCO - IMPOSSIBLE GERMANY,1
,,KAREN BLACK - DREAMS-COME-TRUE-GIRL,1
,,HERMANOS GUTIÉRREZ - HERMOSA DRIVE,1
,,HERMANOS GUTIÉRREZ - IT'S ALL IN YOUR MIND,1
,,HERMANOS GUTIÉRREZ - LIVE AM GURTENFESTIVAL 2025,1
,,BELLE - JUDY & THE DREAM OF HORSES,1
,,SEBASTIAN - JUDY & THE DREAM OF HORSES,1
,,QUEENS OF THE STONE AGE - NO ONE KNOWS,1
,,QUEENS OF THE STONE AGE - VILLAINS OF CIRCUMSTANCE,1
,,HEART - BARRACUDA,1
,,NICOLE BERNEGGER - HORIZON,1
,,NICOLE BERNEGGER - ASTRAY,1
,,NICOLE BERNEGGER - FUTURE MEMORIES,1
,,JUSTIN BIEBER - I DON'T CARE,1
,,JUSTIN BIEBER - PEACHES,1
,,JUSTIN BIEBER - COLD WATER,1
,,JUSTIN BIEBER - DEVOTION,1
,,JUSTIN BIEBER - GLORY VOICE MEMO,1
,,JUSTIN BIEBER - THINGS YOU DO,1
,,THE BANGLES - IF SHE KNEW WHAT SHE WANTS,1
,,FRANZ FERDINAND - LOVE ILLUMINATION,1
,,FRANZ FERDINAND - LIVE AM GURTENFESTIVAL 2025,1
,,FRANZ FERDINAND - ULYSSES,1
,,BRAND NEW HEAVIES - DREAM ON DREAMER,1
,,ROBIN SCHULZ - PRAYER IN C,1
,,ROBIN SCHULZ - OK,1
,,JAMIROQUAI - LOVE FOOLOSOPHY,1
,,JAMIROQUAI - SPACE COWBOY,1
,,JAMIROQUAI - TOO YOUNG TO DIE,1
,,RAG'N'BONE MAN - SKIN,1
,,RAG'N'BONE MAN - NIGHTS LIKE THESE,1
,,PITBULL - GIVE ME EVERYTHING,1
,,TALKTALK - SUCH A SHAME,1
,,TALKTALK - IT'S MY LIFE,1
,,RIHANNA - LOVE ON THE BRAIN,1
,,RIHANNA - UMBRELLA,1
,,RIHANNA - THE MONSTER,1
,,RIHANNA - WILD THOUGHTS,1
,,RIHANNA - PON DE REPLAY,1
,,RIHANNA - DON'T STOP THE MUSIC,1
,,RIHANNA - UNFAITHFUL,1
,,RIHANNA - DIAMONDS,1
,,RIHANNA - S.O.S.,1
,,THE FRAY - OVER MY HEAD,1
,,DABU FANTASTIC - LIEBI PASSIERT,1
,,DABU FANTASTIC - DU BISCH SO,1
,,DABU FANTASTIC - FRISCH USEM EI,1
,,DABU FANTASTIC - MORN WIDER,1
,,DABU FANTASTIC - SUNNE,1
,,DABU FANTASTIC - SÜESSI TROPFÄ,1
,,DABU FANTASTIC - JAGGE,1
,,INXS - MYSTIFY,1
,,INXS - ORIGINAL SIN,1
,,INXS - BEAUTIFUL GIRL,1
,,INXS - NEW SENSATION,1
,,INXS - BY MY SIDE,1
,,RUDIMENTAL - NIGHTS LIKE THESE,1
,,DIE ÄRZTE - M&F,1
,,DIE ÄRZTE - MÄNNER SIND SCHWEINE,1
,,GEORGE EZRA - BUDAPEST,1
,,GEORGE EZRA - HOLD MY GIRL,1
,,TEARS FOR FEARS - SOWING THE SEEDS OF LOVE,1
,,CRAZY TOWN - BUTTERFLY,1
,,ELLEY DUHE - MIDDLE OF THE NIGHT,1
,,SIA - CHANDELIER,1
,,SIA - DUSK TILL DAWN,1
,,SIA - BANG MY HEAD,1
,,KUNGS - DON'T YOU KNOW,1
,,MIKA - RELAX TAKE IT EASY,1
,,RED HOT CHILI PEPPERS - MY FRIENDS,1
,,RED HOT CHILI PEPPERS - ROADTRIPPING,1
,,RED HOT CHILI PEPPERS - CAN'T STOP,1
,,RED HOT CHILI PEPPERS - SCAR TISSUE,1
,,RED HOT CHILI PEPPERS - AEROPLANE,1
,,RED HOT CHILI PEPPERS - GIVE IT AWAY,1
,,RED HOT CHILI PEPPERS - THE ADVENTURES OF RAIN DANCE MAGGIE,1
,,RED HOT CHILI PEPPERS - THE ZEPHYR SONG,1
,,CHARLIE PUTH - HOW LONG,1
,,CHARLIE PUTH - SEE YOU AGAIN,1
,,CHARLIE PUTH - ONE CALL AWAY,1
,,FOO FIGHTERS - SOMETHING FROM NOTHING,1
,,FOO FIGHTERS - COLD DAY IN THE SUN,1
,,THE STROKES - LAST NITE,1
,,THE STROKES - ALL THE TIME,1
,,JENNIFER LOPEZ - LET'S GET LOUD,1
,,JENNIFER LOPEZ - AIN'T IT FUNNY,1
,,TALKING HEADS - AND SHE WAS,1
,,TOM GREGORY - SMALL STEPS,1
,,TOM GREGORY - RATHER BE YOU,1
,,TOM GREGORY - NEVER LET ME DOWN,1
,,ALVARO SOLER - EL MISMO SOL,1
,,BIRDY - PEOPLE HELP THE PEOPLE,1
,,BIRDY - LET IT ALL GO,1
,,JAMES ARTHUR - SAY YOU WON'T LET GO,1
,,JAMES ARTHUR - FALLING LIKE THE STARS,1
,,JAMES ARTHUR - EMPTY SPACE,1
,,JAMES ARTHUR - NAKED,1
,,JAMES ARTHUR - EMILY,1
,,SEAN PAUL - SHE DOESN'T MIND,1
,,TLC - NO SCRUBS,1
,,THE 1975 - IT'S NOT LIVING,1
,,BEYONCE - BEAUTIFUL LIAR,1
,,BEYONCE - HYMN FOR THE WEEKEND,1
,,BEYONCE - BONNIE & CLYDE,1
,,THE BLACK EYED PEAS - ROCK THAT BODY,1
,,THE BLACK EYED PEAS - DON'T LIE,1
,,THE BLACK EYED PEAS - WHERE IS THE LOVE,1
,,THE BLACK EYED PEAS - SHUT UP,1
,,LO - SUNDAY SERVICE,1
,,LEDUC - SUNDAY SERVICE,1
,,KELLY ROWLAND - DILEMMA,1
,,JIMMY EAT WORLD - THE MIDDLE,1
,,SHEM THOMAS - FEATHER ON THE WIND,1
,,SHEM THOMAS - MIRACLE,1
,,SHEM THOMAS - SAME BOAT,1
,,PEDESTRIANS - VERSUS,1
,,BIG MOUNTAIN - BABY I LOVE YOUR WAY,1
,,CARL BARAT - RUN WITH THE BOYS,1
,,MACKLEMORE - THRIFT SHOP,1
,,NADA SURF - WHOSE AUTHORITY,1
,,PETER GABRIEL - SLEDGEHAMMER,1
,,BOYS LIKE GIRLS - LOVE DRUNK,1
,,JASON DERULO - WANT TO WANT ME,1
,,FRANK TURNER - LITTLE CHANGES,1
,,FRANK POPP ENSEMBLE - HIP TEENS DON'T WEAR BLUE JEANS,1
,,JARED LEMBO - POETRY,1
,,TAYLOR SWIFT - SHAKE IT OFF,1
,,TAYLOR SWIFT - I DON'T WANNA LIVE FOREVER,1
,,DARIO AND SPINFIRE - SENTIMAINTS,1
,,ANDREA BIGNASCA - A SONG,1
,,STEVANS - CALL ME A LIAR,1
,,STEVANS - GLAMOROUS NIGHTS,1
,,TROUBAS KATER - ALL PUCCINO,1
,,77 BOMBAY STREET - EMPIRE,1
,,STEREO LUCHS - HAGEHOLZ WEST,1
,,STEREO LUCHS - BARKING,1
,,STEREO LUCHS - UFE,1
,,STEREO LUCHS - ZIITREIS,1
,,STEREO LUCHS - BELLEVUE,1
,,IRA MAY - BIGGER PLAN,1
,,BENJAMIN AMARU - HOLD YOU TIGHT,1
,,BENJAMIN AMARU - MAN OF ROBOT,1
,,BENJAMIN AMARU - HEYYY,1
,,BENJAMIN AMARU - DANCING ALONE AGAIN,1
,,BENJAMIN AMARU - SON OF THE DESERT,1
,,GIMS - CIEL,1
,,GIMS - JUSQU'ICI TOUT VA BIEN,1
,,GIMS - TU ME RENDS BÊTE,1
,,LIRICAS ANALAS - LA CLAV,1
,,ZIAN - OLD AGAIN,1
,,ACRAZE - DO IT TO IT,1
,,CHERISH - DO IT TO IT,1
,,KARAVANN - BRING BACK THE FEELING,1
,,NEMO - HIMALAYA,1
,,NEMO - 5I UF DE UHR,1
,,NEMO - KUNSTWÄRCH,1
,,NEMO - CERTIFIED POP QUEEN,1
,,CAROLINE ALVES - TELEPHONE,1
,,CAROLINE ALVES - KEROSENE,1
,,CAROLINE ALVES - BLANK PAGE,1
,,CAROLINE ALVES - MOONLIGHT,1
,,SINPLUS - NOT ALONE,1
,,SIRENS OF LESBOS - CALL ME BACK,1
,,SADBOI - CALL ME BACK,1
,,KABUSA ORIENTAL CHOIR - CALL ME BACK,1
,,CAMILLA SPARKSSS - BACKFLIP,1
,,MJ LENDERMAN - MANNING FIREWORKS,1
,,MJ LENDERMAN - SHE'S LEAVING YOU,1
,,MJ LENDERMAN - WRISTWATCH,1
,,MJ LENDERMAN - KNOCKIN',1
,,DEBBY FRIDAY - BET ON ME,1
,,SKULLCRUSHER - EXHALE,1
,,"THE BETHS - MOTHER, PRAY FOR ME",1
,,THE BETHS - METAL,1
,,LOW GIRL - HANDBRAKE,1
,,OK COOL - LAST,1
,,OK COOL - SAFETY CAR,1
,,OK COOL - SLEDDING,1
,,INDIGO DE SOUZA - NOT AFRAID,1
,,INDIGO DE SOUZA - CRUSH,1
,,INDIGO DE SOUZA - CRYING OVER NOTHING,1
,,INDIGO DE SOUZA - CLEAN IT UP,1
,,INDIGO DE SOUZA - BE MY LOVE,1
,,INDIGO DE SOUZA - KILL ME,1
,,GOLDEN APPLES - MIND,1
,,THE NEW EVES - ASTROLABE,1
,,THE NEW EVES - CIRCLES,1
,,IDLES - DANCER,1
,,IDLES - DOOM,1
,,IDLES - CAR CRASH,1
,,IDLES - MR. MOTIVATOR,1
,,LCD SOUNDSYSTEM - DANCER,1
,,ANIMAL COLLECTIVE - BUDDIES ON THE BLACKBOARD,1
,,PANDA BEAR - PRAISE,1
,,SOFIA KOURTESIS - VAJKOCZY,1
,,DAPHNI - CHERRY,1
,,KY-MANI MARLEY - ALL THIS LOVE,1
,,SEX WEEK - MONEYMAN,1
,,MUSE - STARLIGHT,1
,,MUSE - MADNESS,1
,,MUSE - UNDISCLOSED DESIRES,1
,,MUSE - UPRISING,1
,,MUSE - SUPERMASSIVE BLACK HOLE,1
,,HAZEL BRUGGER - MADE IN SWITZERLAND,1
,,SANDRA STUDER - MADE IN SWITZERLAND,1
,,PETRA MEDE - MADE IN SWITZERLAND,1
,,BRYAN ADAMS - RUN TO YOU,1
,,BRYAN ADAMS - IT'S ONLY LOVE,1
,,BRYAN ADAMS - ROOM SERVICE,1
,,BRYAN ADAMS - OPEN ROAD,1
,,ELIE ZOE - ROSES ON FIRE,1
,,THE FRATELLIS - CHELSEA DAGGER,1
,,MISSY ELLIOTT - GET UR FREAK ON,1
,,MISSY ELLIOTT - ALL N MY GRILL,1
,,CONCRETE BLONDE - JOEY,1
,,KYLIE MINOGUE - PADAM PADAM,1
,,KYLIE MINOGUE - KIDS,1
,,KYLIE MINOGUE - CAN'T GET YOU OUT OF MY HEAD,1
,,JOHN MILES - MUSIC,1
,,SELENA GOMEZ - IT AIN'T ME,1
,,SELENA GOMEZ - LOSE YOU TO LOVE ME,1
,,FREYA RIDINGS - WEEKENDS,1
,,SIMPLY RED - SUNRISE,1
,,SINA - DÄR SOHN VOM PFARRÄR,1
,,PLASTIC BERTRAND - ÇA PLANE POUR MOI,1
,,MICHAEL GRAY - THE WEEKEND,1
,,SUBZONIC - TITELGSCHICHT,1
,,SKIP - SUNNEBLUEME,1
,,LAFA - SUNNEBLUEME,1
,,MARTIN SCHENKEL - DAY OFF,1
,,DOJA CAT - JEALOUS TYPE,1
,,MATTIU DEFUNS - VALLADA,1
,,MATTIU DEFUNS - TI,1
,,KONTRA.CANT - VALLADA,1
,,AY WING - ORANGE DREAMER,1
,,CHUUWEE - ORANGE DREAMER,1
,,SHUKO - ORANGE DREAMER,1
,,DJ BOBO - LET THE DREAM COME TRUE,1
,,DJ BOBO - MY LIFE,1
,,RUMPELSTILZ - TEDDYBÄR,1
,,PET SHOP BOYS - SUBURBIA,1
,,PET SHOP BOYS - GO WEST,1
,,R. CITY - LOCKED AWAY,1
,,ADAM LEVINE - LOCKED AWAY,1
,,TAXI - CAMPARI SODA,1
,,JAKE BUGG - KEEP ON MOVING,1
,,JAKE BUGG - TWO FINGERS,1
,,LIAM PAYNE - STACK IT UP,1
,,A BOOGIE WIT DA HOODIE - STACK IT UP,1
,,NOAH PARKS - KIND,1
,,GJON'S TEARS - PURE,1
,,STING - BRAND NEW DAY,1
,,STING - ALL THIS TIME,1
,,KAISER CHIEFS - RUBY,1
,,INDIA.ARIE - VIDEO,1
,,"PETER TOSH - GET UP, STAND UP",1
,,PETER TOSH - JOHNNY B. GOODE,1
,,CHRIS WILLIS - LOVE DON'T LET ME GO,1
,,SNOW PATROL - CHASING CARS,1
,,SNOW PATROL - SHUT YOUR EYES,1
,,SNOW PATROL - TAKE BACK THE CITY,1
,,SNOW PATROL - JUST SAY YES,1
,,DAVID BOWIE - LET'S DANCE,1
,,DAVID BOWIE - SPACE ODDITY,1
,,MARYNE - DE HAUT,1
,,MARYNE - OVERTHINKING,1
,,LOCO ESCRITO - MY LIFE,1
,,LOCO ESCRITO - CONTIGO,1
,,LOCO ESCRITO - MI SUPERMAN,1
,,LOCO ESCRITO - ESTOY BIEN,1
,,SIVILIAN - THE KID IS ALRIGHT,1
,,ZOE WEES - CONTROL,1
,,ZOE WEES - HOLD ME LIKE YOU USED TO,1
,,PAT BURGENER - OZONE,1
,,PAT BURGENER - MAYBE SOMEDAY,1
,,BOB MARLEY - EXODUS,1
,,BOB MARLEY - I SHOT THE SHERIFF,1
,,ONE LUCKY SPERM - IN THE MOOD,1
,,ONE LUCKY SPERM - 20-HOUR FLIGHT,1
,,TIM FREITAG - BRUISES,1
,,ALVIN ZEALOT - OUT OF THE WINDOW,1
,,BASCHI - BRING EN HEI,1
,,CELLA - CIGARETTE,1
,,PHENOMDEN - 10 SACHE,1
,,MARY MIDDLEFIELD - SUMMER AFFAIR,1
,,ROBBIE WILLIAMS - STRONG,1
,,ROBBIE WILLIAMS - ANGELS,1
,,ROBBIE WILLIAMS - ROCK DJ,1
,,ROBBIE WILLIAMS - KIDS,1
,,ROBBIE WILLIAMS - FEEL,1
,,TOBIAS CARSHEY - BRIDGE OVER TROUBLED WATER,1
,,REMO FORRER - NOT OKAY,1
,,REMO FORRER - WATERGUN,1
,,REMO FORRER - UNDERWATER,1
,,DELILAHS - BRING ME LOVE BACK,1
,,JUNGLE - KEEP MOVING,1
,,KHRUANGBIN - TIME,1
,,KHRUANGBIN - TWO FISH AND AN ELEPHANT,1
,,KHRUANGBIN - WHITE GLOVES,1
,,MALUMMI - CLOVER AND CAMELIA,1
,,FCUKERS - BON BON,1
,,FCUKERS - PLAY ME,1
,,LORDE - MAN OF THE YEAR,1
,,LORDE - MIND LOADED,1
,,SORRY - ECHOES,1
,,HOT CHIP - ELEANOR,1
,,CHARLOTTE GAINSBOURG - VOYAGE,1
,,NOGA EREZ - AYAYAY,1
,,NOGA EREZ - NO NEWS ON TV,1
,,NOGA EREZ - BARK LOUD,1
,,NOGA EREZ - AYAYAY / NOT MY PROBLEM,1
,,NOGA EREZ - KNOCKOUT / P.L.E.A.S.E. ETC.,1
,,NOGA EREZ - VIEWS,1
,,NOGA EREZ - PC PEOPLE / FIRE KITES / BAD HABITS,1
,,NOGA EREZ - A / NAILS,1
,,NOGA EREZ - END OF THE ROAD / DUMB / BLACK FRIDAY,1
,,NOGA EREZ - VANDALIST,1
,,DEFTONES - DEPARTING THE BODY,1
,,DEFTONES - CUT HANDS,1
,,DEFTONES - BACK TO SCHOOL,1
,,DEFTONES - DIGITAL BATH,1
,,DEFTONES - ECDYSIS,1
,,DEFTONES - CHANGE,1
,,DEFTONES - BE QUIET AND DRIVE,1
,,DEFTONES - LOCKED CLUB,1
,,MILITARIE GUN - VERY HIGH,1
,,MOMMA - OHIO ALL THE TIME,1
,,OAKLAND - YOUR EYES,1
,,STACY N.K.R - YOUR EYES,1
,,KALI UCHIS - ALL I CAN SAY,1
,,JAY SOM - SLEEPLESS,1
,,BOMBAY BICYCLE CLUB - ALWAYS LIKE THIS,1
,,BOMBAY BICYCLE CLUB - SLEEPLESS,1
,,JUSTICE - D.A.N.C.E.,1
,,CHARLOTTE DAY WILSON - STILL,1
,,CLEO SOL - SELF,1
,,EL MICHELS AFFAIR - INDIFFERENCE,1
,,EL MICHELS AFFAIR - PROTOCOL,1
,,SHINTARO SAKAMOTO - INDIFFERENCE,1
,,ROGÊ - EXISTE UMA VOZ,1
,,DRUGDEALER - PICTURES OF YOU,1
,,KATE BOLLINGER - PICTURES OF YOU,1
,,THE BLACK KEYS - DOWN TO NOTHING,1
,,THE BLACK KEYS - LITTLE BLACK SUBMARINES,1
,,THE BLACK KEYS - GO,1
,,THE BLACK KEYS - LONELY BOY,1
,,MARVIN GAYE - MERCY MERCY ME,1
,,HERMANOS GUTIERREZ - EL BUENO Y EL MALO,1
,,HERMANOS GUTIERREZ - TRES HERMANOS,1
,,HERMANOS GUTIERREZ - ELEGANTLY WASTED,1
,,SAM HIMSELF - LIKE A FRIEND,1
,,CHARLY JUNA - MEER,1
,,CHARLY JUNA - ARABESQUE,1
,,TOM PETTY - I WON'T BACK DOWN,1
,,THE XX - ON HOLD,1
,,THE XX - I DARE YOU,1
,,THE XX - CRYSTALISED,1
,,CHER - LOVE AND UNDERSTANDING,1
,,THE GARDENER AND THE TREE - WASTELAND,1
,,GEORGE MICHAEL - CARELESS WHISPER,1
,,GEORGE MICHAEL - I KNEW YOU WERE WAITING,1
,,GEORGE MICHAEL - AS,1
,,STEREOPHONICS - MAYBE TOMORROW,1
,,STEREOPHONICS - HAVE A NICE DAY,1
,,STEREOPHONICS - DAKOTA,1
,,AVRIL LAVIGNE - I'M WITH YOU,1
,,AVRIL LAVIGNE - MY HAPPY ENDING,1
,,AVRIL LAVIGNE - DON'T TELL ME,1
,,AC - HIGHWAY TO HELL,1
,,AC - HELLS BELLS,1
,,DC - HIGHWAY TO HELL,1
,,DC - HELLS BELLS,1
,,THE KOLORS - KARMA,1
,,BIFFY CLYRO - BLACK CHANDELIER,1
,,BIFFY CLYRO - A LITTLE LOVE,1
,,BIFFY CLYRO - RE-ARRANGE,1
,,BIFFY CLYRO - BIBLICAL,1
,,ROACHFORD - THIS GENERATION,1
,,JONAS BLUE - MAMA,1
,,JONAS BLUE - PERFECT STRANGERS,1
,,JESS GLYNNE - LOVE HAS GONE,1
,,JESS GLYNNE - RATHER BE,1
,,JESS GLYNNE - HOLD MY HAND,1
,,THE CURE - THE LOVECATS,1
,,THE CURE - WHY CAN'T I BE YOU?,1
,,NEK - CON UN MA E CON UN SE,1
,,THE CLASH - SHOULD I STAY OR SHOULD I GO,1
,,THE CLASH - THE GUNS OF BRIXTON,1
,,AVA MAX - TORN,1
,,AVA MAX - DON'T CLICK PLAY,1
,,PINK - JUST GIVE ME A REASON,1
,,PINK - LADY MARMALADE,1
,,PINK - PLEASE DON'T LEAVE ME,1
,,PINK - FAMILY PORTRAIT,1
,,PINK - WHO KNEW,1
,,PINK - JUST LIKE A PILL,1
,,PINK - DON'T LET ME GET ME,1
,,PINK - SOBER,1
,,PINK - TROUBLE,1
,,POST MALONE - ENOUGH IS ENOUGH,1
,,GAVIN JAMES - GOLDRUSH,1
,,GAVIN JAMES - ALWAYS,1
,,NICKELBACK - HOW YOU REMIND ME,1
,,SMASH MOUTH - WALKING ON THE SUN,1
,,SMASH MOUTH - PACIFIC COAST PARTY,1
,,SIMPLE PLAN - WELCOME TO MY LIFE,1
,,MANU CHAO - CLANDESTINO,1
,,DIE FANTASTISCHEN VIER - DIE DA!?!,1
,,DIE FANTASTISCHEN VIER - MFG,1
,,MAJOR LAZER - COLD WATER,1
,,MO - COLD WATER,1
,,ENRIQUE IGLESIAS - BAILAMOS,1
,,JAY-Z - NUMB-ENCORE,1
,,JAY-Z - IZZO,1
,,JAY-Z - BONNIE & CLYDE,1
,,JAY-Z - 99 PROBLEMS,1
,,ALICIA KEYS - FALLIN',1
,,ALICIA KEYS - GIRL ON FIRE,1
,,ALICIA KEYS - NO ONE,1
,,SUZANNE VEGA - LUKA,1
,,SUZANNE VEGA - BOOK OF DREAMS,1
,,SUZANNE VEGA - WHEN HEROES GO DOWN,1
,,ANGELE - BALANCE TON QUOI,1
,,MAROON 5 - MOVES LIKE JAGGER,1
,,MAROON 5 - THIS LOVE,1
,,MAROON 5 - PRICELESS,1
,,MAROON 5 - BEAUTIFUL MISTAKES,1
,,MAROON 5 - SUGAR,1
,,MAROON 5 - MEMORIES,1
,,MAROON 5 - WHAT LOVERS DO,1
,,WIZ KHALIFA - SEE YOU AGAIN,1
,,PABLOPOLAR - PLAYGROUND COMMITMENT RULES,1
,,PABLOPOLAR - PART OF EVERYTHING,1
,,MILUNE - TORN,1
,,DADA ANTE PORTAS - LAST DANCE,1
,,"TOBIAS JENSEN - BATTLES, BATTLES",1
,,TOBIAS JENSEN - YOUNG LOVE,1
,,BLUR - TO THE END,1
,,BLUR - CHARMLESS MAN,1
,,BLUR - THERE'S NO OTHER WAY,1
,,BLUR - BARBARIC,1
,,ANAND WILDER - SELKIE BRIDE,1
,,ANAND WILDER - MOLLY'S SONG,1
,,KOJEY RADICAL - PARTY GALORE,1
,,FLOCK OF DIMES - LONG AFTER MIDNIGHT,1
,,"WYE OAK - THE LOUDER I CALL, THE FASTER IT RUNS",1
,,ROCHELLE JORDAN - TTW,1
,,TAME IMPALA - THE LESS I KNOW THE BETTER,1
,,TAME IMPALA - LOST IN YESTERDAY,1
,,TAME IMPALA - TURN UP THE SUNSHINE,1
,,TAME IMPALA - ELEPHANT,1
,,STILL BLANK - AIN'T QUITE RIGHT,1
,,FOLK BITCH TRIO - MOTH SONG,1
,,FOLK BITCH TRIO - THE ACTOR,1
,,SAY SHE SHE - UNDER THE SUN,1
,,CAST - POISON VINE,1
,,P.P. ARNOLD - POISON VINE,1
,,ARTHUR RUSSELL - THAT'S US/WILD COMBINATION,1
,,FRANK OCEAN - PINK WHITE,1
,,FRANK OCEAN - THINKIN BOUT YOU,1
,,LEILA - COPY PASTE,1
,,LEILA - COPYPASTE,1
,,FETTES BROT - JEIN,1
,,AMY WINEHOUSE - REHAB,1
,,AMY WINEHOUSE - BACK TO BLACK,1
,,AMY WINEHOUSE - YOU KNOW I'M NO GOOD,1
,,CRASH TEST DUMMIES - MMM MMM MMM MMM,1
,,ASDIS - ANGEL EYES,1
,,ASDIS - FLASHBACK,1
,,IKAN HYU - JAAWS,1
,,IKAN HYU - FRINGY FRINGY,1
,,IKAN HYU - SUPERNOVA,1
,,THE SCRIPT - HALL OF FAME,1
,,TEXAS - IN OUR LIFETIME,1
,,TEXAS - I DON'T WANT A LOVER,1
,,TEXAS - INNER SMILE,1
,,MARC ALMOND - THE DAYS OF PEARLY SPENCER,1
,,WARREN G - WHAT'S LOVE GOT TO DO WITH IT,1
,,YOKKO - RIVER,1
,,YOKKO - WONDERING HEIGHTS,1
,,TATE MCRAE - GREEDY,1
,,TATE MCRAE - YOU BROKE ME FIRST,1
,,EVE - LET ME BLOW YA MIND,1
,,BRUCE SPRINGSTEEN - WAITIN' ON A SUNNY DAY,1
,,BRUCE SPRINGSTEEN - FURTHER ON UP THE ROAD,1
,,BRUCE SPRINGSTEEN - I'LL STAND BY YOU,1
,,TINA TURNER - GOLDENEYE,1
,,TINA TURNER - IT'S ONLY LOVE,1
,,LILY ALLEN - SMILE,1
,,STEFF LA CHEFFE - GLADIOLE,1
,,STEFF LA CHEFFE - WO BISCH?,1
,,STEFF LA CHEFFE - ORION,1
,,STEFF LA CHEFFE - CHRIEG I DIM CHOPF,1
,,STEFF LA CHEFFE - SÜESSI TROPFÄ,1
,,COLLECTIVE SOUL - SHINE,1
,,NATE RUESS - JUST GIVE ME A REASON,1
,,CALVIN HARRIS - POTION,1
,,CALVIN HARRIS - HOW DEEP IS YOUR LOVE,1
,,CALVIN HARRIS - BLAME,1
,,YOUNG THUG - POTION,1
,,YOUNG THUG - HAVANA,1
,,CHRISTINA AGUILERA - MOVES LIKE JAGGER,1
,,CHRISTINA AGUILERA - LADY MARMALADE,1
,,CHRISTINA AGUILERA - AIN'T NO OTHER MAN,1
,,CHRISTINA AGUILERA - BEAUTIFUL,1
,,CHRISTINA AGUILERA - THE VOICE WITHIN,1
,,BASTILLE - THINGS WE LOST IN THE FIRE,1
,,LIAM GALLAGHER - FOR WHAT IT'S WORTH,1
,,DESTINY'S CHILD - THE GIRL IS MINE,1
,,DESTINY'S CHILD - INDEPENDENT WOMEN,1
,,DESTINY'S CHILD - BOOTYLICIOUS,1
,,DESTINY'S CHILD - SAY MY NAME,1
,,ONE NIGHT ONLY - JUST FOR TONIGHT,1
,,FAITHLESS - GOD IS A DJ,1
,,FAITHLESS - INSOMNIA,1
,,ARIANA GRANDE - LOVE ME HARDER,1
,,ARIANA GRANDE - SAVE YOUR TEARS,1
,,IRON MAIDEN - RUN TO THE HILLS,1
,,IRON MAIDEN - THE TROOPER,1
,,LIZZO - SPECIAL,1
,,LIZZO - JUICE,1
,,POLICE - SO LONELY,1
,,POLICE - EVERY BREATH YOU TAKE,1
,,POLICE - WALKING ON THE MOON,1
,,NOTHING BUT THIEVES - TRIP SWITCH,1
,,NOTHING BUT THIEVES - OVERCOME,1
,,NEIL DIAMOND - SWEET CAROLINE,1
,,DAMIAN LYNN - WAIT,1
,,DAMIAN LYNN - LET THE CHIPS FALL,1
,,DAMIAN LYNN - GO!,1
,,DAMIAN LYNN - SHOW MY LOVE TO YOU,1
,,DAMIAN LYNN - FLOWERS,1
,,DAMIAN LYNN - WHAT IS IT,1
,,DIRTY VEGAS - WALK INTO THE SUN,1
,,TOTO - STOP LOVING YOU,1
,,ILSEY - NO CALIFORNIA,1
,,LONG TALL JEFFERSON - ASTRONAUT,1
,,LONG TALL JEFFERSON - STAY A LITTLE LONGER,1
,,TAKE ME HOME - MY HOME AWAY FROM HOME,1
,,TA'SHAN - THIS TIME,1
,,PILAR VEGA - TOKIMOKI,1
,,FUSE ODG - BOA ME,1
,,MOONRAISERS - THAT PLACE,1
,,LIL WAYNE - TREE,1
,,JP COOPER - PERFECT STRANGERS,1
,,JP COOPER - SEPTEMBER SONG,1
,,INHALER - YOUR HOUSE,1
,,BLOOD ORANGE - THE FIELD,1
,,BLOOD ORANGE - MIND LOADED,1
,,BLOOD ORANGE - COUNTRYSIDE,1
,,THE DURUTTI COLUMN - THE FIELD,1
,,TARIQ AL-SABIR - THE FIELD,1
,,CAROLINE POLACHEK - THE FIELD,1
,,CAROLINE POLACHEK - MIND LOADED,1
,,DANIEL CAESAR - THE FIELD,1
,,DANIEL CAESAR - PEACHES,1
,,BASEMENT JAXX - MY TURN,1
,,LIGHTSPEED CHAMPION - MY TURN,1
,,NIGHTBUS - ANGLES MORTZ,1
,,NATASCHA POLKE - GHOST,1
,,ELIAS RØNNENFELT - USA BABY,1
,,ICEAGE - VENDETTA,1
,,SPOON - DO YOU,1
,,SPOON - CHATEAU BLUES,1
,,SPOON - WILD,1
,,M.O.P - ANTE UP REMIX,1
,,MAC DEMARCO - PHANTOM,1
,,MAC DEMARCO - CHAMBER OF REFLECTION,1
,,MAC DEMARCO - HOLY,1
,,MAC DEMARCO - MY KIND OF WOMAN,1
,,MADI DIAZ - FEEL SOMETHING,1
,,MADI DIAZ - AMBIVALENCE,1
,,FIME - BURNING THE CANDLE,1
,,DAVID BYRNE - EVERYBODY LAUGHS,1
,,GHOST TRAIN ORCHESTRA - EVERYBODY LAUGHS,1
,,BELLE AND SEBASTIAN - THE STARS OF TRACK & FIELD,1
,,CMAT - THE JAMIE OLIVER PETROL STATION,1
,,BRIGHT EYES - DYSLEXIC PALINDROME,1
,,BRIGHT EYES - MARIANA TRENCH,1
,,HURRAY FOR THE RIFF RAFF - DYSLEXIC PALINDROME,1
,,HURRAY FOR THE RIFF RAFF - HAWKMOON,1
,,FANCLUBWALLET - NEW DISTRACTION,1
,,JEHNNY BETH - OBSESSION,1
,,JEHNNY BETH - BROKEN RIB,1
,,MY BLOODY VALENTINE - WHEN YOU SLEEP,1
,,ESMERALDA GALDA - WAHNSINN,1
,,NOMUEL - YOU & I,1
,,NOMUEL - EXIT DOOR,1
,,ZECK - YOU & I,1
,,GARBAGE - CHINESE FIRE HORSE,1
,,GARBAGE - ONLY HAPPY WHEN IT RAINS,1
,,ROYAL BLOOD - I ONLY LIE WHEN I LOVE YOU,1
,,ROYAL BLOOD - TROUBLE'S COMING,1
,,THE LIGHTNING SEEDS - PURE,1
,,KELLY CLARKSON - SINCE U BEEN GONE,1
,,ALEJANDRO SANZ - LA TORTURA,1
,,MANIC STREET PREACHERS - DECLINE AND FALL,1
,,MANIC STREET PREACHERS - NINA PERSSON - YOUR LOVE ALONE IS NOT ENOUGH,1
,,MANIC STREET PREACHERS - AUTUMNSONG,1
,,MANIC STREET PREACHERS - YOUR LOVE ALONE IS NOT ENOUGH,1
,,TWO DOOR CINEMA CLUB - SLEEP ALONE,1
,,JESSIE J - PRICE TAG,1
,,JESSIE J - DOMINO,1
,,CAMILA CABELLO - BAM BAM,1
,,CAMILA CABELLO - HAVANA,1
,,CAMILA CABELLO - SOUTH OF THE BORDER,1
,,KWABS - WALK,1
,,GUNS N' ROSES - NOVEMBER RAIN,1
,,GUNS N' ROSES - KNOCKIN' ON HEAVEN'S DOOR,1
,,SHABOOZEY - CHANGE YOUR MIND,1
,,SHABOOZEY - BLINK TWICE,1
,,DASHA - LIKE IT LIKE THAT,1
,,SHANIA TWAIN - THAT DON'T IMPRESS ME MUCH,1
,,JAMES MORRISON - BROKEN STRINGS,1
,,JAMES MORRISON - I WON'T LET YOU GO,1
,,MIA AEGERTER - HIE U JETZT,1
,,LUUT UND TÜÜTLI - EINZIGARTIG,1
,,THE STREETS - FIT BUT YOU KNOW IT,1
,,YAZOO - NOBODY'S DIARY,1
,,ADELE - EASY ON ME,1
,,ADELE - SKYFALL,1
,,ADELE - WATER UNDER THE BRIDGE,1
,,ADELE - OH MY GOD,1
,,ADELE - HELLO,1
,,ADELE - SET FIRE TO THE RAIN,1
,,WHITNEY HOUSTON - HOW WILL I KNOW,1
,,ZZ TOP - GIMME ALL YOUR LOVIN',1
,,SIDO - AU REVOIR,1
,,SIDO - TAUSEND TATTOOS,1
,,SIDO - BILDER IM KOPF,1
,,THE STRANGLERS - ALWAYS THE SUN,1
,,THE STRANGLERS - SKIN DEEP,1
,,DANITSA - LET GO,1
,,DANITSA - BACHATA,1
,,SHAGGY - IT WASN'T ME,1
,,BLINK-182 - I MISS YOU,1
,,BLINK-182 - ALL THE SMALL THINGS,1
,,KEANE - BEND AND BREAK,1
,,KEANE - EVERYBODY'S CHANGING,1
,,FINE YOUNG CANNIBALS - GOOD THING,1
,,FINE YOUNG CANNIBALS - SHE DRIVES ME CRAZY,1
,,JONAS BROTHERS - X,1
,,JONAS BROTHERS - SUCKER,1
,,KAROL G - X,1
,,HALSEY - WITHOUT ME,1
,,HALSEY - CLOSER,1
,,FEMI LUNA - QUIET AS THE MOON,1
,,DODO - 1 STUND,1
,,NATIV - LOS,1
,,NATIV - BUTTERFLÖIGÄ,1
,,NATIV - WO ICH HERCHUME,1
,,ALICE MERTON - RUN AWAY GIRL,1
,,ALICE MERTON - NO ROOTS,1
,,LEVIN - THIS IS ME,1
,,SANTANA - SMOOTH,1
,,WYCLEF JEAN - 911,1
,,SOFT LOFT - DORM,1
,,SOFT LOFT - LEAVE THE LIGHT ON,1
,,SOFT LOFT - LATE,1
,,SOFT LOFT - THE PARTY AND THE MESS,1
,,SOFT LOFT - PAPER PLANE,1
,,SOFT LOFT - OHM,1
,,SOFT LOFT - OPEN HOUSE,1
,,TAY OSKEE - OZONE,1
,,ODDBOX - OZONE,1
,,CELINE HALES - HOLD ON,1
,,BRANDAO - DERFI DI HEBE,1
,,BRANDAO - WÄGE DEM,1
,,FABER - DERFI DI HEBE,1
,,FABER - WÄGE DEM,1
,,HUNGER - DERFI DI HEBE,1
,,HUNGER - WÄGE DEM,1
,,ADAM LAMBERT - WHATAYA WANT FROM ME,1
,,SIOUXSIE AND THE BANSHEES - THE PASSENGER,1
,,CLOCKCLOCK - SORRY,1
,,RADIOHEAD - A WOLF AT THE DOOR,1
,,RADIOHEAD - SCATTERBRAIN,1
,,RADIOHEAD - MYXOMATOSIS,1
,,RADIOHEAD - I WILL,1
,,"RADIOHEAD - THERE, THERE",1
,,RADIOHEAD - THE GLOAMING,1
,,RADIOHEAD - WE SUCK YOUNG BLOOD,1
,,RADIOHEAD - WHERE I END AND YOU BEGIN,1
,,RADIOHEAD - GO TO SLEEP,1
,,RADIOHEAD - SAIL TO THE MOON,1
,,RADIOHEAD - SIT DOWN. STAND UP,1
,,A-HA - FOREVER NOT YOURS,1
,,HUNTR - HOW IT'S DONE,1
,,HUNTR - WHAT IT SOUNDS LIKE,1
,,X - HOW IT'S DONE,1
,,X - WHAT IT SOUNDS LIKE,1
,,EJAE - HOW IT'S DONE,1
,,EJAE - WHAT IT SOUNDS LIKE,1
,,AUDREY NUNA - HOW IT'S DONE,1
,,AUDREY NUNA - WHAT IT SOUNDS LIKE,1
,,REI AMI - HOW IT'S DONE,1
,,REI AMI - WHAT IT SOUNDS LIKE,1
,,KPOP DEMON HUNTERS CAST - HOW IT'S DONE,1
,,KPOP DEMON HUNTERS CAST - WHAT IT SOUNDS LIKE,1
,,LORD HURON - BAG OF BONES,1
,,ZARTMANN - WIE DU MANCHMAL FEHLST,1
,,WILL.I.AM - HALL OF FAME,1
,,NICKY JAM AND ENRIQUE IGLESIAS - EL PERDON,1
,,APACHE 207 - KOMET,1
,,ALLE FARBEN - FROM DISCO TO DISCO,1
,,ALLE FARBEN - SHE MOVES FAR AWAY,1
,,ALLE FARBEN - BUILD A HOUSE,1
,,MAJESTIC - FROM DISCO TO DISCO,1
,,BLONDIE - HEART OF GLASS,1
,,BLONDIE - THE TIDE IS HIGH,1
,,TAJ MAHAL - BETTER THAN EVER,1
,,KEB' MO' - BETTER THAN EVER,1
,,WENDY MOTEN - BETTER THAN EVER,1
,,DEE DEE BRIDGEWATER - TRY A LITTLE TENDERNESS,1
,,ALPHAVILLE - BIG IN JAPAN,1
,,NATALIA LAFOURCADE - AMOR CLANDESTINO,1
,,NATALIA LAFOURCADE - COCOS EN LA PLAYA,1
,,STROMAE - PAPAOUTAI,1
,,STROMAE - ALORS ON DANSE,1
,,STROMAE - FORMIDABLE,1
,,TAGUA TAGUA - PRA TRÁS,1
,,DOTAN - THERE WILL BE A WAY,1
,,DOTAN - NUMB,1
,,ZOÉ BASHA - COME FIND ME LONESOME,1
,,ZOÉ BASHA - GAMBLE,1
,,NONONO - PUMPIN BLOOD,1
,,ADINA HOWARD - WHAT'S LOVE GOT TO DO WITH IT,1
,,ELIJAH - DO GOOD IN LIFE,1
,,ELIJAH - GIB MER MEH,1
,,FRANK POWERS - VERSUS,1
,,SCHWELLHEIM - MUSIK FÜR DI,1
,,BIBI VAPLAN - MILLI BELS GUOTTINS,1
,,AEROTIQUE - DON'T SAY NO,1
,,SNOOK - TERZ ISTORGIA,1
,,WE INVENTED PARIS - SPACE,1
,,KOOLKID - WANTED,1
,,THE ANTLERS - CARNAGE,1
,,ORIGINAL KOFFEE - KOFFEE,1
,,THE JESUS AND MARY CHAIN - HAPPY WHEN IT RAINS,1
,,SUEDE - BEAUTIFUL ONES,1
,,SUEDE - DANCING WITH THE EUROPEANS,1
,,SOULWAX - RUN FREE,1
,,SOULWAX - NEW EARTH TIME,1
,,BAXTER DURY - SCHADENFREUDE,1
,,CORY HANSON - I LOVE PEOPLE,1
,,CORY HANSON - JOKER,1
,,CORY HANSON - LOU REED,1
,,LOU REED - WALK ON THE WILD SIDE,1
,,HARRY NILSSON - I GUESS THE LORD MUST BE IN NEW YORK CITY,1
,,FAR CASPIAN - FIRST DAY,1
,,ARCTIC MONKEYS - MARDY BUM,1
,,ARCTIC MONKEYS - BLACK TREACLE,1
,,ARCTIC MONKEYS - FLUORESCENT ADOLESCENT,1
,,VANCE JOY - RIPTIDE,1
,,MAX HERRE - FÜHLT SICH WIE FLIEGEN AN,1
,,CRO - FÜHLT SICH WIE FLIEGEN AN,1
,,THE KOOKS - SHE MOVES IN HER OWN WAY,1
,,BLUEBOY - REMEMBER ME,1
,,HOOSIERS - BUMPY RIDE,1
,,HOOSIERS - GOODBYE MR.A,1
,,HOOSIERS - WORRIED ABOUT RAY,1
,,AMERICAN AUTHORS - BEST DAY OF MY LIFE,1
,,JOHN NEWMAN - LOVE ME AGAIN,1
,,JOHN NEWMAN - BLAME,1
,,OF MONSTERS AND MEN - MOUNTAIN SOUND,1
,,OF MONSTERS AND MEN - ORDINARY CREATURE,1
,,GOSSIP - PERFECT WORLD,1
,,MASSIVE ATTACK - BE THANKFUL FOR WHAT YOU'VE GOT,1
,,MASSIVE ATTACK - PROTECTION,1
,,MASSIVE ATTACK - KARMACOMA,1
,,DEPECHE MODE - PEOPLE ARE PEOPLE,1
,,DEPECHE MODE - POLICY OF TRUTH,1
,,DEPECHE MODE - PRECIOUS,1
,,DEPECHE MODE - JUST CAN'T GET ENOUGH,1
,,DEPECHE MODE - IT'S NO GOOD,1
,,THE CHARLATANS - NORTH COUNTRY BOY,1
,,LIL KIM - LADY MARMALADE,1
,,"SPORTFREUNDE STILLER - APPLAUS, APPLAUS",1
,,DE LA SOUL - ALL GOOD,1
,,DE LA SOUL - FEEL GOOD INC,1
,,DE LA SOUL - ME MYSELF AND I,1
,,ROBERT PALMER - ADDICTED TO LOVE,1
,,LINDA ELYS - HOMECOMING,1
,,PARAMORE - MISERY BUSINESS,1
,,JOY CROOKES - SOMEBODY TO YOU,1
,,JOY CROOKES - FEET DON'T FAIL ME NOW,1
,,CRAIG DAVID - WHAT'S YOUR FLAVA,1
,,CRAIG DAVID - RE-REWIND,1
,,CRAIG DAVID - SEVEN DAYS,1
,,BARON.E - SEMANTIQUE,1
,,NNAVY - REHAB,1
,,FUSION SQUARE GARDEN - VAGABONDO,1
,,VILLAGERS - SO SIMPATICO,1
,,NATION OF LANGUAGE - I'M NOT READY FOR THE CHANGE,1
,,POLIÇA - DREAMS GO,1
,,FLOORBROTHERS - DO THE DANCE DANCE,1
,,FORMER CHAMP - PORCELAIN,1
,,MITSKI - MY LOVE MINE ALL MINE,1
,,PATTI SMITH - REDONDO BEACH,1
,,PATTI SMITH - BECAUSE THE NIGHT,1
,,THE VELVET UNDERGROUND - SUNDAY MORNING,1
,,NICO - SUNDAY MORNING,1
,,ZISKA STAUBLI - PROGRESS NOT PERFECTION,1
,,WIDOWSPEAK - MONEY,1
,,LUCE - DRIED UP,1
,,FONTAINES D.C - BUG,1
,,FONTAINES D.C - STARBURSTER,1
,,ORBITAL - HALCYON ON ON,1
,,SAINT ETIENNE - TAKE ME TO THE PILOT,1
,,THE VERVE - LUCKY MAN,1
,,THE REMBRANDTS - I'LL BE THERE FOR YOU,1
,,THE REMBRANDTS - SHAKESPEARE'S TRAGEDY,1
,,NEW ORDER - BLUE MONDAY,1
,,NEW ORDER - REGRET,1
,,SKUNK ANANSIE - HEDONISM,1
,,EMMA STEINBAKKEN - THIS ONE'S ON ME,1
,,EMPIRE OF THE SUN - WE ARE THE PEOPLE,1
,,NATASHA BEDINGFIELD - THESE WORDS,1
,,GOO GOO DOLLS - IRIS,1
,,FUTURE ISLANDS - THE TOWER,1
,,INSPIRAL CARPETS - SATURN 5,1
,,FLEETWOOD MAC - LITTLE LIES,1
,,FLEETWOOD MAC - DREAMS,1
,,FLEETWOOD MAC - HOLD ME,1
,,NAUGHTY BOY - LA LA LA,1
,,NATHANIEL RATELIFF AND THE NIGHT SWEATS - HEARTLESS,1
,,NATHANIEL RATELIFF AND THE NIGHT SWEATS - S.O.B.,1
,,CYNDI LAUPER - I DROVE ALL NIGHT,1
,,STARSHIP - NOTHING'S GONNA STOP US NOW,1
,,THE FARM - ALL TOGETHER NOW,1
,,DISCIPLES - HOW DEEP IS YOUR LOVE,1
,,ALESSIA CARA - SCARS TO YOUR BEAUTIFUL,1
,,JUAN LUIS GUERRA - LA BILIRRUBINA,1
,,PETER BJORN AND JOHN - YOUNG FOLKS,1
,,STRAY KIDS - LALALALA,1
,,EVERYTHING BUT THE GIRL - MISSING,1
,,SKI AGGU - WIE DU MANCHMAL FEHLST,1
,,R3HAB - ALL AROUND THE WORLD,1
,,YOLANDA BE COOL - HACIA LA NOCHE,1
,,NICKI MINAJ - STARSHIPS,1
,,THE FEELING - TURN IT UP,1
,,PABLO INFERNAL - SIMPLE THINGS,1
,,PABLO INFERNAL - THE DOCTOR,1
,,BUMBLEBEES - DREAM FOREVER,1
,,DANIEL FABREGA - THROUGH THE NIGHT,1
,,"JENS LEKMAN - HOW WE MET, THE LONG VERSION",1
,,TEETHE - HOLY WATER,1
,,GORDI - CUTTING ROOM FLOOR,1
,,BEN BÖHMER - HIDING,1
,,BEN BÖHMER - BEYOND BELIEFS,1
,,LYKKE LI - HIDING,1
,,LYKKE LI - I FOLLOW RIVERS,1
,,AMAARAE - S.M.O.,1
,,ADA LEA - BABY BLUE FRIGIDAIRE MINI FRIDGE,1
,,LUCY DACUS - MORE THAN FRIENDS,1
,,LUCY DACUS - BUS BACK TO RICHMOND,1
,,LUCY DACUS - BEST GUESS,1
,,KINGS OF LEON - SUPERSOAKER,1
,,KINGS OF LEON - BOWERY,1
,,KINGS OF LEON - WASTE A MOMENT,1
,,KINGS OF LEON - SEX ON FIRE,1
,,KINGS OF LEON - REVEREND,1
,,ZACH BRYAN - BOWERY,1
,,ZACH BRYAN - BOYS OF FAITH,1
,,BON IVER - BOYS OF FAITH,1
,,WESTSIDE COWBOY - DRUNK SURFER,1
,,BABYBIRD - YOU'RE GORGEOUS,1
,,MASSIVEDRUM - HACIA LA NOCHE,1
,,LOUD LUXURY - BODY,1
,,BRANDO - BODY,1
,,MIKE AND THE MECHANICS - EVERYBODY GETS A SECOND CHANCE,1
,,MIKE AND THE MECHANICS - ALL I NEED IS A MIRACLE,1
,,END - TIE YOUR NATION TO THE RADIATION MACHINE,1
,,YELLO - VICIOUS GAMES,1
,,AALIYAH - TRY AGAIN,1
,,AALIYAH - MORE THAN A WOMAN,1
,,PRETENDERS - DON'T GET ME WRONG,1
,,ROGER SANCHEZ - ANOTHER CHANCE,1
,,99 SOULS - THE GIRL IS MINE,1
,,BRANDY - THE GIRL IS MINE,1
,,JACK JOHNSON - YOU AND YOUR HEART,1
,,JACK JOHNSON - UPSIDE DOWN,1
,,TIESTO - THE BUSINESS,1
,,CALUM SCOTT - IF YOU EVER CHANGE YOUR MIND,1
,,BILL MEDLEY - THE TIME OF MY LIFE,1
,,JENNIFER WARNES - THE TIME OF MY LIFE,1
,,MC SOLAAR - ALL N MY GRILL,1
,,MC SOLAAR - CAROLINE,1
,,GREEN DAY - BASKET CASE,1
,,GREEN DAY - HOLIDAY,1
,,GREEN DAY - WAKE ME UP WHEN SEPTEMBER ENDS,1
,,GREEN DAY - BOULEVARD OF BROKEN DREAMS,1
,,BRANDON FLOWERS - CROSSFIRE,1
,,USHER - DJ GOT US FALLIN' IN LOVE,1
,,USHER - WITHOUT YOU,1
,,USHER - YEAH,1
,,PAT BENATAR - LOVE IS A BATTLEFIELD,1
,,PAT BENATAR - WE BELONG,1
,,MILOW - HOUSE ON FIRE,1
,,MILOW - AYO TECHNOLOGY,1
,,INCUBUS - LOVE HURTS,1
,,INCUBUS - DRIVE,1
,,ANASTACIA - I'M OUTTA LOVE,1
,,ANASTACIA - LEFT OUTSIDE ALONE,1
,,ANASTACIA - NOT THAT KIND,1
,,DAFT PUNK - STARBOY,1
,,DAFT PUNK - AROUND THE WORLD,1
,,DAFT PUNK - ONE MORE TIME,1
,,DAFT PUNK - I FEEL IT COMING,1
,,ARETHA FRANKLIN - I KNEW YOU WERE WAITING,1
,,LUIS FONSI - ECHAME LA CULPA,1
,,DEMI LOVATO - ECHAME LA CULPA,1
,,DEEE-LITE - GROOVE IS IN THE HEART,1
,,JAX JONES - YOU DON'T KNOW ME,1
,,CORAL - IN THE MORNING,1
,,THE HUMAN LEAGUE - DON'T YOU WANT ME,1
,,RANDY NEWMAN - YOU'VE GOT A FRIEND IN ME,1
,,MC HAMMER - U CAN'T TOUCH THIS,1
,,RODRIGO AMARANTE - TUYO,1
,,BONAPARTE - MELODY X,1
,,SZA - SPECIAL,1
,,SZA - WHAT LOVERS DO,1
,,LANDRO - HOLUNDERBLÜETESIRUP,1
,,KT GORIQUE - MOONLIGHT,1
,,KT GORIQUE - SINGULIER,1
,,SEKTION KUCHIKÄSCHTLI - I HAN,1
,,WINTER - JUST LIKE A FLOWER,1
,,BATBAIT - BOYS CLUB,1
,,MASTODON - COLONY OF BIRCHMEN,1
,,KING HÜSKY - DON'T LET IT BRING YOU DOWN,1
,,NOURISHED BY TIME - 9 2 5,1
,,TEYANA TAYLOR - FIRE GIRL,1
,,EARL SWEATSHIRT - GAMMA,1
,,LILA IKÉ - SCATTER,1
,,TOPS - ICU2,1
,,JAMES YORKSTON - LOVE THAT TREE,1
,,NINA PERSSON - LOVE THAT TREE,1
,,NINA PERSSON - YOUR LOVE ALONE IS NOT ENOUGH,1
,,DEAN JOHNSON - BEFORE YOU HIT THE GROUND,1
,,ROYEL OTIS - SHE'S GOT A GUN,1
,,ROYEL OTIS - SOFA KING,1
,,SPLENDID - WÄGEM GELD,1
,,JIREEN - SUPERCOOL,1
,,LEONARD MAVI - ALL THESE FEELINGS,1
,,VERSEAU BELLEPIERRE - AQUARIUM,1
,,SUPERWEAK - SUNNY ALL THE TIME,1
,,PEARL JAM - EVEN FLOW,1
,,PEARL JAM - JUST BREATHE,1
,,JURASSIC 5 - WHAT'S GOLDEN,1
,,FLORENCIA YUNIS - NADIE COMO TU,1
,,ERIC CLAPTON - TEARS IN HEAVEN,1
,,ERIC CLAPTON - LAYLA,1
,,THE GO-BETWEENS - STREETS OF YOUR TOWN,1
,,ZARA LARSSON - MEMORY LANE,1
,,ZARA LARSSON - SYMPHONY,1
,,ZARA LARSSON - CRUSH,1
,,ZARA LARSSON - UNCOVER,1
,,ZARA LARSSON - LUSH LIFE,1
,,GLASS ANIMALS - HEAT WAVES,1
,,GLASS ANIMALS - VAMPIRE BAT,1
,,NIGHTCRAWLERS - FRIDAY,1
,,MUFASA - FRIDAY,1
,,HYPEMAN - FRIDAY,1
,,SUGABABES - ROUND ROUND,1
,,SUGABABES - OVERLOAD,1
,,SUGABABES - HOLE IN THE HEAD,1
,,NAS - IF I RULED THE WORLD,1
,,LAURYN HILL - IF I RULED THE WORLD,1
,,LAURYN HILL - DOO WOP,1
,,MANDO DIAO - BLACK SATURDAY,1
,,MANDO DIAO - DOWN IN THE PAST,1
,,ALOE BLACC - GREATEST SHOW ON EARTH,1
,,ALOE BLACC - WAKE ME UP,1
,,ALOE BLACC - I NEED A DOLLAR,1
,,METRO STATION - SHAKE IT,1
,,HADDAWAY - WHAT IS LOVE,1
,,JAN DELAY - EULE,1
,,PUDDLE OF MUD - SHE HATES ME,1
,,HUCK FINN - RIGHT TIME,1
,,HUCK FINN - LOSE CONTROL,1
,,YES I'M VERY TIRED NOW - BRING BACK THE SUN,1
,,PRONTO - UFE,1
,,NE-YO - GIVE ME EVERYTHING,1
,,AFROJACK - GIVE ME EVERYTHING,1
,,NAYER - GIVE ME EVERYTHING,1
,,THE NOTORIOUS B.I.G - HYPNOTIZE,1
,,TECHNOTRONIC - PUMP UP THE JAM,1
,,BENNY BENASSI - SATISFACTION,1
,,SUPERTRAMP - BREAKFAST IN AMERICA,1
,,SUPERTRAMP - GIVE A LITTLE BIT,1
,,SUPERTRAMP - IT'S RAINING AGAIN,1
,,FRENCH MONTANA - UNFORGETTABLE,1
,,SWAE LEE - UNFORGETTABLE,1
,,LUTRICIA MCNEAL - AIN'T THAT JUST THE WAY,1
,,ICONA POP - I LOVE IT,1
,,CHARLI XCX - I LOVE IT,1
,,CHARLI XCX - GUESS,1
,,THE CHAINSMOKERS - CLOSER,1
,,THE CHAINSMOKERS - SOMETHING JUST LIKE THIS,1
,,TY DOLLA SIGN - WORK FROM HOME,1
,,OUTKAST - MS. JACKSON,1
,,SMOKE CITY - UNDERWATER LOVE,1
,,ADEN FOYER - HELLO RADIO,1
,,CREED - RAIN,1
,,DURAN DURAN - A VIEW TO A KILL,1
,,DURAN DURAN - WILD BOYS,1
,,DURAN DURAN - THE REFLEX,1
,,ALAN WALKER - FADED,1
,,MOTHERS PRIDE - NO BIG DEAL,1
,,SENSU - OUTSPOKEN,1
,,SENSU - LISTEN,1
,,PHILIPP ALBRECHT - FRÜNDIN,1
,,BRANDHÄRD - NOOCHBRAND,1
,,JAKUB ONDRA - BEATS THE POISON OUT OF YOU,1
,,WESTERMAN - ADRIATIC,1
,,RISE AGAINST - SATELLITE,1
,,RISE AGAINST - I WANT IT ALL,1
,,RISE AGAINST - NOD,1
,,RISE AGAINST - GIVE IT ALL,1
,,ALGERNON CADWALLADER - HAWK,1
,,JOYCE MANOR - ALL MY FRIENDS ARE SO DEPRESSED,1
,,THE CRIBS - SUMMER SEIZURES,1
,,THE CRIBS - MOVING PICTURES,1
,,WOLFMOTHER - WOMAN,1
,,WOLFMOTHER - JOKER AND THE THIEF,1
,,SYLVIE KREUSCH - SWEET LOVE,1
,,DIJON - AUTOMATIC,1
,,DIJON - BABY!,1
,,DIJON - DEVOTION,1
,,DJ PREMIER - ARMANI SECTION,1
,,DJ PREMIER - TRAVEL FOX,1
,,ROC MARCIANO - ARMANI SECTION,1
,,ROC MARCIANO - TRAVEL FOX,1
,,GANG STARR - FULL CLIP,1
,,BLACK THOUGHT - PROTOCOL,1
,,SON LITTLE - PROTOCOL,1
,,JID FT. CLIPSE - COMMUNITY,1
,,JID FT. CIARA - SK8,1
,,EARTHGANG - SK8,1
,,CLIPSE FT. JOHN LEGEND - THE BIRDS DON'T SING,1
,,VOICES OF FIRE - THE BIRDS DON'T SING,1
,,CLIPSE FT. KENDRICK LAMAR - CHAINS & WHIPS,1
,,SMINO - TREE,1
,,CHILDISH GAMBINO - FAVORITE SONG,1
,,TYLER - RING RING RING,1
,,THE CREATOR - RING RING RING,1
,,ENA VERA - FRUITS OF THE DAY,1
,,YET TO FIND - INTO THE BLUE,1
,,ROXY MUSIC - OVER YOU,1
,,BJÖRK - BIG TIME SENSUALITY,1
,,THE RASMUS - IN THE SHADOWS,1
,,PALOMA FAITH - NEW YORK,1
,,KLINGANDE - JUBEL,1
,,LISA - PRICELESS,1
,,JACK SAVORETTI - HOME,1
,,STARSAILOR - FOUR TO THE FLOOR,1
,,WOODKID - I LOVE YOU,1
,,CLEAN BANDIT - SYMPHONY,1
,,CLEAN BANDIT - RATHER BE,1
,,EMELI SANDÉ - NEXT TO ME,1
,,EMELI SANDÉ - READ ALL ABOUT IT,1
,,MICHAEL FRANTI AND SPEARHEAD - HEY HEY HEY,1
,,BOB MARLEY AND THE WAILERS - BUFFALO SOLDIER,1
,,MIGHTY OAKS - BROTHER,1
,,INNER CIRCLE - BAD BOYS,1
,,ELLA HENDERSON - GHOST,1
,,B.O.B - PRICE TAG,1
,,B.O.B - AIRPLANES,1
,,MR. PROBZ - WAVES,1
,,MEGAN THEE STALLION - BEAUTIFUL MISTAKES,1
,,THE TWO ROMANS - SKY'S ON FIRE,1
,,LASKAAR - SOLO,1
,,SALT-N-PEPA - PUSH IT,1
,,SALT-N-PEPA - LET'S TALK ABOUT SEX,1
,,KNÄCK - MY SHARONA,1
,,THOMPSON TWINS - DON'T MESS WITH DOCTOR DREAM,1
,,DR. DRE - CALIFORNIA LOVE,1
,,DR. DRE - STILL DRE,1
,,DR. DRE - THE NEXT EPISODE,1
,,CHAD KROEGER - HERO,1
,,JOSEY SCOTT - HERO,1
,,2PAC - CHANGES,1
,,2PAC - CALIFORNIA LOVE,1
,,SEXION D'ASSAUT - DESOLE,1
,,OZZY OSBOURNE - CRAZY TRAIN,1
,,OZZY OSBOURNE - DREAMER,1
,,3 DOORS DOWN - KRYPTONITE,1
,,3 DOORS DOWN - HERE WITHOUT YOU,1
,,SHAKRA - SOMETHING YOU DON'T UNDERSTAND,1
,,MATT SIMONS - CATCH & RELEASE,1
,,THE ROOTS - I DON'T CARE,1
,,THE ROOTS - HOW I GOT OVER,1
,,PASSENGER - HELL OR HIGH WATER,1
,,GIANT ROOKS - SOMEBODY LIKE YOU,1
,,GENTLEMAN - IT NO PRETTY,1
,,GENTLEMAN - DIFFERENT PLACES,1
,,LEN SANDER - ANOTHER MAN,1
,,CHIEN BLEU - J'AIME LE FEU,1
,,SKOR - I DE SCHWIIZ,1
,,A TOUCH OF CLASS - ALL AROUND THE WORLD,1
,,DUCKS LTD - HOLLOWED OUT,1
,,YVES TUMOR - WE DON'T COUNT,1
,,NINA - WE DON'T COUNT,1
,,A TRIBE CALLED QUEST - CHECK THE RHIME,1
,,ZAHO DE SAGAZAN - LA SYMPHONIE DES ÉCLAIRS,1
,,ZAHO DE SAGAZAN - LA SYMPHONIE DES ECLAIRS,1
,,ZAHO DE SAGAZAN - TRISTESSE,1
,,THE WAR ON DRUGS - HARMONIA'S DREAM,1
,,THE WAR ON DRUGS - HOLDING ON,1
,,NEKO CASE - WRECK,1
,,NEKO CASE - WINCHESTER MANSION OF SOUND,1
,,BIG THIEF - GRANDMOTHER,1
,,BIG THIEF - LOS ANGELES,1
,,BIG THIEF - VAMPIRE EMPIRE,1
,,LARAAJI - GRANDMOTHER,1
,,CUT COPY - STILL SEE LOVE,1
,,MATCHBOX TWENTY - 3 AM,1
,,ARTICOLO 31 - DOMANI,1
,,JOE JACKSON - STEPPIN' OUT,1
,,US3 - CANTALOOP,1
,,ZAYN - DUSK TILL DAWN,1
,,ZAYN - I DON'T WANNA LIVE FOREVER,1
,,ZAYN - TRAMPOLINE,1
,,DUFFY - MERCY,1
,,MADS LANGER - YOU'RE NOT ALONE,1
,,BEN HARPER - WITH MY OWN TWO HANDS,1
,,BEN HARPER - STEAL MY KISSES,1
,,SEEED - DICKES B,1
,,SEEED - AUFSTEHN!,1
,,JOHN LEGEND - LOVE ME NOW,1
,,JOHN LEGEND - ALL OF ME,1
,,JOHN LEGEND - P.D.A.,1
,,SPICE GIRLS - WANNABE,1
,,SPICE GIRLS - SAY YOU'LL BE THERE,1
,,EL PROFESOR - BELLA CIAO,1
,,SKEE-LO - I WISH,1
,,JOAN - FLOWERS,1
,,ADRIAN WEYERMANN - CRYING JOHN,1
,,CHELAN - NOSE BLEED,1
,,SARA DIAMOND - NOSE BLEED,1
,,FUN LOVIN' CRIMINALS - SCOOBY SNACKS,1
,,MEGHAN TRAINOR - LIPS ARE MOVIN,1
,,CAMEO - WORD UP,1
,,DJ KHALED - WILD THOUGHTS,1
,,BRYSON TILLER - WILD THOUGHTS,1
,,SUM 41 - IN TOO DEEP,1
,,THIRTY SECONDS TO MARS - KINGS AND QUEENS,1
,,THIRTY SECONDS TO MARS - WALK ON WATER,1
,,LEVKA - ICH BRAUCHE DICH,1
,,MELDAY - CALM DOWN,1
,,MYKEL COSTA - CALM DOWN,1
,,ALTA - LOVE HAS GONE,1
,,ROBERT FALCON - LOVE HAS GONE,1
,,CHAKA KHAN - ALL GOOD,1
,,ABBA - GIMME! GIMME! GIMME!,1
,,ARLO PARKS - CAROLINE,1
,,ARLO PARKS - TOO GOOD,1
,,KAREN LANO - SEULE DANS LA DANSE,1
,,KAREN LANO - FEMME NATURE,1
,,POIRIER - AGUA ORO,1
,,RAMON CHICHARRON - AGUA ORO,1
,,SOFFIE - FÜR IMMER FRÜHLING,1
,,FREDDY FAADA - TABLES WILL TURN,1
,,FREDDY FAADA - GOLDEN CAGES,1
,,GLOW - MR. BROWN,1
,,CORNERSHOP - BRIMFUL OF ASHA,1
,,JULDEM - IN ANOTHER LIFE,1
,,JULDEM - ROOTS OF TREE,1
,,MOES ANTHILL - STRANGE MOOD,1
,,LE ROI ANGUS - TOUT CA,1
,,SINA LARK - EVERYTHING I WANT TO BE,1
,,RODRY-GO! - MI SUPERMAN,1
,,ALT-J - LEFT HAND FREE,1
,,WHITE TOWN - YOUR WOMAN,1
,,TRAUFFER - ÄNGLISCHI BRÜÜNI,1
,,PAULA ENGELS - ICH NEHM DIE SONNE MIT,1
,,SHERYL CROW - IF IT MAKES YOU HAPPY,1
,,JULIA MESTRE - SOU FERA,1
,,JULIA MESTRE - VENENO DA SERPENTE,1
,,LEA KAMPMANN - TELJI UPP Í HUNDRAÐ,1
,,MARO - FOREVER & EVER,1
,,MARO - JUST WANNA FORGET YOU,1
,,NASAYA - FOREVER & EVER,1
,,FOALS - MY NUMBER,1
,,ALUNE WADE - VOODOO CHILD,1
,,ALUNE WADE - WATERMELON MAN,1
,,IMPERIEUX - FENA,1
,,KING PRINCESS - GIRLS,1
,,SPIDERGAWD - SANDS OF TIME,1
,,SPIDERGAWD - THE GRAND SLAM,1
,,THE YOUNG GODS - HEY AMOUR,1
,,THE YOUNG GODS - APPEAR DISAPPEAR,1
,,DELETEROLF - USED TO BE,1
,,GIANNI BRINI - CRY FOR GUYS,1
,,WIR SIND HELDEN - AURELIE,1
,,ANDREAS JOHNSON - GLORIOUS,1
,,KASABIAN - YOU'RE IN LOVE WITH A PSYCHO,1
,,KASABIAN - LSF,1
,,KASABIAN - GOODBYE KISS,1
,,FUGEES - KILLING ME SOFTLY,1
,,DANIEL MERRIWEATHER - IMPOSSIBLE,1
,,KATE PIERSON - CANDY,1
,,DEZABEL - MOVE,1
,,SOULSISTER - THE WAY TO YOUR HEART,1
,,MAGIC! - RUDE,1
,,GWEN STEFANI - LET ME BLOW YA MIND,1
,,GWEN STEFANI - THE SWEET ESCAPE,1
,,DIE TOTEN HOSEN - TAGE WIE DIESE,1
,,DIE TOTEN HOSEN - ALTES FIEBER,1
,,DIE TOTEN HOSEN - HIER KOMMT ALEX,1
,,LILLY WOOD AND THE PRICK - PRAYER IN C,1
,,VILLE VALO - SUMMER WINE,1
,,NATALIA AVELON - SUMMER WINE,1
,,ELLA ON THE RUN - WALK AWAY,1
,,RAMZ - BARKING,1
,,MELTING STEINE - GLIDE,1
,,AUSTRA - HOME,1
,,RUNO PLUM - SICKNESS,1
,,BEA1991 - SAFE GROUND,1
,,BEA1991 - CUTECUMBER,1
,,GEESE - 100 HORSES,1
,,GEESE - TAXES,1
,,FOUSHEÉ - WAR,1
,,DIVORCE - CHIP,1
,,DIVORCE - EAT MY WORDS,1
,,OFFSET - BODIES,1
,,OFFSET - SET IT OFF,1
,,JID - BODIES,1
,,JOEY BADASS - FRY PLANTAIN,1
,,RAEKWON - THE TRIAL,1
,,METHOD MAN - THE TRIAL,1
,,GZA - THE TRIAL,1
,,REEK DA VILLIAN - THE TRIAL,1
,,PILLS - THE TRIAL,1
,,RZA - NUTMEG,1
,,BUSTA RHYMES - ANTE UP REMIX,1
,,TEFLON - ANTE UP REMIX,1
,,REMY MARTIN - ANTE UP REMIX,1
,,OLIVER SIM - OBSESSION,1
,,SAYBIA - THE DAY AFTER TOMORROW,1
,,ATHLETE - HALF LIGHT,1
,,ASH - SHINING LIGHT,1
,,LIMP BIZKIT - BEHIND BLUE EYES,1
,,LIMP BIZKIT - TAKE A LOOK AROUND,1
,,HOUSE OF PAIN - JUMP AROUND,1
,,ASHLEE SIMPSON - PIECES OF ME,1
,,REGARD - PIECE OF ME,1
,,MICHELLE BRANCH - EVERYWHERE,1
,,UB40 - RED RED WINE,1
,,PHOENIX - EVERYTHING IS EVERYTHING,1
,,PHOENIX - TONIGHT,1
,,HAYLEY WILLIAMS - AIRPLANES,1
,,HAYLEY WILLIAMS - KILL ME,1
,,HAYLEY WILLIAMS - MIRTAZAPINE,1
,,MADCON - BEGGIN',1
,,ULTRA NATÉ - FREE,1
,,TAWARA - HORIZON,1
,,LAGIQUE - WASTED LOVE,1
,,ENDOR - PUMP IT UP,1
,,SAVAGES - SHUT UP,1
,,DEATH CAB FOR CUTIE - CROOKED TEETH,1
,,DEATH CAB FOR CUTIE - I WILL FOLLOW YOU INTO THE DARK,1
,,FRED AGAIN - VICTORY LAP,1
,,SKEPTA - VICTORY LAP,1
,,PLAQUEBOYMAX - VICTORY LAP,1
,,GUEDRA GUEDRA - PARADIGM,1
,,GYAKIE - PARTY GALORE,1
,,TIWA SAVAGE - 10%,1
,,ALABAMA SHAKES - ANOTHER LIFE,1
,,ALABAMA SHAKES - HOLD ON,1
,,MUSTAFA - MIND LOADED,1
,,EVA TOLKIN - COUNTRYSIDE,1
,,IAN ISIAH - COUNTRYSIDE,1
,,YO LA TENGO - APOLOGY LETTER,1
,,THE BEACHES - TOUCH MYSELF,1
,,THE HIVES - THEY CAN'T HEAR THE MUSIC,1
,,ANIKK - TAKE THIS AS RED,1
,,TERENCE TRENT D'ARBY - SIGN YOUR NAME,1
,,FRITZ KALKBRENNER - BACK HOME,1
,,SUPERGRASS - ALRIGHT,1
,,MELANIE C - NEVER BE THE SAME AGAIN,1
,,MELANIE C - I TURN TO YOU,1
,,LISA LEFT EYE LOPEZ - NEVER BE THE SAME AGAIN,1
,,KATE NASH - FOUNDATIONS,1
,,MOLOKO - SING IT BACK,1
,,DESIRELESS - VOYAGE VOYAGE,1
,,MUGEEZ - BOA ME,1
,,RHODES - LET IT ALL GO,1
,,MOBY - WHY DOES MY HEART FEEL SO BAD,1
,,BLÜMCHEN - BOOMERANG,1
,,PHOEBE BRIDGERS - THE NIGHT WE MET,1
,,NINA CHUBA - FUCKED UP FEAT. MAKKO,1
,,NINA CHUBA - FUCKED UP,1
,,MAKKO - FUCKED UP FEAT. MAKKO,1
,,MAKKO - FUCKED UP,1
,,ALIOCHA SCHNEIDER - AVANT ELLE,1
,,SUNNAN - CANNOT GET ENOUGH,1
,,SUNNAN - SUNSHINE,1
,,SUNNAN - CAN'T FIND LOVE,1
,,SUNNAN - THE SOUND,1
,,ORSONS - OLIVEN,1
,,GENESIS - JESUS HE KNOWS ME,1
,,GENESIS - LAND OF CONFUSION,1
,,GRAHAM CANDY - SHE MOVES FAR AWAY,1
,,PINK BUTTER - ALRIGHT,1
,,PINK BUTTER - CAN WE GO BACK,1
,,PINK BUTTER - MADE FOR ME,1
,,BEARD SCIENCE - ARK RAIDERS,1
,,NENEH CHERRY - MANCHILD,1
,,"10,000 MANIACS - CANDY EVERYBODY WANTS",1
,,GARY PINE - LOVE GENERATION,1
,,ROBERTA FLACK - FEEL LIKE MAKIN' LOVE,1
,,HAINAN - LO SIENTO,1
,,SPAGNA - EASY LADY,1
,,KLAIN KAROO - DON'T TALK,1
,,LIVING HOUR - WAITER,1
,,WET LEG - TOO LATE NOW,1
,,WET LEG - MANGETOUT,1
,,TYGAPAW - PRESSURE,1
,,TITANIC - GOTERA,1
,,MERZBOW - WOODPECKER NO. 2,1
,,FORSISSIES - BBBITCHES,1
,,NALA SINEPHRO - SPACE 5,1
,,REA - AMATERASU DWELLS IN MOON,1
,,BEAKS - BITE ME,1
,,JIM WHITE - MARKETPLACE,1
,,CHRIS IMLER - THE INTERNET WILL BREAK MY HEART,1
,,GRRL - POWER STATION,1
,,MADE OF OAK - POWER STATION,1
,,KASSIE KRUT - RECKLESS,1
,,AMYL AND THE SNIFFERS - FREAKS TO THE FRONT,1
,,FUGAZI - LOCKDOWN,1
,,COILGUNS - NIGHTSHIFTER,1
,,RED SPIDER LILLIES - NOTHING ELSE MATTERS,1
,,RED SPIDER LILLIES - DON'T LOOK BACK IN ANGER,1
,,RED SPIDER LILLIES - CREEP,1
,,CHRIS CORNELL - YOU KNOW MY NAME,1
,,FAITH NO MORE - EASY,1
,,KAJ - BARA BADA BASTU,1
,,THE SHAPESHIFTERS - LOLA'S THEME,1
,,WHITESNAKE - HERE I GO AGAIN,1
,,TAL BACHMAN - SHE'S SO HIGH,1
,,SAINT MOTEL - MY TYPE,1
,,EROS RAMAZZOTTI - SE BASTASSE UNA CANZONE,1
,,NACIM - BYE,1
,,JEAN MICHEL JARRE - OXYGENE 4,1
,,THE B-52'S - LOVE SHACK,1
,,DAVID GUETTA REMIX - MY UNIVERSE,1
,,UDO LINDENBERG - KOMET,1
,,VAMPIRE WEEKEND - MARY BOONE,1
,,THE CORDS - I'M NOT SAD,1
,,FALLE NIOKE - SAY SAY SAY,1
,,SHAME - SPARTAK,1
,,FOXYGEN - SAN FRANCISCO,1
,,LEITH ROSS - STAY,1
,,MK.GEE - ALESIS,1
,,MK.GEE - BREAKTHESPELL,1
,,ECHO - BRING ON THE DANCING HORSES,1
,,THE BUNNYMEN - BRING ON THE DANCING HORSES,1
,,ANNIE - CHEWING GUM,1
,,CRISTINA HART - THANK YOU FOR LEAVING,1
,,VERNISAGE - BLESSINGS & BLESSURE,1
,,Z THE FRESHMAN - BLESSINGS & BLESSURE,1
,,AEROSMITH - I DON'T WANT TO MISS A THING,1
,,BELLINI - SAMBA DE JANEIRO,1
,,BRONSKI BEAT - SMALLTOWN BOY,1
,,ALMA - CHASING HIGHS,1
,,SWEDISH HOUSE MAFIA - DON'T YOU WORRY CHILD,1
,,TAYNA - PIECE OF ME,1
,,KOOL SAVAS - IS IT LOVE,1
,,KALEO - WAY DOWN WE GO,1
,,DENNIS LLOYD - NEVERMIND,1
,,THE SHINS - SIMPLE SONG,1
,,DAN TYMINSKI - HEY BROTHER,1
,,RAZORLIGHT - WIRE TO WIRE,1
,,RAZORLIGHT - AMERICA,1
,,THE CALLING - WHEREVER YOU WILL GO,1
,,LENE MARLIN - SITTING DOWN HERE,1
,,PETER SCHILLING - MAJOR TOM,1
,,NORMANI - DANCING WITH A STRANGER,1
,,GIANNA NANNINI - LATIN LOVER,1
,,DNCE - CAKE BY THE OCEAN,1
,,JEFF - CHRIEG I DIM CHOPF,1
,,PETER DOHERTY - THE DAY THE BARON DIED,1
,,MEN I TRUST - SEVEN,1
,,PJ HARVEY - BIG EXIT,1
,,PREWN - SYSTEM,1
,,ELIAS RONNENFELT - LIKE LOVERS DO,1
,,EZRA KOENIG - TONIGHT,1
,,JORDANA - LIKE A DOG,1
,,LEON BRIDGES - ELEGANTLY WASTED,1
,,LEON BRIDGES - PANTHER CITY,1
,,STELLA - OMORFO MOU,1
,,STELLA - BABY BRAZIL,1
,,JAMIE XX - BADDY ON THE FLOOR,1
,,JAMIE XX - DREAM NIGHT,1
,,HONEY DIJON - BADDY ON THE FLOOR,1
,,RADIOKIJADA - MANOTEO EN MENOR,1
,,CARIBOU - HOME,1
,,FICTION FACTORY - FEELS LIKE HEAVEN,1
,,COOLIO - C U WHEN U GET THERE,1
,,40 THEVZ - C U WHEN U GET THERE,1
,,THE BUGGLES - VIDEO KILLED THE RADIO STAR,1
,,JAMELIA - SUPERSTAR,1
,,DANNY WILDE - SHAKESPEARE'S TRAGEDY,1
,,T.I - MY LOVE,1
,,DIRE STRAITS - SULTANS OF SWING,1
,,DIRE STRAITS - MONEY FOR NOTHING,1
,,FIL BO RIVA - I'M FINE,1
,,ECHT - DU TRÄGST KEINE LIEBE IN DIR,1
,,SHIFTY - SLIDE ALONG SIDE,1
,,MARTERIA - EULE,1
,,BROGEAL - FRIDAY ON MY MIND,1
,,SCREAMING FEMALES - MOURNING DOVE,1
,,THE DISTILLERS - DRAIN THE BLOOD,1
,,TARANJA WU - LEONORA,1
,,AURORA - QUEENDOM,1
,,AURORA - HEATHENS,1
,,MICHAEL KIWANUKA - LOTUS,1
,,MICHAEL KIWANUKA - ONE MORE NIGHT,1
,,YUSSEF DAYES - LOTUS,1
,,BADBADNOTGOOD - I DON'T KNOW,1
,,SAMUEL T. HERRING - I DON'T KNOW,1
,,DANGER MOUSE - WONDER,1
,,MORMOR - WONDER,1
,,BIG SPECIAL - HUG A BASTARD.,1
,,LAS PALABRAS - BABY BRAZIL,1
,,REYNA TROPICAL - LO SIENTO,1
,,OVERMONO - GOOD LIES,1
,,THE NATIONAL - BLOODBUZZ OHIO,1
,,UV-TV - DISTANT LULLABY,1
,,XTC - STATUE OF LIBERTY,1
,,IBIBIO SOUND MACHINE - PULL THE ROPE,1
,,BAND OF HORSES - THE FIRST SONG,1
,,TEGAN AND SARA - NINTEEN,1
,,M83 - MIDNIGHT CITY,1
,,JOY DIVISION - LOVE WILL TEAR US APART,1
,,WILLIAM SINGE - MAMA,1
,,DES'REE - YOU GOTTA BE,1
,,WANG CHUNG - DANCE HALL DAYS,1
,,ISELIN SOLHEIM - FADED,1
,,ROBERT FRANCIS - JUNEBUG,1
,,FRANKIE GOES TO HOLLYWOOD - RELAX,1
,,PHANTOM PLANET - CALIFORNIA,1
,,LOS DEL RÍO - MACARENA,1
,,ORISHAS - QUE PASA,1
,,4 NON BLONDES - WHAT'S UP,1
,,LAURA BRANIGAN - SELF CONTROL,1
,,JOHNNY CASH - PERSONAL JESUS,1
,,FIFTH HARMONY - WORK FROM HOME,1
,,SKIP MARLEY - CHAINED TO THE RHYTHM,1
,,LL COOL J - PHENOMENON,1
,,ROONEY - WHEN DID YOUR HEART GO MISSING?,1
,,LAUV - I'M SO TIRED...,1
,,TROYE SIVAN - I'M SO TIRED...,1
,,AYU - STRIKING MATCHES,1
,,TOO MAD - COME WITH ME,1
,,DARIO G - CARNAVAL DE PARIS,1
,,THE SMILE - THE SLIP,1
,,WATER FROM YOUR EYES - PLAYLING CLASSICS,1
,,BAR ITALIA - FUNDRAISER,1
,,SECRET WORLD - GOOD FAITH,1
,,BEATSTEAKS - GENTLEMAN OF THE YEAR,1
,,MADNESS - IT MUST BE LOVE,1
,,FREDDIE MERCURY - LIVING ON MY OWN,1
,,PAOLO NUTINI - THROUGH THE ECHOES,1
,,PAOLO NUTINI - NEW SHOES,1
,,KATRINA AND THE WAVES - WALKING ON SUNSHINE,1
,,GIVEON - PEACHES,1
,,DELINQUENT HABITS - TRES DELINQUENTES,1
,,TACABRO - TACATÀ,1
,,OSCAR FARRELL - SO FAR SOUTH,1
,,YAYA BEY - DREAM GIRL,1
,,AUTOMATIC - IS IT NOW?,1
,,RILO KILEY - THE EXECUTION OF ALL THINGS,1
,,AMBER MARK - LET ME LOVE YOU,1
,,CROSBY - JUST A SONG BEFORE I GO,1
,,STILLS - JUST A SONG BEFORE I GO,1
,,NASH - JUST A SONG BEFORE I GO,1
,,LOU BARLOW - OVER YOU,1
,,ELIO RICCA - THEY SAY THEY SAY,1
,,HOLLY HUMBERSTONE - DIVE,1
,,WANDA - BOLOGNA,1
,,MAVERICK SABRE - LET ME GO,1
,,DIDO - STAN,1
,,DEICHKIND - LEIDER GEIL,1
,,SAMANTHA J - CHEERLEADER,1
,,OPM - HEAVEN IS A HALFPIPE,1
,,THE GHOSTS - STAY THE NIGHT,1
,,REO SPEEDWAGON - CAN'T FIGHT THIS FEELING,1
,,SAM RYDER - YOU'VE GOT THE LOVE,1
,,DIANA ROSS - TURN UP THE SUNSHINE,1
,,MANESKIN - THE LONELIEST,1
,,VIZE - NEVER LET ME DOWN,1
,,GALA - FREED FROM DESIRE,1
,,SIGALA - EASY LOVE,1
,,ARMIN VAN BUUREN - THIS IS IT WHAT IT FEELS LIKE,1
,,TREVOR GUTHRIE - THIS IS IT WHAT IT FEELS LIKE,1
,,LEN - STEAL MY SUNSHINE,1
,,HYPHEN HYPHEN - LONELY BABY,1
,,ZANUSSI DJ - SRF 3 MINIMIX,1
,,SAFRI DUO - PLAYED-A-LIVE,1
,,BOMFUNK MC'S - FREESTYLER,1
,,ONE-T AND COOL-T - THE MAGIC KEY,1
,,JAMIE N COMMONS - DON'T YOU KNOW,1
,,THE PRETENDERS - BACK ON THE CHAIN GANG,1
,,ETERNAL - I WANNA BE THE ONLY ONE,1
,,BEBE WINANS - I WANNA BE THE ONLY ONE,1
,,BELL BOOK AND CANDLE - RESCUE ME,1
,,SHAKESPEARS SISTER - HELLO,1
,,A FLOCK OF SEAGULLS - I RAN,1
,,FILTER - TAKE A PICTURE,1
,,DEAD OR ALIVE - YOU SPIN ME ROUND,1
,,CIAN DUCROT - I'LL BE WAITING,1
,,FREUNDESKREIS - MIT DIR,1
,,JOY DENALANE - MIT DIR,1
,,LADY BLACKBIRD - WOMAN,1
,,WANKELMUT - MY HEAD IS A JUNGLE,1
,,EMMA LOUISE - MY HEAD IS A JUNGLE,1
,,VANESSA CARLTON - A THOUSAND MILES,1
,,C AND C MUSIC FACTORY - GONNA MAKE YOU SWEAT,1
,,NATEL - BELLEVUE,1
,,DAMSO - TU ME RENDS BÊTE,1
,,JJ - WASTED LOVE,1
,,YLL LIMANI - LARG,1
,,EAZ - 100X,1
,,OEHL - KERAMIK,1
,,WYATT FLORES - HOW TO SAVE A LIFE,1
,,BAHAMAS - LOST IN THE LIGHT,1
,,HERBIE HANCOCK - STARS IN YOUR EYES,1
,,LIVING COLOUR - SOLACE OF YOU,1
,,MAD HONEY - TREASURE EVERY SUNSET,1
,,LUNIZ - I GOT 5 ON IT,1
,,C. TANGANA - ME MATEN,1
,,GEORGE BENSON - BENSON'S GHETTO,1
,,MSOKE - MODIFIED VIBRATION,1
,,SLOW PULP - SLUGS,1
,,JOYER - CURE,1
,,FROST CHILDREN - WHAT IS FOREVER FOR,1
,,GUERILLA TOSS - FAMOUSLY ALIVE,1
,,GUERILLA TOSS - LIFE'S A ZOO,1
,,PINKPANTHERESS - ILLEGAL,1
,,CLIPPING - NIGHT OF HEAVEN,1
,,COUNTERFEIT MADISON - NIGHT OF HEAVEN,1
,,KID KOALA - NIGHT OF HEAVEN,1
,,ANNAHSTASIA - SILK AND VELVET,1
,,MARUJA - BREAK THE TENSION,1
,,UZI FREYJA - BLACK,1
,,STEAM DOWN - FREE MY SKIN,1
,,OG FLORIN - INFINI,1
,,OG FLORIN - RACKS,1
,,MELODIESINFONIE - INFINI,1
,,BUDS - INFINI,1
,,ANTONY SZMIEREK - ROCK & A CALM PLACE,1
,,STILLER HAS - ZNÜNI NÄH,1
,,PLACEBO - THE BITTER END,1
,,FALL OUT BOY - THANKS FOR THE MEMORIES,1
,,CAESARS - JERK IT OUT,1
,,ALL SAINTS - PURE SHORES,1
,,MR. BIG - WILD WORLD,1
,,CRYSTAL WATERS - GYPSY WOMAN,1
,,ARTFUL DODGER - RE-REWIND,1
,,TIMBALAND - APOLOGIZE,1
,,TIMBALAND - THE WAY I ARE,1
,,FUNKY GREEN DOGS - FIRED UP!,1
,,MARIE DAVIDSON - WORK IT,1
,,FREDDIE GIBBS - ENSALADA,1
,,THE ALCHEMIST - ENSALADA,1
,,ANDERSON.PAAK - ENSALADA,1
,,CATE LE BON - IS IT WORTH IT ?,1
,,CLEO REED - WOMEN AT WAR,1
,,ELIE ZOÉ - SHIFTING FORMS,1
,,SPRINTS - RAGE,1
,,GOLOMB - REAL POWER,1
,,DIRTY SOUND MAGNET - DEAD INSIDE,1
,,RYAN DAVIS AND THE ROADHOUSE BAND - MONTE CARLO / NO LIMITS,1
,,SILVER JEWS - PUNKS IN THE BEERLIGHT,1
,,STARLEY - CALL ON ME,1
,,JET - ARE YOU GONNA BE MY GIRL?,1
,,"JAN DELAY A. K. A. EISSFELDT - IRGENDWIE, IRGENDWO, IRGENDWANN",1
,,EDITORS - A TON OF LOVE,1
,,SOUNDGARDEN - BLACK HOLE SUN,1
,,ADAM CLAYTON - THEME FROM MISSION IMPOSSIBLE,1
,,LARRY MULLEN - THEME FROM MISSION IMPOSSIBLE,1
,,CALANDABOI - HOME,1
,,BIBA - HOME,1
,,JULIAN PFÖRTNER - NEVER HITS YOU TWICE,1
,,LYAM - OUTSPOKEN,1
,,ALICE DEEJAY - BETTER OFF ALONE,1
,,REDNEX - COTTON EYE JOE,1
,,STEALERS WHEEL - STUCK IN THE MIDDLE WITH YOU,1
,,LIL' JON - YEAH,1
,,LUDACRIS - YEAH,1
,,ROBIN S - SHOW ME LOVE,1
,,MUSICAL YOUTH - PASS THE DUTCHIE,1
,,KERI HILSON AND D.O.E - THE WAY I ARE,1
,,CACHITA - PAPER HEART,1
,,CACHITA - RACKS,1
,,LUUK - MATCH,1
,,LUUK - RACKS,1
,,LUUK - WO ICH HERCHUME,1
,,LLOYD COLE - PERFECT SKIN,1
,,SANDRO CAVAZZA - WITHOUT YOU,1
,,AKON - THE SWEET ESCAPE,1
,,FRESHLYGROUND - WAKA WAKA,1
,,COOLIO AND L.V - GANGSTA'S PARADISE,1
,,OLYMPIC ANTIGUA - MR. PREACHER,1
,,TRAKTORKESTAR - LOST BOY & SUICIDE GIRL,1
,,SIMON JAEGGI - LOST BOY & SUICIDE GIRL,1
,,OTIS JUNIOR - LISTEN,1
,,DJANE NORDLICHT - SRF 3 MINIMIX,1
,,ALESSO - HEROES,1
,,CECE PENISTON - FINALLY '97,1
,,MARSHALL JEFFERSON - MOVE YOUR BODY,1
,,SOLARDO - MOVE YOUR BODY,1
,,CYPRESS HILL - INSANE IN THE BRAIN,1
,,ROB THOMAS - SMOOTH,1
,,CHRIS MALINCHAK - SO GOOD TO ME,1
,,WAS (NOT WAS) - WALK THE DINOSAUR,1
,,RYAN LEWIS - THRIFT SHOP,1
,,WANZ - THRIFT SHOP,1
,,HERBERT GRÖNEMEYER - MENSCH,1
,,UNCLE KRACKER - FOLLOW ME,1
,,IRINA MOSSI - LOVE OF A WOMAN,1
,,THIRTY-THR33 - DANCING ON MY OWN,1
